Country,Stage,Category,source,Production(kg)_2024,Import(kg)_2024,Export(kg)_2024,Consumption(kg)_2024
Afghanistan,processed,Fluorspar,BGS,4000000.0,0.0,0.0,4000000.0
Afghanistan,raw,Chromium,WMD,10100000.0,0.0,0.0,10100000.0
Afghanistan,raw,Fluorspar,WMD,37256000.0,0.0,0.0,37256000.0
Albania,processed,Aluminium,,0.0,204070210.248,179051046.32,25019163.928000003
Albania,processed,Bauxite,,0.0,843080.0,0.0,843080.0
Albania,processed,Lead,BGS,3000000.0,165784.0,0.0,3165784.0
Albania,processed,Silicon,,0.0,7106531.488,0.0,7106531.488
Albania,processed,Silver,,0.0,16197.6,0.0,16197.6
Albania,processed,Tin,,0.0,23874.48,0.0,23874.48
Albania,processed,Zinc,,0.0,8726951.6,0.0,8726951.6
Albania,raw,Lithium,,0.0,529299.2,0.0,529299.2
Albania,raw,Nickel,WMD,570000.0,0.0,0.0,570000.0
Algeria,processed,Lead,BGS,9000000.0,0.0,0.0,9000000.0
Algeria,processed,Zinc,BGS,964000.0,0.0,0.0,964000.0
Algeria,raw,Gold,WMD,147.0,0.0,0.0,147.0
Algeria,raw,Silver,WMD,20.0,0.0,0.0,20.0
Algeria,raw,Zinc,WMD,240000.0,0.0,0.0,240000.0
Angola,processed,Aluminium,,0.0,16850540.46,8863685.0,7986855.460000001
Angola,processed,Bauxite,,0.0,6207352.95,3125.0,6204227.95
Angola,processed,Boron,,0.0,157550.07,0.0,157550.07
Angola,processed,Chromium,,0.0,1653.0,0.0,1653.0
Angola,processed,Gold,,0.0,1.0,0.0,1.0
Angola,processed,Lithium,,0.0,95469.6,0.0,95469.6
Angola,processed,Magnesium,,0.0,148969.5,0.0,148969.5
Angola,processed,Manganese,,0.0,22620.0,0.0,22620.0
Angola,processed,Molybdenum,,0.0,10684.93,0.0,10684.93
Angola,processed,Nickel,,0.0,88002.57,225.0,87777.57
Angola,processed,Platinum Group Metals,,0.0,181.59,9.0,172.59
Angola,processed,Silicon,,0.0,16631731.03,6922422.86,9709308.169999998
Angola,processed,Silver,,0.0,1008.99,0.0,1008.99
Angola,processed,Tin,,0.0,96730.94,4.0,96726.94
Angola,processed,Titanium,,0.0,482690.23,0.0,482690.23
Angola,raw,Aluminium,,0.0,4152999.0,0.0,4152999.0
Angola,raw,Bauxite,,0.0,4152999.0,0.0,4152999.0
Angola,raw,Boron,,0.0,472637.0,0.0,472637.0
Angola,raw,Chromium,,0.0,149909.0,0.0,149909.0
Angola,raw,Copper,,0.0,2674.95,25.0,2649.95
Angola,raw,Fluorspar,,0.0,29942.4,0.0,29942.4
Angola,raw,Graphite,,0.0,96949.67,0.0,96949.67
Angola,raw,Lithium,,0.0,398671.9,1299.0,397372.9
Angola,raw,Magnesium,,0.0,1495.76,0.0,1495.76
Angola,raw,Manganese,WMD,2300000.0,45144910.0,1188000.0,46256910.0
Angola,raw,Niobium,,0.0,9878.0,0.0,9878.0
Angola,raw,Selenium,,0.0,1123.19,0.0,1123.19
Angola,raw,Silver,,0.0,2071.0,0.0,2071.0
Angola,raw,Tin,,0.0,6.0,0.0,6.0
Angola,raw,Vanadium,,0.0,9878.0,0.0,9878.0
Antigua And Barbuda,processed,Aluminium,,0.0,1613257.912,0.0,1613257.912
Antigua And Barbuda,processed,Bauxite,,0.0,617844.96,0.0,617844.96
Antigua And Barbuda,processed,Boron,,0.0,40.0,0.0,40.0
Antigua And Barbuda,processed,Cobalt,,0.0,4.96,0.0,4.96
Antigua And Barbuda,processed,Copper,,0.0,54119.044,400.0,53719.044
Antigua And Barbuda,processed,Gold,,0.0,5.48,0.0,5.48
Antigua And Barbuda,processed,Lead,,0.0,3464.92,0.0,3464.92
Antigua And Barbuda,processed,Nickel,,0.0,16901.0,0.0,16901.0
Antigua And Barbuda,processed,Silicon,,0.0,2534.2799999999997,0.0,2534.2799999999997
Antigua And Barbuda,processed,Silver,,0.0,18.8,0.0,18.8
Antigua And Barbuda,processed,Tin,,0.0,14211.088,0.0,14211.088
Antigua And Barbuda,processed,Zinc,,0.0,3800.0,381.04,3418.96
Antigua And Barbuda,raw,Copper,,0.0,87088.0,0.0,87088.0
Antigua And Barbuda,raw,Fluorspar,,0.0,20673.2,0.0,20673.2
Antigua And Barbuda,raw,Lithium,,0.0,29100.36,0.0,29100.36
Argentina,processed,Aluminium,BGS,441000000.0,1939503365.062,171792.74,2380331572.3220005
Argentina,processed,Arsenic,,0.0,9.7,0.0,9.7
Argentina,processed,Bauxite,,0.0,1867455864.72,0.0,1867455864.72
Argentina,processed,Boron,BGS,130000000.0,277665.68,23123550.0,107154115.68
Argentina,processed,Cadmium,BGS,0.0,1001.5,0.0,1001.5
Argentina,processed,Chromium,,0.0,519952.27,0.0,519952.27
Argentina,processed,Cobalt,,0.0,65976.1,0.0,65976.1
Argentina,processed,Copper,BGS,14000000.0,27656919.25,0.0,41656919.25
Argentina,processed,Fluorspar,BGS,4800000.0,0.0,0.0,4800000.0
Argentina,processed,Lead,BGS,85000000.0,1204122.32,1542278.0,84661844.32
Argentina,processed,Magnesium,,0.0,45251940.62,0.0,45251940.62
Argentina,processed,Manganese,,0.0,2642443.0,0.0,2642443.0
Argentina,processed,Molybdenum,,0.0,177158.13999999998,0.0,177158.13999999998
Argentina,processed,Nickel,,0.0,1471646.32,0.0,1471646.32
Argentina,processed,Platinum Group Metals,,0.0,3464.2200000000003,0.0,3464.2200000000003
Argentina,processed,Rare Earths,,0.0,165439.78,0.0,165439.78
Argentina,processed,Silicon,,0.0,27254635.654,25.79,27254609.864
Argentina,processed,Tin,,0.0,1081262.78,0.0,1081262.78
Argentina,processed,Titanium,,0.0,527710.92,0.0,527710.92
Argentina,processed,Vanadium,,0.0,466489.7,0.0,466489.7
Argentina,processed,Zinc,,0.0,41072715.132,0.0,41072715.132
Argentina,raw,Aluminium,WMD,440933000.0,66084197.2,0.0,507017197.2
Argentina,raw,Bauxite,,0.0,66084197.2,0.0,66084197.2
Argentina,raw,Boron,WMD,170000000.0,8400773.06,82816618.0,95584155.06
Argentina,raw,Chromium,,0.0,1862740.0,0.0,1862740.0
Argentina,raw,Fluorspar,WMD,2000000.0,163209.91999999998,0.0,2163209.92
Argentina,raw,Gold,WMD,38510.0,116.0,0.0,38626.0
Argentina,raw,Graphite,,0.0,2307056.24,0.0,2307056.24
Argentina,raw,Lead,WMD,29780000.0,0.0,0.0,29780000.0
Argentina,raw,Lithium,WMD,18610000.0,7408238.902,6718100.0,19300138.902
Argentina,raw,Magnesium,,0.0,208936.92,0.0,208936.92
Argentina,raw,Manganese,,0.0,43729180.0,0.0,43729180.0
Argentina,raw,Selenium,,0.0,5000.0,0.0,5000.0
Argentina,raw,Silver,WMD,810190.0,0.0,0.0,810190.0
Argentina,raw,Tellurium,,0.0,5.06,0.0,5.06
Argentina,raw,Titanium,,0.0,2404000.0,0.0,2404000.0
Argentina,raw,Zinc,WMD,9580000.0,200.0,0.0,9580200.0
Argentina,raw,Zirconium,,0.0,134480.0,0.0,134480.0
Armenia,processed,Aluminium,,0.0,125827390.33,38872328.36,86955061.97
Armenia,processed,Bauxite,,0.0,412504.41000000003,12684.0,399820.41000000003
Armenia,processed,Boron,,0.0,251778.31199999998,500.0,251278.31199999998
Armenia,processed,Cadmium,,0.0,2.0,0.0,2.0
Armenia,processed,Chromium,,0.0,6400.0,0.0,6400.0
Armenia,processed,Cobalt,,0.0,622.0,0.0,622.0
Armenia,processed,Copper,BGS,0.0,7025867.574,4817835.026,2208032.5480000004
Armenia,processed,Gold,,0.0,794642.076,156723.212,637918.8640000001
Armenia,processed,Lithium,,0.0,208.048,2.69,205.358
Armenia,processed,Magnesium,,0.0,262609.8,209716.0,52893.79999999999
Armenia,processed,Manganese,,0.0,222.0,0.0,222.0
Armenia,processed,Nickel,,0.0,11457.228,207.2,11250.027999999998
Armenia,processed,Platinum Group Metals,,0.0,62427.132,19609.17,42817.962
Armenia,processed,Rare Earths,,0.0,446.488,92.25999999999999,354.228
Armenia,processed,Selenium,BGS,20000.0,0.0,0.0,20000.0
Armenia,processed,Silicon,,0.0,1350018.64,14621.0,1335397.64
Armenia,processed,Silver,,0.0,19959757.439999998,843841.704,19115915.735999998
Armenia,processed,Tin,,0.0,46170.276,2.0,46168.276
Armenia,processed,Titanium,,0.0,240305.72,0.0,240305.72
Armenia,processed,Zinc,,0.0,235425.324,132922.0,102503.324
Armenia,raw,Fluorspar,,0.0,840300.0,93940.0,746360.0
Armenia,raw,Graphite,,0.0,224.68,10.0,214.68
Armenia,raw,Magnesium,,0.0,924140.0,0.0,924140.0
Armenia,raw,Rhenium,WMD,140.0,0.0,0.0,140.0
Armenia,raw,Selenium,,0.0,36.0,0.0,36.0
Armenia,raw,Silver,WMD,15286.0,0.0,0.0,15286.0
Australia,processed,Arsenic,,0.0,201600.0,0.0,201600.0
Australia,processed,Boron,,0.0,12241334.646000002,347763.858,11893570.788000003
Australia,processed,Chromium,,0.0,3604258.1659999997,84362.0,3519896.1659999997
Australia,processed,Gallium,,0.0,60.86,0.4,60.46
Australia,processed,Germanium,,0.0,60.86,0.4,60.46
Australia,processed,Imdium,,0.0,60.86,0.4,60.46
Australia,processed,Magnesium,,0.0,45629649.0,0.0,45629649.0
Australia,processed,Manganese,USGS,0.0,22262830.08,828230.0,21434600.08
Australia,processed,Molybdenum,,0.0,756179.7000000001,4001.0,752178.7000000001
Australia,processed,Nickel,BGS,86000000.0,12192758.322,51451553.78,46741204.541999996
Australia,processed,Niobium,,0.0,28652.3,1772.4,26879.899999999998
Australia,processed,Rare Earths,BGS,16780000.0,818044.92,66208.4,17531836.520000003
Australia,processed,Silicon,USGS,40000000.0,78444190.498,80596057.046,37848133.45199999
Australia,processed,Titanium,USGS,0.0,1348860.266,242082.64,1106777.6260000002
Australia,raw,Antimony,WMD,1860000.0,0.0,0.0,1860000.0
Australia,raw,Bauxite,WMD,99058376000.0,5563527.0,85203866920.0,13860072607.0
Australia,raw,Boron,,0.0,1747185.7,411926.3,1335259.4
Australia,raw,Cadmium,WMD,900000.0,0.0,0.0,900000.0
Australia,raw,Chromium,,0.0,9420872.0,0.0,9420872.0
Australia,raw,Cobalt,WMD,5217000.0,1208.0,2000.0,5216208.0
Australia,raw,Fluorspar,,0.0,5536078.0,12114.0,5523964.0
Australia,raw,Magnesium,WMD,432319000.0,649524.7,811.14,432967713.56
Australia,raw,Manganese,WMD,2920850000.0,274462700.0,0.0,3195312700.0
Australia,raw,Nickel,WMD,149090000.0,5315243.6,132421880.0,21983363.599999994
Australia,raw,Niobium,,0.0,4603678.0,0.0,4603678.0
Australia,raw,Platinum Group Metals,WMD,510.0,0.0,0.0,510.0
Australia,raw,Rare Earths,WMD,20280000.0,0.0,0.0,20280000.0
Australia,raw,Selenium,,0.0,6830.9,1.0,6829.9
Australia,raw,Silver,WMD,1032993.0,201.0,0.0,1033194.0
Australia,raw,Tantalum,WMD,50000.0,0.0,0.0,50000.0
Australia,raw,Vanadium,USGS,0.0,4603678.0,0.0,4603678.0
Australia,raw,Zirconium,WMD,462000000.0,1251409.174,128346200.0,334905209.174
Austria,processed,Aluminium,,0.0,1195362559.174,736198959.755,459163599.419
Austria,processed,Bauxite,,0.0,139998338.889,52553965.359000005,87444373.53
Austria,processed,Boron,,0.0,3828137.619,3427964.558,400173.06099999975
Austria,processed,Cadmium,,0.0,196.192,0.0,196.192
Austria,processed,Chromium,,0.0,1729661.097,557983.453,1171677.644
Austria,processed,Cobalt,,0.0,915667.259,456432.438,459234.82099999994
Austria,processed,Copper,BGS,160400000.0,201474754.006,195352605.192,166522148.81400004
Austria,processed,Gallium,,0.0,8373.329,4308.442,4064.8869999999997
Austria,processed,Germanium,,0.0,8373.329,4308.442,4064.8869999999997
Austria,processed,Gold,,0.0,21546.548,17870.206000000002,3676.341999999997
Austria,processed,Graphite,BGS,17000000.0,0.0,0.0,17000000.0
Austria,processed,Imdium,,0.0,8373.329,4308.442,4064.8869999999997
Austria,processed,Lead,BGS,27000000.0,51387374.515999995,31089571.142,47297803.374
Austria,processed,Lithium,,0.0,173806.396,28555.655000000002,145250.741
Austria,processed,Magnesium,,0.0,198415215.666,127479630.856,70935584.81
Austria,processed,Manganese,,0.0,238953.495,592.0,238361.495
Austria,processed,Molybdenum,,0.0,432531.815,212854.35499999998,219677.46000000002
Austria,processed,Nickel,BGS,800000.0,30527365.034,20949265.86,10378099.174000002
Austria,processed,Niobium,,0.0,166750.329,5381.112,161369.217
Austria,processed,Silicon,,0.0,37677261.069,12165563.991,25511697.077999998
Austria,processed,Tin,,0.0,3287497.417,1302350.0320000001,1985147.3849999998
Austria,processed,Titanium,,0.0,3804309.0,703927.306,3100381.694
Austria,processed,Vanadium,,0.0,255373.329,4308.442,251064.887
Austria,processed,Zinc,,0.0,78573996.346,18019593.668,60554402.678
Austria,raw,Aluminium,,0.0,9481214.0,7237.0,9473977.0
Austria,raw,Bauxite,,0.0,9481214.0,7237.0,9473977.0
Austria,raw,Chromium,,0.0,17396949.363,132247.0,17264702.363
Austria,raw,Copper,,0.0,61013739.855,319267.0,60694472.855
Austria,raw,Fluorspar,,0.0,3788961.0,4509.066,3784451.934
Austria,raw,Gold,,0.0,30.758,21.0,9.758
Austria,raw,Graphite,WMD,300000.0,16571579.595,4642337.492,12229242.103
Austria,raw,Lithium,,0.0,251361858.067,53743378.204,197618479.863
Austria,raw,Magnesium,WMD,669400000.0,4895260.0,528425.697,673766834.303
Austria,raw,Manganese,,0.0,50451.0,14.0,50437.0
Austria,raw,Selenium,,0.0,7631.0,25.869,7605.131
Austria,raw,Silver,,0.0,2570.0,0.0,2570.0
Austria,raw,Tellurium,,0.0,2502.236,8.0,2494.236
Austria,raw,Tin,,0.0,6.0,0.0,6.0
Austria,raw,Titanium,,0.0,128226.0,6066.0,122160.0
Austria,raw,Zinc,,0.0,155723.887,99.0,155624.887
Austria,raw,Zirconium,,0.0,586910.066,83925.748,502984.31799999997
Azerbaijan,processed,Aluminium,BGS,28230000.0,996206895.344,576852319.5840001,447584575.7599999
Azerbaijan,processed,Bauxite,,0.0,814697019.62,0.0,814697019.62
Azerbaijan,processed,Boron,,0.0,725428.8,0.0,725428.8
Azerbaijan,processed,Cadmium,,0.0,2056.0,0.0,2056.0
Azerbaijan,processed,Chromium,,0.0,271008.0,0.0,271008.0
Azerbaijan,processed,Cobalt,,0.0,3392.0,0.0,3392.0
Azerbaijan,processed,Copper,,0.0,31220428.68,28033097.28,3187331.3999999985
Azerbaijan,processed,Gallium,,0.0,1.6,0.0,1.6
Azerbaijan,processed,Germanium,,0.0,1.6,0.0,1.6
Azerbaijan,processed,Imdium,,0.0,1.6,0.0,1.6
Azerbaijan,processed,Lithium,,0.0,1067.2079999999999,0.0,1067.2079999999999
Azerbaijan,processed,Magnesium,,0.0,5001587.2,828000.0,4173587.2
Azerbaijan,processed,Manganese,,0.0,8.0,0.0,8.0
Azerbaijan,processed,Molybdenum,,0.0,21471.04,0.0,21471.04
Azerbaijan,processed,Nickel,,0.0,410939.728,0.0,410939.728
Azerbaijan,processed,Niobium,,0.0,1.6,0.0,1.6
Azerbaijan,processed,Platinum Group Metals,,0.0,8.8,0.0,8.8
Azerbaijan,processed,Rare Earths,,0.0,12.6,0.0,12.6
Azerbaijan,processed,Silicon,,0.0,18080345.624,54000.0,18026345.624
Azerbaijan,processed,Tin,,0.0,10324.792,0.0,10324.792
Azerbaijan,processed,Titanium,,0.0,5258.4,0.0,5258.4
Azerbaijan,processed,Vanadium,,0.0,561.6,0.0,561.6
Azerbaijan,raw,Aluminium,WMD,36800000.0,0.0,0.0,36800000.0
Azerbaijan,raw,Chromium,,0.0,840000.0,0.0,840000.0
Azerbaijan,raw,Fluorspar,,0.0,1011216.0,0.0,1011216.0
Azerbaijan,raw,Gold,WMD,2659.0,0.0,0.0,2659.0
Azerbaijan,raw,Graphite,,0.0,1306028.0,4.0,1306024.0
Azerbaijan,raw,Lithium,,0.0,12150075.6,0.0,12150075.6
Azerbaijan,raw,Magnesium,,0.0,560805.68,0.0,560805.68
Azerbaijan,raw,Molybdenum,,0.0,200.0,0.0,200.0
Azerbaijan,raw,Nickel,,0.0,960.0,0.0,960.0
Azerbaijan,raw,Silver,WMD,5211.0,0.0,0.0,5211.0
Azerbaijan,raw,Tin,,0.0,419.2,0.0,419.2
Azerbaijan,raw,Titanium,,0.0,496000.0,0.0,496000.0
Bahamas,processed,Aluminium,,0.0,351931.256,11551.627,340379.629
Bahamas,processed,Arsenic,,0.0,0.454,0.0,0.454
Bahamas,processed,Bauxite,,0.0,5816.865,0.0,5816.865
Bahamas,processed,Boron,,0.0,257.64,0.0,257.64
Bahamas,processed,Chromium,,0.0,5906.675,0.0,5906.675
Bahamas,processed,Cobalt,,0.0,67.13199999999999,0.0,67.13199999999999
Bahamas,processed,Copper,,0.0,10804015.629999999,13810.516,10790205.113999998
Bahamas,processed,Gallium,,0.0,0.454,0.0,0.454
Bahamas,processed,Germanium,,0.0,0.454,0.0,0.454
Bahamas,processed,Gold,,0.0,7.257,0.0,7.257
Bahamas,processed,Imdium,,0.0,0.454,0.0,0.454
Bahamas,processed,Lead,,0.0,474.457,290.299,184.15800000000002
Bahamas,processed,Lithium,,0.0,5.444,0.0,5.444
Bahamas,processed,Magnesium,,0.0,0.454,0.0,0.454
Bahamas,processed,Manganese,,0.0,0.454,0.0,0.454
Bahamas,processed,Molybdenum,,0.0,0.454,0.0,0.454
Bahamas,processed,Nickel,,0.0,28.576999999999998,0.0,28.576999999999998
Bahamas,processed,Niobium,,0.0,0.454,0.0,0.454
Bahamas,processed,Platinum Group Metals,,0.0,24.495,0.0,24.495
Bahamas,processed,Silicon,,0.0,7727.848,0.0,7727.848
Bahamas,processed,Tin,,0.0,3410.5589999999997,99.79,3310.769
Bahamas,processed,Titanium,,0.0,78.018,0.0,78.018
Bahamas,processed,Vanadium,,0.0,0.454,0.0,0.454
Bahamas,processed,Zinc,,0.0,668.131,0.0,668.131
Bahamas,raw,Aluminium,,0.0,20000.0,0.0,20000.0
Bahamas,raw,Bauxite,,0.0,20000.0,0.0,20000.0
Bahamas,raw,Boron,,0.0,4490.725,0.0,4490.725
Bahamas,raw,Copper,,0.0,32232.048,0.0,32232.048
Bahamas,raw,Graphite,,0.0,56.245,0.0,56.245
Bahamas,raw,Lead,,0.0,1000.0,0.0,1000.0
Bahamas,raw,Lithium,,0.0,346769000.0,3000.0,346766000.0
Bahamas,raw,Magnesium,,0.0,0.454,0.0,0.454
Bahamas,raw,Nickel,,0.0,11000.0,0.0,11000.0
Bahamas,raw,Selenium,,0.0,6.35,0.0,6.35
Bahrain,processed,Aluminium,BGS,1620665000.0,3059928075.9420004,1665343659.675,3015249416.267
Bahrain,processed,Arsenic,,0.0,1500.0,0.0,1500.0
Bahrain,processed,Bauxite,,0.0,3032922923.19,40167798.0,2992755125.19
Bahrain,processed,Boron,,0.0,107577.21,13000.0,94577.21
Bahrain,processed,Cadmium,,0.0,5.0,0.0,5.0
Bahrain,processed,Chromium,,0.0,24015.25,4000.0,20015.25
Bahrain,processed,Cobalt,,0.0,61.449,0.0,61.449
Bahrain,processed,Copper,,0.0,12594603.625,10519819.684,2074783.9409999996
Bahrain,processed,Gold,,0.0,7483.750000000001,2200.223,5283.527000000001
Bahrain,processed,Lithium,,0.0,7.681,0.0,7.681
Bahrain,processed,Magnesium,,0.0,7578493.075,4877.0,7573616.075
Bahrain,processed,Manganese,,0.0,1002.0,0.0,1002.0
Bahrain,processed,Molybdenum,,0.0,15281.8,0.0,15281.8
Bahrain,processed,Platinum Group Metals,,0.0,11.036999999999999,5.118,5.918999999999999
Bahrain,processed,Rare Earths,,0.0,222.997,26.0,196.997
Bahrain,processed,Silicon,,0.0,11091892.133,37800.57,11054091.563
Bahrain,processed,Silver,,0.0,5390.829,0.022,5390.807
Bahrain,processed,Tin,,0.0,265898.412,228190.51,37707.902
Bahrain,processed,Titanium,,0.0,206039.1,0.0,206039.1
Bahrain,processed,Vanadium,,0.0,240000.0,0.0,240000.0
Bahrain,processed,Zinc,,0.0,1645195.929,58177.3,1587018.629
Bahrain,raw,Aluminium,WMD,1620665000.0,0.0,0.0,1620665000.0
Bahrain,raw,Boron,,0.0,52594.2,0.0,52594.2
Bahrain,raw,Chromium,,0.0,5447.1,0.0,5447.1
Bahrain,raw,Fluorspar,,0.0,2701.0,0.0,2701.0
Bahrain,raw,Graphite,,0.0,55229.335999999996,0.0,55229.335999999996
Bahrain,raw,Lithium,,0.0,1328986.079,1281.0,1327705.079
Bahrain,raw,Magnesium,,0.0,694.091,0.0,694.091
Bahrain,raw,Tin,,0.0,120.0,0.0,120.0
Bahrain,raw,Titanium,,0.0,586836.0,0.0,586836.0
Barbados,processed,Aluminium,,0.0,1018213.595,27239.0,990974.595
Barbados,processed,Bauxite,,0.0,29155.0,0.0,29155.0
Barbados,processed,Boron,,0.0,2012.0,0.0,2012.0
Barbados,processed,Chromium,,0.0,654.0,0.0,654.0
Barbados,processed,Cobalt,,0.0,249.0,0.0,249.0
Barbados,processed,Lead,,0.0,3380.0,34.0,3346.0
Barbados,processed,Lithium,,0.0,19.0,0.0,19.0
Barbados,processed,Magnesium,,0.0,203.0,0.0,203.0
Barbados,processed,Manganese,,0.0,13.0,0.0,13.0
Barbados,processed,Nickel,,0.0,3.0,0.0,3.0
Barbados,processed,Platinum Group Metals,,0.0,0.757,0.1,0.657
Barbados,processed,Silicon,,0.0,24049.0,0.0,24049.0
Barbados,processed,Silver,,0.0,8.0,0.0,8.0
Barbados,processed,Tin,,0.0,877073.583,0.0,877073.583
Barbados,processed,Titanium,,0.0,15233.0,0.0,15233.0
Barbados,processed,Zinc,,0.0,11895.0,0.0,11895.0
Barbados,raw,Boron,,0.0,13.0,0.0,13.0
Barbados,raw,Fluorspar,,0.0,9066.0,0.0,9066.0
Barbados,raw,Graphite,,0.0,7.0,0.0,7.0
Barbados,raw,Lithium,,0.0,10023.0,0.0,10023.0
Barbados,raw,Titanium,,0.0,13.0,0.0,13.0
Belgium,processed,Aluminium,,0.0,716422859.8130001,314746771.713,401676088.1000001
Belgium,processed,Arsenic,BGS,1000000.0,67111.26,114.08,1066997.18
Belgium,processed,Bauxite,,0.0,28798558.925,12568834.43,16229724.495000001
Belgium,processed,Boron,,0.0,24905189.19,214696.16,24690493.03
Belgium,processed,Cadmium,,0.0,510593.55,1881.58,508711.97
Belgium,processed,Chromium,,0.0,883749.4500000001,785488.9,98260.55000000005
Belgium,processed,Cobalt,BGS,1000000.0,10129782.19,8002427.859999999,3127354.33
Belgium,processed,Copper,BGS,379100000.0,386658995.318,235492344.79500002,530266650.52300006
Belgium,processed,Gallium,,0.0,211483.08,13733.231,197749.849
Belgium,processed,Germanium,USGS,0.0,211483.08,13733.231,197749.849
Belgium,processed,Gold,,0.0,38625.37,9687.08,28938.29
Belgium,processed,Imdium,,0.0,211483.08,13733.231,197749.849
Belgium,processed,Indium,BGS,20000.0,0.0,0.0,20000.0
Belgium,processed,Lead,BGS,131946000.0,32673954.954,156657017.26,7962937.694000006
Belgium,processed,Lithium,,0.0,1310803.8699999999,514015.172,796788.6979999999
Belgium,processed,Magnesium,,0.0,44014149.42,884204.3999999999,43129945.02
Belgium,processed,Manganese,,0.0,7067858.18,348098.72,6719759.46
Belgium,processed,Molybdenum,,0.0,1173572.19,424455.77,749116.4199999999
Belgium,processed,Nickel,,0.0,63794964.559999995,39533601.649,24261362.911
Belgium,processed,Niobium,,0.0,211588.77,13777.381,197811.389
Belgium,processed,Platinum Group Metals,,0.0,21305643.61,99887.35,21205756.259999998
Belgium,processed,Rare Earths,,0.0,72354.22899999999,30636.99,41717.23899999999
Belgium,processed,Selenium,BGS,200000.0,0.0,0.0,200000.0
Belgium,processed,Silver,,0.0,110684325.875,2925988.0100000002,107758337.865
Belgium,processed,Tin,BGS,9310000.0,10036060.485,9694574.42,9651486.065
Belgium,processed,Vanadium,,0.0,491065.98,319628.921,171437.059
Belgium,processed,Zinc,BGS,199293000.0,143022241.107,314815991.78000003,27499249.326999962
Belgium,raw,Aluminium,,0.0,4288686.85,253190.62,4035496.2299999995
Belgium,raw,Arsenic,WMD,1000000.0,0.0,0.0,1000000.0
Belgium,raw,Bauxite,,0.0,4288686.85,253190.62,4035496.2299999995
Belgium,raw,Boron,,0.0,11853734.41,6805.77,11846928.64
Belgium,raw,Chromium,,0.0,14439602.78,0.0,14439602.78
Belgium,raw,Cobalt,,0.0,11016.01,2.07,11013.94
Belgium,raw,Copper,,0.0,194683886.62,30866974.35,163816912.27
Belgium,raw,Fluorspar,,0.0,30248582.06,318479.71,29930102.349999998
Belgium,raw,Graphite,,0.0,7701105.973999999,111604.70599999999,7589501.267999999
Belgium,raw,Indium,WMD,19000.0,0.0,0.0,19000.0
Belgium,raw,Lead,,0.0,20248954.15,12943112.0,7305842.1499999985
Belgium,raw,Lithium,,0.0,122479752.44,40374336.08,82105416.36
Belgium,raw,Magnesium,,0.0,165479.99,27951.97,137528.02
Belgium,raw,Molybdenum,,0.0,14500780.5,4227473.82,10273306.68
Belgium,raw,Selenium,WMD,200000.0,172302.51,0.0,372302.51
Belgium,raw,Tellurium,,0.0,426292.11,6805.77,419486.33999999997
Belgium,raw,Titanium,,0.0,87891261.44,382.29,87890879.14999999
Belgium,raw,Zinc,,0.0,75730617.6,251062.89,75479554.71
Belgium,raw,Zirconium,,0.0,1028731.8,692806.49,335925.31000000006
Belize,processed,Aluminium,,0.0,4565390.036,13230.372,4552159.664
Belize,processed,Bauxite,,0.0,1087345.996,0.0,1087345.996
Belize,processed,Boron,,0.0,111316.657,0.0,111316.657
Belize,processed,Chromium,,0.0,113.812,0.0,113.812
Belize,processed,Copper,,0.0,193810.558,0.0,193810.558
Belize,processed,Lithium,,0.0,406.848,0.0,406.848
Belize,processed,Magnesium,,0.0,8875.164,0.0,8875.164
Belize,processed,Molybdenum,,0.0,9191.28,0.0,9191.28
Belize,processed,Nickel,,0.0,418.88,0.0,418.88
Belize,processed,Silicon,,0.0,59231.532,0.0,59231.532
Belize,processed,Silver,,0.0,133.708,0.0,133.708
Belize,processed,Tin,,0.0,1635.348,64.236,1571.1119999999999
Belize,processed,Zinc,,0.0,234.38,0.0,234.38
Belize,raw,Boron,,0.0,998.412,0.0,998.412
Belize,raw,Graphite,,0.0,4277.032,0.0,4277.032
Belize,raw,Lithium,,0.0,369280.736,0.0,369280.736
Belize,raw,Magnesium,,0.0,3.172,0.0,3.172
Belize,raw,Manganese,,0.0,4.728,0.0,4.728
Benin,processed,Aluminium,,0.0,3413151.08,2166387.5,1246763.58
Benin,processed,Arsenic,,0.0,355.0,0.0,355.0
Benin,processed,Bauxite,,0.0,213730.72,6877.5,206853.22
Benin,processed,Boron,,0.0,9217.1,0.0,9217.1
Benin,processed,Chromium,,0.0,40.0,0.0,40.0
Benin,processed,Copper,,0.0,73853.08,43390.0,30463.08
Benin,processed,Gold,,0.0,19.0,0.0,19.0
Benin,processed,Molybdenum,,0.0,30.0,0.0,30.0
Benin,processed,Nickel,,0.0,8.0,0.0,8.0
Benin,processed,Rare Earths,,0.0,40700005.0,0.0,40700005.0
Benin,processed,Silicon,,0.0,38438.35,0.0,38438.35
Benin,processed,Silver,,0.0,11.8,0.0,11.8
Benin,processed,Tin,,0.0,19549.28,0.0,19549.28
Benin,processed,Titanium,,0.0,501.0,0.0,501.0
Benin,processed,Zinc,,0.0,10927.5,0.0,10927.5
Benin,raw,Aluminium,,0.0,12000.0,0.0,12000.0
Benin,raw,Bauxite,,0.0,12000.0,0.0,12000.0
Benin,raw,Fluorspar,,0.0,5927.5,0.0,5927.5
Benin,raw,Gold,WMD,5.0,0.0,0.0,5.0
Benin,raw,Graphite,,0.0,670.0,0.0,670.0
Benin,raw,Lithium,,0.0,145267.0,0.0,145267.0
Benin,raw,Magnesium,,0.0,52000.0,0.0,52000.0
Benin,raw,Zirconium,,0.0,50.0,0.0,50.0
Bermuda,processed,Aluminium,,0.0,89307.29,19.0,89288.29
Bermuda,processed,Bauxite,,0.0,260.0,0.0,260.0
Bermuda,processed,Boron,,0.0,5.0,0.0,5.0
Bermuda,processed,Copper,,0.0,2994.92,92.79,2902.13
Bermuda,processed,Gold,,0.0,30.03,0.0,30.03
Bermuda,processed,Lead,,0.0,31.0,0.0,31.0
Bermuda,processed,Lithium,,0.0,400.76,0.0,400.76
Bermuda,processed,Magnesium,,0.0,5.0,0.0,5.0
Bermuda,processed,Nickel,,0.0,90.5,0.0,90.5
Bermuda,processed,Platinum Group Metals,,0.0,389.91,0.0,389.91
Bermuda,processed,Rare Earths,,0.0,16.0,0.0,16.0
Bermuda,processed,Silicon,,0.0,5373.6,0.0,5373.6
Bermuda,processed,Silver,,0.0,412.23,0.0,412.23
Bermuda,processed,Tin,,0.0,7666.28,0.0,7666.28
Bermuda,processed,Titanium,,0.0,7.0,0.0,7.0
Bermuda,processed,Zinc,,0.0,3684.0,0.0,3684.0
Bermuda,raw,Boron,,0.0,3.0,0.0,3.0
Bermuda,raw,Copper,,0.0,35.0,0.0,35.0
Bermuda,raw,Fluorspar,,0.0,12.0,0.0,12.0
Bermuda,raw,Graphite,,0.0,11.0,0.0,11.0
Bermuda,raw,Lithium,,0.0,3178.87,0.0,3178.87
Bhutan,processed,Silicon,USGS,80000000.0,0.0,0.0,80000000.0
Bolivia,processed,Boron,BGS,327253000.0,0.0,0.0,327253000.0
Bolivia,processed,Copper,BGS,1600000.0,0.0,0.0,1600000.0
Bolivia,processed,Lead,BGS,4200000.0,0.0,0.0,4200000.0
Bolivia,processed,Tin,BGS,14899000.0,0.0,0.0,14899000.0
Bolivia,raw,Antimony,WMD,3884000.0,0.0,0.0,3884000.0
Bolivia,raw,Bismuth,WMD,58000.0,0.0,0.0,58000.0
Bolivia,raw,Boron,WMD,327253000.0,0.0,0.0,327253000.0
Bolivia,raw,Copper,WMD,3881000.0,0.0,0.0,3881000.0
Bolivia,raw,Gold,WMD,46615.0,0.0,0.0,46615.0
Bolivia,raw,Lead,WMD,102927000.0,0.0,0.0,102927000.0
Bolivia,raw,Lithium,WMD,380000.0,0.0,0.0,380000.0
Bolivia,raw,Manganese,WMD,560000.0,0.0,0.0,560000.0
Bolivia,raw,Silver,WMD,1350216.0,0.0,0.0,1350216.0
Bolivia,raw,Tantalum,WMD,1000.0,0.0,0.0,1000.0
Bolivia,raw,Tin,WMD,18693000.0,0.0,0.0,18693000.0
Bolivia,raw,Zinc,WMD,491768000.0,0.0,0.0,491768000.0
Bolivia (Plurinational State Of),processed,Bauxite,,0.0,486582.879,0.0,486582.879
Bolivia (Plurinational State Of),processed,Cadmium,,0.0,327.596,0.0,327.596
Bolivia (Plurinational State Of),processed,Chromium,,0.0,20404.55,0.0,20404.55
Bolivia (Plurinational State Of),processed,Cobalt,,0.0,1102.132,0.0,1102.132
Bolivia (Plurinational State Of),processed,Copper,,0.0,11529994.521,7335971.199999999,4194023.3210000005
Bolivia (Plurinational State Of),processed,Magnesium,,0.0,1044112.993,0.0,1044112.993
Bolivia (Plurinational State Of),processed,Manganese,,0.0,2206303.16,0.0,2206303.16
Bolivia (Plurinational State Of),processed,Molybdenum,,0.0,1194.439,0.0,1194.439
Bolivia (Plurinational State Of),processed,Rare Earths,,0.0,45.638,0.0,45.638
Bolivia (Plurinational State Of),processed,Silicon,,0.0,6199564.329,8436.84,6191127.489
Bolivia (Plurinational State Of),processed,Titanium,,0.0,50543.418,0.0,50543.418
Bolivia (Plurinational State Of),processed,Vanadium,,0.0,10419.618,0.0,10419.618
Bolivia (Plurinational State Of),processed,Zinc,,0.0,1118704.654,0.0,1118704.654
Bolivia (Plurinational State Of),raw,Aluminium,,0.0,601554.312,0.0,601554.312
Bolivia (Plurinational State Of),raw,Bauxite,,0.0,601554.312,0.0,601554.312
Bolivia (Plurinational State Of),raw,Chromium,,0.0,51798.114,0.0,51798.114
Bolivia (Plurinational State Of),raw,Fluorspar,,0.0,249978.18800000002,0.0,249978.18800000002
Bolivia (Plurinational State Of),raw,Graphite,,0.0,544969.894,0.0,544969.894
Bolivia (Plurinational State Of),raw,Manganese,,0.0,23257.794,0.0,23257.794
Bolivia (Plurinational State Of),raw,Molybdenum,,0.0,1.642,0.0,1.642
Bolivia (Plurinational State Of),raw,Zirconium,,0.0,18132.758,0.0,18132.758
Bosnia & Herzegovina,processed,Aluminium,BGS,35600000.0,0.0,0.0,35600000.0
Bosnia & Herzegovina,processed,Graphite,BGS,5000.0,0.0,0.0,5000.0
Bosnia & Herzegovina,raw,Lead,BGS,4075000.0,0.0,0.0,4075000.0
Bosnia & Herzegovina,raw,Zinc,BGS,5900000.0,0.0,0.0,5900000.0
Bosnia Herzegovina,processed,Boron,,0.0,219719.744,816.0,218903.744
Bosnia Herzegovina,processed,Chromium,,0.0,87298.0,0.0,87298.0
Bosnia Herzegovina,processed,Cobalt,,0.0,8016.0,0.0,8016.0
Bosnia Herzegovina,processed,Copper,,0.0,254363968.856,57294284.84,197069684.016
Bosnia Herzegovina,processed,Lead,,0.0,15050939.44,1376810.6,13674128.84
Bosnia Herzegovina,processed,Lithium,,0.0,58.48,0.0,58.48
Bosnia Herzegovina,processed,Magnesium,,0.0,2191698.08,0.0,2191698.08
Bosnia Herzegovina,processed,Manganese,,0.0,14009.6,0.0,14009.6
Bosnia Herzegovina,processed,Molybdenum,,0.0,259.68,0.0,259.68
Bosnia Herzegovina,processed,Nickel,,0.0,333922.48,0.0,333922.48
Bosnia Herzegovina,processed,Platinum Group Metals,,0.0,18.4,0.0,18.4
Bosnia Herzegovina,processed,Rare Earths,,0.0,101.28,0.0,101.28
Bosnia Herzegovina,processed,Silver,,0.0,4205665.92,2207980.0,1997685.92
Bosnia Herzegovina,processed,Tin,,0.0,8777393.52,40971.0,8736422.52
Bosnia Herzegovina,processed,Titanium,,0.0,364452.07999999996,2.12,364449.95999999996
Bosnia Herzegovina,processed,Vanadium,,0.0,540.0,0.0,540.0
Bosnia Herzegovina,processed,Zinc,,0.0,77464926.88,187120.0,77277806.88
Bosnia Herzegovina,raw,Aluminium,,0.0,763738640.0,224160036.0,539578604.0
Bosnia Herzegovina,raw,Bauxite,,0.0,763738640.0,224160036.0,539578604.0
Bosnia Herzegovina,raw,Boron,,0.0,1280.0,0.0,1280.0
Bosnia Herzegovina,raw,Chromium,,0.0,731640.0,0.0,731640.0
Bosnia Herzegovina,raw,Fluorspar,,0.0,5432080.0,4607.2,5427472.8
Bosnia Herzegovina,raw,Graphite,,0.0,21271.2,44.0,21227.2
Bosnia Herzegovina,raw,Magnesium,,0.0,218.56,0.0,218.56
Bosnia Herzegovina,raw,Manganese,,0.0,196231.12,0.0,196231.12
Bosnia Herzegovina,raw,Selenium,,0.0,1603.2,0.0,1603.2
Bosnia-Herzegovina,raw,Aluminium,WMD,64465000.0,0.0,0.0,64465000.0
Bosnia-Herzegovina,raw,Bauxite,WMD,548160000.0,0.0,0.0,548160000.0
Bosnia-Herzegovina,raw,Lead,WMD,6670000.0,0.0,0.0,6670000.0
Bosnia-Herzegovina,raw,Zinc,WMD,8050000.0,0.0,0.0,8050000.0
Botswana,raw,Copper,WMD,72411000.0,0.0,0.0,72411000.0
Botswana,raw,Gold,WMD,331.0,0.0,0.0,331.0
Botswana,raw,Silver,WMD,55396.0,0.0,0.0,55396.0
Brazil,processed,Arsenic,,0.0,101814.596,100.0,101714.596
Brazil,processed,Boron,,0.0,263231145.238,267470.144,262963675.094
Brazil,processed,Chromium,,0.0,10030288.964,89822.0,9940466.964
Brazil,processed,Cobalt,BGS,0.0,4725217.0600000005,398956.0,4326261.0600000005
Brazil,processed,Copper,BGS,38600000.0,349799379.643,235489248.151,152910131.492
Brazil,processed,Fluorspar,BGS,28365000.0,0.0,0.0,28365000.0
Brazil,processed,Gallium,,0.0,45016.69,7668.0,37348.69
Brazil,processed,Germanium,,0.0,45016.69,7668.0,37348.69
Brazil,processed,Graphite,BGS,66346000.0,0.0,0.0,66346000.0
Brazil,processed,Imdium,,0.0,45016.69,7668.0,37348.69
Brazil,processed,Indium,BGS,5000.0,0.0,0.0,5000.0
Brazil,processed,Lead,BGS,286000000.0,147244615.796,8687872.044,424556743.752
Brazil,processed,Molybdenum,,0.0,3896417.058,827797.192,3068619.8660000004
Brazil,processed,Nickel,BGS,57000000.0,26173831.603,5224179.404,77949652.199
Brazil,processed,Niobium,,0.0,45056.158,18768.0,26288.158000000003
Brazil,processed,Rare Earths,,0.0,2861289.772,121809.114,2739480.658
Brazil,processed,Silicon,USGS,390000000.0,133803556.75599998,166227983.1,357575573.656
Brazil,processed,Titanium,,0.0,34912302.467999995,236492.0,34675810.467999995
Brazil,processed,Zinc,BGS,230500000.0,241937213.01900002,221113508.722,251323704.29700005
Brazil,raw,Bauxite,WMD,32032491000.0,12091184.0,5336262567.0,26708319617.0
Brazil,raw,Boron,,0.0,655941767.102,626306.0,655315461.102
Brazil,raw,Cadmium,WMD,100000.0,0.0,0.0,100000.0
Brazil,raw,Chromium,WMD,193532000.0,11849723.0,24312104.0,181069619.0
Brazil,raw,Cobalt,WMD,165000.0,30.0,0.0,165030.0
Brazil,raw,Fluorspar,WMD,28365000.0,20156595.0,332200.0,48189395.0
Brazil,raw,Graphite,WMD,56053000.0,861614.774,23528322.592,33386292.181999996
Brazil,raw,Magnesium,WMD,1413000000.0,24237.9,635446.0,1412388791.9
Brazil,raw,Molybdenum,BGS,200000.0,48758604.0,5880144.0,43078460.0
Brazil,raw,Niobium,WMD,109520000.0,99950.0,1482719.362,108137230.638
Brazil,raw,Rare Earths,WMD,1280000.0,0.0,0.0,1280000.0
Brazil,raw,Selenium,,0.0,170821.892,42200.0,128621.89199999999
Brazil,raw,Silver,WMD,102640.0,0.0,0.0,102640.0
Brazil,raw,Tantalum,WMD,380000.0,0.0,0.0,380000.0
Brazil,raw,Tin,WMD,25121000.0,215814.0,14339940.0,10996874.0
Brazil,raw,Titanium,WMD,79220000.0,55761921.564,122834462.0,12147459.56400001
Brazil,raw,Vanadium,WMD,6508000.0,99950.0,1482719.362,5125230.638
Brazil,raw,Zinc,WMD,194030000.0,325728768.0,47137004.0,472621764.0
Brazil,raw,Zirconium,WMD,8397000.0,29866928.0,20000.0,38243928.0
Brunei Darussalam,processed,Aluminium,,0.0,8814617.0,5580049.0,3234568.0
Brunei Darussalam,processed,Bauxite,,0.0,6932607.0,0.0,6932607.0
Brunei Darussalam,processed,Copper,,0.0,66310.0,94.0,66216.0
Brunei Darussalam,processed,Lead,,0.0,2970.0,0.0,2970.0
Brunei Darussalam,processed,Silicon,,0.0,45925.112,19270.0,26655.112
Brunei Darussalam,processed,Tin,,0.0,1946.0,1000.0,946.0
Brunei Darussalam,raw,Copper,,0.0,87200.0,0.0,87200.0
Brunei Darussalam,raw,Graphite,,0.0,3000.0,0.0,3000.0
Brunei Darussalam,raw,Lithium,,0.0,19115.0,2648.0,16467.0
Bulgaria,processed,Arsenic,,0.0,58000.0,8000.0,50000.0
Bulgaria,processed,Bauxite,,0.0,41274275.366,18803580.0,22470695.365999997
Bulgaria,processed,Boron,,0.0,1006275.73,210012.0,796263.73
Bulgaria,processed,Chromium,,0.0,243108.21600000001,0.0,243108.21600000001
Bulgaria,processed,Cobalt,,0.0,7548.388,1264.0,6284.388
Bulgaria,processed,Gold,,0.0,23218.722,10756.672,12462.050000000001
Bulgaria,processed,Lithium,,0.0,8962.088,0.0,8962.088
Bulgaria,processed,Magnesium,,0.0,13391393.48,687176.0,12704217.48
Bulgaria,processed,Manganese,,0.0,76000.0,23680.0,52320.0
Bulgaria,processed,Nickel,,0.0,2952852.2600000002,1411835.544,1541016.7160000002
Bulgaria,processed,Platinum Group Metals,,0.0,169296.532,113149.444,56147.088
Bulgaria,processed,Rare Earths,,0.0,168.0,0.0,168.0
Bulgaria,processed,Silicon,,0.0,40786418.813,1021478.996,39764939.817
Bulgaria,processed,Silver,,0.0,5189005.214,3802932.528,1386072.6859999998
Bulgaria,processed,Tellurium,BGS,1000.0,0.0,0.0,1000.0
Bulgaria,processed,Tin,,0.0,1137238.75,73100.632,1064138.118
Bulgaria,processed,Vanadium,,0.0,263956.54,116000.0,147956.53999999998
Bulgaria,raw,Aluminium,,0.0,800000.0,62400.0,737600.0
Bulgaria,raw,Bauxite,,0.0,800000.0,62400.0,737600.0
Bulgaria,raw,Cadmium,WMD,306000.0,0.0,0.0,306000.0
Bulgaria,raw,Chromium,,0.0,3546848.0,0.0,3546848.0
Bulgaria,raw,Copper,WMD,121130000.0,4227249981.36,2347462384.0,2000917597.3600006
Bulgaria,raw,Fluorspar,,0.0,12183476.0,0.0,12183476.0
Bulgaria,raw,Gold,WMD,9276.0,205291740.0,103082112.0,102218904.0
Bulgaria,raw,Graphite,,0.0,185526.364,0.0,185526.364
Bulgaria,raw,Lead,WMD,20690000.0,251548076.0,103591616.0,168646460.0
Bulgaria,raw,Lithium,,0.0,23250550.436,5504720.0,17745830.436
Bulgaria,raw,Magnesium,,0.0,41393060.0,0.0,41393060.0
Bulgaria,raw,Manganese,WMD,3000000.0,276000.0,0.0,3276000.0
Bulgaria,raw,Molybdenum,,0.0,939.932,84.0,855.932
Bulgaria,raw,Selenium,,0.0,31472.0,1400.0,30072.0
Bulgaria,raw,Silver,WMD,22800.0,36910000.0,0.0,36932800.0
Bulgaria,raw,Tin,,0.0,4.0,0.0,4.0
Bulgaria,raw,Titanium,,0.0,88000.0,0.0,88000.0
Bulgaria,raw,Zinc,WMD,17830000.0,355704448.0,4563628.0,368970820.0
Bulgaria,raw,Zirconium,,0.0,1393640.0,691200.0,702440.0
Burkina Faso,processed,Aluminium,,0.0,19481676.0,14646346.0,4835330.0
Burkina Faso,processed,Bauxite,,0.0,7050726.0,200000.0,6850726.0
Burkina Faso,processed,Boron,,0.0,603942.0,5000.0,598942.0
Burkina Faso,processed,Copper,,0.0,637012.0,17200.0,619812.0
Burkina Faso,processed,Gold,,0.0,220.0,58.0,162.0
Burkina Faso,processed,Lithium,,0.0,12.0,0.0,12.0
Burkina Faso,processed,Manganese,,0.0,560.0,0.0,560.0
Burkina Faso,processed,Molybdenum,,0.0,172.0,0.0,172.0
Burkina Faso,processed,Nickel,,0.0,10272.0,2284.0,7988.0
Burkina Faso,processed,Platinum Group Metals,,0.0,2.0,0.0,2.0
Burkina Faso,processed,Rare Earths,,0.0,32.0,0.0,32.0
Burkina Faso,processed,Silicon,,0.0,26770.0,144.0,26626.0
Burkina Faso,processed,Tin,,0.0,4284.0,0.0,4284.0
Burkina Faso,processed,Titanium,,0.0,13564.0,0.0,13564.0
Burkina Faso,processed,Zinc,,0.0,62940.0,0.0,62940.0
Burkina Faso,raw,Boron,,0.0,28.0,0.0,28.0
Burkina Faso,raw,Copper,,0.0,112.0,0.0,112.0
Burkina Faso,raw,Gold,WMD,57338.0,0.0,1300.0,56038.0
Burkina Faso,raw,Graphite,,0.0,58810.0,0.0,58810.0
Burkina Faso,raw,Lithium,,0.0,453038.0,2850.0,450188.0
Burkina Faso,raw,Silver,WMD,7891.0,0.0,0.0,7891.0
Burma,raw,Rare Earths,USGS,31000000.0,0.0,0.0,31000000.0
Burundi,raw,Gold,WMD,1054.0,0.0,0.0,1054.0
Burundi,raw,Lithium,WMD,13000.0,0.0,0.0,13000.0
Burundi,raw,Niobium,WMD,1000.0,0.0,0.0,1000.0
Burundi,raw,Tantalum,WMD,2000.0,0.0,0.0,2000.0
Burundi,raw,Tin,WMD,70000.0,0.0,0.0,70000.0
Cabo Verde,processed,Aluminium,,0.0,1466328.0,0.0,1466328.0
Cabo Verde,processed,Bauxite,,0.0,35813.0,0.0,35813.0
Cabo Verde,processed,Boron,,0.0,660.0,0.0,660.0
Cabo Verde,processed,Copper,,0.0,12321.0,0.0,12321.0
Cabo Verde,processed,Lead,,0.0,330.0,0.0,330.0
Cabo Verde,processed,Lithium,,0.0,1008.0,0.0,1008.0
Cabo Verde,processed,Magnesium,,0.0,7.0,0.0,7.0
Cabo Verde,processed,Platinum Group Metals,,0.0,3.0,0.0,3.0
Cabo Verde,processed,Rare Earths,,0.0,1.0,0.0,1.0
Cabo Verde,processed,Silicon,,0.0,8058.0,0.0,8058.0
Cabo Verde,processed,Silver,,0.0,21.0,0.0,21.0
Cabo Verde,processed,Tin,,0.0,299.0,0.0,299.0
Cabo Verde,processed,Titanium,,0.0,78448.0,0.0,78448.0
Cabo Verde,processed,Zinc,,0.0,207.0,0.0,207.0
Cabo Verde,raw,Copper,,0.0,5.0,0.0,5.0
Cabo Verde,raw,Graphite,,0.0,443.0,0.0,443.0
Cabo Verde,raw,Lithium,,0.0,15765.0,0.0,15765.0
Cabo Verde,raw,Tin,,0.0,154.0,0.0,154.0
Cambodia,processed,Aluminium,,0.0,198201688.51,39415121.9,158786566.60999998
Cambodia,processed,Bauxite,,0.0,49220097.7,0.0,49220097.7
Cambodia,processed,Boron,,0.0,77065.45,0.0,77065.45
Cambodia,processed,Chromium,,0.0,5000.0,0.0,5000.0
Cambodia,processed,Copper,,0.0,18717070.518,15009352.63,3707717.8879999984
Cambodia,processed,Magnesium,,0.0,224832.0,0.0,224832.0
Cambodia,processed,Silicon,,0.0,7788836.2299999995,2230.1,7786606.13
Cambodia,processed,Silver,,0.0,631.6800000000001,0.0,631.6800000000001
Cambodia,processed,Tin,,0.0,253675.47,563.0,253112.47
Cambodia,processed,Titanium,,0.0,1873710.0,0.0,1873710.0
Cambodia,processed,Zinc,,0.0,7146895.0,342485.0,6804410.0
Cambodia,raw,Aluminium,,0.0,0.3,0.0,0.3
Cambodia,raw,Bauxite,,0.0,0.3,0.0,0.3
Cambodia,raw,Cobalt,,0.0,90.0,0.0,90.0
Cambodia,raw,Copper,,0.0,40966900.2,8534850.0,32432050.200000003
Cambodia,raw,Gold,WMD,3524.0,0.0,0.0,3524.0
Cambodia,raw,Graphite,,0.0,24700.0,0.0,24700.0
Cambodia,raw,Lead,,0.0,12673165.4,0.0,12673165.4
Cambodia,raw,Lithium,,0.0,188500.0,3689.95,184810.05
Cambodia,raw,Magnesium,,0.0,10000.0,0.0,10000.0
Cambodia,raw,Molybdenum,,0.0,1057091.0,0.0,1057091.0
Cambodia,raw,Nickel,,0.0,1281730.0,0.0,1281730.0
Cambodia,raw,Niobium,,0.0,2192134.0,0.0,2192134.0
Cambodia,raw,Vanadium,,0.0,2192134.0,0.0,2192134.0
Cambodia,raw,Zinc,,0.0,558715.0,0.0,558715.0
Cambodia,raw,Zirconium,,0.0,590.0,0.0,590.0
Cameroon,processed,Aluminium,BGS,62200000.0,0.0,0.0,62200000.0
Cameroon,raw,Aluminium,WMD,62180000.0,0.0,0.0,62180000.0
Cameroon,raw,Gold,WMD,431.0,0.0,0.0,431.0
Canada,processed,Aluminium,BGS,3301844000.0,24905708369.2,16642067673.708,11565484695.492
Canada,processed,Arsenic,,0.0,336092.0,18164.0,317928.0
Canada,processed,Bauxite,USGS,1500000000.0,21103273093.861,604682740.0,21998590353.861
Canada,processed,Boron,,0.0,448099905.68,34452856.0,413647049.68
Canada,processed,Chromium,,0.0,9939292.651999999,3278888.0,6660404.651999999
Canada,processed,Gallium,,0.0,810891.32,539960.0,270931.31999999995
Canada,processed,Germanium,USGS,0.0,810891.32,539960.0,270931.31999999995
Canada,processed,Graphite,BGS,5800000.0,0.0,0.0,5800000.0
Canada,processed,Imdium,,0.0,810891.32,539960.0,270931.31999999995
Canada,processed,Indium,BGS,40000.0,0.0,0.0,40000.0
Canada,processed,Lithium,,0.0,2710370.316,86944.266,2623426.0500000003
Canada,processed,Magnesium,,0.0,322894535.384,231853460.0,91041075.384
Canada,processed,Manganese,,0.0,30241219.092,45952.0,30195267.092
Canada,processed,Molybdenum,,0.0,3162939.688,1423552.0159999998,1739387.6720000003
Canada,processed,Niobium,,0.0,1152903.3199999998,683408.0,469495.31999999983
Canada,processed,Platinum Group Metals,,0.0,10352438.748,5913447.256,4438991.492
Canada,processed,Rare Earths,,0.0,3263521.8260000004,792476.0,2471045.8260000004
Canada,processed,Selenium,BGS,120000.0,0.0,0.0,120000.0
Canada,processed,Silicon,USGS,50000000.0,523551760.902,253708074.0,319843686.90199995
Canada,processed,Silver,,0.0,43117203.841,8424302.059999999,34692901.781
Canada,processed,Tellurium,BGS,27000.0,0.0,0.0,27000.0
Canada,processed,Tin,,0.0,33647060.061,30458344.0,3188716.060999997
Canada,processed,Titanium,USGS,0.0,62760415.120000005,45935992.0,16824423.120000005
Canada,processed,Vanadium,,0.0,12400284.372,6661124.0,5739160.3719999995
Canada,raw,Aluminium,WMD,3274901000.0,14209762225.165,508844232.0,16975818993.165
Canada,raw,Bauxite,USGS,0.0,14209762225.165,508844232.0,13700917993.165
Canada,raw,Boron,,0.0,14179040.364,4995164.0,9183876.364
Canada,raw,Cadmium,WMD,1800000.0,0.0,0.0,1800000.0
Canada,raw,Chromium,,0.0,41229360.0,0.0,41229360.0
Canada,raw,Cobalt,WMD,3260000.0,0.0,15964.0,3244036.0
Canada,raw,Gold,WMD,191035.0,35295.268,14738.604,211591.664
Canada,raw,Indium,WMD,40000.0,0.0,0.0,40000.0
Canada,raw,Magnesium,WMD,230000000.0,1209354.332,198532.0,231010822.332
Canada,raw,Manganese,,0.0,5897316.0,367768.0,5529548.0
Canada,raw,Nickel,WMD,127237000.0,193555269.626,24826.0,320767443.626
Canada,raw,Platinum Group Metals,WMD,23721.0,0.0,0.0,23721.0
Canada,raw,Tantalum,BGS,11740000.0,0.0,0.0,11740000.0
Canada,raw,Tellurium,WMD,27000.0,2499352.364,2027348.0,499004.36400000006
Canada,raw,Titanium,WMD,470000000.0,743904364.0,578644.0,1213325720.0
Canada,raw,Zinc,WMD,109507000.0,1856812771.708,278658772.208,1687660999.5
Canada,raw,Zirconium,,0.0,7185520.0,168312.0,7017208.0
Cayman Isds,processed,Aluminium,,0.0,1969869.3139999998,480674.0,1489195.3139999998
Cayman Isds,processed,Bauxite,,0.0,1634.364,0.0,1634.364
Cayman Isds,processed,Boron,,0.0,270.157,0.0,270.157
Cayman Isds,processed,Gold,,0.0,0.276,0.0,0.276
Cayman Isds,processed,Lead,,0.0,39.836,22.18,17.656
Cayman Isds,processed,Nickel,,0.0,301.14,0.0,301.14
Cayman Isds,processed,Platinum Group Metals,,0.0,0.08,0.0,0.08
Cayman Isds,processed,Silicon,,0.0,7201.091,0.0,7201.091
Cayman Isds,processed,Silver,,0.0,9.159,0.0,9.159
Cayman Isds,processed,Tin,,0.0,1285.706,0.0,1285.706
Cayman Isds,processed,Titanium,,0.0,362.742,0.0,362.742
Cayman Isds,processed,Zinc,,0.0,704.124,0.0,704.124
Cayman Isds,raw,Aluminium,,0.0,33378.254,0.0,33378.254
Cayman Isds,raw,Bauxite,,0.0,33378.254,0.0,33378.254
Cayman Isds,raw,Boron,,0.0,681.504,0.0,681.504
Cayman Isds,raw,Copper,,0.0,17.796,0.0,17.796
Central African Rep.,processed,Aluminium,,0.0,750159.0,18246.0,731913.0
Central African Rep.,processed,Bauxite,,0.0,173000.0,0.0,173000.0
Central African Rep.,processed,Tin,,0.0,22086.0,0.0,22086.0
Central African Rep.,processed,Titanium,,0.0,10000.0,0.0,10000.0
Central African Republic,raw,Gold,WMD,1549.0,0.0,0.0,1549.0
Chile,processed,Aluminium,,0.0,93887823.522,44253304.524000004,49634518.997999996
Chile,processed,Arsenic,,0.0,3.3,0.0,3.3
Chile,processed,Bauxite,,0.0,10935933.152,437562.948,10498370.204
Chile,processed,Boron,BGS,450239000.0,925190.174,100630030.0,350534160.174
Chile,processed,Chromium,,0.0,1556702.952,1000.0,1555702.952
Chile,processed,Cobalt,,0.0,712.85,0.0,712.85
Chile,processed,Copper,BGS,3149800000.0,3195760.352,1971028346.93,1181967413.4220002
Chile,processed,Gallium,,0.0,11.06,0.0,11.06
Chile,processed,Germanium,,0.0,11.06,0.0,11.06
Chile,processed,Imdium,,0.0,11.06,0.0,11.06
Chile,processed,Magnesium,,0.0,13478761.84,513596.0,12965165.84
Chile,processed,Manganese,,0.0,618308.26,3200.0,615108.26
Chile,processed,Nickel,,0.0,104324.96800000001,2321.0,102003.96800000001
Chile,processed,Niobium,,0.0,11.16,0.0,11.16
Chile,processed,Rare Earths,,0.0,3049.973,0.0,3049.973
Chile,processed,Rhenium,BGS,30000.0,0.0,0.0,30000.0
Chile,processed,Selenium,BGS,100000.0,0.0,0.0,100000.0
Chile,processed,Silicon,,0.0,15645576.781,912191.45,14733385.331
Chile,processed,Tin,,0.0,195363.587,3664.386,191699.201
Chile,processed,Titanium,,0.0,946292.5210000001,87298.0,858994.5210000001
Chile,processed,Vanadium,,0.0,22234.410000000003,1400.0,20834.410000000003
Chile,processed,Zinc,,0.0,6676758.96,786030.0,5890728.96
Chile,raw,Aluminium,,0.0,563606.0,12580.203,551025.797
Chile,raw,Bauxite,,0.0,563606.0,12580.203,551025.797
Chile,raw,Boron,WMD,450239000.0,24274501.345,31176000.0,443337501.345
Chile,raw,Cobalt,,0.0,7.0,0.0,7.0
Chile,raw,Copper,WMD,5250400000.0,38732842.230000004,3738120531.17,1551012311.0599995
Chile,raw,Fluorspar,,0.0,215691.0,41420.0,174271.0
Chile,raw,Graphite,,0.0,35297.096,6004.56,29292.535999999996
Chile,raw,Lead,WMD,325000.0,160.908,0.0,325160.908
Chile,raw,Lithium,WMD,113200000.0,13391093.49,17375621.0,109215472.49
Chile,raw,Magnesium,,0.0,95817.915,0.0,95817.915
Chile,raw,Manganese,,0.0,46530.5,0.0,46530.5
Chile,raw,Molybdenum,WMD,44118000.0,40494242.446,78707174.0,5905068.44600001
Chile,raw,Nickel,,0.0,5.68,0.0,5.68
Chile,raw,Niobium,,0.0,14000.0,0.0,14000.0
Chile,raw,Rhenium,WMD,50754.0,0.0,0.0,50754.0
Chile,raw,Selenium,WMD,103000.0,3813.15,81000.0,25813.149999999994
Chile,raw,Silver,WMD,1262287.0,4417424.6,0.0,5679711.6
Chile,raw,Tellurium,,0.0,1.345,0.0,1.345
Chile,raw,Tin,,0.0,1.0,0.0,1.0
Chile,raw,Titanium,,0.0,36147.582,0.0,36147.582
Chile,raw,Vanadium,,0.0,14000.0,0.0,14000.0
China,processed,Aluminium,BGS,41594000000.0,7011688878.947,9680259127.039,38925429751.908
China,processed,Arsenic,BGS,24000000.0,1241.207,3099592.0,20901649.207
China,processed,Bauxite,USGS,84000000000.0,1485681172.645,3315474004.277,82170207168.36801
China,processed,Boron,BGS,200000000.0,21332163.44,32178825.292,189153338.148
China,processed,Cadmium,BGS,9000000.0,2618109.35,652178.204,10965931.146
China,processed,Cobalt,BGS,140000000.0,639677028.978,14272448.738,765404580.24
China,processed,Copper,BGS,24821000000.0,7053513358.998,902889887.6999999,30971623471.298
China,processed,Fluorspar,BGS,5700000000.0,0.0,0.0,5700000000.0
China,processed,Gallium,BGS,600000.0,1672115.118,1763055.492,509059.6259999997
China,processed,Germanium,BGS,200000.0,1672115.118,1763055.492,109059.62599999993
China,processed,Gold,,0.0,1352864.905,139105.59800000003,1213759.307
China,processed,Graphite,BGS,1230000000.0,0.0,0.0,1230000000.0
China,processed,Indium,BGS,690000.0,0.0,0.0,690000.0
China,processed,Lead,BGS,7564000000.0,221137411.96,34228673.129999995,7750908738.83
China,processed,Lithium,,0.0,243220077.757,124576653.398,118643424.359
China,processed,Nickel,BGS,970000000.0,2199537053.665,213087899.23000002,2956449154.435
China,processed,Platinum Group Metals,,0.0,188021.28,98767.337,89253.943
China,processed,Rare Earths,BGS,240000000.0,77372324.27000001,55442680.434,261929643.83599997
China,processed,Rhenium,BGS,3000.0,0.0,0.0,3000.0
China,processed,Selenium,BGS,1500000.0,0.0,0.0,1500000.0
China,processed,Silicon,USGS,7400000000.0,182855745.871,2459611927.799,5123243818.0720005
China,processed,Tellurium,BGS,430000.0,0.0,0.0,430000.0
China,processed,Tin,BGS,198000000.0,27111918.202,22624277.273000002,202487640.929
China,processed,Titanium,USGS,220000000.0,6216771.333000001,65851358.549,160365412.784
China,processed,Zinc,BGS,7152000000.0,451275777.57,20251002.225,7583024775.344999
China,raw,Aluminium,WMD,41979700000.0,0.0,23886109.0,41955813891.0
China,raw,Antimony,WMD,41000000.0,0.0,0.0,41000000.0
China,raw,Arsenic,WMD,24000000.0,0.0,0.0,24000000.0
China,raw,Bauxite,WMD,65516300000.0,0.0,23886109.0,65492413891.0
China,raw,Bismuth,WMD,8000000.0,0.0,0.0,8000000.0
China,raw,Boron,WMD,360300000.0,347487032.652,986660.507,706800372.145
China,raw,Cadmium,WMD,9000000.0,0.0,0.0,9000000.0
China,raw,Cobalt,WMD,2300000.0,882672.703,41.0,3182631.7029999997
China,raw,Copper,WMD,1830000000.0,28979369658.247,1667661.023,30807701997.224003
China,raw,Fluorspar,WMD,5700000000.0,40371640.831,254708888.0,5485662752.831
China,raw,Gallium,WMD,701000.0,0.0,0.0,701000.0
China,raw,Germanium,WMD,154000.0,0.0,0.0,154000.0
China,raw,Gold,WMD,375155.0,2786217532.0,1067.0,2786591620.0
China,raw,Graphite,WMD,1208000000.0,52140415.961,190447568.36699998,1069692847.594
China,raw,Indium,WMD,646000.0,0.0,0.0,646000.0
China,raw,Lead,WMD,1960000000.0,1223683494.26,0.0,3183683494.26
China,raw,Lithium,WMD,106300000.0,8168639874.894,777162570.576,7497777304.318
China,raw,Magnesium,WMD,15000000000.0,12360465.476,2563616575.0,12448743890.476
China,raw,Manganese,WMD,852000000.0,29276498564.877,269106481.0,29859392083.877
China,raw,Molybdenum,WMD,121500000.0,66480132.356,23941337.0,164038795.356
China,raw,Nickel,WMD,110400000.0,37911887569.0,0.0,38022287569.0
China,raw,Niobium,WMD,43000.0,44075534.833,71020.0,44047514.833
China,raw,Platinum Group Metals,WMD,5000.0,0.0,0.0,5000.0
China,raw,Rare Earths,WMD,255000000.0,0.0,0.0,255000000.0
China,raw,Rhenium,WMD,2650.0,0.0,0.0,2650.0
China,raw,Selenium,WMD,1400000.0,1113232.975,404562.446,2108670.529
China,raw,Silver,WMD,3399600.0,1701247779.0,800479.0,1703846900.0
China,raw,Tantalum,WMD,96000.0,0.0,0.0,96000.0
China,raw,Tin,WMD,68000000.0,158490691.408,979106.0,225511585.408
China,raw,Titanium,WMD,3247000000.0,5074045580.105,87635777.0,8233409803.105
China,raw,Vanadium,WMD,81600000.0,44075534.833,71020.0,125604514.833
China,raw,Zinc,WMD,4130000000.0,4076889858.587,0.0,8206889858.587
China,raw,Zirconium,WMD,100000000.0,1745580055.929,18869061.0,1826710994.929
"China, Hong Kong Sar",processed,Aluminium,,0.0,655692570.0,640224787.0,15467783.0
"China, Hong Kong Sar",processed,Bauxite,,0.0,20653948.0,326890.0,20327058.0
"China, Hong Kong Sar",processed,Boron,,0.0,18322.0,5375.0,12947.0
"China, Hong Kong Sar",processed,Cadmium,,0.0,933523.018,0.0,933523.018
"China, Hong Kong Sar",processed,Cobalt,,0.0,108399.0,54632.0,53767.0
"China, Hong Kong Sar",processed,Gold,,0.0,875459.0,724950.0,150509.0
"China, Hong Kong Sar",processed,Magnesium,,0.0,51127.0,25886.0,25241.0
"China, Hong Kong Sar",processed,Platinum Group Metals,,0.0,124586.0,99504.0,25082.0
"China, Hong Kong Sar",processed,Silicon,,0.0,15106827.0,1644187.0,13462640.0
"China, Hong Kong Sar",processed,Tin,,0.0,1105843.238,981272.0,124571.2379999999
"China, Hong Kong Sar",processed,Zinc,,0.0,34941757.0,33299559.0,1642198.0
"China, Hong Kong Sar",raw,Aluminium,,0.0,67322.0,0.0,67322.0
"China, Hong Kong Sar",raw,Bauxite,,0.0,67322.0,0.0,67322.0
"China, Hong Kong Sar",raw,Boron,,0.0,514432.0,198384.0,316048.0
"China, Hong Kong Sar",raw,Copper,,0.0,15886557.0,1587162.0,14299395.0
"China, Hong Kong Sar",raw,Gold,,0.0,8486.0,575.0,7911.0
"China, Hong Kong Sar",raw,Lithium,,0.0,446186.0,227728.0,218458.0
"China, Hong Kong Sar",raw,Magnesium,,0.0,7845.0,1245.0,6600.0
"China, Hong Kong Sar",raw,Selenium,,0.0,681701.0,558674.0,123027.0
"China, Hong Kong Sar",raw,Tellurium,,0.0,514432.0,198384.0,316048.0
"China, Macao Sar",processed,Gold,,0.0,42.542,0.0,42.542
"China, Macao Sar",processed,Tin,,0.0,21.29,0.0,21.29
"China, Macao Sar",raw,Lithium,,0.0,11510164.0,0.0,11510164.0
Colombia,processed,Aluminium,,0.0,99903984.25999999,69664112.5,30239871.75999999
Colombia,processed,Arsenic,,0.0,3787.1,0.0,3787.1
Colombia,processed,Bauxite,,0.0,21752556.93,5640435.9,16112121.03
Colombia,processed,Boron,,0.0,14133829.04,34386.41,14099442.629999999
Colombia,processed,Cadmium,,0.0,1.84,0.0,1.84
Colombia,processed,Chromium,,0.0,335931.05000000005,146600.3,189330.75000000006
Colombia,processed,Cobalt,,0.0,46090.63,2234.0,43856.63
Colombia,processed,Lead,BGS,41000000.0,16189962.14,3689052.5,53500909.64
Colombia,processed,Lithium,,0.0,44481.270000000004,0.0,44481.270000000004
Colombia,processed,Magnesium,,0.0,23753729.7,147215.63,23606514.07
Colombia,processed,Manganese,,0.0,5924295.7,5431525.0,492770.7000000002
Colombia,processed,Molybdenum,,0.0,72726.14,0.0,72726.14
Colombia,processed,Nickel,BGS,38708000.0,372254.19,24861.86,39055392.33
Colombia,processed,Rare Earths,,0.0,5986.37,0.0,5986.37
Colombia,processed,Silicon,,0.0,25981276.55,19074402.900000002,6906873.6499999985
Colombia,processed,Tin,,0.0,306761.93,1433.91,305328.02
Colombia,processed,Titanium,,0.0,1606624.9,449.97,1606174.93
Colombia,processed,Vanadium,,0.0,170301.50999999998,3000.0,167301.50999999998
Colombia,processed,Zinc,,0.0,15671889.08,173133.2,15498755.88
Colombia,raw,Aluminium,,0.0,6103742.86,0.0,6103742.86
Colombia,raw,Bauxite,WMD,2779000.0,6103742.86,0.0,8882742.86
Colombia,raw,Chromium,BGS,0.0,572300.0,2000.0,570300.0
Colombia,raw,Fluorspar,,0.0,2642686.0,3600.0,2639086.0
Colombia,raw,Graphite,WMD,0.0,632706.36,50042.5,582663.86
Colombia,raw,Lithium,,0.0,3940980.03,748687.82,3192292.21
Colombia,raw,Magnesium,WMD,2540000.0,2744.41,0.0,2542744.41
Colombia,raw,Manganese,WMD,150000.0,18201023.46,0.0,18351023.46
Colombia,raw,Molybdenum,,0.0,900.0,0.0,900.0
Colombia,raw,Nickel,WMD,43030000.0,59587300.0,0.0,102617300.0
Colombia,raw,Platinum Group Metals,WMD,893.0,0.0,0.0,893.0
Colombia,raw,Selenium,,0.0,20795.69,0.0,20795.69
Colombia,raw,Silver,WMD,51699.0,0.0,0.0,51699.0
Colombia,raw,Tellurium,,0.0,310.48,0.0,310.48
Colombia,raw,Titanium,,0.0,878081.8,0.0,878081.8
Colombia,raw,Zirconium,,0.0,69768.0,0.0,69768.0
Congo,processed,Copper,BGS,8400000.0,0.0,0.0,8400000.0
Congo,raw,Copper,BGS,8400000.0,0.0,0.0,8400000.0
Congo,raw,Gold,BGS,150.0,0.0,0.0,150.0
Congo,raw,Zinc,BGS,24100000.0,0.0,0.0,24100000.0
"Congo, Democratic Republic",processed,Copper,BGS,2407800000.0,0.0,0.0,2407800000.0
"Congo, Democratic Republic",processed,Tin,BGS,880000.0,0.0,0.0,880000.0
"Congo, Democratic Republic",raw,Cobalt,BGS,140121000.0,0.0,0.0,140121000.0
"Congo, Democratic Republic",raw,Copper,BGS,3148567000.0,0.0,0.0,3148567000.0
"Congo, Democratic Republic",raw,Gold,BGS,44500.0,0.0,0.0,44500.0
"Congo, Democratic Republic",raw,Manganese,BGS,5000000.0,0.0,0.0,5000000.0
"Congo, Democratic Republic",raw,Silver,BGS,3400.0,0.0,0.0,3400.0
"Congo, Democratic Republic",raw,Tantalum,BGS,3246000.0,0.0,0.0,3246000.0
"Congo, Democratic Republic",raw,Tin,BGS,18955000.0,0.0,0.0,18955000.0
"Congo, Democratic Republic",raw,Zinc,BGS,11287000.0,0.0,0.0,11287000.0
"Congo, Rep.",raw,Copper,WMD,8419000.0,0.0,0.0,8419000.0
"Congo, Rep.",raw,Gold,WMD,150.0,0.0,0.0,150.0
"Congo, Rep.",raw,Zinc,WMD,24070000.0,0.0,0.0,24070000.0
Costa Rica,processed,Bauxite,,0.0,5342234.317,168126.63400000002,5174107.683
Costa Rica,processed,Boron,,0.0,2749063.097,29457.33,2719605.767
Costa Rica,processed,Chromium,,0.0,54160.71,0.0,54160.71
Costa Rica,processed,Copper,,0.0,16145135.314,4179997.5020000003,11965137.811999999
Costa Rica,processed,Gallium,,0.0,64.0,0.0,64.0
Costa Rica,processed,Germanium,,0.0,64.0,0.0,64.0
Costa Rica,processed,Imdium,,0.0,64.0,0.0,64.0
Costa Rica,processed,Lead,BGS,10000000.0,1028.96,8337500.0,1663528.960000001
Costa Rica,processed,Lithium,,0.0,1470.39,0.0,1470.39
Costa Rica,processed,Magnesium,,0.0,2873745.4699999997,2524.7,2871220.7699999996
Costa Rica,processed,Manganese,,0.0,1736532.871,10000.0,1726532.871
Costa Rica,processed,Molybdenum,,0.0,8506.76,0.0,8506.76
Costa Rica,processed,Nickel,,0.0,93605.32400000001,16814.135,76791.18900000001
Costa Rica,processed,Niobium,,0.0,64.0,0.0,64.0
Costa Rica,processed,Rare Earths,,0.0,2716.639,0.0,2716.639
Costa Rica,processed,Silicon,,0.0,7956619.09,62171.85,7894447.24
Costa Rica,processed,Tin,,0.0,20906.102,939.733,19966.369
Costa Rica,processed,Titanium,,0.0,356131.008,38686.272000000004,317444.736
Costa Rica,processed,Vanadium,,0.0,64.0,0.0,64.0
Costa Rica,processed,Zinc,,0.0,5363221.259000001,60528.36,5302692.899
Costa Rica,raw,Aluminium,,0.0,78.27,0.0,78.27
Costa Rica,raw,Bauxite,,0.0,78.27,0.0,78.27
Costa Rica,raw,Cobalt,,0.0,0.1,0.0,0.1
Costa Rica,raw,Copper,,0.0,296.47,0.0,296.47
Costa Rica,raw,Fluorspar,,0.0,664307.93,16633.22,647674.7100000001
Costa Rica,raw,Gold,WMD,800.0,0.0,0.0,800.0
Costa Rica,raw,Graphite,,0.0,111433.0,0.0,111433.0
Costa Rica,raw,Lithium,,0.0,34352.779,2482.84,31869.939000000002
Costa Rica,raw,Magnesium,,0.0,1753444.855,0.0,1753444.855
Costa Rica,raw,Molybdenum,,0.0,0.1,0.0,0.1
Costa Rica,raw,Nickel,,0.0,75.99,0.0,75.99
Costa Rica,raw,Selenium,,0.0,960.0,0.0,960.0
Costa Rica,raw,Tellurium,,0.0,17003.0,0.0,17003.0
Costa Rica,raw,Tin,,0.0,250.156,0.0,250.156
Costa Rica,raw,Titanium,,0.0,11083.3,0.0,11083.3
Costa Rica,raw,Zinc,,0.0,200.0,0.0,200.0
Costa Rica,raw,Zirconium,,0.0,2799.52,0.0,2799.52
Cote D'Ivoire,raw,Bauxite,WMD,105000000.0,0.0,0.0,105000000.0
Cote D'Ivoire,raw,Gold,WMD,51185.0,0.0,0.0,51185.0
Cote D'Ivoire,raw,Manganese,WMD,470100000.0,0.0,0.0,470100000.0
Cote D'Ivoire,raw,Nickel,WMD,37210000.0,0.0,0.0,37210000.0
Cote D'Ivoire,raw,Silver,WMD,1600.0,0.0,0.0,1600.0
Croatia,processed,Bauxite,,0.0,6626907.595000001,880592.023,5746315.572000001
Croatia,processed,Boron,,0.0,724296.966,30781.43,693515.536
Croatia,processed,Cadmium,,0.0,298.68,0.0,298.68
Croatia,processed,Cobalt,,0.0,26394.393,2526.484,23867.909
Croatia,processed,Copper,,0.0,30064547.947,23270241.669,6794306.278000001
Croatia,processed,Gallium,,0.0,533.84,0.0,533.84
Croatia,processed,Germanium,,0.0,533.84,0.0,533.84
Croatia,processed,Gold,,0.0,365.57000000000005,307.849,57.72100000000006
Croatia,processed,Imdium,,0.0,533.84,0.0,533.84
Croatia,processed,Lithium,,0.0,84407.599,7253.001,77154.598
Croatia,processed,Manganese,,0.0,176951.85,2.5,176949.35
Croatia,processed,Molybdenum,,0.0,3720.9309999999996,34.75,3686.1809999999996
Croatia,processed,Nickel,,0.0,343899.522,58491.404,285408.118
Croatia,processed,Niobium,,0.0,533.84,0.0,533.84
Croatia,processed,Rare Earths,,0.0,205.546,0.63,204.916
Croatia,processed,Tin,,0.0,52684.539,10341.197,42343.342
Croatia,processed,Titanium,,0.0,67536.595,52624.1,14912.495000000003
Croatia,processed,Zinc,,0.0,5271321.841,621526.0,4649795.841
Croatia,raw,Aluminium,,0.0,89275220.0,33905099.0,55370121.0
Croatia,raw,Bauxite,WMD,14660000.0,89275220.0,33905099.0,70030121.0
Croatia,raw,Chromium,,0.0,288000.25,24000.0,264000.25
Croatia,raw,Fluorspar,,0.0,50000.0,0.0,50000.0
Croatia,raw,Lead,,0.0,19000.0,0.0,19000.0
Croatia,raw,Lithium,,0.0,8326284.135,57888.7,8268395.435
Croatia,raw,Magnesium,,0.0,2419949.545,0.0,2419949.545
Croatia,raw,Manganese,,0.0,418.0,0.0,418.0
Croatia,raw,Molybdenum,,0.0,4.0,0.0,4.0
Croatia,raw,Selenium,,0.0,3013.371,30.0,2983.371
Croatia,raw,Titanium,,0.0,147100.0,0.0,147100.0
Croatia,raw,Zirconium,,0.0,4000.0,0.0,4000.0
Cuba,processed,Lead,BGS,5000000.0,0.0,0.0,5000000.0
Cuba,processed,Nickel,BGS,13700000.0,0.0,0.0,13700000.0
Cuba,raw,Chromium,WMD,2700000.0,0.0,0.0,2700000.0
Cuba,raw,Cobalt,WMD,3200000.0,0.0,0.0,3200000.0
Cuba,raw,Lead,WMD,35000000.0,0.0,0.0,35000000.0
Cuba,raw,Magnesium,WMD,260000.0,0.0,0.0,260000.0
Cuba,raw,Nickel,WMD,37500000.0,0.0,0.0,37500000.0
Cuba,raw,Zinc,WMD,66100000.0,0.0,0.0,66100000.0
Cyprus,processed,Aluminium,,0.0,128260481.0,81698219.22,46562261.78
Cyprus,processed,Bauxite,,0.0,7266560.0,0.0,7266560.0
Cyprus,processed,Boron,,0.0,1034.0,0.0,1034.0
Cyprus,processed,Cadmium,,0.0,8.0,0.0,8.0
Cyprus,processed,Chromium,,0.0,24.0,0.0,24.0
Cyprus,processed,Cobalt,,0.0,8.0,0.0,8.0
Cyprus,processed,Gallium,,0.0,8.0,0.0,8.0
Cyprus,processed,Germanium,,0.0,8.0,0.0,8.0
Cyprus,processed,Imdium,,0.0,8.0,0.0,8.0
Cyprus,processed,Lead,,0.0,1086544.0,0.0,1086544.0
Cyprus,processed,Lithium,,0.0,64.0,0.0,64.0
Cyprus,processed,Magnesium,,0.0,5639864.0,0.0,5639864.0
Cyprus,processed,Manganese,,0.0,840008.0,0.0,840008.0
Cyprus,processed,Molybdenum,,0.0,13736.0,0.0,13736.0
Cyprus,processed,Niobium,,0.0,8.0,0.0,8.0
Cyprus,processed,Platinum Group Metals,,0.0,6458.0,0.0,6458.0
Cyprus,processed,Rare Earths,,0.0,90408.0,0.0,90408.0
Cyprus,processed,Silicon,,0.0,7318936.0,70720.0,7248216.0
Cyprus,processed,Tin,,0.0,10760.0,0.0,10760.0
Cyprus,processed,Titanium,,0.0,498816.0,0.0,498816.0
Cyprus,processed,Vanadium,,0.0,8.0,0.0,8.0
Cyprus,processed,Zinc,,0.0,1372760.0,96.0,1372664.0
Cyprus,raw,Aluminium,,0.0,47056064.0,0.0,47056064.0
Cyprus,raw,Bauxite,,0.0,47056064.0,0.0,47056064.0
Cyprus,raw,Boron,,0.0,8.0,0.0,8.0
Cyprus,raw,Fluorspar,,0.0,825600.0,0.0,825600.0
Cyprus,raw,Graphite,,0.0,13768.0,0.0,13768.0
Cyprus,raw,Selenium,,0.0,16.0,0.0,16.0
Cyprus,raw,Tellurium,,0.0,8.0,0.0,8.0
Cyprus,raw,Zirconium,,0.0,288.0,0.0,288.0
Czechia,processed,Aluminium,,0.0,2273021847.217,405775645.557,1867246201.66
Czechia,processed,Arsenic,,0.0,20780.0,0.0,20780.0
Czechia,processed,Bauxite,,0.0,182053586.395,33571959.74,148481626.655
Czechia,processed,Boron,,0.0,40926113.683,49686.456999999995,40876427.225999996
Czechia,processed,Cadmium,,0.0,157.206,0.0,157.206
Czechia,processed,Chromium,,0.0,2041943.678,93975.60399999999,1947968.074
Czechia,processed,Cobalt,,0.0,290340.64,62042.0,228298.64
Czechia,processed,Copper,,0.0,624395100.3889999,170110506.142,454284594.247
Czechia,processed,Gold,,0.0,375831.128,7868.566,367962.56200000003
Czechia,processed,Lead,BGS,42000000.0,617953406.182,102827079.37,557126326.812
Czechia,processed,Lithium,,0.0,342268.342,2967.296,339301.04600000003
Czechia,processed,Magnesium,,0.0,194671473.079,42999232.06,151672241.019
Czechia,processed,Manganese,,0.0,3394059.1,44898.494,3349160.606
Czechia,processed,Molybdenum,,0.0,4659239.8780000005,1611151.876,3048088.0020000003
Czechia,processed,Nickel,,0.0,37620279.846,16474263.276,21146016.57
Czechia,processed,Niobium,,0.0,53926.48,9490.0,44436.48
Czechia,processed,Platinum Group Metals,,0.0,1247092.089,24697.263,1222394.826
Czechia,processed,Rare Earths,,0.0,360060.315,9812.0,350248.315
Czechia,processed,Silicon,,0.0,291636843.883,35782651.126,255854192.75700003
Czechia,processed,Silver,,0.0,75119126.782,8921881.158,66197245.624000005
Czechia,processed,Tin,,0.0,3169404.1689999998,683285.493,2486118.676
Czechia,processed,Titanium,,0.0,9159958.561999999,6379744.968,2780213.5939999986
Czechia,processed,Vanadium,,0.0,31292043.060000002,1832430.0,29459613.060000002
Czechia,processed,Zinc,,0.0,148076075.726,8883911.792,139192163.93400002
Czechia,raw,Aluminium,,0.0,37597536.0,302680.0,37294856.0
Czechia,raw,Bauxite,,0.0,37597536.0,302680.0,37294856.0
Czechia,raw,Boron,,0.0,45760816.428,27330.0,45733486.428
Czechia,raw,Chromium,,0.0,6767032.0,666636.0,6100396.0
Czechia,raw,Cobalt,,0.0,1840.0,0.0,1840.0
Czechia,raw,Fluorspar,,0.0,52240784.0,13453444.0,38787340.0
Czechia,raw,Gold,,0.0,40.0,0.0,40.0
Czechia,raw,Graphite,,0.0,16110899.777999999,6210441.785,9900457.992999999
Czechia,raw,Lead,,0.0,4.0,0.0,4.0
Czechia,raw,Lithium,,0.0,209402612.124,33778687.681,175623924.44300002
Czechia,raw,Magnesium,,0.0,12122878.58,2123.194,12120755.386
Czechia,raw,Manganese,,0.0,19450828.0,193500.0,19257328.0
Czechia,raw,Molybdenum,,0.0,21629.177,0.0,21629.177
Czechia,raw,Niobium,,0.0,178388.408,0.0,178388.408
Czechia,raw,Selenium,,0.0,22926.86,38.922,22887.938000000002
Czechia,raw,Silver,,0.0,12.0,0.0,12.0
Czechia,raw,Tellurium,,0.0,464776.428,27018.0,437758.428
Czechia,raw,Tin,,0.0,224.0,0.0,224.0
Czechia,raw,Titanium,,0.0,441149752.0,1189814.0,439959938.0
Czechia,raw,Vanadium,,0.0,178388.408,0.0,178388.408
Czechia,raw,Zinc,,0.0,29760.0,500.0,29260.0
Czechia,raw,Zirconium,,0.0,2741088.0,753848.0,1987240.0
Côte D'Ivoire,processed,Aluminium,,0.0,25323858.0,4695718.0,20628140.0
Côte D'Ivoire,processed,Bauxite,,0.0,12688161.0,1129635.0,11558526.0
Côte D'Ivoire,processed,Boron,,0.0,126825.0,0.0,126825.0
Côte D'Ivoire,processed,Cobalt,,0.0,2.0,0.0,2.0
Côte D'Ivoire,processed,Gold,,0.0,65.0,0.0,65.0
Côte D'Ivoire,processed,Magnesium,,0.0,4171.0,0.0,4171.0
Côte D'Ivoire,processed,Manganese,,0.0,25886.0,0.0,25886.0
Côte D'Ivoire,processed,Molybdenum,,0.0,2854.0,0.0,2854.0
Côte D'Ivoire,processed,Nickel,,0.0,5922.0,81.0,5841.0
Côte D'Ivoire,processed,Platinum Group Metals,,0.0,37.0,0.0,37.0
Côte D'Ivoire,processed,Rare Earths,,0.0,9.0,0.0,9.0
Côte D'Ivoire,processed,Silicon,,0.0,5437080.0,13501.0,5423579.0
Côte D'Ivoire,processed,Tin,,0.0,1960.0,1.0,1959.0
Côte D'Ivoire,processed,Titanium,,0.0,170093.0,125.0,169968.0
Côte D'Ivoire,processed,Zinc,,0.0,249013.0,11565.0,237448.0
Côte D'Ivoire,raw,Copper,,0.0,13277.0,54.0,13223.0
Côte D'Ivoire,raw,Graphite,,0.0,245560.0,0.0,245560.0
Côte D'Ivoire,raw,Selenium,,0.0,6.0,0.0,6.0
Côte D’Ivoire,raw,Manganese,USGS,360000000.0,0.0,0.0,360000000.0
Denmark,processed,Aluminium,,0.0,465867176.78000003,207647480.514,258219696.26600003
Denmark,processed,Arsenic,,0.0,6.0,5.0,1.0
Denmark,processed,Bauxite,,0.0,46999151.0,12077878.514,34921272.486
Denmark,processed,Boron,,0.0,5404442.0,30980.0,5373462.0
Denmark,processed,Cadmium,,0.0,53.0,50.0,3.0
Denmark,processed,Gallium,,0.0,549.0,138.0,411.0
Denmark,processed,Germanium,,0.0,549.0,138.0,411.0
Denmark,processed,Gold,,0.0,77004.0,22187.659,54816.341
Denmark,processed,Imdium,,0.0,549.0,138.0,411.0
Denmark,processed,Lithium,,0.0,44414.0,17208.0,27206.0
Denmark,processed,Magnesium,,0.0,19061648.15,1427691.0,17633957.15
Denmark,processed,Manganese,,0.0,1524828.0,570.0,1524258.0
Denmark,processed,Molybdenum,,0.0,605099.513,2420.0,602679.513
Denmark,processed,Nickel,,0.0,712614.019,479174.05,233439.96899999998
Denmark,processed,Niobium,,0.0,566.0,155.0,411.0
Denmark,processed,Platinum Group Metals,,0.0,346.545,12.0,334.545
Denmark,processed,Rare Earths,,0.0,20571.0,0.0,20571.0
Denmark,processed,Silicon,,0.0,23177579.0,18225415.0,4952164.0
Denmark,processed,Tin,,0.0,301766.0,283854.0,17912.0
Denmark,processed,Titanium,,0.0,549104.0,223165.0,325939.0
Denmark,processed,Vanadium,,0.0,578.0,164.0,414.0
Denmark,processed,Zinc,,0.0,5585337.0,1798659.0,3786678.0
Denmark,raw,Aluminium,,0.0,966877.0,26089.0,940788.0
Denmark,raw,Bauxite,,0.0,966877.0,26089.0,940788.0
Denmark,raw,Boron,,0.0,297627.0,6430.0,291197.0
Denmark,raw,Chromium,,0.0,325603.0,0.0,325603.0
Denmark,raw,Cobalt,,0.0,1.0,0.0,1.0
Denmark,raw,Fluorspar,,0.0,13316578.0,802.0,13315776.0
Denmark,raw,Graphite,,0.0,383939.034,5656.0,378283.034
Denmark,raw,Lithium,,0.0,28332322.0,151825.0,28180497.0
Denmark,raw,Magnesium,,0.0,3569000.0,6041.0,3562959.0
Denmark,raw,Manganese,,0.0,1185890.0,132004.0,1053886.0
Denmark,raw,Nickel,,0.0,14.0,0.0,14.0
Denmark,raw,Niobium,,0.0,1.0,0.0,1.0
Denmark,raw,Selenium,,0.0,124332.0,39057.0,85275.0
Denmark,raw,Silver,,0.0,403.0,0.0,403.0
Denmark,raw,Tin,,0.0,19.0,0.0,19.0
Denmark,raw,Titanium,,0.0,1644.0,0.0,1644.0
Denmark,raw,Vanadium,,0.0,1.0,0.0,1.0
Denmark,raw,Zirconium,,0.0,8905.0,0.0,8905.0
Dominican Rep.,processed,Aluminium,,0.0,498546000.30399996,348729633.14000005,149816367.16399992
Dominican Rep.,processed,Bauxite,,0.0,78997851.6,808.0,78997043.6
Dominican Rep.,processed,Boron,,0.0,1664842.4,0.0,1664842.4
Dominican Rep.,processed,Chromium,,0.0,72400.0,0.0,72400.0
Dominican Rep.,processed,Lead,,0.0,372645.488,207954.032,164691.456
Dominican Rep.,processed,Lithium,,0.0,2456.08,0.0,2456.08
Dominican Rep.,processed,Magnesium,,0.0,2367643.04,0.0,2367643.04
Dominican Rep.,processed,Manganese,,0.0,1754495.36,0.0,1754495.36
Dominican Rep.,processed,Molybdenum,,0.0,3904.8,0.0,3904.8
Dominican Rep.,processed,Platinum Group Metals,,0.0,3949.68,1960.936,1988.744
Dominican Rep.,processed,Rare Earths,,0.0,4596.32,9.12,4587.2
Dominican Rep.,processed,Tin,,0.0,336712.46,98149.28,238563.18000000002
Dominican Rep.,processed,Titanium,,0.0,597850.1599999999,3160.0,594690.1599999999
Dominican Rep.,processed,Vanadium,,0.0,2.0,0.0,2.0
Dominican Rep.,processed,Zinc,,0.0,5659002.0,1011425.6,4647576.4
Dominican Rep.,raw,Aluminium,,0.0,42806560.0,0.0,42806560.0
Dominican Rep.,raw,Bauxite,,0.0,42806560.0,0.0,42806560.0
Dominican Rep.,raw,Boron,,0.0,17581.84,0.0,17581.84
Dominican Rep.,raw,Chromium,,0.0,600300.0,0.0,600300.0
Dominican Rep.,raw,Fluorspar,,0.0,3373865.6,0.0,3373865.6
Dominican Rep.,raw,Gold,,0.0,1584.8,0.0,1584.8
Dominican Rep.,raw,Graphite,,0.0,398376.64,8.0,398368.64
Dominican Rep.,raw,Lithium,,0.0,10175985.92,46549.04,10129436.88
Dominican Rep.,raw,Magnesium,,0.0,240.0,0.0,240.0
Dominican Rep.,raw,Manganese,,0.0,8.0,0.0,8.0
Dominican Rep.,raw,Selenium,,0.0,16.0,0.0,16.0
Dominican Rep.,raw,Tellurium,,0.0,885.6,0.0,885.6
Dominican Rep.,raw,Zirconium,,0.0,2903.0,0.0,2903.0
Dominican Republic,processed,Nickel,BGS,17844000.0,0.0,0.0,17844000.0
Dominican Republic,raw,Copper,WMD,9673000.0,0.0,0.0,9673000.0
Dominican Republic,raw,Gold,WMD,17646.0,0.0,0.0,17646.0
Dominican Republic,raw,Nickel,WMD,17875000.0,0.0,0.0,17875000.0
Dominican Republic,raw,Silver,WMD,52042.0,0.0,0.0,52042.0
Dominican Republic,raw,Zinc,WMD,10837000.0,0.0,0.0,10837000.0
Dr Congo,processed,Copper,USGS,2500000000.0,0.0,0.0,2500000000.0
Dr Congo,raw,Cobalt,WMD,139840000.0,0.0,0.0,139840000.0
Dr Congo,raw,Copper,WMD,2842022000.0,0.0,0.0,2842022000.0
Dr Congo,raw,Gold,WMD,34526.0,0.0,0.0,34526.0
Dr Congo,raw,Manganese,WMD,600000.0,0.0,0.0,600000.0
Dr Congo,raw,Niobium,WMD,560000.0,0.0,0.0,560000.0
Dr Congo,raw,Silver,WMD,3400.0,0.0,0.0,3400.0
Dr Congo,raw,Tantalum,WMD,630000.0,0.0,0.0,630000.0
Dr Congo,raw,Tin,WMD,18460000.0,0.0,0.0,18460000.0
Dr Congo,raw,Zinc,WMD,11321000.0,0.0,0.0,11321000.0
Ecuador,processed,Aluminium,,0.0,303290674.922,242516936.776,60773738.146
Ecuador,processed,Arsenic,,0.0,9630.72,0.0,9630.72
Ecuador,processed,Bauxite,,0.0,96215401.15200001,10144000.0,86071401.15200001
Ecuador,processed,Boron,,0.0,22162235.712,0.0,22162235.712
Ecuador,processed,Cadmium,,0.0,64.88,0.0,64.88
Ecuador,processed,Chromium,,0.0,126407.912,0.0,126407.912
Ecuador,processed,Cobalt,,0.0,11337.016,0.0,11337.016
Ecuador,processed,Gallium,,0.0,176.32,0.0,176.32
Ecuador,processed,Germanium,,0.0,176.32,0.0,176.32
Ecuador,processed,Imdium,,0.0,176.32,0.0,176.32
Ecuador,processed,Lithium,,0.0,44056.48,432.0,43624.48
Ecuador,processed,Magnesium,,0.0,165545173.048,586391.36,164958781.688
Ecuador,processed,Manganese,,0.0,1037552.4160000001,0.0,1037552.4160000001
Ecuador,processed,Molybdenum,,0.0,113015.936,0.0,113015.936
Ecuador,processed,Nickel,,0.0,1378219.296,512.0,1377707.296
Ecuador,processed,Niobium,,0.0,176.32,0.0,176.32
Ecuador,processed,Rare Earths,,0.0,84594.4,0.0,84594.4
Ecuador,processed,Silicon,,0.0,57921293.712,656196.8,57265096.912
Ecuador,processed,Tin,,0.0,258985.168,17532.0,241453.168
Ecuador,processed,Titanium,,0.0,2872790.1119999997,0.0,2872790.1119999997
Ecuador,processed,Vanadium,,0.0,400719.968,0.0,400719.968
Ecuador,raw,Aluminium,,0.0,45747600.0,0.0,45747600.0
Ecuador,raw,Bauxite,,0.0,45747600.0,0.0,45747600.0
Ecuador,raw,Boron,,0.0,17039353.088,0.0,17039353.088
Ecuador,raw,Chromium,,0.0,976000.0,0.0,976000.0
Ecuador,raw,Fluorspar,,0.0,899318.64,0.0,899318.64
Ecuador,raw,Graphite,,0.0,1420432.176,0.0,1420432.176
Ecuador,raw,Lithium,,0.0,28935169.8,10942532.16,17992637.64
Ecuador,raw,Magnesium,,0.0,90490766.792,0.0,90490766.792
Ecuador,raw,Manganese,,0.0,106400.0,0.0,106400.0
Ecuador,raw,Molybdenum,,0.0,2.16,0.0,2.16
Ecuador,raw,Nickel,,0.0,10.24,0.0,10.24
Ecuador,raw,Selenium,,0.0,59877.432,3520.0,56357.432
Ecuador,raw,Silver,WMD,47950.0,299.36,0.0,48249.36
Ecuador,raw,Tellurium,,0.0,2.768,0.0,2.768
Ecuador,raw,Titanium,,0.0,626884.8,0.0,626884.8
Ecuador,raw,Zirconium,,0.0,3305600.0,0.0,3305600.0
Egypt,processed,Aluminium,BGS,310000000.0,282684919.05799997,236415826.204,356269092.854
Egypt,processed,Bauxite,,0.0,112584571.522,5381.309,112579190.213
Egypt,processed,Boron,,0.0,8267495.953,19876.885,8247619.068
Egypt,processed,Cadmium,,0.0,224.272,0.0,224.272
Egypt,processed,Chromium,,0.0,314883.184,0.0,314883.184
Egypt,processed,Cobalt,,0.0,2126.056,0.0,2126.056
Egypt,processed,Copper,BGS,4000000.0,229355819.039,107634723.60599999,125721095.43300001
Egypt,processed,Fluorspar,BGS,1000000.0,0.0,0.0,1000000.0
Egypt,processed,Lead,BGS,27000000.0,3299211.1939999997,0.0,30299211.194
Egypt,processed,Lithium,,0.0,120371.62,0.0,120371.62
Egypt,processed,Magnesium,,0.0,9896999.857,147425.378,9749574.479
Egypt,processed,Manganese,,0.0,852859.281,50194.008,802665.2729999999
Egypt,processed,Molybdenum,,0.0,14018.211000000001,1.316,14016.895
Egypt,processed,Nickel,,0.0,608770.569,0.0,608770.569
Egypt,processed,Niobium,,0.0,61.063,0.0,61.063
Egypt,processed,Platinum Group Metals,,0.0,163.35899999999998,0.0,163.35899999999998
Egypt,processed,Rare Earths,,0.0,2841.003,0.0,2841.003
Egypt,processed,Silver,,0.0,6865.3,2332.513,4532.787
Egypt,processed,Tin,,0.0,250384.659,3.505,250381.154
Egypt,processed,Titanium,,0.0,11874337.393,42108.814,11832228.579
Egypt,processed,Vanadium,,0.0,307848.816,0.0,307848.816
Egypt,processed,Zinc,,0.0,43945705.517,1796094.763,42149610.754
Egypt,raw,Aluminium,WMD,310000000.0,8384706.59,0.0,318384706.59
Egypt,raw,Bauxite,,0.0,8384706.59,0.0,8384706.59
Egypt,raw,Boron,,0.0,12539342.569,0.0,12539342.569
Egypt,raw,Chromium,,0.0,548030.669,0.0,548030.669
Egypt,raw,Copper,,0.0,910.776,401.664,509.11199999999997
Egypt,raw,Fluorspar,WMD,1000000.0,9372896.444999998,12971.075,10359925.37
Egypt,raw,Gold,WMD,13998.0,0.0,0.0,13998.0
Egypt,raw,Graphite,,0.0,66464.573,2381.833,64082.740000000005
Egypt,raw,Lead,,0.0,24800.117,0.0,24800.117
Egypt,raw,Manganese,WMD,1000000.0,257958.801,0.0,1257958.801
Egypt,raw,Tellurium,,0.0,4.297,0.0,4.297
Egypt,raw,Zirconium,,0.0,86328.322,0.0,86328.322
El Salvador,processed,Aluminium,,0.0,20562251.394,17577619.64,2984631.7540000007
El Salvador,processed,Bauxite,,0.0,4212228.34,13610.0,4198618.34
El Salvador,processed,Boron,,0.0,119463.57,0.0,119463.57
El Salvador,processed,Chromium,,0.0,13477.58,0.0,13477.58
El Salvador,processed,Cobalt,,0.0,395.05,0.0,395.05
El Salvador,processed,Copper,,0.0,3133541.035,94629.81,3038911.225
El Salvador,processed,Gallium,,0.0,328.0,0.2,327.8
El Salvador,processed,Germanium,,0.0,328.0,0.2,327.8
El Salvador,processed,Gold,,0.0,4539.09,0.0,4539.09
El Salvador,processed,Imdium,,0.0,328.0,0.2,327.8
El Salvador,processed,Lithium,,0.0,89.86,0.0,89.86
El Salvador,processed,Magnesium,,0.0,519589.51,0.0,519589.51
El Salvador,processed,Manganese,,0.0,103338.13,0.2,103337.93000000001
El Salvador,processed,Molybdenum,,0.0,1013.11,0.0,1013.11
El Salvador,processed,Nickel,,0.0,10378.2,22.5,10355.7
El Salvador,processed,Niobium,,0.0,71334.94,212.89999999999998,71122.04000000001
El Salvador,processed,Rare Earths,,0.0,15902.550000000001,0.0,15902.550000000001
El Salvador,processed,Silicon,,0.0,10340314.86,153530.9,10186783.959999999
El Salvador,processed,Tin,,0.0,42154.94,3995.52,38159.420000000006
El Salvador,processed,Titanium,,0.0,236481.95,4613.0,231868.95
El Salvador,processed,Vanadium,,0.0,9850.82,0.2,9850.619999999999
El Salvador,processed,Zinc,,0.0,678980.16,180717.26,498262.9
El Salvador,raw,Boron,,0.0,153538.6,0.0,153538.6
El Salvador,raw,Cobalt,,0.0,0.46,0.0,0.46
El Salvador,raw,Copper,,0.0,3991.54,0.0,3991.54
El Salvador,raw,Fluorspar,,0.0,506361.05,0.0,506361.05
El Salvador,raw,Graphite,,0.0,271.32,85.0,186.32
El Salvador,raw,Lithium,,0.0,9834409.75,2026.0,9832383.75
El Salvador,raw,Magnesium,,0.0,1756610.5,0.0,1756610.5
El Salvador,raw,Selenium,,0.0,514.0,0.0,514.0
El Salvador,raw,Tin,,0.0,1979.84,0.0,1979.84
El Salvador,raw,Zinc,,0.0,12094.1,112.0,11982.1
El Salvador,raw,Zirconium,,0.0,80.45,0.0,80.45
Equatorial Guinea,raw,Gold,BGS,200.0,0.0,0.0,200.0
Eritrea,raw,Copper,WMD,17595000.0,0.0,0.0,17595000.0
Eritrea,raw,Gold,WMD,2550.0,0.0,0.0,2550.0
Eritrea,raw,Silver,WMD,48532.0,0.0,0.0,48532.0
Eritrea,raw,Zinc,WMD,116829000.0,0.0,0.0,116829000.0
Estonia,processed,Aluminium,,0.0,174686297.848,144440035.784,30246262.06399998
Estonia,processed,Bauxite,,0.0,8946780.064000001,924656.0,8022124.064000001
Estonia,processed,Boron,,0.0,556562.16,45.120000000000005,556517.04
Estonia,processed,Chromium,,0.0,296349568.0,2769600.0,293579968.0
Estonia,processed,Cobalt,,0.0,7336.88,0.0,7336.88
Estonia,processed,Gold,,0.0,20442.144,18351.839999999997,2090.3040000000037
Estonia,processed,Magnesium,,0.0,5452873.904,2079200.0,3373673.904
Estonia,processed,Molybdenum,,0.0,1703.56,0.0,1703.56
Estonia,processed,Nickel,,0.0,12588209.872,5949698.8,6638511.072
Estonia,processed,Platinum Group Metals,,0.0,127.256,106.95200000000001,20.303999999999988
Estonia,processed,Rare Earths,,0.0,29491110.264000002,20534128.487999998,8956981.776000004
Estonia,processed,Silicon,,0.0,15746763.152,105926.272,15640836.88
Estonia,processed,Tin,,0.0,215699.52000000002,118579.792,97119.72800000002
Estonia,processed,Titanium,,0.0,72601816.48,11864672.0,60737144.480000004
Estonia,processed,Zinc,,0.0,7040417.603999999,4807804.736,2232612.868
Estonia,raw,Copper,,0.0,1962.0,0.0,1962.0
Estonia,raw,Fluorspar,,0.0,206400.0,16000.0,190400.0
Estonia,raw,Gold,,0.0,8000.0,0.0,8000.0
Estonia,raw,Graphite,,0.0,39087.520000000004,3635.6,35451.920000000006
Estonia,raw,Lithium,,0.0,13829532.352,1395916.0,12433616.352
Estonia,raw,Magnesium,,0.0,443.536,0.0,443.536
Estonia,raw,Manganese,,0.0,615167.2,0.0,615167.2
Estonia,raw,Molybdenum,,0.0,16040.0,16000.0,40.0
Estonia,raw,Selenium,,0.0,2002.0,0.0,2002.0
Estonia,raw,Zinc,,0.0,1862.0,0.0,1862.0
Estonia,raw,Zirconium,,0.0,6948000.0,6850000.0,98000.0
Eswatini,raw,Gold,WMD,23.0,0.0,0.0,23.0
Ethiopia,raw,Chromium,WMD,200000.0,0.0,0.0,200000.0
Ethiopia,raw,Gold,WMD,3500.0,0.0,0.0,3500.0
Ethiopia,raw,Niobium,WMD,35000.0,0.0,0.0,35000.0
Ethiopia,raw,Platinum Group Metals,BGS,16.0,0.0,0.0,16.0
Ethiopia,raw,Silver,WMD,600.0,0.0,0.0,600.0
Ethiopia,raw,Tantalum,WMD,120000.0,0.0,0.0,120000.0
Fiji,processed,Aluminium,,0.0,4158953.66,30310.59,4128643.0700000003
Fiji,processed,Bauxite,,0.0,1701988.24,6653.33,1695334.91
Fiji,processed,Boron,,0.0,13584.32,0.0,13584.32
Fiji,processed,Cadmium,,0.0,21.0,0.0,21.0
Fiji,processed,Chromium,,0.0,1.4,0.0,1.4
Fiji,processed,Copper,,0.0,1407631.8800000001,52238.5,1355393.3800000001
Fiji,processed,Gold,,0.0,1.06,0.0,1.06
Fiji,processed,Lead,,0.0,25895.37,0.0,25895.37
Fiji,processed,Magnesium,,0.0,2342.0,0.0,2342.0
Fiji,processed,Molybdenum,,0.0,292.41,0.0,292.41
Fiji,processed,Nickel,,0.0,76.24000000000001,0.0,76.24000000000001
Fiji,processed,Silicon,,0.0,15950.41,0.0,15950.41
Fiji,processed,Tin,,0.0,463478.89999999997,0.0,463478.89999999997
Fiji,processed,Titanium,,0.0,153520.0,0.0,153520.0
Fiji,processed,Vanadium,,0.0,1033.0,0.0,1033.0
Fiji,processed,Zinc,,0.0,22745.54,3670.88,19074.66
Fiji,raw,Copper,,0.0,283.0,0.0,283.0
Fiji,raw,Gold,WMD,545.0,0.0,0.0,545.0
Fiji,raw,Graphite,,0.0,24342.66,5150.0,19192.66
Fiji,raw,Lithium,,0.0,89231.7,9218.89,80012.81
Fiji,raw,Molybdenum,,0.0,21.77,0.0,21.77
Fiji,raw,Silver,WMD,607.0,0.0,0.0,607.0
Finland,processed,Aluminium,,0.0,260366366.407,210983236.98000002,49383129.426999986
Finland,processed,Bauxite,,0.0,81410861.588,16561728.982,64849132.606
Finland,processed,Boron,,0.0,29913669.333,5862180.0,24051489.333
Finland,processed,Cobalt,BGS,10627000.0,3326866.0,5409.706,13948456.294
Finland,processed,Copper,BGS,276092000.0,149824004.024,417875530.228,8040473.796000004
Finland,processed,Gold,,0.0,2780.071,4.198,2775.873
Finland,processed,Lead,,0.0,42302595.25,8881524.0,33421071.25
Finland,processed,Lithium,,0.0,89826.326,6345.1179999999995,83481.208
Finland,processed,Magnesium,,0.0,43650450.896,103962.496,43546488.4
Finland,processed,Manganese,,0.0,1286.47,0.0,1286.47
Finland,processed,Molybdenum,,0.0,78697.534,1492.736,77204.798
Finland,processed,Rare Earths,,0.0,15014.732,2117.4719999999998,12897.26
Finland,processed,Selenium,BGS,122000.0,0.0,0.0,122000.0
Finland,processed,Silicon,,0.0,148285621.22,291617.234,147994003.986
Finland,processed,Tin,,0.0,304122.905,176248.459,127874.44600000003
Finland,processed,Titanium,,0.0,3748329.483,53352.380000000005,3694977.103
Finland,processed,Vanadium,,0.0,358462.26,24403.476,334058.784
Finland,raw,Aluminium,,0.0,2079462.55,2.0,2079460.55
Finland,raw,Bauxite,,0.0,2079462.55,2.0,2079460.55
Finland,raw,Boron,,0.0,4055021.0,48000.0,4007021.0
Finland,raw,Chromium,WMD,376390000.0,1618001.89,34786.0,377973215.89
Finland,raw,Cobalt,WMD,1057000.0,355966.0,0.0,1412966.0
Finland,raw,Copper,WMD,20132000.0,955199844.466,81278137.94,894053706.526
Finland,raw,Fluorspar,,0.0,25316608.32,10.0,25316598.32
Finland,raw,Gold,WMD,8804.0,74642224.196,11736603.09,62914425.10599999
Finland,raw,Graphite,,0.0,615123.582,7082.0,608041.582
Finland,raw,Magnesium,WMD,298025000.0,230.0,0.0,298025230.0
Finland,raw,Manganese,,0.0,998929.354,960.0,997969.354
Finland,raw,Nickel,WMD,41941000.0,373156363.982,122077700.224,293019663.758
Finland,raw,Platinum Group Metals,WMD,1695.0,0.0,0.0,1695.0
Finland,raw,Selenium,WMD,122000.0,2450.0,0.0,124450.0
Finland,raw,Silver,WMD,43915.0,9104760.0,3983876.0,5164799.0
Finland,raw,Tellurium,,0.0,1.0,0.0,1.0
Finland,raw,Tin,,0.0,56.0,5.594,50.406
Finland,raw,Zinc,WMD,58387000.0,1154654600.04,179996803.65,1033044796.39
France,processed,Aluminium,BGS,356700000.0,7476880081.006,4922160448.739,2911419632.2669992
France,processed,Bauxite,,0.0,3959675798.16,753856319.108,3205819479.052
France,processed,Boron,,0.0,203257713.605,34275933.602,168981780.003
France,processed,Cobalt,BGS,150000.0,8989820.550999999,6974565.723999999,2165254.8269999996
France,processed,Fluorspar,BGS,72754000.0,0.0,0.0,72754000.0
France,processed,Gallium,,0.0,3441386.843,300716.776,3140670.067
France,processed,Germanium,,0.0,3441386.843,300716.776,3140670.067
France,processed,Gold,,0.0,185911.245,147688.753,38222.492
France,processed,Graphite,BGS,39264000.0,0.0,0.0,39264000.0
France,processed,Imdium,,0.0,3441386.843,300716.776,3140670.067
France,processed,Indium,BGS,20000.0,0.0,0.0,20000.0
France,processed,Lead,BGS,66000000.0,143086957.22599998,202175726.46,6911230.765999973
France,processed,Lithium,,0.0,8549829.949000001,3030798.388,5519031.561000001
France,processed,Magnesium,,0.0,621238101.273,53436267.54,567801833.733
France,processed,Molybdenum,,0.0,14669723.239,8633338.618,6036384.620999999
France,processed,Nickel,BGS,7125000.0,294177730.48899996,183552735.326,117749995.16299996
France,processed,Niobium,,0.0,3449879.659,322465.43200000003,3127414.227
France,processed,Rare Earths,,0.0,13878199.589,12071537.666000001,1806661.9229999986
France,processed,Silver,,0.0,50606729.932000004,14132860.163,36473869.769
France,processed,Tin,,0.0,16840484.134,7002244.154,9838239.98
France,processed,Titanium,,0.0,44919293.931,43254155.168,1665138.763000004
France,processed,Vanadium,,0.0,6237235.665999999,466401.96,5770833.705999999
France,processed,Zinc,BGS,123100000.0,647863685.103,408750732.343,362212952.76000005
France,raw,Aluminium,WMD,356717000.0,859007441.252,19505184.0,1196219257.2519999
France,raw,Bauxite,WMD,120000000.0,859007441.252,19505184.0,959502257.252
France,raw,Boron,,0.0,13933919.624,272703.58400000003,13661216.04
France,raw,Chromium,,0.0,39264629.63,12846703.46,26417926.17
France,raw,Fluorspar,,0.0,134172213.288,1992948.0,132179265.288
France,raw,Graphite,,0.0,21584670.362,828670.022,20756000.34
France,raw,Indium,WMD,21000.0,0.0,0.0,21000.0
France,raw,Lead,,0.0,44158.84,36960.0,7198.8399999999965
France,raw,Lithium,,0.0,8583675718.644,2683857405.56,5899818313.084
France,raw,Magnesium,,0.0,7492322.65,1792663.492,5699659.158
France,raw,Manganese,,0.0,1220359705.822,347117097.488,873242608.3340001
France,raw,Molybdenum,,0.0,6835741.592,1809616.0,5026125.592
France,raw,Nickel,,0.0,13461.235,14.0,13447.235
France,raw,Niobium,,0.0,61.008,0.0,61.008
France,raw,Selenium,,0.0,115278.904,43959.378,71319.526
France,raw,Silver,,0.0,10504.187,0.0,10504.187
France,raw,Tellurium,,0.0,410756.246,81875.584,328880.662
France,raw,Titanium,,0.0,96001901.561,782008.0,95219893.561
France,raw,Vanadium,,0.0,61.008,0.0,61.008
France,raw,Zinc,,0.0,1069783658.96,248910870.67,820872788.2900001
France,raw,Zirconium,,0.0,32593809.35,5837063.642,26756745.708
France (French Guiana),raw,Gold,BGS,8000.0,0.0,0.0,8000.0
French Guiana,raw,Gold,WMD,1110.0,0.0,0.0,1110.0
French Polynesia,processed,Aluminium,,0.0,1606773.1639999999,0.0,1606773.1639999999
French Polynesia,processed,Bauxite,,0.0,10365.84,0.0,10365.84
French Polynesia,processed,Boron,,0.0,96.47,0.0,96.47
French Polynesia,processed,Copper,,0.0,904.254,0.0,904.254
French Polynesia,processed,Silicon,,0.0,1377.312,0.0,1377.312
French Polynesia,processed,Tin,,0.0,387.168,0.0,387.168
French Polynesia,processed,Zinc,,0.0,669.864,0.0,669.864
French Polynesia,raw,Lithium,,0.0,143075.4,0.0,143075.4
French Polynesia,raw,Magnesium,,0.0,52.81,0.0,52.81
Gabon,raw,Gold,WMD,1276.0,0.0,0.0,1276.0
Gabon,raw,Manganese,WMD,4386300000.0,0.0,0.0,4386300000.0
Gambia,processed,Bauxite,,0.0,2363.0,0.0,2363.0
Gambia,processed,Boron,,0.0,6338.5,0.0,6338.5
Gambia,processed,Gold,,0.0,15.0,0.0,15.0
Gambia,processed,Nickel,,0.0,7966.0,0.0,7966.0
Gambia,processed,Silicon,,0.0,7635.0,0.0,7635.0
Gambia,processed,Tin,,0.0,25000.0,0.0,25000.0
Gambia,raw,Chromium,,0.0,260.0,0.0,260.0
Gambia,raw,Copper,,0.0,2600.0,0.0,2600.0
Gambia,raw,Titanium,BGS,35000000.0,0.0,0.0,35000000.0
Gambia,raw,Zirconium,BGS,4000000.0,0.0,0.0,4000000.0
Georgia,processed,Bauxite,,0.0,1068832.58,60760.0,1008072.5800000001
Georgia,processed,Boron,,0.0,91880.86,48000.0,43880.86
Georgia,processed,Chromium,,0.0,2400.5,50.0,2350.5
Georgia,processed,Cobalt,,0.0,831.06,0.0,831.06
Georgia,processed,Gallium,,0.0,40.0,0.0,40.0
Georgia,processed,Germanium,,0.0,40.0,0.0,40.0
Georgia,processed,Imdium,,0.0,40.0,0.0,40.0
Georgia,processed,Lithium,,0.0,6295.38,0.0,6295.38
Georgia,processed,Magnesium,,0.0,515548.72,2400.0,513148.72
Georgia,processed,Molybdenum,,0.0,502.38,0.0,502.38
Georgia,processed,Nickel,,0.0,41734.68,8063.86,33670.82
Georgia,processed,Niobium,,0.0,40.0,0.0,40.0
Georgia,processed,Rare Earths,,0.0,0.7,0.0,0.7
Georgia,processed,Tin,,0.0,10273.539999999999,0.6,10272.939999999999
Georgia,processed,Vanadium,,0.0,40.58,0.0,40.58
Georgia,processed,Zinc,,0.0,148424.92,41622.0,106802.92000000001
Georgia,raw,Aluminium,,0.0,432680.0,0.0,432680.0
Georgia,raw,Bauxite,,0.0,432680.0,0.0,432680.0
Georgia,raw,Chromium,,0.0,35001420.0,43900.0,34957520.0
Georgia,raw,Fluorspar,,0.0,299392.68,0.0,299392.68
Georgia,raw,Graphite,,0.0,900.0,2.0,898.0
Georgia,raw,Lead,BGS,2301000.0,0.0,578.4,2300421.6
Georgia,raw,Lithium,,0.0,421605.64,31889.8,389715.84
Georgia,raw,Manganese,WMD,212300000.0,254240570.0,25435100.0,441105470.0
Georgia,raw,Molybdenum,,0.0,400.0,0.0,400.0
Georgia,raw,Silver,WMD,24000.0,0.0,0.0,24000.0
Georgia,raw,Zinc,BGS,4602000.0,0.0,0.0,4602000.0
Germany,processed,Aluminium,BGS,189471000.0,43958348624.108,32006523271.618,12141296352.490002
Germany,processed,Arsenic,,0.0,121088.65,68450.272,52638.378
Germany,processed,Boron,,0.0,479673558.16099995,33523035.562,446150522.599
Germany,processed,Cadmium,BGS,400000.0,2855803.056,1293885.988,1961917.068
Germany,processed,Chromium,,0.0,117497550.72399999,96341207.79599999,21156342.928000003
Germany,processed,Copper,BGS,936100000.0,9127028734.098,9903828720.114,159300013.98399925
Germany,processed,Fluorspar,BGS,35508000.0,0.0,0.0,35508000.0
Germany,processed,Gold,,0.0,3713268.838,2205330.112,1507938.7259999998
Germany,processed,Graphite,BGS,136000.0,0.0,0.0,136000.0
Germany,processed,Lead,BGS,310000000.0,1918215733.9220002,1511644194.112,716571539.81
Germany,processed,Magnesium,,0.0,3167966204.12,619638216.316,2548327987.804
Germany,processed,Manganese,,0.0,134814335.462,1320196.116,133494139.34600002
Germany,processed,Molybdenum,,0.0,38424521.352,11864125.388,26560395.963999998
Germany,processed,Nickel,,0.0,818656370.058,717201106.31,101455263.74800003
Germany,processed,Platinum Group Metals,,0.0,60694202.971999995,47145340.688,13548862.283999994
Germany,processed,Rare Earths,,0.0,42373221.21,3569040.4080000003,38804180.802
Germany,processed,Selenium,BGS,300000.0,0.0,0.0,300000.0
Germany,processed,Silicon,USGS,60000000.0,3746584823.2679996,2966431626.868,840153196.3999996
Germany,processed,Silver,,0.0,487556792.38199997,380769314.232,106787478.14999998
Germany,processed,Tin,,0.0,129022625.118,35261819.816,93760805.302
Germany,processed,Vanadium,,0.0,32048612.74,9420887.916,22627724.824
Germany,processed,Zinc,BGS,300000.0,3339550505.786,2092153127.652,1247697378.1339998
Germany,raw,Aluminium,WMD,189471000.0,17900268934.704,255713000.0,17834026934.704
Germany,raw,Bauxite,USGS,0.0,17900268934.704,255713000.0,17644555934.704
Germany,raw,Boron,,0.0,37547518.934,1814910.836,35732608.098
Germany,raw,Cadmium,WMD,112000.0,0.0,0.0,112000.0
Germany,raw,Chromium,,0.0,887137513.536,169391477.672,717746035.8640001
Germany,raw,Cobalt,,0.0,19208.0,0.0,19208.0
Germany,raw,Copper,WMD,71000.0,8163104258.596001,438041221.024,7725134037.5720005
Germany,raw,Fluorspar,WMD,35508000.0,983002140.792,230425152.0,788084988.792
Germany,raw,Gold,WMD,14.0,200384971.352,264915.536,200120069.81599998
Germany,raw,Graphite,WMD,136000.0,436138765.49600005,147432774.496,288841991.00000006
Germany,raw,Lead,,0.0,2069554870.944,4404781.48,2065150089.464
Germany,raw,Lithium,,0.0,9925936445.984,1369191328.0,8556745117.983999
Germany,raw,Magnesium,,0.0,16980920.892,1285223.96,15695696.932
Germany,raw,Manganese,,0.0,119142128.112,17035094.296,102107033.816
Germany,raw,Nickel,,0.0,8818240.0,3676896.0,5141344.0
Germany,raw,Silver,WMD,7000.0,32868072.0,0.0,32875072.0
Germany,raw,Tellurium,,0.0,8430100.646,1657862.836,6772237.81
Germany,raw,Titanium,,0.0,2980581833.184,178483656.0,2802098177.184
Germany,raw,Zinc,,0.0,1848536263.296,11042400.0,1837493863.296
Ghana,processed,Aluminium,BGS,48314000.0,0.0,0.0,48314000.0
Ghana,processed,Lead,BGS,18681000.0,0.0,0.0,18681000.0
Ghana,raw,Aluminium,WMD,48314000.0,0.0,0.0,48314000.0
Ghana,raw,Bauxite,WMD,959601000.0,0.0,0.0,959601000.0
Ghana,raw,Gold,WMD,125611.0,0.0,0.0,125611.0
Ghana,raw,Manganese,WMD,870500000.0,0.0,0.0,870500000.0
Ghana,raw,Silver,WMD,1000.0,0.0,0.0,1000.0
Greece,processed,Arsenic,,0.0,52000.0,0.0,52000.0
Greece,processed,Boron,,0.0,6342807.546,88676.0,6254131.546
Greece,processed,Cadmium,,0.0,352.0,0.0,352.0
Greece,processed,Chromium,,0.0,96506.0,30346.0,66160.0
Greece,processed,Cobalt,,0.0,27860.0,1294.0,26566.0
Greece,processed,Copper,,0.0,195106288.163,67916617.931,127189670.232
Greece,processed,Gallium,,0.0,172.0,0.0,172.0
Greece,processed,Germanium,,0.0,172.0,0.0,172.0
Greece,processed,Gold,,0.0,1292.0,350.624,941.376
Greece,processed,Imdium,,0.0,172.0,0.0,172.0
Greece,processed,Lead,BGS,36000000.0,138433684.0,36915035.55,137518648.45
Greece,processed,Lithium,,0.0,74356.0,0.0,74356.0
Greece,processed,Manganese,,0.0,1664998.7480000001,0.0,1664998.7480000001
Greece,processed,Molybdenum,,0.0,18294.0,10.0,18284.0
Greece,processed,Nickel,BGS,0.0,254854.0,17534.0,237320.0
Greece,processed,Rare Earths,,0.0,10846.0,400.0,10446.0
Greece,processed,Silicon,,0.0,13488436.262,896924.0,12591512.262
Greece,processed,Silver,,0.0,28857.306,2700.0,26157.306
Greece,processed,Tin,,0.0,328728.0,148858.0,179870.0
Greece,processed,Titanium,,0.0,789628.0,4534.0,785094.0
Greece,processed,Vanadium,,0.0,653552.0,0.0,653552.0
Greece,processed,Zinc,,0.0,26845060.224000003,18406102.0,8438958.224000003
Greece,raw,Aluminium,WMD,183361000.0,2466713260.0,262394008.0,2387680252.0
Greece,raw,Bauxite,WMD,974938000.0,2466713260.0,262394008.0,3179257252.0
Greece,raw,Boron,,0.0,7510268.0,274.0,7509994.0
Greece,raw,Chromium,WMD,0.0,196680.0,0.0,196680.0
Greece,raw,Fluorspar,,0.0,30067498.838,21650.0,30045848.838
Greece,raw,Graphite,,0.0,59054.0,1598.0,57456.0
Greece,raw,Lead,WMD,15220000.0,0.0,0.0,15220000.0
Greece,raw,Magnesium,WMD,135363000.0,54099122.0,0.0,189462122.0
Greece,raw,Manganese,,0.0,42348294.0,0.0,42348294.0
Greece,raw,Nickel,WMD,0.0,211416.0,0.0,211416.0
Greece,raw,Niobium,,0.0,26.0,0.0,26.0
Greece,raw,Selenium,,0.0,15106.0,0.0,15106.0
Greece,raw,Silver,WMD,42988.0,0.0,0.0,42988.0
Greece,raw,Tin,,0.0,20.0,0.0,20.0
Greece,raw,Titanium,,0.0,27900.0,0.0,27900.0
Greece,raw,Vanadium,,0.0,26.0,0.0,26.0
Grenada,processed,Aluminium,,0.0,711193.042,119925.192,591267.85
Grenada,processed,Bauxite,,0.0,3926.2400000000002,0.0,3926.2400000000002
Grenada,processed,Boron,,0.0,392.92,0.0,392.92
Grenada,processed,Copper,,0.0,46010.151999999995,0.0,46010.151999999995
Grenada,processed,Lead,,0.0,79.48,0.0,79.48
Grenada,processed,Lithium,,0.0,158.32,0.0,158.32
Grenada,processed,Magnesium,,0.0,2297.548,0.0,2297.548
Grenada,processed,Manganese,,0.0,643.992,0.0,643.992
Grenada,processed,Nickel,,0.0,11.704,0.0,11.704
Grenada,processed,Rare Earths,,0.0,14.0,0.0,14.0
Grenada,processed,Silicon,,0.0,65514.409999999996,0.0,65514.409999999996
Grenada,processed,Silver,,0.0,323.2,0.0,323.2
Grenada,processed,Tin,,0.0,2770.04,0.0,2770.04
Grenada,processed,Zinc,,0.0,1801.06,0.0,1801.06
Grenada,raw,Boron,,0.0,2508.22,0.0,2508.22
Grenada,raw,Fluorspar,,0.0,34767.58,0.0,34767.58
Grenada,raw,Graphite,,0.0,140.64,0.0,140.64
Grenada,raw,Magnesium,,0.0,1808.916,0.0,1808.916
Guatemala,processed,Aluminium,,0.0,59073775.0,50652789.0,8420986.0
Guatemala,processed,Arsenic,,0.0,1.0,0.0,1.0
Guatemala,processed,Bauxite,,0.0,7387982.0,181575.0,7206407.0
Guatemala,processed,Chromium,,0.0,17463.0,1.0,17462.0
Guatemala,processed,Gold,,0.0,915.0,24.0,891.0
Guatemala,processed,Lead,BGS,0.0,89801.0,175.0,89626.0
Guatemala,processed,Magnesium,,0.0,805937.0,25579.0,780358.0
Guatemala,processed,Manganese,,0.0,678538.0,532.0,678006.0
Guatemala,processed,Molybdenum,,0.0,24462.0,5144.0,19318.0
Guatemala,processed,Nickel,BGS,0.0,1942.0,274.0,1668.0
Guatemala,processed,Platinum Group Metals,,0.0,132.0,2.0,130.0
Guatemala,processed,Silicon,,0.0,38407526.0,530911.0,37876615.0
Guatemala,processed,Silver,,0.0,3929.0,797.0,3132.0
Guatemala,processed,Tin,,0.0,54077.0,1414.0,52663.0
Guatemala,processed,Titanium,,0.0,2270353.0,168494.0,2101859.0
Guatemala,processed,Vanadium,,0.0,19646.0,0.0,19646.0
Guatemala,processed,Zinc,,0.0,3919611.0,1354901.0,2564710.0
Guatemala,raw,Aluminium,,0.0,18.0,0.0,18.0
Guatemala,raw,Antimony,WMD,25000.0,0.0,0.0,25000.0
Guatemala,raw,Bauxite,,0.0,18.0,0.0,18.0
Guatemala,raw,Boron,,0.0,118809.0,250.0,118559.0
Guatemala,raw,Cobalt,,0.0,58.0,1.0,57.0
Guatemala,raw,Copper,,0.0,1371.0,5.0,1366.0
Guatemala,raw,Fluorspar,,0.0,22476374.0,0.0,22476374.0
Guatemala,raw,Graphite,,0.0,4499.0,0.0,4499.0
Guatemala,raw,Lead,WMD,0.0,1.0,0.0,1.0
Guatemala,raw,Magnesium,WMD,10000000.0,9900.0,8859960.0,1149940.0
Guatemala,raw,Manganese,,0.0,68481.0,0.0,68481.0
Guatemala,raw,Molybdenum,,0.0,1.0,0.0,1.0
Guatemala,raw,Niobium,,0.0,1200.0,170.0,1030.0
Guatemala,raw,Selenium,,0.0,147733.0,37020.0,110713.0
Guatemala,raw,Silver,,0.0,9.0,0.0,9.0
Guatemala,raw,Tin,,0.0,7.0,0.0,7.0
Guatemala,raw,Vanadium,,0.0,1200.0,170.0,1030.0
Guatemala,raw,Zinc,,0.0,724.0,525.0,199.0
Guinea,processed,Bauxite,USGS,300000000.0,0.0,0.0,300000000.0
Guinea,raw,Bauxite,WMD,123067415000.0,0.0,0.0,123067415000.0
Guinea,raw,Gold,WMD,75599.0,0.0,0.0,75599.0
Guyana,processed,Aluminium,,0.0,14067789.62,2962195.96,11105593.66
Guyana,processed,Bauxite,,0.0,7135991.84,0.0,7135991.84
Guyana,processed,Boron,,0.0,28670.16,0.0,28670.16
Guyana,processed,Lead,,0.0,512030.0,3298.64,508731.36
Guyana,processed,Magnesium,,0.0,97865.2,1504.0,96361.2
Guyana,processed,Manganese,,0.0,3643928.16,0.0,3643928.16
Guyana,processed,Molybdenum,,0.0,73.04,0.0,73.04
Guyana,processed,Nickel,,0.0,1631534.7200000002,0.0,1631534.7200000002
Guyana,processed,Platinum Group Metals,,0.0,28.0,0.0,28.0
Guyana,processed,Silicon,,0.0,10545427.6,41692.840000000004,10503734.76
Guyana,processed,Silver,,0.0,1680.64,365.6,1315.04
Guyana,processed,Tin,,0.0,1657.48,0.0,1657.48
Guyana,processed,Titanium,,0.0,269640.0,0.0,269640.0
Guyana,processed,Zinc,,0.0,328468.0,0.0,328468.0
Guyana,raw,Boron,,0.0,11600.0,0.0,11600.0
Guyana,raw,Copper,,0.0,3686.0,0.0,3686.0
Guyana,raw,Fluorspar,,0.0,19755.8,0.0,19755.8
Guyana,raw,Gold,WMD,13440.0,80016.0,0.0,93456.0
Guyana,raw,Lithium,,0.0,809085.64,357.44,808728.2000000001
Guyana,raw,Magnesium,,0.0,2402428.8800000004,24.0,2402404.8800000004
Guyana,raw,Silver,,0.0,6.0,0.0,6.0
Guyana,raw,Tin,,0.0,23922.2,0.0,23922.2
Guyana,raw,Zinc,,0.0,225.32,0.0,225.32
Honduras,processed,Bauxite,,0.0,3815418.7399999998,16000.0,3799418.7399999998
Honduras,processed,Boron,,0.0,460837.19,0.0,460837.19
Honduras,processed,Cadmium,,0.0,2.47,0.0,2.47
Honduras,processed,Chromium,,0.0,9.09,0.0,9.09
Honduras,processed,Lead,BGS,6000000.0,14738.88,0.0,6014738.88
Honduras,processed,Lithium,,0.0,13154.2,0.0,13154.2
Honduras,processed,Magnesium,,0.0,52415.0,0.0,52415.0
Honduras,processed,Manganese,,0.0,1921.09,0.0,1921.09
Honduras,processed,Molybdenum,,0.0,800.0,0.0,800.0
Honduras,processed,Nickel,,0.0,206.19,0.0,206.19
Honduras,processed,Rare Earths,,0.0,14.899999999999999,0.0,14.899999999999999
Honduras,processed,Silicon,,0.0,2055166.53,31382.739999999998,2023783.79
Honduras,processed,Silver,,0.0,1393.3,318.22,1075.08
Honduras,processed,Tin,,0.0,21401.89,3004.19,18397.7
Honduras,processed,Titanium,,0.0,369547.0,36.0,369511.0
Honduras,processed,Zinc,,0.0,77539.36,100.0,77439.36
Honduras,raw,Boron,,0.0,913047.04,48000.0,865047.04
Honduras,raw,Copper,,0.0,216050.0,8.0,216042.0
Honduras,raw,Fluorspar,,0.0,14402800.0,0.0,14402800.0
Honduras,raw,Gold,WMD,2051.0,0.0,0.0,2051.0
Honduras,raw,Graphite,,0.0,166.49,0.0,166.49
Honduras,raw,Lead,WMD,12300000.0,3.0,9257120.0,3042883.0
Honduras,raw,Lithium,,0.0,120542.82,0.0,120542.82
Honduras,raw,Magnesium,,0.0,0.81,0.0,0.81
Honduras,raw,Manganese,,0.0,344.0,0.0,344.0
Honduras,raw,Silver,WMD,32000.0,0.0,22498.53,9501.470000000001
Honduras,raw,Zinc,WMD,30000000.0,1305.0,18419600.0,11581705.0
Hungary,processed,Aluminium,,0.0,2256904619.9,1695496853.32,561407766.5800002
Hungary,processed,Arsenic,,0.0,23412.48,0.0,23412.48
Hungary,processed,Bauxite,,0.0,490618934.88,453361096.0,37257838.879999995
Hungary,processed,Boron,,0.0,12740637.121,1249244.0,11491393.121
Hungary,processed,Chromium,,0.0,65748.092,153.2,65594.892
Hungary,processed,Copper,,0.0,527635772.26,256836337.438,270799434.822
Hungary,processed,Gallium,,0.0,2800.244,0.0,2800.244
Hungary,processed,Germanium,,0.0,2800.244,0.0,2800.244
Hungary,processed,Gold,,0.0,2018281.603,1882.656,2016398.947
Hungary,processed,Imdium,,0.0,2800.244,0.0,2800.244
Hungary,processed,Lead,BGS,17000000.0,25842311.373,3596554.712,39245756.661
Hungary,processed,Lithium,,0.0,3862624.9800000004,12036.0,3850588.9800000004
Hungary,processed,Magnesium,,0.0,63964751.264,24487740.2,39477011.063999996
Hungary,processed,Manganese,,0.0,15824758.8,155560.0,15669198.8
Hungary,processed,Nickel,,0.0,22776817.302,13325221.28,9451596.022000002
Hungary,processed,Niobium,,0.0,2808.244,0.0,2808.244
Hungary,processed,Platinum Group Metals,,0.0,626.216,90.524,535.692
Hungary,processed,Rare Earths,,0.0,750117.6830000001,188.0,749929.6830000001
Hungary,processed,Silicon,,0.0,134444633.028,37231645.84,97212987.188
Hungary,processed,Silver,,0.0,6991813.09,2383167.6,4608645.49
Hungary,processed,Tin,,0.0,43767300.456,5252657.35,38514643.106
Hungary,processed,Titanium,,0.0,152988.02,90383.303,62604.71699999999
Hungary,processed,Vanadium,,0.0,19801.676,0.0,19801.676
Hungary,processed,Zinc,,0.0,71805785.2,1017122.0,70788663.2
Hungary,raw,Boron,,0.0,3513.844,80.0,3433.844
Hungary,raw,Chromium,,0.0,266006.00800000003,0.0,266006.00800000003
Hungary,raw,Cobalt,,0.0,424.0,0.0,424.0
Hungary,raw,Copper,,0.0,16083784.0,252352.0,15831432.0
Hungary,raw,Fluorspar,,0.0,324000.0,220.0,323780.0
Hungary,raw,Gold,,0.0,273544.24,152144.0,121400.23999999999
Hungary,raw,Graphite,,0.0,1865207.48,1497720.0,367487.48
Hungary,raw,Lithium,,0.0,28574430.01,14608240.0,13966190.010000002
Hungary,raw,Magnesium,,0.0,1529980.0,4120.0,1525860.0
Hungary,raw,Manganese,,0.0,260364.0,2623.652,257740.348
Hungary,raw,Molybdenum,,0.0,2.62,0.0,2.62
Hungary,raw,Niobium,,0.0,12.0,0.0,12.0
Hungary,raw,Selenium,,0.0,7660.4,0.0,7660.4
Hungary,raw,Vanadium,,0.0,12.0,0.0,12.0
Hungary,raw,Zirconium,,0.0,2627584.0,0.0,2627584.0
Iceland,processed,Aluminium,BGS,768389000.0,1645355244.057,829359165.449,1584385078.6080003
Iceland,processed,Bauxite,,0.0,1638399666.266,0.0,1638399666.266
Iceland,processed,Chromium,,0.0,12119.0,0.0,12119.0
Iceland,processed,Cobalt,,0.0,3.0,0.0,3.0
Iceland,processed,Gallium,,0.0,7.0,0.0,7.0
Iceland,processed,Germanium,,0.0,7.0,0.0,7.0
Iceland,processed,Gold,,0.0,82.074,0.0,82.074
Iceland,processed,Imdium,,0.0,7.0,0.0,7.0
Iceland,processed,Lithium,,0.0,4611.0,0.0,4611.0
Iceland,processed,Magnesium,,0.0,2067066.0,0.0,2067066.0
Iceland,processed,Molybdenum,,0.0,1240.361,0.0,1240.361
Iceland,processed,Nickel,,0.0,109.935,21.0,88.935
Iceland,processed,Niobium,,0.0,8.0,0.0,8.0
Iceland,processed,Rare Earths,,0.0,3306.342,3.0,3303.342
Iceland,processed,Silicon,USGS,90000000.0,8829586.911,61260188.0,37569398.911
Iceland,processed,Silver,,0.0,401.171,84.0,317.171
Iceland,processed,Tin,,0.0,1292.125,0.0,1292.125
Iceland,processed,Titanium,,0.0,287063.36,0.0,287063.36
Iceland,processed,Vanadium,,0.0,42.0,0.0,42.0
Iceland,processed,Zinc,,0.0,25447.490999999998,19.553,25427.938
Iceland,raw,Aluminium,WMD,752904000.0,0.0,0.0,752904000.0
Iceland,raw,Copper,,0.0,1692.037,0.0,1692.037
Iceland,raw,Fluorspar,,0.0,80515.0,0.0,80515.0
Iceland,raw,Gold,,0.0,20.908,0.0,20.908
Iceland,raw,Graphite,,0.0,8985.18,0.0,8985.18
Iceland,raw,Lithium,,0.0,590548.893,352.0,590196.893
Iceland,raw,Magnesium,,0.0,8037.977,0.0,8037.977
Iceland,raw,Selenium,,0.0,45.0,0.0,45.0
Iceland,raw,Silver,,0.0,45.492,0.0,45.492
Iceland,raw,Zirconium,,0.0,4.517,0.0,4.517
India,processed,Aluminium,BGS,3305910000.0,7366218195.679,9581569194.762,1090559000.9170017
India,processed,Arsenic,,0.0,1714004.0,82784.0,1631220.0
India,processed,Bauxite,USGS,7600000000.0,2278277305.756,4860899265.12,5017378040.636001
India,processed,Boron,,0.0,152001809.244,9818617.648,142183191.596
India,processed,Cadmium,,0.0,16901395.784,480484.082,16420911.702000001
India,processed,Copper,BGS,899000000.0,1685980012.94,363256174.786,2221723838.1540003
India,processed,Fluorspar,BGS,6297000.0,0.0,0.0,6297000.0
India,processed,Gallium,,0.0,3091.893,0.0,3091.893
India,processed,Germanium,,0.0,3091.893,0.0,3091.893
India,processed,Gold,,0.0,1741023.415,22427.252,1718596.163
India,processed,Graphite,BGS,128949000.0,0.0,0.0,128949000.0
India,processed,Imdium,,0.0,3091.893,0.0,3091.893
India,processed,Lead,BGS,1038000000.0,985150770.862,729423792.166,1293726978.696
India,processed,Lithium,,0.0,5242412.0,883339.12,4359072.88
India,processed,Magnesium,,0.0,1082044530.848,9555109.79,1072489421.0580001
India,processed,Manganese,USGS,0.0,48717057.71,14491932.0,34225125.71
India,processed,Molybdenum,,0.0,19390017.778,6100899.66,13289118.118
India,processed,Nickel,BGS,2000000.0,147169799.498,19689141.55,129480657.948
India,processed,Niobium,,0.0,4495.893,52.0,4443.893
India,processed,Platinum Group Metals,,0.0,422039.31000000006,37806.587999999996,384232.72200000007
India,processed,Selenium,USGS,14000.0,0.0,0.0,14000.0
India,processed,Silicon,USGS,60000000.0,484939499.59599996,321079977.942,223859521.65399998
India,processed,Silver,,0.0,5949175.833000001,3479155.398,2470020.4350000005
India,processed,Tin,BGS,0.0,28114772.04,3229740.244,24885031.796
India,processed,Vanadium,,0.0,8847876.655,227006.11,8620870.545
India,processed,Zinc,BGS,748255000.0,375246234.449,586611449.93,536889784.5189999
India,raw,Aluminium,WMD,4126500000.0,8239947976.0,695463703.598,11670984272.402
India,raw,Bauxite,WMD,23360795000.0,8239947976.0,695463703.598,30905279272.402
India,raw,Boron,,0.0,264225844.797,1948599.68,262277245.11699998
India,raw,Chromium,WMD,1511800000.0,436543870.0,2289636.0,1946054234.0
India,raw,Cobalt,,0.0,515040.0,0.0,515040.0
India,raw,Copper,WMD,25717000.0,2838707132.0,79177331.492,2785246800.508
India,raw,Fluorspar,WMD,6296000.0,683069795.052,3806322.0,685559473.052
India,raw,Gold,WMD,1428.0,10067470.0,22.0,10068876.0
India,raw,Graphite,WMD,128947000.0,132228473.884,2913557.9919999996,258261915.892
India,raw,Lead,WMD,226400000.0,11635454.0,10300.0,238025154.0
India,raw,Lithium,,0.0,4000689905.736,174187508.0,3826502397.736
India,raw,Magnesium,WMD,123207000.0,11537357.58,1918790.0,132825567.58000001
India,raw,Manganese,WMD,1035700000.0,12093096766.7,10702400.0,13118094366.7
India,raw,Molybdenum,,0.0,36383404.406,120026.0,36263378.406
India,raw,Niobium,,0.0,1447062.0,2000.0,1445062.0
India,raw,Rare Earths,WMD,2600000.0,0.0,0.0,2600000.0
India,raw,Selenium,WMD,20000.0,914201.212,113954.822,820246.39
India,raw,Silver,WMD,738664.0,4.0,0.0,738668.0
India,raw,Tellurium,,0.0,13042.797,1085.68,11957.117
India,raw,Tin,WMD,23000.0,0.0,0.0,23000.0
India,raw,Vanadium,WMD,50000.0,1447062.0,2000.0,1495062.0
India,raw,Zinc,WMD,853400000.0,0.0,470958.0,852929042.0
India,raw,Zirconium,WMD,15000000.0,189262198.07,120000.0,204142198.07
Indonesia,processed,Arsenic,,0.0,598246.0,0.0,598246.0
Indonesia,processed,Boron,,0.0,39357832.0,40400.0,39317432.0
Indonesia,processed,Cadmium,,0.0,2698.0,0.0,2698.0
Indonesia,processed,Chromium,,0.0,2216545.0,0.0,2216545.0
Indonesia,processed,Gallium,,0.0,4.0,0.0,4.0
Indonesia,processed,Germanium,,0.0,4.0,0.0,4.0
Indonesia,processed,Gold,,0.0,211598.0,27697.82,183900.18
Indonesia,processed,Imdium,,0.0,4.0,0.0,4.0
Indonesia,processed,Lead,BGS,58000000.0,68024306.0,77254577.28,48769728.72
Indonesia,processed,Lithium,,0.0,832726.0,22505.44,810220.56
Indonesia,processed,Magnesium,,0.0,350025636.0,1127153.52,348898482.48
Indonesia,processed,Manganese,,0.0,56372044.0,3869040.0,52503004.0
Indonesia,processed,Molybdenum,,0.0,129278.0,34007.5,95270.5
Indonesia,processed,Niobium,,0.0,172282.0,148597.4,23684.600000000006
Indonesia,processed,Rare Earths,,0.0,371058.0,0.0,371058.0
Indonesia,processed,Silicon,,0.0,321331068.0,81712173.32,239618894.68
Indonesia,processed,Titanium,,0.0,8499174.0,1274458.0,7224716.0
Indonesia,processed,Vanadium,,0.0,62894.0,0.4,62893.6
Indonesia,processed,Zinc,,0.0,265026078.0,115326764.23,149699313.76999998
Indonesia,raw,Aluminium,WMD,214930000.0,3493886.0,0.0,218423886.0
Indonesia,raw,Bauxite,WMD,9889569000.0,3493886.0,0.0,9893062886.0
Indonesia,raw,Boron,,0.0,50884918.0,584000.0,50300918.0
Indonesia,raw,Chromium,,0.0,3934114456.0,0.0,3934114456.0
Indonesia,raw,Cobalt,WMD,18200000.0,966.0,0.0,18200966.0
Indonesia,raw,Fluorspar,,0.0,145899648.0,2.64,145899645.36
Indonesia,raw,Gold,WMD,94610.0,1866.0,13564.76,82911.24
Indonesia,raw,Graphite,,0.0,31350772.0,63783.56,31286988.44
Indonesia,raw,Lead,WMD,6415000.0,63181016.0,22332800.0,47263216.0
Indonesia,raw,Magnesium,,0.0,3617867414.0,3296740.0,3614570674.0
Indonesia,raw,Manganese,WMD,0.0,1089590296.0,0.0,1089590296.0
Indonesia,raw,Molybdenum,BGS,0.0,271752.0,0.0,271752.0
Indonesia,raw,Nickel,WMD,2028800000.0,20947336994.0,4506.06,22976132487.94
Indonesia,raw,Niobium,,0.0,112820.0,0.0,112820.0
Indonesia,raw,Selenium,,0.0,53116.0,2.5,53113.5
Indonesia,raw,Silver,WMD,281060.0,0.0,0.0,281060.0
Indonesia,raw,Tellurium,,0.0,8674.0,0.0,8674.0
Indonesia,raw,Tin,WMD,50669000.0,4104.0,0.0,50673104.0
Indonesia,raw,Vanadium,,0.0,112820.0,0.0,112820.0
Iran,processed,Aluminium,BGS,635596000.0,0.0,0.0,635596000.0
Iran,processed,Boron,BGS,2700000.0,0.0,0.0,2700000.0
Iran,processed,Copper,BGS,518632000.0,0.0,0.0,518632000.0
Iran,processed,Fluorspar,BGS,100000000.0,0.0,0.0,100000000.0
Iran,processed,Lead,BGS,126000000.0,0.0,0.0,126000000.0
Iran,processed,Magnesium,USGS,5000000.0,0.0,0.0,5000000.0
Iran,processed,Zinc,BGS,195000000.0,0.0,0.0,195000000.0
Iran,raw,Aluminium,WMD,614972000.0,0.0,0.0,614972000.0
Iran,raw,Antimony,WMD,1555000.0,0.0,0.0,1555000.0
Iran,raw,Bauxite,WMD,871073000.0,0.0,0.0,871073000.0
Iran,raw,Boron,WMD,13250000.0,0.0,0.0,13250000.0
Iran,raw,Chromium,WMD,85420000.0,0.0,0.0,85420000.0
Iran,raw,Copper,WMD,315280000.0,0.0,0.0,315280000.0
Iran,raw,Fluorspar,WMD,39321000.0,0.0,0.0,39321000.0
Iran,raw,Gold,WMD,8674.0,0.0,0.0,8674.0
Iran,raw,Lead,WMD,103100000.0,0.0,0.0,103100000.0
Iran,raw,Magnesium,WMD,218152000.0,0.0,0.0,218152000.0
Iran,raw,Manganese,WMD,90260000.0,0.0,0.0,90260000.0
Iran,raw,Molybdenum,WMD,7900000.0,0.0,0.0,7900000.0
Iran,raw,Silver,WMD,87100.0,0.0,0.0,87100.0
Iran,raw,Titanium,WMD,20100000.0,0.0,0.0,20100000.0
Iran,raw,Zinc,WMD,215900000.0,0.0,0.0,215900000.0
Ireland,processed,Arsenic,,0.0,68.0,0.0,68.0
Ireland,processed,Boron,,0.0,237503.035,4525.0,232978.035
Ireland,processed,Cadmium,,0.0,241.0,0.0,241.0
Ireland,processed,Chromium,,0.0,54382.952,1687.199,52695.753
Ireland,processed,Gallium,,0.0,7905.0,0.0,7905.0
Ireland,processed,Germanium,,0.0,7905.0,0.0,7905.0
Ireland,processed,Gold,,0.0,145968.481,1022.1800000000001,144946.301
Ireland,processed,Imdium,,0.0,7905.0,0.0,7905.0
Ireland,processed,Lithium,,0.0,143116.212,3313.0,139803.212
Ireland,processed,Magnesium,,0.0,62442497.924,2587421.0,59855076.924
Ireland,processed,Manganese,,0.0,300122.23600000003,807.0,299315.23600000003
Ireland,processed,Molybdenum,,0.0,42167.0,377.0,41790.0
Ireland,processed,Nickel,,0.0,1250942.41,819560.088,431382.3219999999
Ireland,processed,Niobium,,0.0,7928.0,400.0,7528.0
Ireland,processed,Rare Earths,,0.0,46360.109,184.0,46176.109
Ireland,processed,Silicon,,0.0,2366511.871,96352.104,2270159.767
Ireland,processed,Tin,,0.0,123424.47,53000.138,70424.332
Ireland,processed,Titanium,,0.0,340776.522,160339.265,180437.25699999998
Ireland,processed,Vanadium,,0.0,8979.0,0.0,8979.0
Ireland,processed,Zinc,,0.0,4101379.347,1049918.071,3051461.276
Ireland,raw,Aluminium,,0.0,4534122082.0,491.0,4534121591.0
Ireland,raw,Bauxite,USGS,0.0,4534122082.0,491.0,4534121591.0
Ireland,raw,Boron,,0.0,7456.353,0.0,7456.353
Ireland,raw,Chromium,,0.0,8071.303,0.0,8071.303
Ireland,raw,Cobalt,,0.0,6288.0,3068.0,3220.0
Ireland,raw,Copper,,0.0,3778.8289999999997,83.58,3695.249
Ireland,raw,Fluorspar,,0.0,304603.0,1825.0,302778.0
Ireland,raw,Gold,,0.0,416.0,51.0,365.0
Ireland,raw,Graphite,,0.0,61856.222,13712.0,48144.222
Ireland,raw,Lead,WMD,7019000.0,306.0,0.0,7019306.0
Ireland,raw,Magnesium,,0.0,34583764.717,24092.0,34559672.717
Ireland,raw,Manganese,,0.0,20045.0,0.0,20045.0
Ireland,raw,Molybdenum,,0.0,13.0,0.0,13.0
Ireland,raw,Niobium,,0.0,13376.0,0.0,13376.0
Ireland,raw,Selenium,,0.0,405.859,174.0,231.85899999999998
Ireland,raw,Silver,WMD,998.0,179.0,271.0,906.0
Ireland,raw,Tellurium,,0.0,1343.0,0.0,1343.0
Ireland,raw,Tin,,0.0,5481.0,0.0,5481.0
Ireland,raw,Titanium,,0.0,2190.0,0.0,2190.0
Ireland,raw,Vanadium,,0.0,13376.0,0.0,13376.0
Ireland,raw,Zinc,WMD,53327000.0,29892.0,869418.264,52487473.736
Ireland,raw,Zirconium,,0.0,494137.0,900.0,493237.0
"Ireland, Republic Of",processed,Lead,BGS,15000000.0,0.0,0.0,15000000.0
"Ireland, Republic Of",raw,Lead,BGS,7019000.0,0.0,0.0,7019000.0
"Ireland, Republic Of",raw,Silver,BGS,998.0,0.0,0.0,998.0
"Ireland, Republic Of",raw,Zinc,BGS,53327000.0,0.0,0.0,53327000.0
Israel,processed,Bauxite,,0.0,11840985.644,1309183.367,10531802.276999999
Israel,processed,Boron,,0.0,845876.102,1993.037,843883.065
Israel,processed,Cadmium,,0.0,140621.447,0.0,140621.447
Israel,processed,Chromium,,0.0,247790.374,7245.984,240544.39
Israel,processed,Cobalt,,0.0,299.73699999999997,49.442,250.29499999999996
Israel,processed,Copper,,0.0,21918606.772,11447455.441,10471151.331
Israel,processed,Gold,,0.0,1301.564,27.068,1274.496
Israel,processed,Lead,BGS,21745000.0,1284769.2010000001,7314997.0,15714772.201000001
Israel,processed,Lithium,,0.0,48862.184,0.0,48862.184
Israel,processed,Manganese,,0.0,589703.883,0.0,589703.883
Israel,processed,Nickel,,0.0,1199427.067,779215.288,420211.7790000001
Israel,processed,Platinum Group Metals,,0.0,242.77499999999998,38.474000000000004,204.301
Israel,processed,Silicon,,0.0,7157428.574999999,54832.067,7102596.507999999
Israel,processed,Silver,,0.0,14379.839,384.437,13995.402
Israel,processed,Tin,,0.0,109924.421,35488.882,74435.539
Israel,processed,Titanium,,0.0,808224.458,654528.0229999999,153696.43500000006
Israel,processed,Vanadium,,0.0,108814.546,1871.0,106943.546
Israel,processed,Zinc,,0.0,6553660.727,590540.189,5963120.538
Israel,raw,Aluminium,,0.0,9750269.426,0.0,9750269.426
Israel,raw,Bauxite,,0.0,9750269.426,0.0,9750269.426
Israel,raw,Boron,,0.0,214256.264,0.0,214256.264
Israel,raw,Chromium,,0.0,146448.195,0.0,146448.195
Israel,raw,Fluorspar,,0.0,984530.8450000001,29992.458,954538.3870000001
Israel,raw,Graphite,,0.0,552981.563,0.0,552981.563
Israel,raw,Lead,,0.0,3864.351,0.0,3864.351
Israel,raw,Manganese,,0.0,4031.521,0.0,4031.521
Israel,raw,Molybdenum,,0.0,2233.152,0.0,2233.152
Israel,raw,Niobium,,0.0,131.219,0.0,131.219
Israel,raw,Selenium,,0.0,15675.01,40.486,15634.524
Israel,raw,Titanium,,0.0,228431.922,0.0,228431.922
Israel,raw,Vanadium,,0.0,131.219,0.0,131.219
Italy,processed,Aluminium,,0.0,2273941593.917,1379071148.133,894870445.7839999
Italy,processed,Arsenic,,0.0,543.0,0.0,543.0
Italy,processed,Bauxite,,0.0,422425058.0,65309421.0,357115637.0
Italy,processed,Boron,,0.0,18432070.0,3204519.0,15227551.0
Italy,processed,Cadmium,,0.0,16161.0,4326.0,11835.0
Italy,processed,Chromium,,0.0,5178749.0,2021245.0,3157504.0
Italy,processed,Cobalt,,0.0,1267758.0,254429.0,1013329.0
Italy,processed,Copper,BGS,10200000.0,988800992.0,444942712.0,554058280.0
Italy,processed,Gold,,0.0,198416.0,112726.004,85689.996
Italy,processed,Indium,BGS,5000.0,0.0,0.0,5000.0
Italy,processed,Lead,BGS,66000000.0,18695066.0,27915677.0,56779389.0
Italy,processed,Lithium,,0.0,1019176.0,210251.0,808925.0
Italy,processed,Magnesium,,0.0,77045292.0,3686207.0,73359085.0
Italy,processed,Manganese,,0.0,3108943.0,463411.0,2645532.0
Italy,processed,Molybdenum,,0.0,818923.0,450209.0,368714.0
Italy,processed,Nickel,,0.0,58440878.0,19595169.0,38845709.0
Italy,processed,Rare Earths,,0.0,384829.0,215034.0,169795.0
Italy,processed,Silicon,,0.0,158857815.0,56476342.0,102381473.0
Italy,processed,Tin,,0.0,6994968.0,2801943.0,4193025.0
Italy,processed,Titanium,,0.0,10683363.0,4123379.0,6559984.0
Italy,processed,Zinc,BGS,120000000.0,234757154.25800002,59286667.231,295470487.027
Italy,raw,Aluminium,,0.0,42206830.0,3667520.0,38539310.0
Italy,raw,Bauxite,,0.0,42206830.0,3667520.0,38539310.0
Italy,raw,Boron,,0.0,3318864.0,235409.0,3083455.0
Italy,raw,Chromium,,0.0,21502712.0,6031895.0,15470817.0
Italy,raw,Fluorspar,,0.0,254499075.0,244462878.0,10036197.0
Italy,raw,Graphite,,0.0,5287634.0,201180.0,5086454.0
Italy,raw,Lithium,,0.0,119977614.0,74883629.0,45093985.0
Italy,raw,Magnesium,,0.0,6193329.0,2321765.0,3871564.0
Italy,raw,Molybdenum,,0.0,5821043.0,122160.0,5698883.0
Italy,raw,Niobium,,0.0,40.0,0.0,40.0
Italy,raw,Selenium,,0.0,76644.0,45021.0,31623.0
Italy,raw,Silver,,0.0,30015.0,0.0,30015.0
Italy,raw,Titanium,,0.0,1082074.0,0.0,1082074.0
Italy,raw,Vanadium,,0.0,40.0,0.0,40.0
Italy,raw,Zirconium,,0.0,28172144.0,827267.0,27344877.0
Ivory Coast,raw,Gold,BGS,51314.0,0.0,0.0,51314.0
Ivory Coast,raw,Manganese,BGS,1175301000.0,0.0,0.0,1175301000.0
Ivory Coast,raw,Nickel,BGS,26200000.0,0.0,0.0,26200000.0
Ivory Coast,raw,Silver,BGS,12000.0,0.0,0.0,12000.0
Jamaica,processed,Bauxite,USGS,1500000000.0,0.0,0.0,1500000000.0
Jamaica,raw,Bauxite,WMD,5988100000.0,0.0,0.0,5988100000.0
Japan,processed,Aluminium,BGS,0.0,3292773779.232,598230492.504,2694543286.7279997
Japan,processed,Arsenic,BGS,40000.0,21033.0,3276.237,57756.763
Japan,processed,Bauxite,,0.0,839379122.349,75495712.541,763883409.808
Japan,processed,Boron,,0.0,28999048.383,434485.0,28564563.383
Japan,processed,Cadmium,BGS,1900000.0,44088.164,0.0,1944088.164
Japan,processed,Chromium,,0.0,9348149.753,1419811.0,7928338.7530000005
Japan,processed,Cobalt,BGS,3900000.0,5575460.097,5066768.0,4408692.096999999
Japan,processed,Copper,BGS,2668783000.0,311724730.235,1258437453.8240001,1722070276.411
Japan,processed,Gallium,BGS,3000.0,729082.851,117697.293,614385.558
Japan,processed,Germanium,,0.0,729082.851,117697.293,611385.558
Japan,processed,Imdium,,0.0,729082.851,117697.293,611385.558
Japan,processed,Indium,BGS,70000.0,0.0,0.0,70000.0
Japan,processed,Lead,BGS,177590000.0,27142735.0,77537023.0,127195712.0
Japan,processed,Lithium,,0.0,49165605.022,2449858.89,46715746.132
Japan,processed,Magnesium,,0.0,376557974.28599995,49151484.278,327406490.00799996
Japan,processed,Molybdenum,,0.0,3907485.877,1876618.49,2030867.3869999999
Japan,processed,Nickel,BGS,111800000.0,309879699.381,57275244.246,364404455.135
Japan,processed,Niobium,,0.0,857044.851,300440.293,556604.558
Japan,processed,Platinum Group Metals,,0.0,9267254.991999999,1975659.374,7291595.617999999
Japan,processed,Rare Earths,,0.0,22405704.017,4675700.777000001,17730003.240000002
Japan,processed,Selenium,BGS,750000.0,0.0,0.0,750000.0
Japan,processed,Silicon,,0.0,421927805.876,55728203.858,366199602.018
Japan,processed,Silver,,0.0,23759445.096,4796689.409,18962755.687
Japan,processed,Tellurium,BGS,75000.0,0.0,0.0,75000.0
Japan,processed,Tin,BGS,1765000.0,19584104.731999997,3519116.1169999996,17829988.615
Japan,processed,Titanium,USGS,55000000.0,14462357.717,58551806.511,10910551.206000008
Japan,processed,Vanadium,,0.0,3861587.643,828449.2930000001,3033138.35
Japan,processed,Zinc,BGS,484687000.0,101784994.024,88885024.0,497586970.02400005
Japan,raw,Aluminium,,0.0,35798000.0,0.0,35798000.0
Japan,raw,Arsenic,WMD,40000.0,0.0,0.0,40000.0
Japan,raw,Bauxite,,0.0,35798000.0,0.0,35798000.0
Japan,raw,Bismuth,WMD,500000.0,0.0,0.0,500000.0
Japan,raw,Boron,,0.0,11719892.06,64501.007,11655391.053000001
Japan,raw,Cadmium,WMD,1750000.0,0.0,0.0,1750000.0
Japan,raw,Chromium,,0.0,50239000.0,419000.0,49820000.0
Japan,raw,Copper,USGS,0.0,5220996224.426,5612730.622,5215383493.804
Japan,raw,Fluorspar,,0.0,49201822.873,805044.481,48396778.392000005
Japan,raw,Gallium,WMD,3000.0,0.0,0.0,3000.0
Japan,raw,Germanium,WMD,2000.0,0.0,0.0,2000.0
Japan,raw,Gold,WMD,4139.0,4047000.0,0.0,4051139.0
Japan,raw,Graphite,,0.0,44342977.607999995,954631.805,43388345.802999996
Japan,raw,Indium,WMD,65000.0,0.0,0.0,65000.0
Japan,raw,Lead,,0.0,119926000.0,0.0,119926000.0
Japan,raw,Lithium,,0.0,515547006.888,92225839.69,423321167.198
Japan,raw,Magnesium,,0.0,243966000.0,197000.0,243769000.0
Japan,raw,Manganese,,0.0,892576000.0,0.0,892576000.0
Japan,raw,Molybdenum,,0.0,29425000.0,34000.0,29391000.0
Japan,raw,Nickel,,0.0,589262188.76,54000.0,589208188.76
Japan,raw,Niobium,,0.0,387000.0,175720.529,211279.471
Japan,raw,Selenium,WMD,680000.0,14327.0,639404.546,54922.45400000003
Japan,raw,Silver,WMD,2604.0,4255000.0,0.0,4257604.0
Japan,raw,Tellurium,WMD,65000.0,7746.0,62212.693,10533.307
Japan,raw,Titanium,,0.0,330004000.0,0.0,330004000.0
Japan,raw,Vanadium,,0.0,387000.0,175720.529,211279.471
Japan,raw,Zinc,,0.0,676186000.0,0.0,676186000.0
Japan,raw,Zirconium,,0.0,19993549.792,192976.249,19800573.542999998
Kazakhstan,processed,Arsenic,,0.0,4.83,0.0,4.83
Kazakhstan,processed,Bauxite,USGS,1400000000.0,27793444.57,1009697262.09,418096182.4799999
Kazakhstan,processed,Boron,BGS,500000000.0,742802.05,5142.9,500737659.15000004
Kazakhstan,processed,Cadmium,BGS,1000000.0,210.14,990343.0,9867.140000000014
Kazakhstan,processed,Cobalt,,0.0,150.12,0.0,150.12
Kazakhstan,processed,Copper,BGS,707108000.0,11232664.28,57918171.17,660422493.11
Kazakhstan,processed,Fluorspar,BGS,12000000.0,0.0,0.0,12000000.0
Kazakhstan,processed,Gallium,,0.0,903652.82,2641.39,901011.4299999999
Kazakhstan,processed,Germanium,,0.0,903652.82,2641.39,901011.4299999999
Kazakhstan,processed,Gold,,0.0,7780.889999999999,80.0,7700.889999999999
Kazakhstan,processed,Imdium,,0.0,903652.82,2641.39,901011.4299999999
Kazakhstan,processed,Lead,BGS,101497000.0,7769273.69,102490844.48,6775429.209999993
Kazakhstan,processed,Lithium,,0.0,32923.86,104.18,32819.68
Kazakhstan,processed,Magnesium,USGS,20000000.0,889473.9,165621.0,20723852.9
Kazakhstan,processed,Molybdenum,,0.0,42494.41,25413.93,17080.480000000003
Kazakhstan,processed,Niobium,,0.0,1016766.86,111932.65,904834.21
Kazakhstan,processed,Rhenium,BGS,1000.0,0.0,0.0,1000.0
Kazakhstan,processed,Selenium,BGS,24000.0,0.0,0.0,24000.0
Kazakhstan,processed,Silicon,USGS,137000000.0,7729721.52,1657384.31,143072337.21
Kazakhstan,processed,Tin,,0.0,272626.0,3831.65,268794.35
Kazakhstan,processed,Vanadium,,0.0,1507123.88,107426.69,1399697.19
Kazakhstan,processed,Zinc,BGS,279906000.0,255178.68,248187569.0,31973609.680000007
Kazakhstan,raw,Aluminium,WMD,260877000.0,2421906.0,564945.0,262733961.0
Kazakhstan,raw,Antimony,WMD,400000.0,0.0,0.0,400000.0
Kazakhstan,raw,Bauxite,WMD,4559900000.0,2421906.0,564945.0,4561756961.0
Kazakhstan,raw,Bismuth,WMD,100000.0,0.0,0.0,100000.0
Kazakhstan,raw,Cadmium,WMD,1200000.0,0.0,0.0,1200000.0
Kazakhstan,raw,Chromium,WMD,1803200000.0,301846.6,294211027.0,1509290819.6
Kazakhstan,raw,Graphite,,0.0,566114.65,35243.86,530870.79
Kazakhstan,raw,Lead,WMD,45900000.0,92866170.3,45747428.15,93018742.15
Kazakhstan,raw,Magnesium,,0.0,713740.0,834.28,712905.72
Kazakhstan,raw,Niobium,,0.0,1698528.0,110.0,1698418.0
Kazakhstan,raw,Rhenium,WMD,800.0,0.0,0.0,800.0
Kazakhstan,raw,Selenium,WMD,60000.0,2241.79,0.0,62241.79
Kazakhstan,raw,Silver,WMD,894807.0,0.3,0.0,894807.3
Kazakhstan,raw,Titanium,WMD,13000000.0,22406180.0,775093.0,34631087.0
Kazakhstan,raw,Vanadium,,0.0,1698528.0,110.0,1698418.0
Kazakhstan,raw,Zinc,WMD,352900000.0,199006800.22,431051462.94,120855337.28000003
Kenya,processed,Aluminium,,0.0,35697069.65,22233945.87,13463123.779999997
Kenya,processed,Arsenic,,0.0,5396.0,0.0,5396.0
Kenya,processed,Boron,,0.0,1125522.0320000001,89667.325,1035854.7070000002
Kenya,processed,Cadmium,,0.0,0.4,0.0,0.4
Kenya,processed,Chromium,,0.0,59302.69,0.0,59302.69
Kenya,processed,Gallium,,0.0,0.64,0.0,0.64
Kenya,processed,Germanium,,0.0,0.64,0.0,0.64
Kenya,processed,Imdium,,0.0,0.64,0.0,0.64
Kenya,processed,Lead,BGS,1000000.0,492977.8,233419.9,1259557.9000000001
Kenya,processed,Lithium,,0.0,1039.65,20.0,1019.6500000000001
Kenya,processed,Magnesium,,0.0,2430397.77,46.0,2430351.77
Kenya,processed,Manganese,,0.0,1058063.8,0.0,1058063.8
Kenya,processed,Nickel,,0.0,16653.379999999997,4.0,16649.379999999997
Kenya,processed,Niobium,,0.0,0.64,0.0,0.64
Kenya,processed,Platinum Group Metals,,0.0,9.45,0.0,9.45
Kenya,processed,Silver,,0.0,6037.1810000000005,1085.7,4951.481000000001
Kenya,processed,Tin,,0.0,37729.88,5865.7,31864.179999999997
Kenya,processed,Titanium,,0.0,190310.08,35080.0,155230.08
Kenya,processed,Vanadium,,0.0,19.740000000000002,0.0,19.740000000000002
Kenya,processed,Zinc,,0.0,7137903.83,2506966.9,4630936.93
Kenya,raw,Fluorspar,,0.0,16960.0,0.0,16960.0
Kenya,raw,Gold,WMD,410.0,0.0,0.0,410.0
Kenya,raw,Graphite,,0.0,3957.24,337.6,3619.64
Kenya,raw,Magnesium,,0.0,16500.6,0.0,16500.6
Kenya,raw,Manganese,WMD,44100000.0,162000.0,30568050.0,13693950.0
Kenya,raw,Selenium,,0.0,4454.61,0.0,4454.61
Kenya,raw,Zirconium,WMD,21153000.0,0.0,17729635.0,3423365.0
"Korea, Dem. P.R. Of",processed,Cadmium,BGS,150000.0,0.0,0.0,150000.0
"Korea, Dem. P.R. Of",processed,Fluorspar,BGS,7000000.0,0.0,0.0,7000000.0
"Korea, Dem. P.R. Of",processed,Graphite,BGS,8100000.0,0.0,0.0,8100000.0
"Korea, Dem. P.R. Of",processed,Lead,BGS,102000000.0,0.0,0.0,102000000.0
"Korea, Dem. P.R. Of",processed,Zinc,BGS,395000000.0,0.0,0.0,395000000.0
"Korea, Dem. P.R. Of",raw,Copper,BGS,2000000.0,0.0,0.0,2000000.0
"Korea, Dem. P.R. Of",raw,Gold,BGS,10000.0,0.0,0.0,10000.0
"Korea, Dem. P.R. Of",raw,Lead,BGS,25000000.0,0.0,0.0,25000000.0
"Korea, Dem. P.R. Of",raw,Molybdenum,BGS,350000.0,0.0,0.0,350000.0
"Korea, Dem. P.R. Of",raw,Silver,BGS,50000.0,0.0,0.0,50000.0
"Korea, Dem. P.R. Of",raw,Zinc,BGS,28000000.0,0.0,0.0,28000000.0
"Korea, South",raw,Cadmium,WMD,4500000.0,0.0,0.0,4500000.0
"Korea, South",raw,Gallium,WMD,3000.0,0.0,0.0,3000.0
"Korea, South",raw,Gold,WMD,43.0,0.0,0.0,43.0
"Korea, South",raw,Graphite,WMD,9615000.0,0.0,0.0,9615000.0
"Korea, South",raw,Indium,WMD,180000.0,0.0,0.0,180000.0
"Korea, South",raw,Lead,WMD,240000.0,0.0,0.0,240000.0
"Korea, South",raw,Molybdenum,WMD,339000.0,0.0,0.0,339000.0
"Korea, South",raw,Silver,WMD,2322.0,0.0,0.0,2322.0
"Korea, South",raw,Titanium,WMD,110120000.0,0.0,0.0,110120000.0
"Korea, South",raw,Zinc,WMD,810000.0,0.0,0.0,810000.0
Kosovo,processed,Nickel,BGS,500000.0,0.0,0.0,500000.0
Kosovo,raw,Lead,WMD,3850000.0,0.0,0.0,3850000.0
Kosovo,raw,Nickel,WMD,10000.0,0.0,0.0,10000.0
Kosovo,raw,Zinc,WMD,2810000.0,0.0,0.0,2810000.0
Kuwait,processed,Aluminium,,0.0,71452442.59,38047959.269999996,33404483.320000008
Kuwait,processed,Bauxite,,0.0,7889394.39,22495.8,7866898.59
Kuwait,processed,Boron,,0.0,1885245.0,64000.0,1821245.0
Kuwait,processed,Chromium,,0.0,750.0,0.0,750.0
Kuwait,processed,Cobalt,,0.0,146.85,0.0,146.85
Kuwait,processed,Copper,,0.0,19380796.74,17056416.88,2324379.8599999994
Kuwait,processed,Gold,,0.0,13824.99,3416.9700000000003,10408.02
Kuwait,processed,Lithium,,0.0,10355.7,15.0,10340.7
Kuwait,processed,Magnesium,,0.0,335520.24,57514.84,278005.4
Kuwait,processed,Manganese,,0.0,1450341.0,20000.0,1430341.0
Kuwait,processed,Molybdenum,,0.0,545923.56,0.0,545923.56
Kuwait,processed,Nickel,,0.0,90045.5,18305.5,71740.0
Kuwait,processed,Platinum Group Metals,,0.0,15.33,0.74,14.59
Kuwait,processed,Rare Earths,,0.0,3.62,0.0,3.62
Kuwait,processed,Silicon,,0.0,2439042.81,52960.6,2386082.21
Kuwait,processed,Silver,,0.0,13149.109999999999,0.0,13149.109999999999
Kuwait,processed,Titanium,,0.0,68.28,0.0,68.28
Kuwait,processed,Vanadium,,0.0,3000.0,0.0,3000.0
Kuwait,raw,Aluminium,,0.0,154046518.0,0.0,154046518.0
Kuwait,raw,Bauxite,,0.0,154046518.0,0.0,154046518.0
Kuwait,raw,Boron,,0.0,4200.0,0.0,4200.0
Kuwait,raw,Copper,,0.0,305198.5,4.0,305194.5
Kuwait,raw,Fluorspar,,0.0,25300.0,0.0,25300.0
Kuwait,raw,Graphite,,0.0,721643.12,0.0,721643.12
Kuwait,raw,Lithium,,0.0,982245.35,221.0,982024.35
Kuwait,raw,Magnesium,,0.0,4378.68,0.0,4378.68
Kuwait,raw,Molybdenum,,0.0,0.13,0.0,0.13
Kuwait,raw,Selenium,,0.0,100.0,0.0,100.0
Kuwait,raw,Titanium,,0.0,56000.0,0.0,56000.0
Kyrgyzstan,processed,Aluminium,,0.0,18883618.33,11919027.0,6964591.329999998
Kyrgyzstan,processed,Bauxite,,0.0,610914.4940000001,77000.0,533914.4940000001
Kyrgyzstan,processed,Boron,,0.0,226924.0,0.0,226924.0
Kyrgyzstan,processed,Chromium,,0.0,1218.122,0.0,1218.122
Kyrgyzstan,processed,Fluorspar,BGS,4000000.0,0.0,0.0,4000000.0
Kyrgyzstan,processed,Lithium,,0.0,50.0,0.0,50.0
Kyrgyzstan,processed,Magnesium,,0.0,6328.0,0.0,6328.0
Kyrgyzstan,processed,Manganese,,0.0,128.39,0.0,128.39
Kyrgyzstan,processed,Molybdenum,,0.0,1032.0,0.0,1032.0
Kyrgyzstan,processed,Platinum Group Metals,,0.0,2.0,0.0,2.0
Kyrgyzstan,processed,Silicon,,0.0,1625254.0,15500.0,1609754.0
Kyrgyzstan,processed,Tin,,0.0,11326.0,0.0,11326.0
Kyrgyzstan,processed,Titanium,,0.0,14262.0,0.0,14262.0
Kyrgyzstan,processed,Zinc,,0.0,63163.748,12.0,63151.748
Kyrgyzstan,raw,Antimony,WMD,85000.0,0.0,0.0,85000.0
Kyrgyzstan,raw,Boron,,0.0,550.41,0.0,550.41
Kyrgyzstan,raw,Graphite,,0.0,469630.0,0.0,469630.0
Kyrgyzstan,raw,Lithium,,0.0,2307406.0,748174.0,1559232.0
Kyrgyzstan,raw,Magnesium,,0.0,10000.0,0.0,10000.0
Kyrgyzstan,raw,Molybdenum,BGS,34000.0,0.0,16056.0,17944.0
Kyrgyzstan,raw,Selenium,,0.0,13663.952,0.0,13663.952
Kyrgyzstan,raw,Silver,WMD,15400.0,91074.0,0.0,106474.0
Kyrgyzstan,raw,Tellurium,,0.0,0.41,0.0,0.41
Kyrgyzstan,raw,Zirconium,,0.0,26.0,10.0,16.0
Laos,processed,Copper,BGS,6518000.0,0.0,0.0,6518000.0
Laos,raw,Antimony,WMD,480000.0,0.0,0.0,480000.0
Laos,raw,Bauxite,WMD,275142000.0,0.0,0.0,275142000.0
Laos,raw,Copper,WMD,56309000.0,0.0,0.0,56309000.0
Laos,raw,Fluorspar,WMD,2716000.0,0.0,0.0,2716000.0
Laos,raw,Gold,WMD,8312.0,0.0,0.0,8312.0
Laos,raw,Lead,WMD,1000000.0,0.0,0.0,1000000.0
Laos,raw,Silver,WMD,19526.0,0.0,0.0,19526.0
Laos,raw,Tin,WMD,790000.0,0.0,0.0,790000.0
Laos,raw,Zinc,WMD,7100000.0,0.0,0.0,7100000.0
Latvia,processed,Arsenic,,0.0,2100.0,0.0,2100.0
Latvia,processed,Bauxite,,0.0,9555133.318,1338141.628,8216991.6899999995
Latvia,processed,Boron,,0.0,16937857.57,13717313.672,3220543.898
Latvia,processed,Cadmium,,0.0,4.0,0.0,4.0
Latvia,processed,Chromium,,0.0,2526908.0,116.0,2526792.0
Latvia,processed,Cobalt,,0.0,35.464,18.692,16.772
Latvia,processed,Copper,,0.0,56778711.984,35029928.84,21748783.143999994
Latvia,processed,Gallium,,0.0,940.048,100.0,840.048
Latvia,processed,Germanium,,0.0,940.048,100.0,840.048
Latvia,processed,Gold,,0.0,1243.94,0.136,1243.804
Latvia,processed,Imdium,,0.0,940.048,100.0,840.048
Latvia,processed,Lead,,0.0,11290893.396,10478032.0,812861.3959999997
Latvia,processed,Lithium,,0.0,2306.456,600.9639999999999,1705.4920000000002
Latvia,processed,Magnesium,,0.0,15705924.46,1557588.0,14148336.46
Latvia,processed,Manganese,,0.0,880268.7679999999,480708.0,399560.7679999999
Latvia,processed,Nickel,,0.0,2714910.423,27600.0,2687310.423
Latvia,processed,Niobium,,0.0,3696.048,100.0,3596.048
Latvia,processed,Rare Earths,,0.0,1648.522,84.388,1564.134
Latvia,processed,Silicon,,0.0,4281103.282,2830121.746,1450981.5359999998
Latvia,processed,Silver,,0.0,640349.8,408184.44,232165.36000000004
Latvia,processed,Tin,,0.0,139523.365,11079.204,128444.161
Latvia,processed,Titanium,,0.0,12746246.28,1732292.0,11013954.28
Latvia,processed,Zinc,,0.0,10115608.962000001,988303.5160000001,9127305.446
Latvia,raw,Aluminium,,0.0,45988600.0,6055440.0,39933160.0
Latvia,raw,Bauxite,,0.0,45988600.0,6055440.0,39933160.0
Latvia,raw,Boron,,0.0,20785964.0,768000.0,20017964.0
Latvia,raw,Chromium,,0.0,40000.0,0.0,40000.0
Latvia,raw,Copper,,0.0,976468.0,0.0,976468.0
Latvia,raw,Fluorspar,,0.0,2034080.0,0.0,2034080.0
Latvia,raw,Lithium,,0.0,14029008.0,1438564.0,12590444.0
Latvia,raw,Magnesium,,0.0,124.0,0.0,124.0
Latvia,raw,Manganese,,0.0,913140.0,0.0,913140.0
Latvia,raw,Niobium,,0.0,6647256.0,2082292.0,4564964.0
Latvia,raw,Selenium,,0.0,61124.0,0.0,61124.0
Latvia,raw,Tellurium,,0.0,5964.0,0.0,5964.0
Latvia,raw,Vanadium,,0.0,6647256.0,2082292.0,4564964.0
Latvia,raw,Zirconium,,0.0,228160.0,0.0,228160.0
Lebanon,processed,Boron,,0.0,78665.753,0.0,78665.753
Lebanon,processed,Chromium,,0.0,9668.42,0.0,9668.42
Lebanon,processed,Gold,,0.0,30470.965999999997,3738.958,26732.007999999998
Lebanon,processed,Lead,BGS,27000000.0,4456605.046,21064826.607,10391778.439
Lebanon,processed,Lithium,,0.0,14.896,0.0,14.896
Lebanon,processed,Magnesium,,0.0,23487.957,0.0,23487.957
Lebanon,processed,Manganese,,0.0,94381.531,0.0,94381.531
Lebanon,processed,Molybdenum,,0.0,375.946,0.0,375.946
Lebanon,processed,Nickel,,0.0,1235.531,0.0,1235.531
Lebanon,processed,Platinum Group Metals,,0.0,98.022,2.915,95.107
Lebanon,processed,Silicon,,0.0,820591.89,3414.32,817177.5700000001
Lebanon,processed,Silver,,0.0,38778.682,466.607,38312.075
Lebanon,processed,Tin,,0.0,4588.612,0.0,4588.612
Lebanon,processed,Vanadium,,0.0,6.712,0.0,6.712
Lebanon,processed,Zinc,,0.0,125726.506,13821.688,111904.818
Lebanon,raw,Fluorspar,,0.0,22012.984,0.0,22012.984
Lebanon,raw,Graphite,,0.0,1990.475,0.0,1990.475
Lebanon,raw,Selenium,,0.0,6.319,0.0,6.319
Lebanon,raw,Titanium,,0.0,351.382,0.0,351.382
Lesotho,processed,Aluminium,,0.0,1174446.31,46096.42,1128349.8900000001
Lesotho,processed,Bauxite,,0.0,41000.4,0.0,41000.4
Lesotho,processed,Boron,,0.0,14401.0,0.0,14401.0
Lesotho,processed,Copper,,0.0,24146.25,13973.0,10173.25
Lesotho,processed,Lead,,0.0,259.86,131.0,128.86
Lesotho,processed,Lithium,,0.0,1.0,0.0,1.0
Lesotho,processed,Magnesium,,0.0,141.06,0.0,141.06
Lesotho,processed,Manganese,,0.0,40.0,0.0,40.0
Lesotho,processed,Molybdenum,,0.0,1.1,0.0,1.1
Lesotho,processed,Nickel,,0.0,5270.0,0.0,5270.0
Lesotho,processed,Rare Earths,,0.0,16.0,0.0,16.0
Lesotho,processed,Silicon,,0.0,22642.02,0.0,22642.02
Lesotho,processed,Silver,,0.0,152.72,0.0,152.72
Lesotho,processed,Tin,,0.0,8071.0,10.0,8061.0
Lesotho,processed,Titanium,,0.0,13205.0,0.0,13205.0
Lesotho,processed,Zinc,,0.0,255168.0,0.0,255168.0
Lesotho,raw,Graphite,,0.0,180.0,0.0,180.0
Lesotho,raw,Lithium,,0.0,18282.1,1.0,18281.1
Lesotho,raw,Titanium,,0.0,60.0,0.0,60.0
Liberia,raw,Gold,WMD,13639.0,0.0,0.0,13639.0
Lithuania,processed,Arsenic,,0.0,0.1,0.0,0.1
Lithuania,processed,Boron,,0.0,4543376.579000001,447226.75,4096149.829000001
Lithuania,processed,Chromium,,0.0,75200.196,100.68,75099.516
Lithuania,processed,Cobalt,,0.0,808.8599999999999,105.01,703.8499999999999
Lithuania,processed,Gold,,0.0,20.927,4.735,16.192
Lithuania,processed,Lithium,,0.0,16744.43,10313.0,6431.43
Lithuania,processed,Nickel,,0.0,748329.853,114354.2,633975.653
Lithuania,processed,Platinum Group Metals,,0.0,73470.716,14401.565,59069.151
Lithuania,processed,Rare Earths,,0.0,234604.241,9350.31,225253.931
Lithuania,processed,Silicon,,0.0,2333527.552,106164.52600000001,2227363.026
Lithuania,processed,Silver,,0.0,5609760.585999999,3011803.798,2597956.7879999992
Lithuania,processed,Tin,,0.0,25111.593,12881.59,12230.003
Lithuania,processed,Zinc,,0.0,413643.047,93532.954,320110.093
Lithuania,raw,Aluminium,,0.0,1491860.0,24000.0,1467860.0
Lithuania,raw,Bauxite,,0.0,1491860.0,24000.0,1467860.0
Lithuania,raw,Boron,,0.0,8250.525,8250.0,0.5249999999996362
Lithuania,raw,Chromium,,0.0,48000.0,0.0,48000.0
Lithuania,raw,Cobalt,,0.0,25.0,0.0,25.0
Lithuania,raw,Fluorspar,,0.0,2248900.0,17600.0,2231300.0
Lithuania,raw,Graphite,,0.0,9477.695000000002,5.0,9472.695000000002
Lithuania,raw,Lithium,,0.0,3265489.167,230335.015,3035154.152
Lithuania,raw,Magnesium,,0.0,81694.4,24095.0,57599.399999999994
Lithuania,raw,Manganese,,0.0,82027.0,14507.0,67520.0
Lithuania,raw,Niobium,,0.0,2378360.0,1017455.0,1360905.0
Lithuania,raw,Selenium,,0.0,930.805,0.0,930.805
Lithuania,raw,Tellurium,,0.0,0.025,0.0,0.025
Lithuania,raw,Titanium,,0.0,45000.0,0.0,45000.0
Lithuania,raw,Vanadium,,0.0,2378360.0,1017455.0,1360905.0
Luxembourg,processed,Arsenic,,0.0,2.0,0.0,2.0
Luxembourg,processed,Bauxite,,0.0,3276436.693,8212.0,3268224.693
Luxembourg,processed,Boron,,0.0,45441.942,6365.0,39076.942
Luxembourg,processed,Cobalt,,0.0,37701.81,4380.0,33321.81
Luxembourg,processed,Gallium,,0.0,5.9,0.0,5.9
Luxembourg,processed,Germanium,,0.0,5.9,0.0,5.9
Luxembourg,processed,Imdium,,0.0,5.9,0.0,5.9
Luxembourg,processed,Lead,,0.0,376215.51499999996,96975.27,279240.24499999994
Luxembourg,processed,Lithium,,0.0,216.403,0.0,216.403
Luxembourg,processed,Manganese,,0.0,0.58,0.0,0.58
Luxembourg,processed,Nickel,,0.0,79085.58099999999,31926.36,47159.22099999999
Luxembourg,processed,Niobium,,0.0,6.9,0.0,6.9
Luxembourg,processed,Rare Earths,,0.0,461771.7,100.0,461671.7
Luxembourg,processed,Silicon,,0.0,11662807.049999999,125212.62,11537594.43
Luxembourg,processed,Silver,,0.0,2505.84,1043.6399999999999,1462.2000000000003
Luxembourg,processed,Tin,,0.0,25114.378,18333.03,6781.348000000002
Luxembourg,processed,Titanium,,0.0,273347.304,2455.0,270892.304
Luxembourg,processed,Vanadium,,0.0,372981.9,0.0,372981.9
Luxembourg,processed,Zinc,,0.0,4501891.882,1441317.5,3060574.382
Luxembourg,raw,Aluminium,,0.0,3039.079,0.0,3039.079
Luxembourg,raw,Bauxite,,0.0,3039.079,0.0,3039.079
Luxembourg,raw,Boron,,0.0,26250.0,13900.0,12350.0
Luxembourg,raw,Chromium,,0.0,2.36,0.0,2.36
Luxembourg,raw,Cobalt,,0.0,1.0,0.0,1.0
Luxembourg,raw,Copper,,0.0,335313.435,1.28,335312.15499999997
Luxembourg,raw,Fluorspar,,0.0,41244.0,3403.0,37841.0
Luxembourg,raw,Gold,,0.0,79460.0,1.0,79459.0
Luxembourg,raw,Graphite,,0.0,860.69,101.0,759.69
Luxembourg,raw,Lithium,,0.0,496082590.245,1763016.14,494319574.105
Luxembourg,raw,Manganese,,0.0,1105.0,0.0,1105.0
Luxembourg,raw,Nickel,,0.0,201.0,0.0,201.0
Luxembourg,raw,Zirconium,,0.0,29.0,0.0,29.0
Madagascar,processed,Aluminium,,0.0,4009578.118,14780.05,3994798.068
Madagascar,processed,Bauxite,,0.0,1840337.75,0.0,1840337.75
Madagascar,processed,Boron,,0.0,169817.03,0.0,169817.03
Madagascar,processed,Cobalt,BGS,3387000.0,306.78,2404000.0,983306.7799999998
Madagascar,processed,Graphite,BGS,60000000.0,0.0,0.0,60000000.0
Madagascar,processed,Lead,,0.0,11358.119999999999,0.0,11358.119999999999
Madagascar,processed,Magnesium,,0.0,3161.86,0.0,3161.86
Madagascar,processed,Molybdenum,,0.0,0.96,0.0,0.96
Madagascar,processed,Nickel,BGS,36085000.0,7794.67,27178821.5,8913973.170000002
Madagascar,processed,Platinum Group Metals,,0.0,12.77,0.0,12.77
Madagascar,processed,Rare Earths,BGS,960000.0,0.0,0.0,960000.0
Madagascar,processed,Silicon,,0.0,443222.92,0.5,443222.42
Madagascar,processed,Silver,,0.0,69.14,0.0,69.14
Madagascar,processed,Tin,,0.0,9382.199999999999,0.0,9382.199999999999
Madagascar,processed,Titanium,,0.0,74860.20999999999,170.8,74689.40999999999
Madagascar,processed,Zinc,,0.0,14533.87,0.0,14533.87
Madagascar,raw,Cobalt,WMD,3387000.0,0.0,0.0,3387000.0
Madagascar,raw,Gold,WMD,2000.0,0.0,0.0,2000.0
Madagascar,raw,Magnesium,,0.0,400.0,0.0,400.0
Madagascar,raw,Manganese,,0.0,14000.0,0.0,14000.0
Madagascar,raw,Nickel,WMD,36085000.0,0.0,0.0,36085000.0
Madagascar,raw,Rare Earths,WMD,4000000.0,0.0,0.0,4000000.0
Madagascar,raw,Titanium,WMD,308800000.0,690.0,0.0,308800690.0
Madagascar,raw,Zirconium,WMD,34376000.0,800.0,31357012.0,3019788.0
Malawi,processed,Boron,,0.0,26490.5,0.0,26490.5
Malawi,processed,Chromium,,0.0,7329.0,0.0,7329.0
Malawi,processed,Copper,,0.0,764136.88,183770.0,580366.88
Malawi,processed,Gold,,0.0,39.1,0.0,39.1
Malawi,processed,Lithium,,0.0,100.0,0.0,100.0
Malawi,processed,Magnesium,,0.0,237.05,0.0,237.05
Malawi,processed,Manganese,,0.0,200.0,0.0,200.0
Malawi,processed,Molybdenum,,0.0,211.0,0.0,211.0
Malawi,processed,Nickel,,0.0,211.5,0.0,211.5
Malawi,processed,Silicon,,0.0,145469.5,0.0,145469.5
Malawi,processed,Silver,,0.0,2592.0,0.0,2592.0
Malawi,processed,Tin,,0.0,896.0,0.0,896.0
Malawi,processed,Titanium,,0.0,101214.79000000001,0.0,101214.79000000001
Malawi,processed,Vanadium,,0.0,21995.3,0.0,21995.3
Malawi,processed,Zinc,,0.0,2127.0,0.0,2127.0
Malawi,raw,Boron,,0.0,460055.0,0.0,460055.0
Malawi,raw,Chromium,,0.0,40.0,0.0,40.0
Malawi,raw,Copper,,0.0,9950.0,0.0,9950.0
Malawi,raw,Gold,WMD,60.0,0.0,0.0,60.0
Malawi,raw,Selenium,,0.0,54.0,0.0,54.0
Malawi,raw,Zinc,,0.0,300.0,0.0,300.0
Malaysia,processed,Aluminium,BGS,1000000000.0,9416336594.647,4591470317.599999,5824866277.047
Malaysia,processed,Bauxite,,0.0,3880044500.526,41332193.78,3838712306.746
Malaysia,processed,Boron,,0.0,67624974.257,14420335.799999999,53204638.457
Malaysia,processed,Cadmium,,0.0,121400.46,80001.0,41399.46000000001
Malaysia,processed,Chromium,,0.0,1447108.956,250867.32,1196241.636
Malaysia,processed,Copper,,0.0,1647228603.476,516907246.51,1130321356.966
Malaysia,processed,Gallium,,0.0,238408.4,18990.94,219417.46
Malaysia,processed,Germanium,,0.0,238408.4,18990.94,219417.46
Malaysia,processed,Imdium,,0.0,238408.4,18990.94,219417.46
Malaysia,processed,Magnesium,,0.0,156226201.782,1969651.0,154256550.782
Malaysia,processed,Manganese,USGS,0.0,2682665.3600000003,1912163.46,770501.9000000004
Malaysia,processed,Molybdenum,,0.0,444632.244,108038.36,336593.884
Malaysia,processed,Nickel,,0.0,43575003.832,40299998.125999995,3275005.7060000077
Malaysia,processed,Niobium,,0.0,239700.436,18992.739999999998,220707.696
Malaysia,processed,Platinum Group Metals,,0.0,153739.628,25498.858,128240.76999999999
Malaysia,processed,Rare Earths,BGS,134000.0,62891984.928,46380064.0,16645920.928000003
Malaysia,processed,Titanium,,0.0,5912764.96,878995.94,5033769.02
Malaysia,processed,Vanadium,,0.0,2833877.258,2241222.54,592654.7179999999
Malaysia,processed,Zinc,,0.0,229759841.856,122538938.22999999,107220903.62600002
Malaysia,raw,Boron,,0.0,21284938.551999997,5034152.0,16250786.551999997
Malaysia,raw,Chromium,,0.0,5177416.8,20003.0,5157413.8
Malaysia,raw,Cobalt,,0.0,122449.04,34568.0,87881.04
Malaysia,raw,Copper,,0.0,332126237.854,136112379.042,196013858.81199998
Malaysia,raw,Fluorspar,,0.0,18991326.89,8600.0,18982726.89
Malaysia,raw,Graphite,,0.0,1914023.884,1203468.6,710555.284
Malaysia,raw,Lithium,,0.0,298214966.992,54224169.66,243990797.332
Malaysia,raw,Magnesium,,0.0,16890592.4,775800.0,16114792.399999999
Malaysia,raw,Manganese,WMD,151000000.0,1035575376.0,658140682.0,528434694.0
Malaysia,raw,Molybdenum,,0.0,2062463.4,1714955.76,347507.6399999999
Malaysia,raw,Niobium,,0.0,5801977.028,3806395.8,1995581.2280000001
Malaysia,raw,Rare Earths,WMD,300000.0,0.0,0.0,300000.0
Malaysia,raw,Selenium,,0.0,26929.2,16767.188,10162.012000000002
Malaysia,raw,Tantalum,WMD,4000.0,0.0,0.0,4000.0
Malaysia,raw,Tin,WMD,3767000.0,30944939.5,1741213.2,32970726.3
Malaysia,raw,Titanium,WMD,15600000.0,232855240.502,77491882.34,170963358.162
Malaysia,raw,Vanadium,,0.0,5801977.028,3806395.8,1995581.2280000001
Maldives,processed,Aluminium,,0.0,18964086.096,1534428.0,17429658.096
Maldives,processed,Bauxite,,0.0,164079.28,0.0,164079.28
Maldives,processed,Boron,,0.0,417.6,0.0,417.6
Maldives,processed,Chromium,,0.0,4.0,0.0,4.0
Maldives,processed,Cobalt,,0.0,40.0,0.0,40.0
Maldives,processed,Copper,,0.0,1675105.116,1506000.0,169105.11599999992
Maldives,processed,Gold,,0.0,1.68,0.0,1.68
Maldives,processed,Magnesium,,0.0,164.0,0.0,164.0
Maldives,processed,Manganese,,0.0,4.0,0.0,4.0
Maldives,processed,Molybdenum,,0.0,40.0,0.0,40.0
Maldives,processed,Nickel,,0.0,16.0,0.0,16.0
Maldives,processed,Platinum Group Metals,,0.0,0.472,0.0,0.472
Maldives,processed,Silicon,,0.0,1959420.296,0.0,1959420.296
Maldives,processed,Silver,,0.0,30.08,0.0,30.08
Maldives,processed,Tin,,0.0,166801.402,0.0,166801.402
Maldives,processed,Titanium,,0.0,72466.8,0.0,72466.8
Maldives,processed,Zinc,,0.0,149.352,0.0,149.352
Maldives,raw,Boron,,0.0,3221.92,0.0,3221.92
Maldives,raw,Copper,,0.0,9937392.0,0.0,9937392.0
Maldives,raw,Lithium,,0.0,210784.0,0.0,210784.0
Maldives,raw,Tellurium,,0.0,0.8,0.0,0.8
Mali,raw,Gold,WMD,72600.0,0.0,0.0,72600.0
Mali,raw,Silver,WMD,3000.0,0.0,0.0,3000.0
Malta,processed,Aluminium,,0.0,9960310.811999999,8976462.46,983848.3519999981
Malta,processed,Bauxite,,0.0,49364.0,0.0,49364.0
Malta,processed,Boron,,0.0,2106.0,836.0,1270.0
Malta,processed,Chromium,,0.0,7208.0,0.0,7208.0
Malta,processed,Cobalt,,0.0,8.0,0.0,8.0
Malta,processed,Copper,,0.0,3260632.696,2181112.0,1079520.696
Malta,processed,Lead,,0.0,47268.0,40000.0,7268.0
Malta,processed,Magnesium,,0.0,89116.0,0.0,89116.0
Malta,processed,Manganese,,0.0,80.0,0.0,80.0
Malta,processed,Molybdenum,,0.0,56.0,0.0,56.0
Malta,processed,Nickel,,0.0,93680.0,37616.0,56064.0
Malta,processed,Platinum Group Metals,,0.0,144.0,0.0,144.0
Malta,processed,Rare Earths,,0.0,119564.0,0.0,119564.0
Malta,processed,Silicon,,0.0,1703604.0,600.0,1703004.0
Malta,processed,Silver,,0.0,2688.0,96.0,2592.0
Malta,processed,Tin,,0.0,10360.0,0.0,10360.0
Malta,processed,Titanium,,0.0,1176.0,0.0,1176.0
Malta,processed,Zinc,,0.0,315216.0,0.0,315216.0
Malta,raw,Boron,,0.0,16.0,0.0,16.0
Malta,raw,Cobalt,,0.0,12.0,0.0,12.0
Malta,raw,Copper,,0.0,10412.0,1584.0,8828.0
Malta,raw,Fluorspar,,0.0,28.0,0.0,28.0
Malta,raw,Gold,,0.0,4.0,0.0,4.0
Malta,raw,Graphite,,0.0,1004.0,0.0,1004.0
Malta,raw,Lithium,,0.0,1304684.0,0.0,1304684.0
Malta,raw,Magnesium,,0.0,16.0,0.0,16.0
Malta,raw,Manganese,,0.0,4.0,0.0,4.0
Malta,raw,Selenium,,0.0,4.0,0.0,4.0
Malta,raw,Tellurium,,0.0,8.0,0.0,8.0
Mauritania,processed,Aluminium,,0.0,5028677.58,1070.0,5027607.58
Mauritania,processed,Bauxite,,0.0,1833475.0,0.0,1833475.0
Mauritania,processed,Boron,,0.0,55697.1,0.0,55697.1
Mauritania,processed,Copper,,0.0,256155.96000000002,0.0,256155.96000000002
Mauritania,processed,Lithium,,0.0,13.2,0.0,13.2
Mauritania,processed,Magnesium,,0.0,150.0,0.0,150.0
Mauritania,processed,Nickel,,0.0,350.0,0.0,350.0
Mauritania,processed,Silicon,,0.0,94113.5,0.0,94113.5
Mauritania,processed,Silver,,0.0,10.0,0.0,10.0
Mauritania,processed,Tin,,0.0,49820.0,0.0,49820.0
Mauritania,processed,Titanium,,0.0,355944.0,0.0,355944.0
Mauritania,raw,Chromium,,0.0,107893.0,0.0,107893.0
Mauritania,raw,Gold,WMD,20129.0,0.0,0.0,20129.0
Mauritania,raw,Lithium,,0.0,535.0,120.0,415.0
Mauritania,raw,Selenium,,0.0,48800.0,0.0,48800.0
Mauritius,processed,Aluminium,,0.0,62725572.0,13192632.0,49532940.0
Mauritius,processed,Bauxite,,0.0,4555528.0,20808.0,4534720.0
Mauritius,processed,Boron,,0.0,94932.0,3880.0,91052.0
Mauritius,processed,Chromium,,0.0,828.0,0.0,828.0
Mauritius,processed,Cobalt,,0.0,28.0,0.0,28.0
Mauritius,processed,Copper,,0.0,4425436.0,3297186.0,1128250.0
Mauritius,processed,Gold,,0.0,976.0,136.0,840.0
Mauritius,processed,Lithium,,0.0,3120.0,0.0,3120.0
Mauritius,processed,Magnesium,,0.0,64116.0,0.0,64116.0
Mauritius,processed,Molybdenum,,0.0,992.0,0.0,992.0
Mauritius,processed,Nickel,,0.0,6388.0,56.0,6332.0
Mauritius,processed,Platinum Group Metals,,0.0,3560.0,0.0,3560.0
Mauritius,processed,Rare Earths,,0.0,2048.0,0.0,2048.0
Mauritius,processed,Silicon,,0.0,1874540.0,176.0,1874364.0
Mauritius,processed,Silver,,0.0,9584.0,1488.0,8096.0
Mauritius,processed,Tin,,0.0,1528.0,0.0,1528.0
Mauritius,processed,Titanium,,0.0,687004.0,0.0,687004.0
Mauritius,processed,Vanadium,,0.0,300.0,0.0,300.0
Mauritius,processed,Zinc,,0.0,1903232.0,0.0,1903232.0
Mauritius,raw,Boron,,0.0,76.0,0.0,76.0
Mauritius,raw,Fluorspar,,0.0,360.0,0.0,360.0
Mauritius,raw,Graphite,,0.0,73300.0,26930.0,46370.0
Mauritius,raw,Lithium,,0.0,111348.0,8.0,111340.0
Mauritius,raw,Selenium,,0.0,8.0,0.0,8.0
Mauritius,raw,Titanium,,0.0,100000.0,0.0,100000.0
Mexico,processed,Aluminium,,0.0,4773927442.268,1011667118.6539999,3762260323.614
Mexico,processed,Bauxite,,0.0,311993494.0,6571380.0,305422114.0
Mexico,processed,Boron,,0.0,63668331.874,0.0,63668331.874
Mexico,processed,Cadmium,BGS,1053000.0,4720.0,0.0,1057720.0
Mexico,processed,Chromium,,0.0,3762508.81,0.0,3762508.81
Mexico,processed,Copper,BGS,666913000.0,736232743.998,250625385.024,1152520358.9740002
Mexico,processed,Fluorspar,BGS,988972000.0,0.0,0.0,988972000.0
Mexico,processed,Gallium,,0.0,132.0,0.0,132.0
Mexico,processed,Germanium,,0.0,132.0,0.0,132.0
Mexico,processed,Graphite,BGS,3124000.0,0.0,0.0,3124000.0
Mexico,processed,Imdium,,0.0,132.0,0.0,132.0
Mexico,processed,Lead,BGS,434800000.0,11189542.75,166975166.0,279014376.75
Mexico,processed,Lithium,,0.0,50.972,0.0,50.972
Mexico,processed,Magnesium,,0.0,73119846.0,17028524.0,56091322.0
Mexico,processed,Manganese,,0.0,430860.0,0.0,430860.0
Mexico,processed,Molybdenum,,0.0,58122.238,0.0,58122.238
Mexico,processed,Nickel,,0.0,24705854.259999998,6147398.0,18558456.259999998
Mexico,processed,Niobium,,0.0,132.0,0.0,132.0
Mexico,processed,Rare Earths,,0.0,1228200.0,0.0,1228200.0
Mexico,processed,Selenium,BGS,131000.0,0.0,0.0,131000.0
Mexico,processed,Silicon,,0.0,292493743.36399996,17049891.45,275443851.914
Mexico,processed,Tin,,0.0,8020303.682,1958250.0,6062053.682
Mexico,processed,Titanium,USGS,0.0,8088695.498,3613414.0,4475281.498
Mexico,processed,Vanadium,,0.0,84132.0,0.0,84132.0
Mexico,processed,Zinc,BGS,352767000.0,10190810394.89,118544440.0,10425032954.89
Mexico,raw,Aluminium,,0.0,69157366.0,0.0,69157366.0
Mexico,raw,Antimony,WMD,576000.0,0.0,0.0,576000.0
Mexico,raw,Bauxite,,0.0,69157366.0,0.0,69157366.0
Mexico,raw,Boron,,0.0,214002.0,0.0,214002.0
Mexico,raw,Cadmium,WMD,1021000.0,0.0,0.0,1021000.0
Mexico,raw,Chromium,,0.0,11605630.0,0.0,11605630.0
Mexico,raw,Fluorspar,WMD,1162591000.0,10597622.0,108753172.0,1064435450.0
Mexico,raw,Graphite,WMD,3124000.0,7822744.0,10495996.0,450748.0
Mexico,raw,Lead,WMD,373609000.0,0.0,368490200.0,5118800.0
Mexico,raw,Magnesium,WMD,0.0,15992.0,0.0,15992.0
Mexico,raw,Manganese,WMD,225211000.0,0.0,0.0,225211000.0
Mexico,raw,Molybdenum,WMD,28313000.0,0.0,0.0,28313000.0
Mexico,raw,Selenium,WMD,139000.0,0.0,0.0,139000.0
Mexico,raw,Titanium,,0.0,5588724.0,0.0,5588724.0
Mexico,raw,Zirconium,,0.0,17590634.0,0.0,17590634.0
Mongolia,processed,Copper,BGS,9661000.0,0.0,0.0,9661000.0
Mongolia,processed,Fluorspar,BGS,222400000.0,0.0,0.0,222400000.0
Mongolia,raw,Copper,WMD,313270000.0,0.0,0.0,313270000.0
Mongolia,raw,Fluorspar,WMD,492500000.0,0.0,0.0,492500000.0
Mongolia,raw,Gold,WMD,14855.0,0.0,0.0,14855.0
Mongolia,raw,Lead,WMD,8500000.0,0.0,0.0,8500000.0
Mongolia,raw,Molybdenum,WMD,2650000.0,0.0,0.0,2650000.0
Mongolia,raw,Silver,WMD,73000.0,0.0,0.0,73000.0
Mongolia,raw,Tin,WMD,16000.0,0.0,0.0,16000.0
Mongolia,raw,Zinc,WMD,60300000.0,0.0,0.0,60300000.0
Montenegro,processed,Aluminium,BGS,21778000.0,68551329.216,72395355.88,17933973.33600001
Montenegro,processed,Bauxite,,0.0,127927.64,0.0,127927.64
Montenegro,processed,Boron,,0.0,54060.92,0.0,54060.92
Montenegro,processed,Chromium,,0.0,5353.200000000001,0.0,5353.200000000001
Montenegro,processed,Cobalt,,0.0,0.2,0.0,0.2
Montenegro,processed,Gallium,,0.0,0.04,0.0,0.04
Montenegro,processed,Germanium,,0.0,0.04,0.0,0.04
Montenegro,processed,Gold,,0.0,2377.4,0.0,2377.4
Montenegro,processed,Imdium,,0.0,0.04,0.0,0.04
Montenegro,processed,Lithium,,0.0,4.496,0.0,4.496
Montenegro,processed,Magnesium,,0.0,467495.2,0.0,467495.2
Montenegro,processed,Manganese,,0.0,0.8,0.0,0.8
Montenegro,processed,Molybdenum,,0.0,4.04,0.0,4.04
Montenegro,processed,Nickel,,0.0,1069.916,0.0,1069.916
Montenegro,processed,Niobium,,0.0,0.04,0.0,0.04
Montenegro,processed,Platinum Group Metals,,0.0,0.04,0.0,0.04
Montenegro,processed,Silicon,,0.0,297304.56,0.0,297304.56
Montenegro,processed,Tin,,0.0,10450.199999999999,272.0,10178.199999999999
Montenegro,processed,Titanium,,0.0,1248.0,0.0,1248.0
Montenegro,processed,Vanadium,,0.0,0.24000000000000002,0.0,0.24000000000000002
Montenegro,processed,Zinc,,0.0,99089.64,14.2,99075.44
Montenegro,raw,Chromium,,0.0,324120.0,0.0,324120.0
Montenegro,raw,Graphite,,0.0,10.48,0.0,10.48
Montenegro,raw,Lithium,,0.0,1473153.72,104.0,1473049.72
Montenegro,raw,Manganese,,0.0,4000.0,0.0,4000.0
Montenegro,raw,Selenium,,0.0,1.0,0.0,1.0
Montserrat,processed,Aluminium,,0.0,7627.9,0.0,7627.9
Montserrat,processed,Boron,,0.0,1.0,0.0,1.0
Montserrat,processed,Magnesium,,0.0,2.0,0.0,2.0
Montserrat,processed,Nickel,,0.0,60.0,0.0,60.0
Montserrat,processed,Silicon,,0.0,15.0,0.0,15.0
Montserrat,processed,Tin,,0.0,7.0,0.0,7.0
Montserrat,raw,Copper,,0.0,1.0,0.0,1.0
Montserrat,raw,Graphite,,0.0,12.0,0.0,12.0
Montserrat,raw,Lithium,,0.0,57.0,0.0,57.0
Morocco,processed,Aluminium,,0.0,890554372.0200001,133031408.94,757522963.0800002
Morocco,processed,Arsenic,BGS,6000000.0,2000.0,0.0,6002000.0
Morocco,processed,Bauxite,,0.0,51785828.946,1975163.8,49810665.146000005
Morocco,processed,Boron,,0.0,47082609.416,86484.0,46996125.416
Morocco,processed,Cadmium,,0.0,410.0,0.0,410.0
Morocco,processed,Chromium,,0.0,266274.771,6000.0,260274.771
Morocco,processed,Copper,,0.0,391940665.916,70183500.84,321757165.076
Morocco,processed,Fluorspar,BGS,77000000.0,0.0,0.0,77000000.0
Morocco,processed,Gold,,0.0,2888.806,371.9,2516.906
Morocco,processed,Lead,BGS,8000000.0,1328758.82,2486.4,9326272.42
Morocco,processed,Lithium,,0.0,43367.056000000004,0.0,43367.056000000004
Morocco,processed,Magnesium,,0.0,9824925.91,0.0,9824925.91
Morocco,processed,Manganese,,0.0,2100105.0,24000.0,2076105.0
Morocco,processed,Molybdenum,,0.0,11396.606,6.0,11390.606
Morocco,processed,Nickel,BGS,0.0,11272183.068,4834086.38,6438096.688
Morocco,processed,Rare Earths,,0.0,12681.742000000002,0.0,12681.742000000002
Morocco,processed,Silicon,,0.0,55887893.918,185424.7,55702469.217999995
Morocco,processed,Tin,,0.0,206977.796,38661.6,168316.196
Morocco,processed,Vanadium,,0.0,38.194,0.0,38.194
Morocco,processed,Zinc,,0.0,38725712.688,15201830.0,23523882.688
Morocco,raw,Aluminium,,0.0,27428000.0,0.0,27428000.0
Morocco,raw,Arsenic,WMD,7700000.0,0.0,0.0,7700000.0
Morocco,raw,Bauxite,,0.0,27428000.0,0.0,27428000.0
Morocco,raw,Chromium,,0.0,414800.0,0.0,414800.0
Morocco,raw,Cobalt,WMD,1506000.0,8481724.0,0.0,9987724.0
Morocco,raw,Fluorspar,WMD,101369000.0,3409520.0,54962216.0,49816304.0
Morocco,raw,Gold,WMD,104.0,0.0,0.0,104.0
Morocco,raw,Graphite,,0.0,281909.182,32341.8,249567.38199999998
Morocco,raw,Lithium,,0.0,26954680.166,15685593.36,11269086.806000002
Morocco,raw,Magnesium,,0.0,429560.0,134.0,429426.0
Morocco,raw,Nickel,WMD,130000.0,4824352.0,0.0,4954352.0
Morocco,raw,Selenium,,0.0,92365.5,0.0,92365.5
Morocco,raw,Titanium,,0.0,1957020.0,0.0,1957020.0
Morocco,raw,Zirconium,,0.0,171207.2,0.0,171207.2
Mozambique,processed,Aluminium,BGS,541601000.0,1195350520.0,830535404.0,906416116.0
Mozambique,processed,Bauxite,,0.0,1188205808.0,0.0,1188205808.0
Mozambique,processed,Boron,,0.0,242924.0,0.0,242924.0
Mozambique,processed,Cobalt,,0.0,50.0,0.0,50.0
Mozambique,processed,Fluorspar,BGS,5000.0,0.0,0.0,5000.0
Mozambique,processed,Graphite,BGS,97346000.0,0.0,0.0,97346000.0
Mozambique,processed,Lead,BGS,4585000.0,2002.0,250000.0,4337002.0
Mozambique,processed,Magnesium,,0.0,112132.0,0.0,112132.0
Mozambique,processed,Manganese,,0.0,28.0,0.0,28.0
Mozambique,processed,Molybdenum,,0.0,626.0,0.0,626.0
Mozambique,processed,Nickel,,0.0,10416.0,54.0,10362.0
Mozambique,processed,Platinum Group Metals,,0.0,0.162,0.0,0.162
Mozambique,processed,Silicon,,0.0,7028642.0,14000.0,7014642.0
Mozambique,processed,Silver,,0.0,2936.0,0.0,2936.0
Mozambique,processed,Tin,,0.0,14198.0,0.0,14198.0
Mozambique,processed,Vanadium,,0.0,100.0,0.0,100.0
Mozambique,processed,Zinc,,0.0,1804968.0,308000.0,1496968.0
Mozambique,raw,Aluminium,WMD,516484000.0,0.0,9138200.0,507345800.0
Mozambique,raw,Boron,,0.0,48176.0,0.0,48176.0
Mozambique,raw,Gold,WMD,1666.0,0.0,0.0,1666.0
Mozambique,raw,Graphite,WMD,97346000.0,402.0,70610294.0,26736108.0
Mozambique,raw,Magnesium,,0.0,10.0,0.0,10.0
Mozambique,raw,Manganese,,0.0,2290.0,0.0,2290.0
Mozambique,raw,Tantalum,WMD,82000.0,0.0,0.0,82000.0
Mozambique,raw,Titanium,WMD,1829500000.0,0.0,0.0,1829500000.0
Myanmar,processed,Bauxite,,0.0,13327811.84,35840.0,13291971.84
Myanmar,processed,Boron,,0.0,1899601.6800000002,0.0,1899601.6800000002
Myanmar,processed,Magnesium,,0.0,329608.0,0.0,329608.0
Myanmar,processed,Molybdenum,,0.0,20601.6,0.0,20601.6
Myanmar,processed,Nickel,BGS,8000000.0,1682.088,0.0,8001682.088
Myanmar,processed,Rare Earths,BGS,72000000.0,24001.2,0.0,72024001.2
Myanmar,processed,Silicon,,0.0,18705850.48,0.0,18705850.48
Myanmar,processed,Silver,,0.0,5163.84,0.0,5163.84
Myanmar,processed,Tin,,0.0,10185412.16,1209362.0,8976050.16
Myanmar,processed,Titanium,,0.0,1986074.0,0.0,1986074.0
Myanmar,raw,Antimony,WMD,2360000.0,0.0,0.0,2360000.0
Myanmar,raw,Chromium,,0.0,300008.0,0.0,300008.0
Myanmar,raw,Copper,WMD,2170000.0,45736.0,1040000.0,1175736.0
Myanmar,raw,Fluorspar,,0.0,400000.0,0.0,400000.0
Myanmar,raw,Gold,WMD,510.0,0.0,0.0,510.0
Myanmar,raw,Graphite,,0.0,100000.0,0.0,100000.0
Myanmar,raw,Lithium,,0.0,4524000.0,0.0,4524000.0
Myanmar,raw,Magnesium,,0.0,120.0,0.0,120.0
Myanmar,raw,Manganese,WMD,234000000.0,1686.0,0.0,234001686.0
Myanmar,raw,Molybdenum,,0.0,4.0,0.0,4.0
Myanmar,raw,Nickel,WMD,5100000.0,0.0,0.0,5100000.0
Myanmar,raw,Niobium,,0.0,4.0,0.0,4.0
Myanmar,raw,Rare Earths,WMD,56850000.0,0.0,0.0,56850000.0
Myanmar,raw,Tin,WMD,41950000.0,0.0,1238448.0,40711552.0
Myanmar,raw,Titanium,,0.0,4.0,0.0,4.0
Myanmar,raw,Vanadium,,0.0,4.0,0.0,4.0
Myanmar,raw,Zinc,WMD,8980000.0,0.0,4616720.0,4363280.0
Namibia,processed,Arsenic,,0.0,88.0,5.6,82.4
Namibia,processed,Bauxite,,0.0,856726.1599999999,9532.0,847194.1599999999
Namibia,processed,Boron,,0.0,87823.832,100.0,87723.832
Namibia,processed,Chromium,,0.0,7502.908,0.0,7502.908
Namibia,processed,Cobalt,,0.0,58445993.2,54153004.12,4292989.080000006
Namibia,processed,Lithium,,0.0,1856.0,1408.0,448.0
Namibia,processed,Magnesium,,0.0,16900868.716000002,11295284.0,5605584.716000002
Namibia,processed,Manganese,,0.0,192924888.376,532.0,192924356.376
Namibia,processed,Molybdenum,,0.0,2167.044,0.0,2167.044
Namibia,processed,Nickel,,0.0,108906.828,112.0,108794.828
Namibia,processed,Platinum Group Metals,,0.0,45.2,4.0,41.2
Namibia,processed,Rare Earths,,0.0,9674.276,0.0,9674.276
Namibia,processed,Silicon,,0.0,1417052.064,435211.64,981840.424
Namibia,processed,Tin,,0.0,606387.964,16140.0,590247.964
Namibia,processed,Vanadium,,0.0,800.0,0.0,800.0
Namibia,raw,Aluminium,,0.0,8.0,4.0,4.0
Namibia,raw,Bauxite,,0.0,8.0,4.0,4.0
Namibia,raw,Boron,,0.0,480000.0,211200.0,268800.0
Namibia,raw,Chromium,,0.0,2540.52,0.0,2540.52
Namibia,raw,Gold,WMD,9800.0,48605313.04,2784.08,48612328.96
Namibia,raw,Magnesium,,0.0,8004.752,0.0,8004.752
Namibia,raw,Selenium,,0.0,2042.32,0.0,2042.32
Namibia,raw,Silver,WMD,5000.0,0.0,0.0,5000.0
Namibia,raw,Tantalum,BGS,9000.0,0.0,0.0,9000.0
Netherlands,processed,Aluminium,BGS,0.0,2630941375.897,2323612093.936,307329281.96099997
Netherlands,processed,Bauxite,,0.0,836217867.271,616681086.719,219536780.55200005
Netherlands,processed,Boron,,0.0,166531654.203,91023456.364,75508197.83900002
Netherlands,processed,Cadmium,BGS,750000.0,13015.093,0.0,763015.093
Netherlands,processed,Chromium,,0.0,3925996.8230000003,2103893.196,1822103.6270000003
Netherlands,processed,Cobalt,,0.0,3155802.9620000003,2208932.615,946870.3470000001
Netherlands,processed,Lithium,,0.0,9814810.229999999,8928948.253,885861.9769999981
Netherlands,processed,Magnesium,,0.0,188082286.74,184430506.0,3651780.7400000095
Netherlands,processed,Platinum Group Metals,,0.0,523495.038,311548.998,211946.03999999998
Netherlands,processed,Tin,,0.0,8128139.953,6132783.636999999,1995356.3160000006
Netherlands,processed,Titanium,,0.0,6142782.295,4152692.381,1990089.9139999999
Netherlands,processed,Vanadium,,0.0,4723692.351,3022871.018,1700821.3329999996
Netherlands,processed,Zinc,BGS,238900000.0,418262736.18,535131989.358,122030746.82200009
Netherlands,raw,Aluminium,WMD,0.0,82704471.0,55496907.0,27207564.0
Netherlands,raw,Bauxite,,0.0,82704471.0,55496907.0,27207564.0
Netherlands,raw,Boron,,0.0,19653897.695,16006400.475,3647497.2200000007
Netherlands,raw,Cadmium,WMD,726000.0,0.0,0.0,726000.0
Netherlands,raw,Lead,,0.0,21546742.0,6472470.0,15074272.0
Netherlands,raw,Lithium,,0.0,134827463.392,94174515.874,40652947.51799999
Netherlands,raw,Magnesium,,0.0,7705329.0,339329.0,7366000.0
Netherlands,raw,Molybdenum,,0.0,32374326.239,30996188.612,1378137.6270000003
Netherlands,raw,Silver,,0.0,852.0,163.0,689.0
Netherlands,raw,Tin,,0.0,131.531,2.0,129.531
Netherlands,raw,Titanium,,0.0,77253875.0,32809822.0,44444053.0
Netherlands,raw,Zinc,,0.0,334893361.0,18514994.0,316378367.0
Netherlands,raw,Zirconium,,0.0,25493242.137,9856254.0,15636988.136999998
New Caledonia,processed,Nickel,BGS,71912000.0,0.0,0.0,71912000.0
New Caledonia,raw,Cobalt,WMD,2300000.0,0.0,0.0,2300000.0
New Caledonia,raw,Nickel,WMD,233375000.0,0.0,0.0,233375000.0
New Zealand,processed,Aluminium,BGS,333716000.0,618662960.357,332251867.057,620127093.3
New Zealand,processed,Bauxite,,0.0,571457318.85,57499.075,571399819.775
New Zealand,processed,Boron,,0.0,5851557.323,8447.0,5843110.323
New Zealand,processed,Cadmium,,0.0,2811.497,0.0,2811.497
New Zealand,processed,Chromium,,0.0,3272268.851,595.0,3271673.851
New Zealand,processed,Cobalt,,0.0,4545.047,88.213,4456.834
New Zealand,processed,Lithium,,0.0,6893.675,34.0,6859.675
New Zealand,processed,Magnesium,,0.0,39520926.494,349.179,39520577.315000005
New Zealand,processed,Manganese,,0.0,135272.0,1814.0,133458.0
New Zealand,processed,Molybdenum,,0.0,20575.161,232.389,20342.772
New Zealand,processed,Nickel,,0.0,79990.485,26262.634,53727.851
New Zealand,processed,Platinum Group Metals,,0.0,121.191,81.252,39.93900000000001
New Zealand,processed,Silicon,,0.0,5675591.477,24549.345,5651042.132
New Zealand,processed,Tin,,0.0,1936954.0809999998,812077.926,1124876.1549999998
New Zealand,processed,Titanium,,0.0,486057.73,5929.517,480128.213
New Zealand,processed,Vanadium,,0.0,98151.0,0.0,98151.0
New Zealand,processed,Zinc,,0.0,6051075.115,187666.0,5863409.115
New Zealand,raw,Aluminium,WMD,333869000.0,603938.0,0.0,334472938.0
New Zealand,raw,Bauxite,,0.0,603938.0,0.0,603938.0
New Zealand,raw,Boron,,0.0,5311177.615,0.0,5311177.615
New Zealand,raw,Chromium,,0.0,53000.0,0.0,53000.0
New Zealand,raw,Cobalt,,0.0,1.0,0.0,1.0
New Zealand,raw,Copper,,0.0,5288.0,4.0,5284.0
New Zealand,raw,Fluorspar,,0.0,457009.0,0.0,457009.0
New Zealand,raw,Gold,WMD,6844.0,0.0,0.0,6844.0
New Zealand,raw,Graphite,,0.0,15084.0,24.0,15060.0
New Zealand,raw,Magnesium,,0.0,2751976.0,0.0,2751976.0
New Zealand,raw,Nickel,,0.0,1.0,0.0,1.0
New Zealand,raw,Niobium,,0.0,20000.0,0.0,20000.0
New Zealand,raw,Selenium,,0.0,18689.0,0.0,18689.0
New Zealand,raw,Silver,WMD,5554.0,0.0,0.0,5554.0
New Zealand,raw,Tellurium,,0.0,1.19,0.0,1.19
New Zealand,raw,Tin,,0.0,5.225,0.0,5.225
New Zealand,raw,Vanadium,,0.0,20000.0,0.0,20000.0
New Zealand,raw,Zinc,,0.0,233.939,0.0,233.939
New Zealand,raw,Zirconium,,0.0,40427.0,0.0,40427.0
Nicaragua,processed,Bauxite,,0.0,1559403.2999999998,5000.0,1554403.2999999998
Nicaragua,processed,Boron,,0.0,737291.4,11000.0,726291.4
Nicaragua,processed,Chromium,,0.0,226.4,0.0,226.4
Nicaragua,processed,Copper,,0.0,4576310.9,2056686.7999999998,2519624.1000000006
Nicaragua,processed,Lead,,0.0,5571.6,0.0,5571.6
Nicaragua,processed,Magnesium,,0.0,174934.4,0.0,174934.4
Nicaragua,processed,Molybdenum,,0.0,682.1,0.0,682.1
Nicaragua,processed,Nickel,,0.0,1899.1,0.0,1899.1
Nicaragua,processed,Rare Earths,,0.0,3.9,0.0,3.9
Nicaragua,processed,Silicon,,0.0,1277514.182,0.0,1277514.182
Nicaragua,processed,Tin,,0.0,18774.314000000002,9211.8,9562.514000000003
Nicaragua,processed,Titanium,,0.0,347634.0,9000.0,338634.0
Nicaragua,processed,Zinc,,0.0,243048.8,0.0,243048.8
Nicaragua,raw,Boron,,0.0,611250.0,0.0,611250.0
Nicaragua,raw,Fluorspar,,0.0,32846.5,0.0,32846.5
Nicaragua,raw,Gold,WMD,13330.0,74.3,0.0,13404.3
Nicaragua,raw,Graphite,,0.0,4.0,0.0,4.0
Nicaragua,raw,Lithium,,0.0,136983.6,569.1,136414.5
Nicaragua,raw,Magnesium,,0.0,4751850.0,0.0,4751850.0
Nicaragua,raw,Silver,WMD,36500.0,0.0,0.0,36500.0
Nicaragua,raw,Zirconium,,0.0,7589.6,0.0,7589.6
Niger,processed,Aluminium,,0.0,4489388.0,0.0,4489388.0
Niger,processed,Bauxite,,0.0,3210886.0,0.0,3210886.0
Niger,processed,Boron,,0.0,22008.0,0.0,22008.0
Niger,processed,Copper,,0.0,1173181.0,0.0,1173181.0
Niger,processed,Lead,,0.0,13990.0,0.0,13990.0
Niger,processed,Manganese,,0.0,202720.0,0.0,202720.0
Niger,processed,Molybdenum,,0.0,16.0,0.0,16.0
Niger,processed,Nickel,,0.0,52.0,0.0,52.0
Niger,processed,Rare Earths,,0.0,4.0,0.0,4.0
Niger,processed,Silicon,,0.0,24181.0,0.0,24181.0
Niger,processed,Tin,,0.0,11082.0,0.0,11082.0
Niger,processed,Titanium,,0.0,9454.0,0.0,9454.0
Niger,processed,Zinc,,0.0,209038.0,0.0,209038.0
Niger,raw,Gold,WMD,2534.0,64739200.0,0.0,64741734.0
Niger,raw,Graphite,,0.0,250.0,0.0,250.0
Niger,raw,Silver,WMD,100.0,0.0,0.0,100.0
Nigeria,processed,Bauxite,,0.0,34333165.924,7830920.0,26502245.924000002
Nigeria,processed,Boron,,0.0,3190533.96,0.0,3190533.96
Nigeria,processed,Chromium,,0.0,72064.0,0.0,72064.0
Nigeria,processed,Cobalt,,0.0,42652.4,0.0,42652.4
Nigeria,processed,Gallium,,0.0,304.0,0.0,304.0
Nigeria,processed,Germanium,,0.0,304.0,0.0,304.0
Nigeria,processed,Gold,,0.0,12400.0,0.0,12400.0
Nigeria,processed,Imdium,,0.0,304.0,0.0,304.0
Nigeria,processed,Magnesium,,0.0,3104499.312,577720.0,2526779.312
Nigeria,processed,Manganese,,0.0,8935028.2,0.0,8935028.2
Nigeria,processed,Molybdenum,,0.0,40040.08,0.0,40040.08
Nigeria,processed,Nickel,,0.0,1162832.4640000002,98671.6,1064160.864
Nigeria,processed,Niobium,,0.0,304.0,0.0,304.0
Nigeria,processed,Platinum Group Metals,,0.0,9.44,0.0,9.44
Nigeria,processed,Rare Earths,,0.0,84560.0,0.0,84560.0
Nigeria,processed,Silicon,,0.0,124792488.04,0.0,124792488.04
Nigeria,processed,Silver,,0.0,71161.12,0.0,71161.12
Nigeria,processed,Tin,,0.0,7884503.8,0.0,7884503.8
Nigeria,processed,Titanium,,0.0,29670353.4,100000.0,29570353.4
Nigeria,processed,Vanadium,,0.0,304.0,0.0,304.0
Nigeria,processed,Zinc,,0.0,15041020.16,4893560.0,10147460.16
Nigeria,raw,Aluminium,,0.0,1917060.48,0.0,1917060.48
Nigeria,raw,Bauxite,,0.0,1917060.48,0.0,1917060.48
Nigeria,raw,Boron,,0.0,302800.0,0.0,302800.0
Nigeria,raw,Chromium,,0.0,673376.0,184640.0,488736.0
Nigeria,raw,Copper,,0.0,5951196.0,700000.0,5251196.0
Nigeria,raw,Fluorspar,WMD,23960000.0,324800.0,2754268.0,21530532.0
Nigeria,raw,Gold,WMD,2632.0,795210.12,0.0,797842.12
Nigeria,raw,Graphite,,0.0,487991.96,0.0,487991.96
Nigeria,raw,Magnesium,,0.0,11164.0,0.0,11164.0
Nigeria,raw,Rare Earths,WMD,390000.0,0.0,0.0,390000.0
Nigeria,raw,Selenium,,0.0,32312.0,0.0,32312.0
Nigeria,raw,Silver,WMD,277.0,0.0,0.0,277.0
Nigeria,raw,Tantalum,WMD,190000.0,0.0,0.0,190000.0
North Korea,raw,Cadmium,WMD,150000.0,0.0,0.0,150000.0
North Korea,raw,Copper,WMD,2000000.0,0.0,0.0,2000000.0
North Korea,raw,Fluorspar,WMD,6000000.0,0.0,0.0,6000000.0
North Korea,raw,Gold,WMD,10000.0,0.0,0.0,10000.0
North Korea,raw,Graphite,WMD,20000000.0,0.0,0.0,20000000.0
North Korea,raw,Lead,WMD,25000000.0,0.0,0.0,25000000.0
North Korea,raw,Magnesium,WMD,80000000.0,0.0,0.0,80000000.0
North Korea,raw,Molybdenum,WMD,350000.0,0.0,0.0,350000.0
North Korea,raw,Silver,WMD,50000.0,0.0,0.0,50000.0
North Korea,raw,Zinc,WMD,28000000.0,0.0,0.0,28000000.0
North Macedonia,processed,Aluminium,,0.0,52988412.878,16779207.869,36209205.009
North Macedonia,processed,Arsenic,,0.0,11100.0,0.0,11100.0
North Macedonia,processed,Bauxite,,0.0,5793435.8440000005,38024.0,5755411.8440000005
North Macedonia,processed,Boron,,0.0,59878.208,24924.0,34954.208
North Macedonia,processed,Chromium,,0.0,7311.258,1600.0,5711.258
North Macedonia,processed,Cobalt,,0.0,1420.0,0.0,1420.0
North Macedonia,processed,Gold,,0.0,133.372,0.0,133.372
North Macedonia,processed,Lead,,0.0,29196637.53,252690.0,28943947.53
North Macedonia,processed,Lithium,,0.0,9.918,0.0,9.918
North Macedonia,processed,Magnesium,,0.0,326477.11799999996,2.0,326475.11799999996
North Macedonia,processed,Manganese,,0.0,7400.164000000001,160.348,7239.816000000001
North Macedonia,processed,Molybdenum,,0.0,143.23999999999998,54.486,88.75399999999999
North Macedonia,processed,Nickel,BGS,3800000.0,220192.132,4.0,4020188.132
North Macedonia,processed,Platinum Group Metals,,0.0,65952.69,0.04,65952.65000000001
North Macedonia,processed,Rare Earths,,0.0,1571689.348,1010.302,1570679.046
North Macedonia,processed,Silicon,,0.0,3185888.892,4156.0,3181732.892
North Macedonia,processed,Tin,,0.0,178473.874,29332.0,149141.874
North Macedonia,processed,Titanium,,0.0,74877.186,0.0,74877.186
North Macedonia,processed,Vanadium,,0.0,68000.0,0.0,68000.0
North Macedonia,processed,Zinc,,0.0,5396815.722,924010.0,4472805.722
North Macedonia,raw,Aluminium,,0.0,318140.0,0.0,318140.0
North Macedonia,raw,Bauxite,,0.0,318140.0,0.0,318140.0
North Macedonia,raw,Boron,,0.0,544.0,0.0,544.0
North Macedonia,raw,Fluorspar,,0.0,354560.0,0.0,354560.0
North Macedonia,raw,Gold,WMD,600.0,0.0,0.0,600.0
North Macedonia,raw,Graphite,,0.0,416057.75,0.0,416057.75
North Macedonia,raw,Magnesium,,0.0,44.0,0.0,44.0
North Macedonia,raw,Selenium,,0.0,709.712,0.0,709.712
North Macedonia,raw,Silver,WMD,16120.0,0.0,0.0,16120.0
North Macedonia,raw,Tellurium,,0.0,544.0,0.0,544.0
Norway,processed,Aluminium,BGS,1321200000.0,5652912821.0,2108566901.0,4865545920.0
Norway,processed,Arsenic,,0.0,26.0,0.0,26.0
Norway,processed,Bauxite,,0.0,5284769320.0,78852506.0,5205916814.0
Norway,processed,Boron,,0.0,71224.0,28.0,71196.0
Norway,processed,Chromium,,0.0,299196.0,51424.0,247772.0
Norway,processed,Cobalt,BGS,3464000.0,5802.0,268.0,3469534.0
Norway,processed,Copper,BGS,40172000.0,74022496.0,112240920.0,1953576.0
Norway,processed,Gallium,,0.0,302.0,8.0,294.0
Norway,processed,Germanium,,0.0,302.0,8.0,294.0
Norway,processed,Graphite,BGS,6483000.0,0.0,0.0,6483000.0
Norway,processed,Imdium,,0.0,302.0,8.0,294.0
Norway,processed,Lead,,0.0,17781462.0,5357594.0,12423868.0
Norway,processed,Lithium,,0.0,64156.0,110.0,64046.0
Norway,processed,Magnesium,,0.0,38206538.0,36320.0,38170218.0
Norway,processed,Molybdenum,,0.0,2317.0,996.0,1321.0
Norway,processed,Nickel,BGS,95013000.0,342429210.0,193845068.0,243597142.0
Norway,processed,Niobium,,0.0,460.0,8.0,452.0
Norway,processed,Rare Earths,,0.0,1481618.0,7222.0,1474396.0
Norway,processed,Vanadium,,0.0,100488.0,18.0,100470.0
Norway,raw,Aluminium,WMD,1321229000.0,338.0,1722.0,1321227616.0
Norway,raw,Boron,,0.0,1153394.0,0.0,1153394.0
Norway,raw,Cadmium,WMD,420000.0,0.0,0.0,420000.0
Norway,raw,Graphite,WMD,6483000.0,514156.0,0.0,6997156.0
Norway,raw,Magnesium,,0.0,6298.0,0.0,6298.0
Norway,raw,Manganese,,0.0,2355266600.0,7992220.0,2347274380.0
Norway,raw,Niobium,,0.0,172.0,0.0,172.0
Norway,raw,Tellurium,,0.0,3634.0,0.0,3634.0
Norway,raw,Titanium,WMD,290660000.0,640620000.0,0.0,931280000.0
Norway,raw,Vanadium,,0.0,172.0,0.0,172.0
Norway,raw,Zinc,,0.0,565467600.0,0.0,565467600.0
Norway,raw,Zirconium,,0.0,1.0,0.0,1.0
Oman,processed,Aluminium,BGS,398000000.0,0.0,0.0,398000000.0
Oman,processed,Lead,BGS,15400000.0,0.0,0.0,15400000.0
Oman,raw,Aluminium,WMD,397530000.0,0.0,0.0,397530000.0
Oman,raw,Chromium,WMD,150800000.0,0.0,0.0,150800000.0
Oman,raw,Manganese,WMD,3300000.0,0.0,0.0,3300000.0
"Other Asia, Nes",processed,Aluminium,,0.0,461523475.395,409996817.463,51526657.93199998
"Other Asia, Nes",processed,Arsenic,,0.0,1850.971,402.0,1448.971
"Other Asia, Nes",processed,Bauxite,,0.0,36886015.642,14183664.610000001,22702351.031999998
"Other Asia, Nes",processed,Boron,,0.0,5169126.171,3297749.0,1871377.171
"Other Asia, Nes",processed,Cadmium,,0.0,80.41,0.0,80.41
"Other Asia, Nes",processed,Chromium,,0.0,2758184.0,362645.0,2395539.0
"Other Asia, Nes",processed,Cobalt,,0.0,5179082.365,1261125.0,3917957.365
"Other Asia, Nes",processed,Copper,,0.0,704755158.141,458782050.987,245973107.15400004
"Other Asia, Nes",processed,Gold,,0.0,87874.968,15778.31,72096.658
"Other Asia, Nes",processed,Lithium,,0.0,919309.164,65307.103,854002.061
"Other Asia, Nes",processed,Magnesium,,0.0,75280027.266,6081550.458000001,69198476.808
"Other Asia, Nes",processed,Manganese,,0.0,2486145.375,50460.0,2435685.375
"Other Asia, Nes",processed,Molybdenum,,0.0,1302347.447,944332.618,358014.8289999999
"Other Asia, Nes",processed,Nickel,,0.0,66289116.446,37747373.0,28541743.446000002
"Other Asia, Nes",processed,Rare Earths,,0.0,6110369.59,5743.654,6104625.936
"Other Asia, Nes",processed,Silver,,0.0,935509.638,105461.0,830048.638
"Other Asia, Nes",processed,Tin,,0.0,7240182.728,4800381.283,2439801.4450000003
"Other Asia, Nes",processed,Titanium,,0.0,4862336.214,2783575.4299999997,2078760.784
"Other Asia, Nes",processed,Vanadium,,0.0,2330716.8779999996,1376966.183,953750.6949999996
"Other Asia, Nes",processed,Zinc,,0.0,81001394.75,77974696.103,3026698.647
"Other Asia, Nes",raw,Aluminium,,0.0,22319840.814,1768275.059,20551565.755
"Other Asia, Nes",raw,Bauxite,,0.0,22319840.814,1768275.059,20551565.755
"Other Asia, Nes",raw,Boron,,0.0,29012177.649,38843.041,28973334.608
"Other Asia, Nes",raw,Chromium,,0.0,10098355.298,0.0,10098355.298
"Other Asia, Nes",raw,Copper,,0.0,381317220.322,379369444.401,1947775.9210000038
"Other Asia, Nes",raw,Fluorspar,,0.0,15457359.406,2146630.966,13310728.44
"Other Asia, Nes",raw,Graphite,,0.0,8068327.17,120155.68,7948171.49
"Other Asia, Nes",raw,Lead,,0.0,13964.38,0.0,13964.38
"Other Asia, Nes",raw,Molybdenum,,0.0,812913.4029999999,261539.415,551373.9879999999
"Other Asia, Nes",raw,Niobium,,0.0,443769.326,32004.536,411764.79
"Other Asia, Nes",raw,Selenium,,0.0,8565.306,1050.0,7515.3060000000005
"Other Asia, Nes",raw,Silver,,0.0,13490.06,0.0,13490.06
"Other Asia, Nes",raw,Tellurium,,0.0,1573.404,142.854,1430.55
"Other Asia, Nes",raw,Tin,,0.0,190.319,0.0,190.319
"Other Asia, Nes",raw,Titanium,,0.0,2381936.235,0.0,2381936.235
"Other Asia, Nes",raw,Vanadium,,0.0,443769.326,32004.536,411764.79
Pakistan,processed,Aluminium,,0.0,163352418.282,31568413.0,131784005.282
Pakistan,processed,Arsenic,,0.0,95000.0,0.0,95000.0
Pakistan,processed,Bauxite,,0.0,16832494.099,144165.0,16688329.099
Pakistan,processed,Boron,,0.0,10986585.03,32260.0,10954325.03
Pakistan,processed,Cadmium,,0.0,14914.0,0.0,14914.0
Pakistan,processed,Chromium,,0.0,675694.0,80.0,675614.0
Pakistan,processed,Cobalt,,0.0,54174.0,0.0,54174.0
Pakistan,processed,Fluorspar,BGS,12000000.0,0.0,0.0,12000000.0
Pakistan,processed,Gold,,0.0,334.086,0.08,334.00600000000003
Pakistan,processed,Lead,BGS,60000000.0,57053906.0,15158822.0,101895084.0
Pakistan,processed,Lithium,,0.0,22111.0,0.0,22111.0
Pakistan,processed,Magnesium,,0.0,2090490.488,535000.0,1555490.488
Pakistan,processed,Manganese,,0.0,298529.0,14921.0,283608.0
Pakistan,processed,Molybdenum,,0.0,813.0,60.0,753.0
Pakistan,processed,Nickel,,0.0,570483.0,18699.0,551784.0
Pakistan,processed,Platinum Group Metals,,0.0,29.0,0.038,28.962
Pakistan,processed,Rare Earths,,0.0,82.462,0.0,82.462
Pakistan,processed,Silicon,,0.0,18675778.618,9556015.0,9119763.618
Pakistan,processed,Silver,,0.0,3180.773,77.869,3102.904
Pakistan,processed,Tin,,0.0,235005.333,57774.0,177231.333
Pakistan,processed,Titanium,,0.0,4122115.353,18482.0,4103633.353
Pakistan,processed,Vanadium,,0.0,13476.0,0.0,13476.0
Pakistan,processed,Zinc,,0.0,21093445.476,4308740.0,16784705.476
Pakistan,raw,Antimony,WMD,40000.0,0.0,0.0,40000.0
Pakistan,raw,Bauxite,WMD,60000000.0,3000.0,29077000.0,30926000.0
Pakistan,raw,Boron,,0.0,1000.0,0.0,1000.0
Pakistan,raw,Copper,WMD,17042000.0,418000.0,8783625.082,8676374.918
Pakistan,raw,Gold,,0.0,1000.0,0.0,1000.0
Pakistan,raw,Graphite,,0.0,1193071.733,8000.0,1185071.733
Pakistan,raw,Lead,WMD,7838000.0,189000.0,3056000.0,4971000.0
Pakistan,raw,Lithium,,0.0,5065000.0,361000.0,4704000.0
Pakistan,raw,Selenium,,0.0,24050.0,0.0,24050.0
Pakistan,raw,Silver,,0.0,1000.0,0.0,1000.0
Pakistan,raw,Titanium,,0.0,952000.0,0.0,952000.0
Pakistan,raw,Zinc,WMD,41295000.0,0.0,27098000.0,14197000.0
Pakistan,raw,Zirconium,,0.0,186000.0,0.0,186000.0
Panama,processed,Bauxite,,0.0,4480658.0,1320000.0,3160658.0
Panama,processed,Boron,,0.0,164784.0,61112.0,103672.0
Panama,processed,Chromium,,0.0,406.0,2.0,404.0
Panama,processed,Gold,,0.0,376.0,0.0,376.0
Panama,processed,Lithium,,0.0,500.0,0.0,500.0
Panama,processed,Magnesium,,0.0,34218.0,0.0,34218.0
Panama,processed,Manganese,,0.0,14286.0,0.0,14286.0
Panama,processed,Molybdenum,,0.0,2.0,0.0,2.0
Panama,processed,Nickel,,0.0,220.0,0.0,220.0
Panama,processed,Platinum Group Metals,,0.0,8.0,0.0,8.0
Panama,processed,Silicon,,0.0,8571714.0,600.0,8571114.0
Panama,processed,Silver,,0.0,4750.0,2352.0,2398.0
Panama,processed,Tin,,0.0,19018.0,0.0,19018.0
Panama,processed,Titanium,,0.0,5904.0,0.0,5904.0
Panama,processed,Zinc,,0.0,338556.0,14444.0,324112.0
Panama,raw,Boron,,0.0,266000.0,0.0,266000.0
Panama,raw,Copper,WMD,330863000.0,52990.0,0.0,330915990.0
Panama,raw,Fluorspar,,0.0,351202.0,2000.0,349202.0
Panama,raw,Gold,WMD,4039.0,2.0,0.0,4041.0
Panama,raw,Lithium,,0.0,77118.0,1818.0,75300.0
Panama,raw,Magnesium,,0.0,8000.0,0.0,8000.0
Panama,raw,Silver,WMD,84737.0,0.0,0.0,84737.0
Panama,raw,Zinc,,0.0,3552.0,0.0,3552.0
Panama,raw,Zirconium,,0.0,278.0,0.0,278.0
Papua New Guinea,raw,Chromium,WMD,67500000.0,0.0,0.0,67500000.0
Papua New Guinea,raw,Cobalt,WMD,3072000.0,0.0,0.0,3072000.0
Papua New Guinea,raw,Copper,WMD,90490000.0,0.0,0.0,90490000.0
Papua New Guinea,raw,Gold,WMD,41540.0,0.0,0.0,41540.0
Papua New Guinea,raw,Nickel,WMD,33604000.0,0.0,0.0,33604000.0
Papua New Guinea,raw,Silver,WMD,136530.0,0.0,0.0,136530.0
Paraguay,processed,Aluminium,,0.0,92875216.178,38321257.13,54553959.048
Paraguay,processed,Arsenic,,0.0,100.2,0.0,100.2
Paraguay,processed,Bauxite,,0.0,5170788.350000001,517160.0,4653628.350000001
Paraguay,processed,Boron,,0.0,2245355.26,0.0,2245355.26
Paraguay,processed,Chromium,,0.0,4302.6,0.0,4302.6
Paraguay,processed,Cobalt,,0.0,560.0,0.0,560.0
Paraguay,processed,Gold,,0.0,23.6,0.0,23.6
Paraguay,processed,Lithium,,0.0,379.401,0.0,379.401
Paraguay,processed,Magnesium,,0.0,4760204.92,0.0,4760204.92
Paraguay,processed,Manganese,,0.0,97464.94,0.0,97464.94
Paraguay,processed,Molybdenum,,0.0,266038.0,1056.0,264982.0
Paraguay,processed,Nickel,,0.0,56507.216,0.0,56507.216
Paraguay,processed,Niobium,,0.0,61.2,0.0,61.2
Paraguay,processed,Rare Earths,,0.0,96035.806,0.0,96035.806
Paraguay,processed,Silicon,,0.0,1270316.66,595260.0,675056.6599999999
Paraguay,processed,Silver,,0.0,492.87,0.0,492.87
Paraguay,processed,Tin,,0.0,32365.108,17700.0,14665.108
Paraguay,processed,Titanium,,0.0,106394.08,0.0,106394.08
Paraguay,processed,Vanadium,,0.0,1.0,0.0,1.0
Paraguay,processed,Zinc,,0.0,1578303.12,68107.0,1510196.12
Paraguay,raw,Aluminium,,0.0,27000000.0,0.0,27000000.0
Paraguay,raw,Bauxite,,0.0,27000000.0,0.0,27000000.0
Paraguay,raw,Boron,,0.0,6438810.0,0.0,6438810.0
Paraguay,raw,Copper,,0.0,6837.0,0.0,6837.0
Paraguay,raw,Fluorspar,,0.0,60000.0,0.0,60000.0
Paraguay,raw,Graphite,,0.0,779408.86,0.0,779408.86
Paraguay,raw,Lithium,,0.0,5259082.74,194600.0,5064482.74
Paraguay,raw,Magnesium,,0.0,513.0,0.0,513.0
Paraguay,raw,Selenium,,0.0,2100.0,0.0,2100.0
Paraguay,raw,Tin,,0.0,5022.0,0.0,5022.0
Paraguay,raw,Titanium,,0.0,180000.0,0.0,180000.0
Paraguay,raw,Zirconium,,0.0,12000.0,0.0,12000.0
Peru,processed,Aluminium,,0.0,221972862.186,144294521.484,77678340.70199999
Peru,processed,Arsenic,BGS,31162000.0,8803.2,0.0,31170803.2
Peru,processed,Bauxite,,0.0,75229695.02600001,10030268.996,65199426.03000001
Peru,processed,Boron,BGS,179938000.0,7592293.197,157927457.65600002,29602835.54099998
Peru,processed,Chromium,,0.0,472747.16000000003,279000.0,193747.16000000003
Peru,processed,Cobalt,,0.0,5431.632,68.0,5363.632
Peru,processed,Lithium,,0.0,183046.26400000002,0.0,183046.26400000002
Peru,processed,Magnesium,,0.0,34957449.526,1175419.2,33782030.326
Peru,processed,Molybdenum,,0.0,174426.964,0.0,174426.964
Peru,processed,Nickel,,0.0,667729.627,25287.748,642441.879
Peru,processed,Platinum Group Metals,,0.0,531.402,48.54,482.862
Peru,processed,Rare Earths,,0.0,43017.18,3960.0,39057.18
Peru,processed,Selenium,BGS,50000.0,0.0,0.0,50000.0
Peru,processed,Silicon,,0.0,43007037.836,6878978.022,36128059.814
Peru,processed,Titanium,,0.0,6087028.892,8409.18,6078619.712
Peru,processed,Vanadium,,0.0,140373.116,8619.64,131753.47600000002
Peru,raw,Aluminium,,0.0,1858351.96,4.0,1858347.96
Peru,raw,Arsenic,WMD,31162000.0,0.0,0.0,31162000.0
Peru,raw,Bauxite,,0.0,1858351.96,4.0,1858347.96
Peru,raw,Bismuth,WMD,304000.0,0.0,0.0,304000.0
Peru,raw,Boron,WMD,259424000.0,20174958.124,33390730.2,246208227.92400002
Peru,raw,Cadmium,WMD,494000.0,0.0,0.0,494000.0
Peru,raw,Chromium,,0.0,20739868.0,196634.356,20543233.644
Peru,raw,Fluorspar,,0.0,6547682.279999999,0.0,6547682.279999999
Peru,raw,Graphite,,0.0,577074.954,13063.8,564011.154
Peru,raw,Nickel,,0.0,51129.48,0.0,51129.48
Peru,raw,Niobium,,0.0,0.4,0.0,0.4
Peru,raw,Tin,WMD,26230000.0,0.0,2870643.048,23359356.952
Peru,raw,Titanium,,0.0,1004899.303,16000.0,988899.303
Peru,raw,Vanadium,,0.0,0.4,0.0,0.4
Peru,raw,Zirconium,,0.0,1572120.0,40000.0,1532120.0
Philippines,processed,Arsenic,,0.0,1.0,0.0,1.0
Philippines,processed,Bauxite,,0.0,42571304.06,1608363.82,40962940.24
Philippines,processed,Boron,,0.0,2886244.37,0.0,2886244.37
Philippines,processed,Cadmium,,0.0,501.1,0.0,501.1
Philippines,processed,Chromium,,0.0,106678.54000000001,0.0,106678.54000000001
Philippines,processed,Copper,BGS,483432000.0,108224923.99,204661752.61999997,386995171.37
Philippines,processed,Gallium,,0.0,82.36,0.0,82.36
Philippines,processed,Germanium,,0.0,82.36,0.0,82.36
Philippines,processed,Imdium,,0.0,82.36,0.0,82.36
Philippines,processed,Lead,BGS,40000000.0,58811010.14,35664958.230000004,63146051.91
Philippines,processed,Lithium,,0.0,14164.19,0.0,14164.19
Philippines,processed,Magnesium,,0.0,9388672.5,75000.0,9313672.5
Philippines,processed,Manganese,,0.0,637171.49,0.0,637171.49
Philippines,processed,Niobium,,0.0,33860.86,115.98,33744.88
Philippines,processed,Platinum Group Metals,,0.0,63785.27,350.65,63434.619999999995
Philippines,processed,Rare Earths,,0.0,10041269.42,22.88,10041246.54
Philippines,processed,Selenium,BGS,70000.0,0.0,0.0,70000.0
Philippines,processed,Silicon,,0.0,49528929.49,16821.21,49512108.28
Philippines,processed,Titanium,,0.0,3343395.67,24263.4,3319132.27
Philippines,processed,Vanadium,,0.0,763.4300000000001,0.0,763.4300000000001
Philippines,processed,Zinc,,0.0,12426314.71,9932989.84,2493324.870000001
Philippines,raw,Boron,,0.0,444856.01,391511.45,53344.56
Philippines,raw,Cobalt,WMD,3300000.0,0.0,0.0,3300000.0
Philippines,raw,Copper,WMD,61981000.0,694026746.32,458112369.3,297895377.02000004
Philippines,raw,Fluorspar,,0.0,570267.0,0.0,570267.0
Philippines,raw,Gold,WMD,31046.0,51844933.82,12582090.0,39293889.82
Philippines,raw,Graphite,,0.0,120276.1,0.0,120276.1
Philippines,raw,Lithium,,0.0,1028345.6,1413.89,1026931.71
Philippines,raw,Magnesium,WMD,0.0,41347630.0,7424700.0,33922930.0
Philippines,raw,Manganese,,0.0,505.0,0.0,505.0
Philippines,raw,Niobium,,0.0,37112.7,0.0,37112.7
Philippines,raw,Selenium,WMD,300000.0,148740.88,332948.24,115792.64000000001
Philippines,raw,Silver,WMD,46160.0,0.0,0.0,46160.0
Philippines,raw,Tellurium,,0.0,444489.01,391511.45,52977.56
Philippines,raw,Titanium,,0.0,1970284.0,0.0,1970284.0
Philippines,raw,Vanadium,,0.0,37112.7,0.0,37112.7
Philippines,raw,Zirconium,,0.0,55495.2,0.0,55495.2
Poland,processed,Aluminium,,0.0,1725625083.556,860219649.278,865405434.278
Poland,processed,Arsenic,,0.0,42709.569,23800.0,18909.569000000003
Poland,processed,Bauxite,,0.0,143143357.903,13345971.693,129797386.21
Poland,processed,Boron,,0.0,44691811.546,20014525.171,24677286.374999996
Poland,processed,Copper,BGS,1072053000.0,259382255.36599997,596927827.749,734507427.617
Poland,processed,Gallium,,0.0,2467.508,0.0,2467.508
Poland,processed,Germanium,,0.0,2467.508,0.0,2467.508
Poland,processed,Imdium,,0.0,2467.508,0.0,2467.508
Poland,processed,Lead,BGS,165100000.0,73597141.271,83992027.029,154705114.24199998
Poland,processed,Lithium,,0.0,1845494.062,95702.0,1749792.062
Poland,processed,Magnesium,,0.0,105621332.77,9451349.499,96169983.271
Poland,processed,Manganese,,0.0,12012413.604,514665.63399999996,11497747.97
Poland,processed,Molybdenum,,0.0,1235747.493,1009924.471,225823.022
Poland,processed,Niobium,,0.0,2684.2259999999997,59.0,2625.2259999999997
Poland,processed,Rare Earths,,0.0,503094.301,49272.711,453821.58999999997
Poland,processed,Rhenium,BGS,9000.0,0.0,0.0,9000.0
Poland,processed,Selenium,BGS,74000.0,0.0,0.0,74000.0
Poland,processed,Tin,BGS,3988000.0,5765931.504,5221582.734999999,4532348.769000001
Poland,processed,Titanium,,0.0,4668916.569,3661511.171,1007405.398
Poland,processed,Vanadium,,0.0,841138.755,270935.254,570203.5009999999
Poland,processed,Zinc,BGS,152300000.0,100458235.677,125234790.335,127523445.342
Poland,raw,Aluminium,,0.0,66087974.0,460809.344,65627164.656
Poland,raw,Bauxite,,0.0,66087974.0,460809.344,65627164.656
Poland,raw,Boron,,0.0,2470109.2690000003,861791.0,1608318.2690000003
Poland,raw,Chromium,,0.0,4638389.0,2401835.455,2236553.545
Poland,raw,Cobalt,,0.0,1200.0,0.0,1200.0
Poland,raw,Copper,WMD,395400000.0,162286927.872,3972541.0,553714386.872
Poland,raw,Fluorspar,,0.0,65883485.26,8313381.0,57570104.26
Poland,raw,Graphite,,0.0,13588393.531000001,193885.669,13394507.862000002
Poland,raw,Lead,WMD,29510000.0,550589.0,0.0,30060589.0
Poland,raw,Lithium,,0.0,55500497.921,8093671.9,47406826.021
Poland,raw,Magnesium,WMD,28630000.0,17116070.992,284918.339,45461152.653
Poland,raw,Manganese,,0.0,1929611.0,1950.0,1927661.0
Poland,raw,Nickel,WMD,750000.0,0.0,0.0,750000.0
Poland,raw,Platinum Group Metals,WMD,11.0,0.0,0.0,11.0
Poland,raw,Rhenium,WMD,6491.0,0.0,0.0,6491.0
Poland,raw,Selenium,WMD,74000.0,36025.879,26984.343,83041.536
Poland,raw,Silver,WMD,1319900.0,0.0,0.0,1319900.0
Poland,raw,Tellurium,,0.0,29588.896,0.0,29588.896
Poland,raw,Tin,,0.0,399706.0,20.0,399686.0
Poland,raw,Titanium,,0.0,85018964.191,18598932.0,66420032.191
Poland,raw,Zinc,WMD,0.0,160852773.0,18774041.0,142078732.0
Portugal,processed,Aluminium,,0.0,1739612359.7380002,1467061860.227,272550499.51100016
Portugal,processed,Bauxite,,0.0,322115645.55200005,192027826.16,130087819.39200005
Portugal,processed,Boron,,0.0,62730217.067999996,25042883.784,37687333.283999994
Portugal,processed,Cadmium,,0.0,850.424,0.0,850.424
Portugal,processed,Cobalt,,0.0,209454.12,75712.0,133742.12
Portugal,processed,Copper,,0.0,764091814.3959999,502536879.41599995,261554934.97999996
Portugal,processed,Gallium,,0.0,50684.82,0.0,50684.82
Portugal,processed,Germanium,,0.0,50684.82,0.0,50684.82
Portugal,processed,Gold,,0.0,22756.885000000002,15900.248,6856.637000000002
Portugal,processed,Imdium,,0.0,50684.82,0.0,50684.82
Portugal,processed,Lithium,,0.0,227889.96,51088.752,176801.20799999998
Portugal,processed,Magnesium,,0.0,79132349.512,4765563.392,74366786.11999999
Portugal,processed,Manganese,,0.0,4729074.608,265200.0,4463874.608
Portugal,processed,Molybdenum,,0.0,194477.27,15401.128,179076.142
Portugal,processed,Nickel,,0.0,7445286.178,1361034.464,6084251.714000001
Portugal,processed,Niobium,,0.0,50684.82,0.0,50684.82
Portugal,processed,Rare Earths,,0.0,95481.848,9928.0,85553.848
Portugal,processed,Silicon,,0.0,288113099.33599997,193301349.736,94811749.59999996
Portugal,processed,Silver,,0.0,355792.99199999997,325323.1,30469.891999999993
Portugal,processed,Tin,,0.0,16113377.992999999,10905659.696,5207718.296999998
Portugal,processed,Titanium,,0.0,2014258.274,703008.0,1311250.274
Portugal,processed,Vanadium,,0.0,716402.728,0.0,716402.728
Portugal,processed,Zinc,,0.0,233487319.11900002,23076897.252,210410421.867
Portugal,raw,Aluminium,,0.0,31813624.488,0.0,31813624.488
Portugal,raw,Bauxite,,0.0,31813624.488,0.0,31813624.488
Portugal,raw,Boron,,0.0,144123.108,58336.0,85787.10800000001
Portugal,raw,Chromium,,0.0,10925407.56,877600.0,10047807.56
Portugal,raw,Cobalt,,0.0,10000.0,0.0,10000.0
Portugal,raw,Fluorspar,,0.0,89621824.0,993512.0,88628312.0
Portugal,raw,Gold,,0.0,2040.064,0.0,2040.064
Portugal,raw,Graphite,,0.0,120025.114,2596.744,117428.37
Portugal,raw,Lithium,WMD,380000.0,137697997.136,2000593.416,136077403.72
Portugal,raw,Magnesium,,0.0,13104504.0,8432680.0,4671824.0
Portugal,raw,Manganese,,0.0,369521.0,8.0,369513.0
Portugal,raw,Nickel,,0.0,41032.0,0.0,41032.0
Portugal,raw,Niobium,,0.0,712.0,0.0,712.0
Portugal,raw,Selenium,,0.0,50467.856,20720.0,29747.856
Portugal,raw,Vanadium,,0.0,712.0,0.0,712.0
Portugal,raw,Zirconium,,0.0,15721592.0,112200.0,15609392.0
Qatar,processed,Aluminium,BGS,677000000.0,1096374054.27,0.0,1773374054.27
Qatar,processed,Arsenic,,0.0,5000.0,0.0,5000.0
Qatar,processed,Bauxite,,0.0,1073797348.57,0.0,1073797348.57
Qatar,processed,Chromium,,0.0,3000.0,0.0,3000.0
Qatar,processed,Cobalt,,0.0,4383.33,0.0,4383.33
Qatar,processed,Copper,,0.0,43299839.55,81000.0,43218839.55
Qatar,processed,Lead,,0.0,3294498.32,450000.0,2844498.32
Qatar,processed,Lithium,,0.0,8031.57,0.0,8031.57
Qatar,processed,Magnesium,,0.0,3400637.0,0.0,3400637.0
Qatar,processed,Manganese,,0.0,3000.0,0.0,3000.0
Qatar,processed,Molybdenum,,0.0,980.0,0.0,980.0
Qatar,processed,Nickel,,0.0,1006864.84,112000.0,894864.84
Qatar,processed,Niobium,,0.0,575.0,0.0,575.0
Qatar,processed,Platinum Group Metals,,0.0,1441.3899999999999,0.0,1441.3899999999999
Qatar,processed,Silicon,,0.0,38605569.92,0.0,38605569.92
Qatar,processed,Silver,,0.0,4190.67,0.0,4190.67
Qatar,processed,Tin,,0.0,778353.68,10516.0,767837.68
Qatar,processed,Titanium,,0.0,141461.27,0.0,141461.27
Qatar,processed,Vanadium,,0.0,2458.0,0.0,2458.0
Qatar,processed,Zinc,,0.0,4469174.22,480000.0,3989174.2199999997
Qatar,raw,Aluminium,WMD,644000000.0,87766.9,150000.0,643937766.9
Qatar,raw,Copper,,0.0,22837135.84,0.0,22837135.84
Qatar,raw,Graphite,,0.0,4266.04,0.0,4266.04
Qatar,raw,Lithium,,0.0,2109205.28,0.0,2109205.28
Qatar,raw,Magnesium,,0.0,40000.0,0.0,40000.0
Qatar,raw,Zirconium,,0.0,4068.0,0.0,4068.0
Rep. Of Korea,processed,Aluminium,,0.0,1607314474.849,252914403.914,1354400070.935
Rep. Of Korea,processed,Arsenic,,0.0,110653.656,15.2,110638.456
Rep. Of Korea,processed,Bauxite,,0.0,325783793.474,97261646.283,228522147.19099998
Rep. Of Korea,processed,Boron,,0.0,62194551.503,308473.228,61886078.275
Rep. Of Korea,processed,Chromium,,0.0,6595652.755,483374.53599999996,6112278.219
Rep. Of Korea,processed,Cobalt,,0.0,8573543.718,145732.975,8427810.743
Rep. Of Korea,processed,Copper,,0.0,703014160.402,520627780.564,182386379.83799994
Rep. Of Korea,processed,Gallium,,0.0,421735.438,174515.145,247220.29300000003
Rep. Of Korea,processed,Germanium,,0.0,421735.438,174515.145,247220.29300000003
Rep. Of Korea,processed,Imdium,,0.0,421735.438,174515.145,247220.29300000003
Rep. Of Korea,processed,Lithium,,0.0,128452387.69399999,8146892.632,120305495.06199999
Rep. Of Korea,processed,Magnesium,,0.0,223403981.189,12588244.48,210815736.70900002
Rep. Of Korea,processed,Molybdenum,,0.0,1826592.393,926310.672,900281.7209999999
Rep. Of Korea,processed,Niobium,,0.0,458247.543,367802.28500000003,90445.25799999997
Rep. Of Korea,processed,Platinum Group Metals,,0.0,2438362.1550000003,991239.009,1447123.1460000002
Rep. Of Korea,processed,Rare Earths,,0.0,2919306.6560000004,298811.652,2620495.0040000007
Rep. Of Korea,processed,Silicon,,0.0,120671559.39899999,65634905.333,55036654.06599999
Rep. Of Korea,processed,Silver,,0.0,11339051.262,1946945.5769999998,9392105.685
Rep. Of Korea,processed,Tin,,0.0,15350997.916,2107859.349,13243138.567
Rep. Of Korea,processed,Titanium,,0.0,19734201.405,5547842.365,14186359.040000001
Rep. Of Korea,raw,Aluminium,,0.0,386707825.935,59758.0,386648067.935
Rep. Of Korea,raw,Bauxite,,0.0,386707825.935,59758.0,386648067.935
Rep. Of Korea,raw,Boron,,0.0,9246025.848,478797.62,8767228.228
Rep. Of Korea,raw,Cobalt,,0.0,37.09,0.7,36.39
Rep. Of Korea,raw,Copper,,0.0,1788808650.581,355809359.95,1432999290.631
Rep. Of Korea,raw,Fluorspar,,0.0,39461722.265,1226155.0,38235567.265
Rep. Of Korea,raw,Gold,,0.0,18423420.12,0.0,18423420.12
Rep. Of Korea,raw,Graphite,,0.0,28800924.966,2693769.707,26107155.259
Rep. Of Korea,raw,Lead,,0.0,542721157.6,37977.0,542683180.6
Rep. Of Korea,raw,Lithium,,0.0,277538462.608,127907947.541,149630515.06699997
Rep. Of Korea,raw,Magnesium,,0.0,4045883.338,44120.0,4001763.338
Rep. Of Korea,raw,Molybdenum,,0.0,40502884.691,7642799.0,32860085.691
Rep. Of Korea,raw,Nickel,,0.0,2692847222.932,0.0,2692847222.932
Rep. Of Korea,raw,Silver,,0.0,54118581.99,1531070.0,52587511.99
Rep. Of Korea,raw,Zinc,,0.0,1522666427.66,16397596.0,1506268831.66
Rep. Of Korea,raw,Zirconium,,0.0,3548900.946,0.0,3548900.946
Rep. Of Moldova,processed,Aluminium,,0.0,29850134.553,22641398.828,7208735.724999998
Rep. Of Moldova,processed,Bauxite,,0.0,10066330.0,0.0,10066330.0
Rep. Of Moldova,processed,Boron,,0.0,604796.0,0.0,604796.0
Rep. Of Moldova,processed,Chromium,,0.0,1600.0,0.0,1600.0
Rep. Of Moldova,processed,Cobalt,,0.0,6436.0,0.0,6436.0
Rep. Of Moldova,processed,Lead,,0.0,19006.668,0.0,19006.668
Rep. Of Moldova,processed,Manganese,,0.0,912.244,0.0,912.244
Rep. Of Moldova,processed,Molybdenum,,0.0,2224.0,0.0,2224.0
Rep. Of Moldova,processed,Rare Earths,,0.0,33944.276,0.0,33944.276
Rep. Of Moldova,processed,Silicon,,0.0,1184351.932,640.0,1183711.932
Rep. Of Moldova,processed,Silver,,0.0,224.502,0.0,224.502
Rep. Of Moldova,processed,Tin,,0.0,36373.804000000004,25036.0,11337.804000000004
Rep. Of Moldova,processed,Titanium,,0.0,1489.22,0.0,1489.22
Rep. Of Moldova,processed,Zinc,,0.0,173929.864,0.0,173929.864
Rep. Of Moldova,raw,Aluminium,,0.0,17600000.0,0.0,17600000.0
Rep. Of Moldova,raw,Bauxite,,0.0,17600000.0,0.0,17600000.0
Rep. Of Moldova,raw,Chromium,,0.0,352000.0,0.0,352000.0
Rep. Of Moldova,raw,Graphite,,0.0,1484.0,0.0,1484.0
Rep. Of Moldova,raw,Lithium,,0.0,1403224.0,1552.0,1401672.0
Rep. Of Moldova,raw,Manganese,,0.0,800.0,0.0,800.0
Rep. Of Moldova,raw,Selenium,,0.0,8105.032,0.0,8105.032
Romania,processed,Aluminium,BGS,196438000.0,2327370051.859,1832620555.216,691187496.6430001
Romania,processed,Arsenic,,0.0,8309.948,0.0,8309.948
Romania,processed,Bauxite,,0.0,589082981.8939999,55500484.448,533582497.4459999
Romania,processed,Boron,,0.0,21496290.248,31553.456,21464736.792
Romania,processed,Cadmium,,0.0,2696.176,0.0,2696.176
Romania,processed,Chromium,,0.0,2614259.647,848.0,2613411.647
Romania,processed,Cobalt,,0.0,102497.16,4396.0,98101.16
Romania,processed,Copper,,0.0,316855725.579,185117574.095,131738151.484
Romania,processed,Gallium,,0.0,64572.613,4924.0,59648.613
Romania,processed,Germanium,,0.0,64572.613,4924.0,59648.613
Romania,processed,Gold,,0.0,220206.44400000002,157695.596,62510.84800000003
Romania,processed,Imdium,,0.0,64572.613,4924.0,59648.613
Romania,processed,Lead,BGS,13161000.0,86488916.532,63495405.948,36154510.58400001
Romania,processed,Lithium,,0.0,176642.485,3104.0,173538.485
Romania,processed,Magnesium,,0.0,84338091.367,11324964.0,73013127.367
Romania,processed,Manganese,,0.0,676348.82,800.0,675548.82
Romania,processed,Nickel,,0.0,6146446.778,1132030.58,5014416.198
Romania,processed,Niobium,,0.0,64667.024999999994,11252.0,53415.024999999994
Romania,processed,Rare Earths,,0.0,2918.848,0.36,2918.488
Romania,processed,Silicon,,0.0,187756696.46300003,1686525.432,186070171.03100002
Romania,processed,Silver,,0.0,512786.37,289587.244,223199.126
Romania,processed,Tin,,0.0,5256630.13,1136285.146,4120344.984
Romania,processed,Titanium,,0.0,4102103.292,667697.448,3434405.844
Romania,processed,Vanadium,,0.0,747344.064,14232.0,733112.064
Romania,processed,Zinc,BGS,878000.0,84149923.742,32228802.623999998,52799121.118
Romania,raw,Aluminium,WMD,196438000.0,86635560.0,4153560.0,278920000.0
Romania,raw,Bauxite,,0.0,86635560.0,4153560.0,82482000.0
Romania,raw,Boron,,0.0,132781.299,0.0,132781.299
Romania,raw,Chromium,,0.0,1934216.0,0.0,1934216.0
Romania,raw,Cobalt,,0.0,2036.0,0.0,2036.0
Romania,raw,Fluorspar,,0.0,4810288.0,265332.0,4544956.0
Romania,raw,Graphite,,0.0,1437351.888,46912.0,1390439.888
Romania,raw,Lead,WMD,700000.0,0.0,313904.0,386096.0
Romania,raw,Lithium,,0.0,17262103.924,4300330.296,12961773.627999999
Romania,raw,Magnesium,,0.0,407811.444,4.0,407807.444
Romania,raw,Manganese,WMD,3250000.0,663921.312,131588.0,3782333.312
Romania,raw,Nickel,,0.0,12684.0,0.0,12684.0
Romania,raw,Selenium,,0.0,1316.586,0.0,1316.586
Romania,raw,Silver,WMD,18000.0,0.0,0.0,18000.0
Romania,raw,Tellurium,,0.0,204.499,0.0,204.499
Romania,raw,Tin,,0.0,10912.792,0.0,10912.792
Romania,raw,Titanium,,0.0,6008720.0,11688.0,5997032.0
Romania,raw,Zirconium,,0.0,655544.0,12024.0,643520.0
Russia,processed,Aluminium,BGS,4026000000.0,0.0,0.0,4026000000.0
Russia,processed,Arsenic,BGS,500000.0,0.0,0.0,500000.0
Russia,processed,Bauxite,USGS,2900000000.0,0.0,0.0,2900000000.0
Russia,processed,Boron,BGS,80000000.0,0.0,0.0,80000000.0
Russia,processed,Cadmium,BGS,1300000.0,0.0,0.0,1300000.0
Russia,processed,Cobalt,BGS,1800000.0,0.0,0.0,1800000.0
Russia,processed,Copper,BGS,1975500000.0,0.0,0.0,1975500000.0
Russia,processed,Fluorspar,BGS,76000000.0,0.0,0.0,76000000.0
Russia,processed,Gallium,BGS,15000.0,0.0,0.0,15000.0
Russia,processed,Germanium,BGS,5000.0,0.0,0.0,5000.0
Russia,processed,Graphite,BGS,18800000.0,0.0,0.0,18800000.0
Russia,processed,Indium,BGS,7000.0,0.0,0.0,7000.0
Russia,processed,Lead,BGS,134900000.0,0.0,0.0,134900000.0
Russia,processed,Magnesium,BGS,14858000.0,0.0,0.0,14858000.0
Russia,processed,Nickel,BGS,156000000.0,0.0,0.0,156000000.0
Russia,processed,Rare Earths,BGS,1964000.0,0.0,0.0,1964000.0
Russia,processed,Rhenium,BGS,2000.0,0.0,0.0,2000.0
Russia,processed,Selenium,BGS,190000.0,0.0,0.0,190000.0
Russia,processed,Silicon,USGS,520000000.0,0.0,0.0,520000000.0
Russia,processed,Tellurium,BGS,75000.0,0.0,0.0,75000.0
Russia,processed,Tin,BGS,2400000.0,0.0,0.0,2400000.0
Russia,processed,Titanium,USGS,20000000.0,0.0,0.0,20000000.0
Russia,processed,Zinc,BGS,204010000.0,0.0,0.0,204010000.0
Russia,raw,Aluminium,WMD,8056000000.0,0.0,0.0,8056000000.0
Russia,raw,Antimony,WMD,64950000.0,0.0,0.0,64950000.0
Russia,raw,Arsenic,WMD,1000000.0,0.0,0.0,1000000.0
Russia,raw,Bauxite,WMD,13735400000.0,0.0,0.0,13735400000.0
Russia,raw,Boron,WMD,183000000.0,0.0,0.0,183000000.0
Russia,raw,Cadmium,WMD,1804000.0,0.0,0.0,1804000.0
Russia,raw,Chromium,WMD,298240000.0,0.0,0.0,298240000.0
Russia,raw,Cobalt,WMD,17600000.0,0.0,0.0,17600000.0
Russia,raw,Copper,WMD,1832000000.0,0.0,0.0,1832000000.0
Russia,raw,Fluorspar,WMD,112000000.0,0.0,0.0,112000000.0
Russia,raw,Gallium,WMD,12000.0,0.0,0.0,12000.0
Russia,raw,Germanium,WMD,10000.0,0.0,0.0,10000.0
Russia,raw,Gold,WMD,625600.0,0.0,0.0,625600.0
Russia,raw,Graphite,WMD,29000000.0,0.0,0.0,29000000.0
Russia,raw,Indium,WMD,12000.0,0.0,0.0,12000.0
Russia,raw,Lead,WMD,440000000.0,0.0,0.0,440000000.0
Russia,raw,Lithium,WMD,60000.0,0.0,0.0,60000.0
Russia,raw,Magnesium,WMD,2116800000.0,0.0,0.0,2116800000.0
Russia,raw,Manganese,WMD,43600000.0,0.0,0.0,43600000.0
Russia,raw,Molybdenum,WMD,2400000.0,0.0,0.0,2400000.0
Russia,raw,Nickel,WMD,422600000.0,0.0,0.0,422600000.0
Russia,raw,Niobium,WMD,1010000.0,0.0,0.0,1010000.0
Russia,raw,Platinum Group Metals,WMD,213620.0,0.0,0.0,213620.0
Russia,raw,Rare Earths,WMD,3928000.0,0.0,0.0,3928000.0
Russia,raw,Rhenium,WMD,4000.0,0.0,0.0,4000.0
Russia,raw,Selenium,WMD,500000.0,0.0,0.0,500000.0
Russia,raw,Silver,WMD,3100000.0,0.0,0.0,3100000.0
Russia,raw,Tantalum,WMD,68000.0,0.0,0.0,68000.0
Russia,raw,Tellurium,WMD,100000.0,0.0,0.0,100000.0
Russia,raw,Tin,WMD,7140000.0,0.0,0.0,7140000.0
Russia,raw,Titanium,WMD,7980000.0,0.0,0.0,7980000.0
Russia,raw,Vanadium,WMD,40000000.0,0.0,0.0,40000000.0
Russia,raw,Zinc,WMD,640000000.0,0.0,0.0,640000000.0
Russia,raw,Zirconium,WMD,12000000.0,0.0,0.0,12000000.0
Rwanda,processed,Tin,BGS,782000.0,0.0,0.0,782000.0
Rwanda,raw,Gold,WMD,2000.0,0.0,0.0,2000.0
Rwanda,raw,Niobium,WMD,310000.0,0.0,0.0,310000.0
Rwanda,raw,Tantalum,WMD,475000.0,0.0,0.0,475000.0
Rwanda,raw,Tin,WMD,3210000.0,0.0,0.0,3210000.0
Samoa,processed,Aluminium,,0.0,529567.22,4551.0,525016.22
Samoa,processed,Bauxite,,0.0,7190.0,0.0,7190.0
Samoa,processed,Boron,,0.0,6.07,0.0,6.07
Samoa,processed,Copper,,0.0,15180.61,1787.0,13393.61
Samoa,processed,Gold,,0.0,0.001,0.0,0.001
Samoa,processed,Lead,,0.0,486.62,50.0,436.62
Samoa,processed,Platinum Group Metals,,0.0,1.258,0.0,1.258
Samoa,processed,Rare Earths,,0.0,100.0,0.0,100.0
Samoa,processed,Silicon,,0.0,80.7,0.0,80.7
Samoa,processed,Tin,,0.0,579161.97,0.0,579161.97
Samoa,processed,Zinc,,0.0,5.3,0.0,5.3
Samoa,raw,Copper,,0.0,77.4,0.0,77.4
Samoa,raw,Lithium,,0.0,2588.0,20.0,2568.0
Samoa,raw,Magnesium,,0.0,37.5,0.0,37.5
Saudi Arabia,processed,Aluminium,BGS,895000000.0,466223696.77,1239047424.255,122176272.51499987
Saudi Arabia,processed,Arsenic,,0.0,371.0,0.0,371.0
Saudi Arabia,processed,Bauxite,USGS,1800000000.0,63135286.307000004,378519192.0,1484616094.307
Saudi Arabia,processed,Boron,,0.0,5229036.0,96713.0,5132323.0
Saudi Arabia,processed,Cadmium,,0.0,31.0,0.0,31.0
Saudi Arabia,processed,Chromium,,0.0,206878.0,17107.0,189771.0
Saudi Arabia,processed,Cobalt,,0.0,25363.0,13925.0,11438.0
Saudi Arabia,processed,Copper,,0.0,391121806.685,171478426.0,219643380.685
Saudi Arabia,processed,Gallium,,0.0,6.562,0.0,6.562
Saudi Arabia,processed,Germanium,,0.0,6.562,0.0,6.562
Saudi Arabia,processed,Imdium,,0.0,6.562,0.0,6.562
Saudi Arabia,processed,Lead,BGS,78000000.0,5245400.271,60272246.0,22973154.270999998
Saudi Arabia,processed,Lithium,,0.0,360786.437,0.0,360786.437
Saudi Arabia,processed,Manganese,,0.0,14816740.0,55000.0,14761740.0
Saudi Arabia,processed,Molybdenum,,0.0,19237933.185,292414.0,18945519.185
Saudi Arabia,processed,Niobium,,0.0,2798.562,0.0,2798.562
Saudi Arabia,processed,Platinum Group Metals,,0.0,1874.035,9.0,1865.035
Saudi Arabia,processed,Rare Earths,,0.0,183.343,0.0,183.343
Saudi Arabia,processed,Silicon,,0.0,206843849.829,23850289.0,182993560.829
Saudi Arabia,processed,Silver,,0.0,54824.867,30354.0,24470.867
Saudi Arabia,processed,Tin,,0.0,3078252.0,25521.0,3052731.0
Saudi Arabia,processed,Vanadium,,0.0,24304.562,0.0,24304.562
Saudi Arabia,processed,Zinc,,0.0,88111761.529,4288164.679,83823596.85
Saudi Arabia,raw,Aluminium,WMD,701357000.0,725587.0,0.0,702082587.0
Saudi Arabia,raw,Bauxite,WMD,5900000000.0,725587.0,0.0,5900725587.0
Saudi Arabia,raw,Boron,,0.0,199432.0,7604.0,191828.0
Saudi Arabia,raw,Chromium,,0.0,79000.0,0.0,79000.0
Saudi Arabia,raw,Cobalt,,0.0,113.0,0.0,113.0
Saudi Arabia,raw,Fluorspar,,0.0,33156153.0,0.0,33156153.0
Saudi Arabia,raw,Gold,WMD,13476.0,12018.0,0.0,25494.0
Saudi Arabia,raw,Graphite,,0.0,601650.0,0.0,601650.0
Saudi Arabia,raw,Magnesium,WMD,90000000.0,66209.0,0.0,90066209.0
Saudi Arabia,raw,Manganese,,0.0,245781060.0,0.0,245781060.0
Saudi Arabia,raw,Nickel,,0.0,1403161.289,100000.0,1303161.289
Saudi Arabia,raw,Selenium,,0.0,7050.0,0.0,7050.0
Saudi Arabia,raw,Silver,WMD,9000.0,53.0,0.0,9053.0
Saudi Arabia,raw,Tin,,0.0,12543.0,0.0,12543.0
Saudi Arabia,raw,Titanium,BGS,11000000.0,246800889.0,3802.0,257797087.0
Saudi Arabia,raw,Zirconium,,0.0,3060348.597,0.0,3060348.597
Senegal,processed,Aluminium,,0.0,16974837.0,12794080.0,4180757.0
Senegal,processed,Bauxite,,0.0,5403660.0,35000.0,5368660.0
Senegal,processed,Boron,,0.0,574927.0,0.0,574927.0
Senegal,processed,Chromium,,0.0,45077.0,0.0,45077.0
Senegal,processed,Cobalt,,0.0,10.0,0.0,10.0
Senegal,processed,Copper,,0.0,5059900.0,3060419.0,1999481.0
Senegal,processed,Lithium,,0.0,71168.0,0.0,71168.0
Senegal,processed,Magnesium,,0.0,372031.0,9.0,372022.0
Senegal,processed,Manganese,,0.0,1654.0,3.0,1651.0
Senegal,processed,Molybdenum,,0.0,868.0,0.0,868.0
Senegal,processed,Nickel,,0.0,3455.0,750.0,2705.0
Senegal,processed,Silicon,,0.0,15093060.0,97166.0,14995894.0
Senegal,processed,Tin,,0.0,28554.0,0.0,28554.0
Senegal,processed,Titanium,,0.0,375042.0,34.0,375008.0
Senegal,processed,Zinc,,0.0,495519.0,55500.0,440019.0
Senegal,raw,Aluminium,,0.0,17696710.0,0.0,17696710.0
Senegal,raw,Bauxite,,0.0,17696710.0,0.0,17696710.0
Senegal,raw,Boron,,0.0,1550.0,0.0,1550.0
Senegal,raw,Copper,,0.0,55400541.0,49210.0,55351331.0
Senegal,raw,Gold,WMD,12864.0,0.0,1.0,12863.0
Senegal,raw,Graphite,,0.0,7000.0,157.0,6843.0
Senegal,raw,Lithium,,0.0,189827.0,9334.0,180493.0
Senegal,raw,Magnesium,,0.0,724000.0,0.0,724000.0
Senegal,raw,Manganese,WMD,11950000.0,2.0,3240000.0,8710002.0
Senegal,raw,Silver,WMD,982.0,0.0,0.0,982.0
Senegal,raw,Tellurium,,0.0,40.0,0.0,40.0
Serbia,processed,Aluminium,,0.0,1771440842.395,201524115.62399998,1569916726.771
Serbia,processed,Bauxite,,0.0,96476376.592,17701503.452,78774873.13999999
Serbia,processed,Boron,,0.0,3683445.078,480748.0,3202697.078
Serbia,processed,Cadmium,,0.0,1680.0,0.0,1680.0
Serbia,processed,Chromium,,0.0,457524.72,3753.088,453771.632
Serbia,processed,Cobalt,,0.0,20230.62,237.712,19992.908
Serbia,processed,Gallium,,0.0,156.256,0.0,156.256
Serbia,processed,Germanium,,0.0,156.256,0.0,156.256
Serbia,processed,Gold,,0.0,111.84,0.04,111.8
Serbia,processed,Imdium,,0.0,156.256,0.0,156.256
Serbia,processed,Lithium,,0.0,118975.08,0.0,118975.08
Serbia,processed,Magnesium,,0.0,42684141.896,322932.0,42361209.896
Serbia,processed,Manganese,,0.0,474480.0,10023.392,464456.608
Serbia,processed,Molybdenum,,0.0,25723.434,11.332,25712.102000000003
Serbia,processed,Nickel,,0.0,8208243.449999999,764212.88,7444030.569999999
Serbia,processed,Niobium,,0.0,159.824,0.0,159.824
Serbia,processed,Rare Earths,,0.0,143742.228,637.584,143104.644
Serbia,processed,Selenium,BGS,19000.0,0.0,0.0,19000.0
Serbia,processed,Silicon,,0.0,139070530.224,601987.9,138468542.324
Serbia,processed,Tin,,0.0,3435979.738,80170.036,3355809.702
Serbia,processed,Titanium,,0.0,2970998.8,288800.0,2682198.8
Serbia,processed,Vanadium,,0.0,10980.256,303.888,10676.367999999999
Serbia,processed,Zinc,,0.0,111207057.64,8905976.0,102301081.64
Serbia,raw,Aluminium,,0.0,43609600.0,0.0,43609600.0
Serbia,raw,Bauxite,,0.0,43609600.0,0.0,43609600.0
Serbia,raw,Boron,,0.0,60829.944,256.668,60573.276000000005
Serbia,raw,Chromium,,0.0,2628000.0,306000.0,2322000.0
Serbia,raw,Cobalt,,0.0,520.0,0.0,520.0
Serbia,raw,Fluorspar,,0.0,391920.0,0.0,391920.0
Serbia,raw,Gold,WMD,6944.0,379.46,0.0,7323.46
Serbia,raw,Graphite,,0.0,1451053.336,12.0,1451041.336
Serbia,raw,Lithium,,0.0,125291687.682,6942052.0,118349635.682
Serbia,raw,Manganese,,0.0,533847.616,4000.0,529847.616
Serbia,raw,Nickel,,0.0,88.0,0.0,88.0
Serbia,raw,Platinum Group Metals,WMD,30.0,0.0,0.0,30.0
Serbia,raw,Selenium,WMD,10000.0,875.2,0.0,10875.2
Serbia,raw,Silver,WMD,5000.0,0.0,0.0,5000.0
Serbia,raw,Tellurium,,0.0,29.944,0.0,29.944
Serbia,raw,Zirconium,,0.0,385320.0,0.0,385320.0
Seychelles,processed,Aluminium,,0.0,930297.485,42030.0,888267.485
Seychelles,processed,Bauxite,,0.0,88865.55,0.0,88865.55
Seychelles,processed,Boron,,0.0,44.6,0.0,44.6
Seychelles,processed,Gold,,0.0,9.0,0.0,9.0
Seychelles,processed,Lead,,0.0,480.15,0.0,480.15
Seychelles,processed,Lithium,,0.0,16.35,0.0,16.35
Seychelles,processed,Magnesium,,0.0,6.3,0.0,6.3
Seychelles,processed,Molybdenum,,0.0,5.11,0.0,5.11
Seychelles,processed,Nickel,,0.0,3684.3399999999997,0.0,3684.3399999999997
Seychelles,processed,Silicon,,0.0,6790.447,0.0,6790.447
Seychelles,processed,Silver,,0.0,60.58,0.0,60.58
Seychelles,processed,Tin,,0.0,151.37,0.0,151.37
Seychelles,processed,Vanadium,,0.0,16.35,0.0,16.35
Seychelles,processed,Zinc,,0.0,41.24,0.0,41.24
Seychelles,raw,Aluminium,,0.0,520.0,0.0,520.0
Seychelles,raw,Bauxite,,0.0,520.0,0.0,520.0
Seychelles,raw,Cobalt,,0.0,214.0,0.0,214.0
Seychelles,raw,Copper,,0.0,140.22,0.0,140.22
Seychelles,raw,Lithium,,0.0,4.06,0.0,4.06
Seychelles,raw,Silver,,0.0,1.539,0.0,1.539
Seychelles,raw,Zirconium,,0.0,2587.0,0.0,2587.0
Sierra Leone,raw,Bauxite,WMD,1353708000.0,0.0,0.0,1353708000.0
Sierra Leone,raw,Gold,WMD,163.0,0.0,0.0,163.0
Sierra Leone,raw,Tantalum,WMD,22000.0,0.0,0.0,22000.0
Sierra Leone,raw,Titanium,WMD,142490000.0,0.0,0.0,142490000.0
Sierra Leone,raw,Zirconium,WMD,27776000.0,0.0,0.0,27776000.0
Singapore,processed,Aluminium,,0.0,97064207.191,53140539.697,43923667.494
Singapore,processed,Arsenic,,0.0,1.65,0.01,1.64
Singapore,processed,Bauxite,,0.0,14239586.319999998,8340834.8379999995,5898751.481999999
Singapore,processed,Boron,,0.0,394289.27,77615.53300000001,316673.737
Singapore,processed,Cadmium,,0.0,653.916,0.0,653.916
Singapore,processed,Chromium,,0.0,131960.37,7650.98,124309.39
Singapore,processed,Cobalt,,0.0,2580614.8,886258.3300000001,1694356.4699999997
Singapore,processed,Copper,,0.0,78987794.932,70292020.47299999,8695774.459000006
Singapore,processed,Gold,,0.0,156858.19100000002,19646.672,137211.51900000003
Singapore,processed,Lead,,0.0,263553748.896,11029923.613,252523825.283
Singapore,processed,Lithium,,0.0,692794.124,9939.841,682854.2829999999
Singapore,processed,Magnesium,,0.0,1645668.952,454130.0,1191538.952
Singapore,processed,Manganese,,0.0,8725832.41,139711.108,8586121.302000001
Singapore,processed,Molybdenum,,0.0,78796.5,37327.017,41469.483
Singapore,processed,Nickel,,0.0,43113692.72,7512053.419,35601639.301
Singapore,processed,Platinum Group Metals,,0.0,86428.06999999999,50130.023,36298.04699999999
Singapore,processed,Rare Earths,,0.0,967438.1900000001,100678.79000000001,866759.4
Singapore,processed,Silicon,,0.0,5714252.17,4581940.147,1132312.023
Singapore,processed,Tin,BGS,20722000.0,8725258.484,8156068.624,21291189.86
Singapore,processed,Titanium,,0.0,3160.57,103.69,3056.88
Singapore,processed,Vanadium,,0.0,137818.995,5420.75,132398.245
Singapore,processed,Zinc,,0.0,218237250.947,154518357.59899998,63718893.34800002
Singapore,raw,Aluminium,,0.0,2583.505,0.0,2583.505
Singapore,raw,Bauxite,,0.0,2583.505,0.0,2583.505
Singapore,raw,Chromium,,0.0,120110.0,3302.269,116807.731
Singapore,raw,Cobalt,,0.0,8680.0,20.0,8660.0
Singapore,raw,Copper,,0.0,28321938.808,8298071.464,20023867.343999997
Singapore,raw,Graphite,,0.0,311106.557,7597.508,303509.049
Singapore,raw,Magnesium,,0.0,1747566.437,0.0,1747566.437
Singapore,raw,Selenium,,0.0,4224.07,0.0,4224.07
Singapore,raw,Zinc,,0.0,140310.0,100710.0,39600.0
Slovakia,processed,Aluminium,BGS,56114000.0,2897675763.572,1756309882.488,1197479881.084
Slovakia,processed,Arsenic,,0.0,13440.0,0.0,13440.0
Slovakia,processed,Bauxite,,0.0,102491265.136,11844944.0,90646321.136
Slovakia,processed,Boron,,0.0,24857193.388,36612.0,24820581.388
Slovakia,processed,Cadmium,,0.0,24.0,0.0,24.0
Slovakia,processed,Chromium,,0.0,988608.0,62136.0,926472.0
Slovakia,processed,Cobalt,,0.0,445264.0,63032.0,382232.0
Slovakia,processed,Copper,,0.0,702987010.988,263908184.336,439078826.65200007
Slovakia,processed,Gallium,,0.0,1904.0,1024.0,880.0
Slovakia,processed,Germanium,,0.0,1904.0,1024.0,880.0
Slovakia,processed,Gold,,0.0,900167.518,232752.0,667415.518
Slovakia,processed,Imdium,,0.0,1904.0,1024.0,880.0
Slovakia,processed,Lead,BGS,9000000.0,28166007.0,35953066.256,1212940.7440000027
Slovakia,processed,Lithium,,0.0,28184.0,12984.0,15200.0
Slovakia,processed,Manganese,,0.0,129216.0,0.0,129216.0
Slovakia,processed,Niobium,,0.0,1928.0,1024.0,904.0
Slovakia,processed,Platinum Group Metals,,0.0,3344.822,2572.008,772.8140000000003
Slovakia,processed,Rare Earths,,0.0,79232.0,96.0,79136.0
Slovakia,processed,Silicon,,0.0,293915014.808,10324796.624,283590218.184
Slovakia,processed,Tin,,0.0,6672419.028,1009992.0,5662427.028
Slovakia,processed,Titanium,,0.0,1184712.0,52376.0,1132336.0
Slovakia,processed,Vanadium,,0.0,1453776.0,372800.0,1080976.0
Slovakia,processed,Zinc,,0.0,352091716.0,170806328.0,181285388.0
Slovakia,raw,Aluminium,WMD,0.0,65191368.0,12912.0,65178456.0
Slovakia,raw,Bauxite,,0.0,65191368.0,12912.0,65178456.0
Slovakia,raw,Boron,,0.0,76819192.0,3760.0,76815432.0
Slovakia,raw,Chromium,,0.0,46679208.0,184000.0,46495208.0
Slovakia,raw,Cobalt,,0.0,8.0,0.0,8.0
Slovakia,raw,Fluorspar,,0.0,13247832.0,604536.0,12643296.0
Slovakia,raw,Graphite,,0.0,10251288.0,820936.0,9430352.0
Slovakia,raw,Lead,WMD,155000.0,0.0,0.0,155000.0
Slovakia,raw,Magnesium,WMD,432200000.0,191560.0,273581056.0,158810504.0
Slovakia,raw,Manganese,,0.0,604781848.0,8070200.0,596711648.0
Slovakia,raw,Molybdenum,,0.0,40.0,0.0,40.0
Slovakia,raw,Selenium,,0.0,136.0,0.0,136.0
Slovakia,raw,Silver,WMD,407.0,0.0,0.0,407.0
Slovakia,raw,Tellurium,,0.0,92584.0,0.0,92584.0
Slovakia,raw,Titanium,,0.0,2112024.0,59264.0,2052760.0
Slovakia,raw,Zinc,WMD,90000.0,208.0,0.0,90208.0
Slovenia,processed,Aluminium,BGS,1487000.0,4653132929.424,4208258551.032,446361378.3919997
Slovenia,processed,Arsenic,,0.0,40400.32,21.176,40379.144
Slovenia,processed,Boron,,0.0,162769165.368,2013139.8399999999,160756025.528
Slovenia,processed,Chromium,,0.0,973983.864,36313.864,937670.0
Slovenia,processed,Cobalt,,0.0,468235.71200000006,23132.0,445103.71200000006
Slovenia,processed,Copper,,0.0,280809089.192,237563998.63199997,43245090.56
Slovenia,processed,Gallium,,0.0,1536043.632,538102.0,997941.632
Slovenia,processed,Germanium,,0.0,1536043.632,538102.0,997941.632
Slovenia,processed,Gold,,0.0,15899.552,14742.808,1156.7439999999988
Slovenia,processed,Imdium,,0.0,1536043.632,538102.0,997941.632
Slovenia,processed,Lead,BGS,12000000.0,292150291.512,44275149.599999994,259875141.91200003
Slovenia,processed,Lithium,,0.0,223537.072,40529.192,183007.87999999998
Slovenia,processed,Magnesium,,0.0,334256571.04800004,10212962.416000001,324043608.632
Slovenia,processed,Manganese,,0.0,4793159.104,1704687.296,3088471.808
Slovenia,processed,Molybdenum,,0.0,63241.168,9085.528,54155.64
Slovenia,processed,Nickel,,0.0,28890299.415999997,3310091.1199999996,25580208.295999996
Slovenia,processed,Niobium,,0.0,1536043.632,538102.0,997941.632
Slovenia,processed,Rare Earths,,0.0,831559.8720000001,5772.504,825787.3680000001
Slovenia,processed,Silicon,,0.0,193834174.72800002,97152888.736,96681285.99200001
Slovenia,processed,Tin,,0.0,2069929.4719999998,762927.104,1307002.3679999998
Slovenia,processed,Vanadium,,0.0,5778706.904,2443040.0,3335666.904
Slovenia,processed,Zinc,,0.0,119670480.336,51373694.016,68296786.32
Slovenia,raw,Aluminium,WMD,1487000.0,225537317.6,2233840.0,224790477.6
Slovenia,raw,Bauxite,,0.0,225537317.6,2233840.0,223303477.6
Slovenia,raw,Boron,,0.0,4784.96,0.0,4784.96
Slovenia,raw,Chromium,,0.0,4531560.0,1567800.0,2963760.0
Slovenia,raw,Fluorspar,,0.0,11416706.736,33280.0,11383426.736
Slovenia,raw,Graphite,,0.0,2033817.792,25040.704,2008777.088
Slovenia,raw,Lithium,,0.0,91591350.584,18011408.255999997,73579942.32800001
Slovenia,raw,Magnesium,,0.0,450290.16,527.568,449762.59199999995
Slovenia,raw,Manganese,,0.0,869438.0,12.0,869426.0
Slovenia,raw,Molybdenum,,0.0,2272000.0,5353.68,2266646.32
Slovenia,raw,Selenium,,0.0,24909.2,2886.92,22022.28
Slovenia,raw,Tellurium,,0.0,0.96,0.0,0.96
Slovenia,raw,Titanium,,0.0,190533600.0,399520.0,190134080.0
Slovenia,raw,Zinc,,0.0,200.0,0.0,200.0
Slovenia,raw,Zirconium,,0.0,2184008.0,0.0,2184008.0
Solomon Islands,raw,Gold,WMD,1788.0,0.0,0.0,1788.0
Solomon Islands,raw,Nickel,WMD,1050000.0,0.0,0.0,1050000.0
Solomon Islands,raw,Silver,WMD,220.0,0.0,0.0,220.0
South Africa,processed,Aluminium,BGS,720000000.0,6703057008.660001,1598713982.1390002,5824343026.521001
South Africa,processed,Arsenic,,0.0,42030.84,22793.6,19237.239999999998
South Africa,processed,Bauxite,,0.0,6006275639.280001,8717557.068,5997558082.212001
South Africa,processed,Boron,,0.0,43864666.120000005,5957672.584,37906993.536000006
South Africa,processed,Cadmium,,0.0,5517.28,1240.0,4277.28
South Africa,processed,Copper,BGS,0.0,374912990.28,354400263.104,20512727.176
South Africa,processed,Fluorspar,BGS,345000000.0,0.0,0.0,345000000.0
South Africa,processed,Gallium,,0.0,148472.72,196.36,148276.36000000002
South Africa,processed,Germanium,,0.0,148472.72,196.36,148276.36000000002
South Africa,processed,Gold,,0.0,19713.52,18797.2,916.3199999999997
South Africa,processed,Imdium,,0.0,148472.72,196.36,148276.36000000002
South Africa,processed,Lead,BGS,60000000.0,17112826.48,64882762.216,12230064.264000006
South Africa,processed,Lithium,,0.0,622666.64,577253.32,45413.320000000065
South Africa,processed,Magnesium,,0.0,256021192.48000002,19356221.84,236664970.64000002
South Africa,processed,Molybdenum,,0.0,1020621.28,236103.2,784518.0800000001
South Africa,processed,Niobium,,0.0,148515.68,196.36,148319.32
South Africa,processed,Platinum Group Metals,,0.0,1339557.8,703258.348,636299.452
South Africa,processed,Selenium,USGS,9000.0,0.0,0.0,9000.0
South Africa,processed,Silicon,USGS,50000000.0,200612098.11999997,162989586.21199998,87622511.90799999
South Africa,processed,Tellurium,USGS,4000.0,0.0,0.0,4000.0
South Africa,processed,Tin,,0.0,1965158.76,291246.48,1673912.28
South Africa,processed,Titanium,,0.0,36281145.760000005,1693098.6400000001,34588047.120000005
South Africa,processed,Zinc,,0.0,236840971.07999998,25346421.04,211494550.04
South Africa,raw,Aluminium,WMD,716000000.0,34980733.92,1493684.0,749487049.92
South Africa,raw,Bauxite,,0.0,34980733.92,1493684.0,33487049.92
South Africa,raw,Boron,,0.0,16160255.6,939258.24,15220997.36
South Africa,raw,Cobalt,WMD,378000.0,92000.0,581.16,469418.84
South Africa,raw,Graphite,,0.0,3890242.0,168479.32,3721762.68
South Africa,raw,Magnesium,WMD,6000000.0,23180517.12,8889623.04,20290894.080000002
South Africa,raw,Molybdenum,,0.0,1121340.4,20.0,1121320.4
South Africa,raw,Nickel,WMD,29750000.0,6182954.48,1124774.52,34808179.96
South Africa,raw,Platinum Group Metals,WMD,218337.0,0.0,0.0,218337.0
South Africa,raw,Selenium,,0.0,196710.04,10804.68,185905.36000000002
South Africa,raw,Silver,WMD,41929.0,204.4,48.2,42085.200000000004
South Africa,raw,Tin,,0.0,147.0,32.12,114.88
South Africa,raw,Vanadium,WMD,8667000.0,466.4,2468666.92,6198799.48
South Korea,processed,Cadmium,BGS,4500000.0,0.0,0.0,4500000.0
South Korea,processed,Copper,BGS,1114100000.0,0.0,0.0,1114100000.0
South Korea,processed,Gallium,BGS,2000.0,0.0,0.0,2000.0
South Korea,processed,Indium,BGS,100000.0,0.0,0.0,100000.0
South Korea,processed,Lead,BGS,776000000.0,0.0,0.0,776000000.0
South Korea,processed,Nickel,BGS,46500000.0,0.0,0.0,46500000.0
South Korea,processed,Zinc,BGS,980000000.0,0.0,0.0,980000000.0
South Korea,raw,Gold,BGS,49.0,0.0,0.0,49.0
South Korea,raw,Graphite,USGS,9600000.0,0.0,0.0,9600000.0
South Korea,raw,Lead,BGS,240000.0,0.0,0.0,240000.0
South Korea,raw,Molybdenum,BGS,339000.0,0.0,0.0,339000.0
South Korea,raw,Rhenium,USGS,3000.0,0.0,0.0,3000.0
South Korea,raw,Silver,BGS,2670.0,0.0,0.0,2670.0
South Korea,raw,Titanium,BGS,645949000.0,0.0,0.0,645949000.0
South Korea,raw,Zinc,BGS,807000.0,0.0,0.0,807000.0
South Sudan,raw,Gold,BGS,200.0,0.0,0.0,200.0
Spain,processed,Arsenic,,0.0,1201892.04,287760.0,914132.04
Spain,processed,Boron,,0.0,258987274.94000003,26054174.128000002,232933100.81200004
Spain,processed,Cadmium,,0.0,1920.48,30.0,1890.48
Spain,processed,Chromium,,0.0,53785067.0,11486194.24,42298872.76
Spain,processed,Cobalt,,0.0,13860265.508000001,1019590.48,12840675.028
Spain,processed,Copper,BGS,574200000.0,3351821392.537,3729690903.037,196330489.5
Spain,processed,Fluorspar,BGS,146975000.0,0.0,0.0,146975000.0
Spain,processed,Gallium,,0.0,599054.44,508949.68,90104.75999999995
Spain,processed,Germanium,,0.0,599054.44,508949.68,90104.75999999995
Spain,processed,Imdium,,0.0,599054.44,508949.68,90104.75999999995
Spain,processed,Lead,BGS,220000000.0,1135620111.302,170884775.392,1184735335.91
Spain,processed,Lithium,,0.0,12107565.398,2638402.272,9469163.126
Spain,processed,Manganese,,0.0,115543919.46,112762460.0,2781459.4599999934
Spain,processed,Molybdenum,,0.0,7298453.782,3224199.835,4074253.9469999997
Spain,processed,Nickel,,0.0,141946818.41799998,48927146.346,93019672.07199998
Spain,processed,Niobium,,0.0,600118.288,547422.32,52695.96799999999
Spain,processed,Rare Earths,,0.0,8205573.704,930166.208,7275407.496
Spain,processed,Tin,,0.0,85010844.088,62385909.756,22624934.332000002
Spain,processed,Titanium,,0.0,89086433.08999999,21999098.046,67087335.043999985
Spain,processed,Vanadium,,0.0,6318287.4399999995,1545641.68,4772645.76
Spain,raw,Aluminium,WMD,0.0,14920208791.48,145391218.4,14774817573.08
Spain,raw,Bauxite,USGS,0.0,14920208791.48,145391218.4,14774817573.08
Spain,raw,Boron,,0.0,156768610.48000002,48902177.84,107866432.64000002
Spain,raw,Chromium,,0.0,99044331.0,11713752.0,87330579.0
Spain,raw,Cobalt,,0.0,20760.0,2842.4,17917.6
Spain,raw,Copper,WMD,114786000.0,9589722857.759998,5187993732.1,4516515125.659998
Spain,raw,Graphite,,0.0,40117064.247999996,3474779.4359999998,36642284.812
Spain,raw,Magnesium,WMD,667248000.0,40307824.56,426250260.056,281305564.50399995
Spain,raw,Manganese,,0.0,1456251486.68,4835525.84,1451415960.8400002
Spain,raw,Molybdenum,,0.0,17621839.136,870128.0,16751711.136
Spain,raw,Nickel,,0.0,1403905.0,376640.0,1027265.0
Spain,raw,Niobium,,0.0,14100540.8,10147655.2,3952885.6000000015
Spain,raw,Selenium,,0.0,114865.32,30076.16,84789.16
Spain,raw,Silver,WMD,88796.0,3244768.336,17078.32,3316486.0160000003
Spain,raw,Tantalum,WMD,24000.0,0.0,0.0,24000.0
Spain,raw,Tellurium,,0.0,9094793.68,18217.84,9076575.84
Spain,raw,Tin,WMD,356000.0,20.3,27136.0,328884.3
Spain,raw,Titanium,,0.0,486493798.0,1241365.0,485252433.0
Spain,raw,Vanadium,,0.0,14100540.8,10147655.2,3952885.6000000015
Spain,raw,Zinc,WMD,89219000.0,6644508772.84,879022522.4,5854705250.440001
Spain,raw,Zirconium,,0.0,486692307.2,23990440.0,462701867.2
Sri Lanka,processed,Aluminium,,0.0,60521668.861,4398908.101,56122760.760000005
Sri Lanka,processed,Bauxite,,0.0,16774798.0,25.0,16774773.0
Sri Lanka,processed,Boron,,0.0,1002167.662,2.0,1002165.662
Sri Lanka,processed,Chromium,,0.0,2702.233,0.0,2702.233
Sri Lanka,processed,Cobalt,,0.0,42.0,0.0,42.0
Sri Lanka,processed,Copper,,0.0,10412838.341,2289348.415,8123489.926
Sri Lanka,processed,Gold,,0.0,38.265,0.0,38.265
Sri Lanka,processed,Graphite,BGS,2200000.0,0.0,0.0,2200000.0
Sri Lanka,processed,Lead,BGS,4820000.0,535865.589,5316003.0,39862.58899999969
Sri Lanka,processed,Lithium,,0.0,1819.759,0.0,1819.759
Sri Lanka,processed,Manganese,,0.0,169175.0,17.0,169158.0
Sri Lanka,processed,Molybdenum,,0.0,1310.906,0.0,1310.906
Sri Lanka,processed,Nickel,,0.0,8826.93,86.359,8740.571
Sri Lanka,processed,Rare Earths,,0.0,1845.434,0.0,1845.434
Sri Lanka,processed,Silicon,,0.0,14618724.597000001,47194.515,14571530.082
Sri Lanka,processed,Tin,,0.0,42211.784,25.0,42186.784
Sri Lanka,processed,Titanium,,0.0,246190.0,185.0,246005.0
Sri Lanka,processed,Vanadium,,0.0,19.0,0.0,19.0
Sri Lanka,processed,Zinc,,0.0,5686278.676,2044025.029,3642253.647
Sri Lanka,raw,Chromium,,0.0,16.0,0.0,16.0
Sri Lanka,raw,Cobalt,,0.0,400.0,0.0,400.0
Sri Lanka,raw,Copper,,0.0,208215.0,0.0,208215.0
Sri Lanka,raw,Fluorspar,,0.0,5502.0,73.0,5429.0
Sri Lanka,raw,Graphite,WMD,2998000.0,15910.518,2171257.0,842653.5180000002
Sri Lanka,raw,Lithium,,0.0,156239.556,0.0,156239.556
Sri Lanka,raw,Magnesium,,0.0,20.718,0.0,20.718
Sri Lanka,raw,Manganese,,0.0,1.0,0.0,1.0
Sri Lanka,raw,Niobium,,0.0,35000.0,0.0,35000.0
Sri Lanka,raw,Selenium,,0.0,678.525,0.0,678.525
Sri Lanka,raw,Titanium,WMD,31665000.0,0.0,2857970.0,28807030.0
Sri Lanka,raw,Vanadium,,0.0,35000.0,0.0,35000.0
Sudan,raw,Chromium,WMD,2100000.0,0.0,0.0,2100000.0
Sudan,raw,Gold,WMD,23200.0,0.0,0.0,23200.0
Sudan,raw,Silver,WMD,1000.0,0.0,0.0,1000.0
Suriname,processed,Aluminium,,0.0,2975676.2800000003,1287647.5,1688028.7800000003
Suriname,processed,Bauxite,,0.0,100323.0,20000.0,80323.0
Suriname,processed,Boron,,0.0,56697.0,0.0,56697.0
Suriname,processed,Chromium,,0.0,759.0,0.0,759.0
Suriname,processed,Nickel,,0.0,3172.0,0.0,3172.0
Suriname,processed,Rare Earths,,0.0,21.3,0.0,21.3
Suriname,processed,Silicon,,0.0,500376.0,13681.0,486695.0
Suriname,processed,Silver,,0.0,524.0,112.28,411.72
Suriname,processed,Titanium,,0.0,85800.0,0.0,85800.0
Suriname,processed,Zinc,,0.0,13142.8,0.0,13142.8
Suriname,raw,Copper,,0.0,625.0,0.0,625.0
Suriname,raw,Gold,WMD,17853.0,28150.0,0.0,46003.0
Suriname,raw,Lithium,,0.0,5549300.0,33417.0,5515883.0
Sweden,processed,Aluminium,BGS,119000000.0,3111746245.648,1223944992.83,2006801252.8179998
Sweden,processed,Arsenic,,0.0,420326.848,0.0,420326.848
Sweden,processed,Bauxite,,0.0,1283737936.219,158534559.96,1125203376.259
Sweden,processed,Boron,,0.0,97072676.25500001,22802867.255,74269809.00000001
Sweden,processed,Cadmium,,0.0,3326720.416,0.0,3326720.416
Sweden,processed,Chromium,,0.0,3552947.097,336828.733,3216118.364
Sweden,processed,Cobalt,,0.0,907391.115,96772.97799999999,810618.137
Sweden,processed,Copper,BGS,256332000.0,848585409.461,283788848.64,821128560.821
Sweden,processed,Gallium,,0.0,41297.004,1000.0,40297.004
Sweden,processed,Germanium,,0.0,41297.004,1000.0,40297.004
Sweden,processed,Imdium,,0.0,41297.004,1000.0,40297.004
Sweden,processed,Lead,BGS,76150000.0,60532580.39300001,135309830.918,1372749.474999994
Sweden,processed,Lithium,,0.0,9558287.785,34430.292,9523857.493
Sweden,processed,Magnesium,,0.0,64781977.464,1279444.471,63502532.993
Sweden,processed,Manganese,,0.0,590372.273,40368.915,550003.358
Sweden,processed,Molybdenum,,0.0,3717323.135,30137.281,3687185.854
Sweden,processed,Nickel,,0.0,255311153.71699998,41052087.617,214259066.09999996
Sweden,processed,Niobium,,0.0,102584.804,1116.411,101468.39300000001
Sweden,processed,Platinum Group Metals,,0.0,61981839.776,629969.83,61351869.946
Sweden,processed,Rare Earths,,0.0,160787.05,32.472,160754.57799999998
Sweden,processed,Selenium,BGS,4000.0,0.0,0.0,4000.0
Sweden,processed,Silicon,,0.0,179618205.142,39982394.916,139635810.22599998
Sweden,processed,Silver,,0.0,4109279.1199999996,1062169.9139999999,3047109.206
Sweden,processed,Tellurium,BGS,36000.0,0.0,0.0,36000.0
Sweden,processed,Tin,,0.0,633300.323,115078.213,518222.11
Sweden,processed,Titanium,,0.0,8419030.849,5396593.681,3022437.1679999996
Sweden,processed,Vanadium,,0.0,1777799.6130000001,141101.15500000003,1636698.458
Sweden,processed,Zinc,,0.0,212974068.34899998,82551179.737,130422888.61199997
Sweden,raw,Aluminium,WMD,119000000.0,38728249.516,497.872,157727751.644
Sweden,raw,Bauxite,,0.0,38728249.516,497.872,38727751.644
Sweden,raw,Boron,,0.0,26727325.714,1108323.8360000001,25619001.878000002
Sweden,raw,Copper,WMD,73780000.0,1284784981.797,499708644.505,858856337.2919999
Sweden,raw,Fluorspar,,0.0,44967386.228,25939890.374,19027495.854
Sweden,raw,Gold,WMD,7358.0,23489504.256,768002.983,22728859.273000002
Sweden,raw,Graphite,,0.0,5991528.223,562251.456,5429276.767
Sweden,raw,Magnesium,,0.0,510834.551,416647.265,94187.28599999996
Sweden,raw,Manganese,,0.0,160458.454,10162.602,150295.85199999998
Sweden,raw,Molybdenum,,0.0,28360676.004,134106.238,28226569.766
Sweden,raw,Nickel,,0.0,3397.5959999999995,0.0,3397.5959999999995
Sweden,raw,Selenium,WMD,20000.0,405061.931,24180.778,400881.153
Sweden,raw,Silver,WMD,404055.0,12324000.0,0.0,12728055.0
Sweden,raw,Tellurium,WMD,36000.0,166505.918,142000.0,60505.918000000005
Sweden,raw,Tin,,0.0,5531.916,15.552,5516.3640000000005
Sweden,raw,Titanium,,0.0,4696547.798,148135.16,4548412.638
Sweden,raw,Zirconium,,0.0,192812.872,0.0,192812.872
Switzerland,processed,Aluminium,,0.0,1315299655.354,1142791524.098,172508131.25600004
Switzerland,processed,Bauxite,,0.0,152929124.382,5308721.541999999,147620402.84
Switzerland,processed,Boron,,0.0,13761807.197999999,218246.766,13543560.431999998
Switzerland,processed,Gallium,,0.0,12059.96,622.8340000000001,11437.125999999998
Switzerland,processed,Germanium,,0.0,12059.96,622.8340000000001,11437.125999999998
Switzerland,processed,Gold,,0.0,8587793.875,5822600.776000001,2765193.0989999995
Switzerland,processed,Imdium,,0.0,12059.96,622.8340000000001,11437.125999999998
Switzerland,processed,Magnesium,,0.0,46313097.835999995,11745056.996000001,34568040.839999996
Switzerland,processed,Manganese,,0.0,599441.184,0.0,599441.184
Switzerland,processed,Molybdenum,,0.0,79521.10699999999,20990.976,58530.130999999994
Switzerland,processed,Nickel,,0.0,29653329.546,28425985.298,1227344.2479999997
Switzerland,processed,Platinum Group Metals,,0.0,1428774.903,1403929.8699999999,24845.033000000054
Switzerland,processed,Rare Earths,,0.0,159853.754,44070.308,115783.446
Switzerland,processed,Silicon,,0.0,131176167.582,42452253.221999995,88723914.36000001
Switzerland,processed,Tin,,0.0,1045126.971,846186.4099999999,198940.5610000001
Switzerland,processed,Vanadium,,0.0,137289.14800000002,849.9380000000001,136439.21000000002
Switzerland,processed,Zinc,,0.0,46799575.846,21446716.696,25352859.150000002
Switzerland,raw,Aluminium,,0.0,81049184.34,3002480.0,78046704.34
Switzerland,raw,Bauxite,,0.0,81049184.34,3002480.0,78046704.34
Switzerland,raw,Boron,,0.0,33027.914000000004,101.392,32926.522000000004
Switzerland,raw,Chromium,,0.0,1491939.148,957136.0,534803.148
Switzerland,raw,Cobalt,,0.0,8.0,0.0,8.0
Switzerland,raw,Fluorspar,,0.0,1458576.0,602.596,1457973.404
Switzerland,raw,Gold,,0.0,825.32,4.0,821.32
Switzerland,raw,Graphite,,0.0,1119242.4980000001,224015.3,895227.1980000001
Switzerland,raw,Magnesium,,0.0,469818.224,3634.304,466183.92
Switzerland,raw,Manganese,,0.0,643788.888,80.0,643708.888
Switzerland,raw,Molybdenum,,0.0,100.0,72.0,28.0
Switzerland,raw,Silver,,0.0,885.752,0.0,885.752
Switzerland,raw,Tellurium,,0.0,337.37,101.392,235.978
Switzerland,raw,Titanium,,0.0,96012.0,0.0,96012.0
Switzerland,raw,Zinc,,0.0,1001.472,28.712,972.76
Switzerland,raw,Zirconium,,0.0,789892.592,2248.592,787644.0
Taiwan,processed,Lead,BGS,85000000.0,0.0,0.0,85000000.0
Taiwan,processed,Tin,BGS,4200000.0,0.0,0.0,4200000.0
Taiwan,raw,Gold,WMD,3.0,0.0,0.0,3.0
Tajikistan,processed,Aluminium,BGS,66649000.0,0.0,0.0,66649000.0
Tajikistan,raw,Aluminium,WMD,66649000.0,0.0,0.0,66649000.0
Tajikistan,raw,Antimony,WMD,14800000.0,0.0,0.0,14800000.0
Tajikistan,raw,Copper,WMD,4500000.0,0.0,0.0,4500000.0
Tajikistan,raw,Fluorspar,WMD,2000000.0,0.0,0.0,2000000.0
Tajikistan,raw,Gold,WMD,9220.0,0.0,0.0,9220.0
Tajikistan,raw,Lead,WMD,37809000.0,0.0,0.0,37809000.0
Tajikistan,raw,Silver,WMD,12000.0,0.0,0.0,12000.0
Tajikistan,raw,Zinc,WMD,45071000.0,0.0,0.0,45071000.0
Tanzania,processed,Copper,BGS,10000000.0,0.0,0.0,10000000.0
Tanzania,raw,Bauxite,WMD,61353000.0,0.0,0.0,61353000.0
Tanzania,raw,Copper,WMD,3785000.0,0.0,0.0,3785000.0
Tanzania,raw,Gold,WMD,54760.0,0.0,0.0,54760.0
Tanzania,raw,Graphite,WMD,13475000.0,0.0,0.0,13475000.0
Tanzania,raw,Lithium,WMD,57000.0,0.0,0.0,57000.0
Tanzania,raw,Silver,WMD,14481.0,0.0,0.0,14481.0
Tanzania,raw,Tin,WMD,316000.0,0.0,0.0,316000.0
Thailand,processed,Aluminium,,0.0,7859574173.801001,2863152355.878,4996421817.923
Thailand,processed,Arsenic,,0.0,224000.0,0.0,224000.0
Thailand,processed,Bauxite,,0.0,672026675.592,45160832.119,626865843.473
Thailand,processed,Boron,,0.0,106540478.352,1314004.0,105226474.352
Thailand,processed,Cadmium,,0.0,769.78,0.0,769.78
Thailand,processed,Chromium,,0.0,5519641.216,76392.808,5443248.408
Thailand,processed,Cobalt,,0.0,1386025.58,85461.784,1300563.796
Thailand,processed,Copper,,0.0,1801202106.788,1669838852.372,131363254.41600013
Thailand,processed,Fluorspar,BGS,187566000.0,0.0,0.0,187566000.0
Thailand,processed,Gallium,,0.0,24660.668,20348.0,4312.6680000000015
Thailand,processed,Germanium,,0.0,24660.668,20348.0,4312.6680000000015
Thailand,processed,Gold,,0.0,453767.977,302046.81100000005,151721.16599999997
Thailand,processed,Imdium,,0.0,24660.668,20348.0,4312.6680000000015
Thailand,processed,Lead,BGS,105000000.0,268317641.708,105177757.262,268139884.446
Thailand,processed,Lithium,,0.0,1753095.24,78300.216,1674795.024
Thailand,processed,Magnesium,,0.0,170220067.448,6923619.24,163296448.208
Thailand,processed,Manganese,,0.0,31785610.914,867358.5160000001,30918252.398000002
Thailand,processed,Molybdenum,,0.0,1074654.777,355704.39599999995,718950.381
Thailand,processed,Nickel,,0.0,84427155.122,25856975.0,58570180.121999994
Thailand,processed,Rare Earths,,0.0,5871833.232,3431348.112,2440485.1199999996
Thailand,processed,Silicon,,0.0,803315999.9629999,543372059.235,259943940.72799993
Thailand,processed,Titanium,,0.0,21004327.303,759309.596,20245017.707
Thailand,processed,Zinc,,0.0,585585805.54,172562876.662,413022928.87799996
Thailand,raw,Aluminium,,0.0,93662253.412,168.0,93662085.412
Thailand,raw,Bauxite,,0.0,93662253.412,168.0,93662085.412
Thailand,raw,Boron,,0.0,4896820.0,1780272.0,3116548.0
Thailand,raw,Chromium,,0.0,3281268.0,200000.0,3081268.0
Thailand,raw,Cobalt,,0.0,8.0,0.0,8.0
Thailand,raw,Copper,,0.0,156591403.12800002,39239253.088,117352150.04000002
Thailand,raw,Graphite,,0.0,18652403.132,467338.644,18185064.487999998
Thailand,raw,Magnesium,,0.0,19578203.182,4506.802,19573696.38
Thailand,raw,Molybdenum,,0.0,59648620.0,21612575.921,38036044.078999996
Thailand,raw,Niobium,,0.0,206464504.0,242430.324,206222073.676
Thailand,raw,Rare Earths,USGS,13000000.0,0.0,0.0,13000000.0
Thailand,raw,Selenium,,0.0,210034.768,1200.0,208834.768
Thailand,raw,Silver,WMD,10417.0,3474596.0,62.0,3484951.0
Thailand,raw,Tellurium,,0.0,820.0,0.0,820.0
Thailand,raw,Tin,WMD,30000.0,58616032.0,19737164.048,38908867.952
Thailand,raw,Vanadium,,0.0,206464504.0,242430.324,206222073.676
Thailand,raw,Zinc,,0.0,11494732.0,640.0,11494092.0
Thailand,raw,Zirconium,,0.0,30377818.0,29007424.0,1370394.0
Togo,processed,Aluminium,,0.0,42069966.0,21710754.0,20359212.0
Togo,processed,Bauxite,,0.0,1664010.0,0.0,1664010.0
Togo,processed,Lithium,,0.0,18.0,0.0,18.0
Togo,processed,Magnesium,,0.0,6000.0,0.0,6000.0
Togo,processed,Silicon,,0.0,713958.0,94560.0,619398.0
Togo,processed,Silver,,0.0,166.0,0.0,166.0
Togo,processed,Titanium,,0.0,8200.0,0.0,8200.0
Togo,raw,Gold,WMD,3600.0,0.0,0.0,3600.0
Togo,raw,Lithium,,0.0,314500.0,0.0,314500.0
Trinidad And Tobago,processed,Aluminium,,0.0,14165614.896,11725748.956,2439865.9399999995
Trinidad And Tobago,processed,Bauxite,,0.0,6732844.0,1032320.0,5700524.0
Trinidad And Tobago,processed,Boron,,0.0,35102.0,478.0,34624.0
Trinidad And Tobago,processed,Chromium,,0.0,25920.0,0.0,25920.0
Trinidad And Tobago,processed,Cobalt,,0.0,1394.0,0.0,1394.0
Trinidad And Tobago,processed,Copper,,0.0,3918831.414,926230.0,2992601.414
Trinidad And Tobago,processed,Gold,,0.0,152.892,0.0,152.892
Trinidad And Tobago,processed,Lead,,0.0,45884.83,358.0,45526.83
Trinidad And Tobago,processed,Lithium,,0.0,7111.814,946.0,6165.814
Trinidad And Tobago,processed,Magnesium,,0.0,5638.0,108.0,5530.0
Trinidad And Tobago,processed,Manganese,,0.0,68.0,0.0,68.0
Trinidad And Tobago,processed,Molybdenum,,0.0,44.29,0.0,44.29
Trinidad And Tobago,processed,Nickel,,0.0,18568.742,18.0,18550.742
Trinidad And Tobago,processed,Rare Earths,,0.0,88.0,0.0,88.0
Trinidad And Tobago,processed,Silicon,,0.0,576927.286,19342.0,557585.286
Trinidad And Tobago,processed,Tin,,0.0,8518.0,0.0,8518.0
Trinidad And Tobago,processed,Titanium,,0.0,211318.0,0.0,211318.0
Trinidad And Tobago,processed,Zinc,,0.0,16604.0,803.294,15800.706
Trinidad And Tobago,raw,Chromium,,0.0,68014.0,0.0,68014.0
Trinidad And Tobago,raw,Copper,,0.0,1034142.0,800.0,1033342.0
Trinidad And Tobago,raw,Graphite,,0.0,291.084,0.0,291.084
Trinidad And Tobago,raw,Niobium,,0.0,2828.0,0.0,2828.0
Trinidad And Tobago,raw,Vanadium,,0.0,2828.0,0.0,2828.0
Trinidad And Tobago,raw,Zinc,,0.0,11084.0,0.0,11084.0
Tunisia,processed,Aluminium,,0.0,73176551.969,62449030.82,10727521.148999996
Tunisia,processed,Boron,,0.0,463530.497,2737.982,460792.51499999996
Tunisia,processed,Cadmium,,0.0,39.364,0.0,39.364
Tunisia,processed,Chromium,,0.0,36138.030999999995,0.0,36138.030999999995
Tunisia,processed,Copper,,0.0,59066340.45599999,16447354.381,42618986.074999996
Tunisia,processed,Gallium,,0.0,547.334,0.0,547.334
Tunisia,processed,Germanium,,0.0,547.334,0.0,547.334
Tunisia,processed,Gold,,0.0,826.0559999999999,0.0,826.0559999999999
Tunisia,processed,Imdium,,0.0,547.334,0.0,547.334
Tunisia,processed,Lead,,0.0,6544344.701,492.456,6543852.245
Tunisia,processed,Lithium,,0.0,35388.848,0.0,35388.848
Tunisia,processed,Magnesium,,0.0,2640427.505,246379.969,2394047.536
Tunisia,processed,Manganese,,0.0,582545.283,0.0,582545.283
Tunisia,processed,Molybdenum,,0.0,283.327,0.0,283.327
Tunisia,processed,Nickel,,0.0,1112299.514,203197.72,909101.794
Tunisia,processed,Niobium,,0.0,547.334,0.0,547.334
Tunisia,processed,Platinum Group Metals,,0.0,0.426,0.0,0.426
Tunisia,processed,Silicon,,0.0,2654220.8320000004,44996.801,2609224.0310000004
Tunisia,processed,Silver,,0.0,143.326,0.0,143.326
Tunisia,processed,Tin,,0.0,213278.254,208305.025,4973.228999999992
Tunisia,processed,Titanium,,0.0,108411.244,78763.467,29647.777000000002
Tunisia,processed,Vanadium,,0.0,551.996,0.0,551.996
Tunisia,processed,Zinc,,0.0,9085952.686,252300.532,8833652.154000001
Tunisia,raw,Aluminium,,0.0,156627.796,0.0,156627.796
Tunisia,raw,Bauxite,,0.0,156627.796,0.0,156627.796
Tunisia,raw,Chromium,,0.0,268481.543,0.0,268481.543
Tunisia,raw,Copper,,0.0,17989.965,2853.908,15136.057
Tunisia,raw,Fluorspar,,0.0,39814043.478,0.0,39814043.478
Tunisia,raw,Graphite,,0.0,14774.826,0.0,14774.826
Tunisia,raw,Lead,WMD,1000000.0,0.0,0.0,1000000.0
Tunisia,raw,Selenium,,0.0,3196.667,0.0,3196.667
Tunisia,raw,Titanium,,0.0,346975.403,0.0,346975.403
Tunisia,raw,Zinc,WMD,1600000.0,0.0,1265037.42,334962.5800000001
Turkey,processed,Aluminium,BGS,82000000.0,0.0,0.0,82000000.0
Turkey,processed,Bauxite,USGS,320000000.0,0.0,0.0,320000000.0
Turkey,processed,Boron,BGS,1793746000.0,0.0,0.0,1793746000.0
Turkey,processed,Copper,BGS,225700000.0,0.0,0.0,225700000.0
Turkey,processed,Fluorspar,BGS,32407000.0,0.0,0.0,32407000.0
Turkey,processed,Graphite,BGS,27974000.0,0.0,0.0,27974000.0
Turkey,processed,Lead,BGS,109000000.0,0.0,0.0,109000000.0
Turkey,processed,Magnesium,BGS,4500000.0,0.0,0.0,4500000.0
Turkey,processed,Selenium,USGS,50000.0,0.0,0.0,50000.0
Turkey,raw,Aluminium,WMD,82000000.0,0.0,0.0,82000000.0
Turkey,raw,Antimony,WMD,3816000.0,0.0,0.0,3816000.0
Turkey,raw,Bauxite,WMD,2934790000.0,0.0,0.0,2934790000.0
Turkey,raw,Boron,WMD,1920000000.0,0.0,0.0,1920000000.0
Turkey,raw,Chromium,WMD,1152200000.0,0.0,0.0,1152200000.0
Turkey,raw,Cobalt,WMD,400000.0,0.0,0.0,400000.0
Turkey,raw,Copper,WMD,127000000.0,0.0,0.0,127000000.0
Turkey,raw,Fluorspar,WMD,32407000.0,0.0,0.0,32407000.0
Turkey,raw,Gold,WMD,36250.0,0.0,0.0,36250.0
Turkey,raw,Graphite,WMD,27974000.0,0.0,0.0,27974000.0
Turkey,raw,Lead,WMD,69230000.0,0.0,0.0,69230000.0
Turkey,raw,Magnesium,WMD,1333728000.0,0.0,0.0,1333728000.0
Turkey,raw,Manganese,WMD,35700000.0,0.0,0.0,35700000.0
Turkey,raw,Nickel,WMD,18390000.0,0.0,0.0,18390000.0
Turkey,raw,Silver,WMD,96130.0,0.0,0.0,96130.0
Turkey,raw,Zinc,WMD,187700000.0,0.0,0.0,187700000.0
Türkiye,processed,Aluminium,,0.0,17849932144.196,9302206552.68,8547725591.515999
Türkiye,processed,Arsenic,,0.0,1591304.0,96.0,1591208.0
Türkiye,processed,Bauxite,,0.0,1309113336.336,1122044368.68,187068967.6559999
Türkiye,processed,Cadmium,,0.0,131464.0,1712.0,129752.0
Türkiye,processed,Chromium,,0.0,17356432.0,349376.0,17007056.0
Türkiye,processed,Cobalt,,0.0,7452920.0,158368.0,7294552.0
Türkiye,processed,Copper,,0.0,4810530677.044,1663178668.0,3147352009.0439997
Türkiye,processed,Gold,,0.0,1863792.04,216170.804,1647621.236
Türkiye,processed,Lead,,0.0,1059503338.0,120405280.0,939098058.0
Türkiye,processed,Lithium,,0.0,2055008.0,60496.0,1994512.0
Türkiye,processed,Manganese,,0.0,15011987.0,5742216.0,9269771.0
Türkiye,processed,Molybdenum,,0.0,2757928.0,752720.0,2005208.0
Türkiye,processed,Rare Earths,,0.0,4999480.0,969904.0,4029576.0
Türkiye,processed,Silicon,,0.0,648617425.0,371542128.0,277075297.0
Türkiye,processed,Tin,,0.0,30350544.0,4205096.0,26145448.0
Türkiye,processed,Titanium,,0.0,30157224.0,6950592.0,23206632.0
Türkiye,processed,Vanadium,,0.0,22578232.0,12858152.0,9720080.0
Türkiye,processed,Zinc,,0.0,2000062477.0,296834720.0,1703227757.0
Türkiye,raw,Cobalt,,0.0,440.0,8.0,432.0
Türkiye,raw,Fluorspar,,0.0,861425744.0,65552040.0,795873704.0
Türkiye,raw,Graphite,,0.0,109318896.0,17100408.0,92218488.0
Türkiye,raw,Molybdenum,,0.0,4955120.0,2640008.0,2315112.0
Türkiye,raw,Niobium,,0.0,8.0,0.0,8.0
Türkiye,raw,Selenium,,0.0,57592.0,1264.0,56328.0
Türkiye,raw,Titanium,,0.0,65578440.0,1320992.0,64257448.0
Türkiye,raw,Vanadium,,0.0,8.0,0.0,8.0
Türkiye,raw,Zirconium,,0.0,43087392.0,1007704.0,42079688.0
Uganda,processed,Aluminium,,0.0,24602339.37,2778558.88,21823780.490000002
Uganda,processed,Arsenic,,0.0,1600.0,0.0,1600.0
Uganda,processed,Bauxite,,0.0,9208631.5,60754.0,9147877.5
Uganda,processed,Boron,,0.0,366379.68,0.0,366379.68
Uganda,processed,Chromium,,0.0,10928.0,0.0,10928.0
Uganda,processed,Cobalt,,0.0,536.0,0.0,536.0
Uganda,processed,Copper,,0.0,2787855.775,1224842.0,1563013.775
Uganda,processed,Gold,,0.0,84514.17,0.0,84514.17
Uganda,processed,Lead,BGS,800000.0,239428.1,0.0,1039428.1
Uganda,processed,Lithium,,0.0,130742.0,0.0,130742.0
Uganda,processed,Magnesium,,0.0,68153.5,60.0,68093.5
Uganda,processed,Manganese,,0.0,1352696.0,0.0,1352696.0
Uganda,processed,Molybdenum,,0.0,14.8,0.0,14.8
Uganda,processed,Nickel,,0.0,9891.0,0.0,9891.0
Uganda,processed,Niobium,,0.0,1.0,0.0,1.0
Uganda,processed,Platinum Group Metals,,0.0,121.0,0.0,121.0
Uganda,processed,Rare Earths,,0.0,67.5,0.0,67.5
Uganda,processed,Silver,,0.0,7013.0,1843.37,5169.63
Uganda,processed,Titanium,,0.0,1510841.31,9650.0,1501191.31
Uganda,processed,Zinc,,0.0,4596537.0,467773.0,4128764.0
Uganda,raw,Aluminium,,0.0,9990000.0,0.0,9990000.0
Uganda,raw,Bauxite,,0.0,9990000.0,0.0,9990000.0
Uganda,raw,Boron,,0.0,242604.0,0.0,242604.0
Uganda,raw,Copper,,0.0,52013.0,0.0,52013.0
Uganda,raw,Fluorspar,,0.0,1000.0,0.0,1000.0
Uganda,raw,Gold,WMD,4.0,10.0,0.0,14.0
Uganda,raw,Lead,,0.0,2.0,0.0,2.0
Uganda,raw,Lithium,,0.0,116767.25,3450.21,113317.04
Uganda,raw,Magnesium,,0.0,27960.0,0.0,27960.0
Uganda,raw,Manganese,,0.0,1.0,0.0,1.0
Uganda,raw,Selenium,,0.0,500.0,0.0,500.0
Uganda,raw,Tantalum,BGS,608000.0,0.0,0.0,608000.0
Uganda,raw,Zinc,,0.0,260000.0,0.0,260000.0
Uganda,raw,Zirconium,,0.0,495055.0,0.0,495055.0
Ukraine,processed,Aluminium,,0.0,211907410.124,126947061.732,84960348.39200002
Ukraine,processed,Arsenic,,0.0,2200.02,0.0,2200.02
Ukraine,processed,Bauxite,,0.0,64366809.658,40700395.0,23666414.658
Ukraine,processed,Boron,,0.0,19276033.759999998,25227.42,19250806.339999996
Ukraine,processed,Cadmium,,0.0,8.0,0.0,8.0
Ukraine,processed,Chromium,,0.0,350820.348,0.0,350820.348
Ukraine,processed,Cobalt,,0.0,52289.606,50.0,52239.606
Ukraine,processed,Gallium,BGS,2000.0,2352.03,1356.0,2996.0300000000007
Ukraine,processed,Germanium,,0.0,2352.03,1356.0,996.0300000000002
Ukraine,processed,Gold,,0.0,2093.622,0.0,2093.622
Ukraine,processed,Graphite,BGS,2000000.0,0.0,0.0,2000000.0
Ukraine,processed,Imdium,,0.0,2352.03,1356.0,996.0300000000002
Ukraine,processed,Lead,BGS,12000000.0,1476452.9,10820893.0,2655559.9000000004
Ukraine,processed,Lithium,,0.0,45454.162000000004,26.9,45427.262
Ukraine,processed,Magnesium,,0.0,1184955.2,285896.0,899059.2
Ukraine,processed,Manganese,,0.0,1943410.4,202000.0,1741410.4
Ukraine,processed,Molybdenum,,0.0,99729.17,0.0,99729.17
Ukraine,processed,Nickel,BGS,0.0,1575214.746,21425.16,1553789.5860000001
Ukraine,processed,Niobium,,0.0,2710.79,1356.0,1354.79
Ukraine,processed,Rare Earths,,0.0,159721.592,1130.6039999999998,158590.988
Ukraine,processed,Silicon,,0.0,6281420.284,2165766.59,4115653.694
Ukraine,processed,Silver,,0.0,16739.012000000002,18.03,16720.982000000004
Ukraine,processed,Tin,,0.0,190723.586,48412.294,142311.29200000002
Ukraine,processed,Titanium,USGS,0.0,3636511.8,45924.0,3590587.8
Ukraine,processed,Vanadium,,0.0,536842.43,1356.0,535486.43
Ukraine,processed,Zinc,,0.0,10186067.2,5285860.0,4900207.199999999
Ukraine,raw,Aluminium,,0.0,70346754.0,0.0,70346754.0
Ukraine,raw,Bauxite,,0.0,70346754.0,0.0,70346754.0
Ukraine,raw,Boron,,0.0,1011.6,0.0,1011.6
Ukraine,raw,Chromium,,0.0,11978470.0,0.0,11978470.0
Ukraine,raw,Fluorspar,,0.0,15652734.72,0.0,15652734.72
Ukraine,raw,Graphite,WMD,1666000.0,771013.28,644972.0,1792041.2800000003
Ukraine,raw,Magnesium,,0.0,34900.4,140.346,34760.054000000004
Ukraine,raw,Manganese,WMD,186500000.0,168586150.0,89806000.0,265280150.0
Ukraine,raw,Molybdenum,,0.0,5650.0,0.0,5650.0
Ukraine,raw,Selenium,,0.0,10801.24,0.0,10801.24
Ukraine,raw,Tellurium,,0.0,1008.0,0.0,1008.0
Ukraine,raw,Zinc,,0.0,170.0,0.0,170.0
United Arab Emirates,processed,Aluminium,BGS,2660000000.0,0.0,0.0,2660000000.0
United Arab Emirates,processed,Bauxite,USGS,2400000000.0,0.0,0.0,2400000000.0
United Arab Emirates,processed,Lead,BGS,30000000.0,0.0,0.0,30000000.0
United Arab Emirates,raw,Aluminium,WMD,2660000000.0,0.0,0.0,2660000000.0
United Kingdom,processed,Arsenic,,0.0,43768.0,0.0,43768.0
United Kingdom,processed,Bauxite,,0.0,739588359.312,59103612.363000005,680484746.949
United Kingdom,processed,Boron,,0.0,75113316.19,684020.0,74429296.19
United Kingdom,processed,Cadmium,,0.0,691174.3720000001,33872.622,657301.7500000001
United Kingdom,processed,Chromium,,0.0,66832955.732,33085861.34,33747094.392000005
United Kingdom,processed,Cobalt,,0.0,24370763.302,12778533.848000001,11592229.454
United Kingdom,processed,Fluorspar,BGS,7000000.0,0.0,0.0,7000000.0
United Kingdom,processed,Gallium,,0.0,1710529.926,534048.3740000001,1176481.552
United Kingdom,processed,Germanium,,0.0,1710529.926,534048.3740000001,1176481.552
United Kingdom,processed,Gold,,0.0,305372.664,132952.376,172420.288
United Kingdom,processed,Imdium,,0.0,1710529.926,534048.3740000001,1176481.552
United Kingdom,processed,Lead,BGS,285000000.0,421194505.78,693007702.23,13186803.549999952
United Kingdom,processed,Lithium,,0.0,13241753.837,8548834.084999999,4692919.752
United Kingdom,processed,Manganese,,0.0,15371835.92,2550537.86,12821298.06
United Kingdom,processed,Nickel,BGS,35851000.0,409806562.374,231734749.683,213922812.691
United Kingdom,processed,Niobium,,0.0,2026137.318,706035.966,1320101.352
United Kingdom,processed,Rare Earths,,0.0,3211316.735,308568.58999999997,2902748.145
United Kingdom,processed,Silicon,,0.0,442686833.53199995,110418008.82,332268824.71199995
United Kingdom,processed,Tin,,0.0,22428742.392,11089674.027999999,11339068.364000002
United Kingdom,processed,Titanium,USGS,0.0,80173003.772,25508659.034,54664344.738
United Kingdom,processed,Vanadium,,0.0,2362073.926,540076.03,1821997.896
United Kingdom,processed,Zinc,,0.0,279719851.0,29979479.232,249740371.768
United Kingdom,raw,Aluminium,WMD,29246000.0,102977296.0,15929432.0,116293864.0
United Kingdom,raw,Bauxite,,0.0,102977296.0,15929432.0,87047864.0
United Kingdom,raw,Boron,,0.0,7731438.572,1513354.792,6218083.779999999
United Kingdom,raw,Chromium,,0.0,15388501.0,148873.0,15239628.0
United Kingdom,raw,Copper,,0.0,13686987.144,6824781.23,6862205.913999999
United Kingdom,raw,Fluorspar,WMD,8000000.0,80235260.0,1705688.0,86529572.0
United Kingdom,raw,Gold,WMD,126.0,475268.0,39920.0,435474.0
United Kingdom,raw,Graphite,,0.0,19226753.0,4534382.124,14692370.876
United Kingdom,raw,Magnesium,,0.0,17172508.0,53995.0,17118513.0
United Kingdom,raw,Manganese,,0.0,22941784.0,1023176.0,21918608.0
United Kingdom,raw,Molybdenum,,0.0,61880632.0,5504300.872,56376331.128
United Kingdom,raw,Selenium,,0.0,342459.12,109005.124,233453.99599999998
United Kingdom,raw,Titanium,,0.0,497746900.0,12000.0,497734900.0
United Kingdom,raw,Zirconium,,0.0,13634115.0,11265516.0,2368599.0
United Rep. Of Tanzania,processed,Aluminium,,0.0,110925463.03999999,14462875.96,96462587.07999998
United Rep. Of Tanzania,processed,Arsenic,,0.0,129632.0,0.0,129632.0
United Rep. Of Tanzania,processed,Bauxite,,0.0,28009399.82,2833600.0,25175799.82
United Rep. Of Tanzania,processed,Boron,,0.0,980762.22,1000.0,979762.22
United Rep. Of Tanzania,processed,Chromium,,0.0,285565.9,0.0,285565.9
United Rep. Of Tanzania,processed,Cobalt,,0.0,97006.5,0.0,97006.5
United Rep. Of Tanzania,processed,Copper,,0.0,11571590.6,1599421.3,9972169.299999999
United Rep. Of Tanzania,processed,Lithium,,0.0,5228.0,0.0,5228.0
United Rep. Of Tanzania,processed,Manganese,,0.0,24316.0,0.0,24316.0
United Rep. Of Tanzania,processed,Molybdenum,,0.0,734770.69,0.0,734770.69
United Rep. Of Tanzania,processed,Nickel,,0.0,89795.86,1162.8,88633.06
United Rep. Of Tanzania,processed,Platinum Group Metals,,0.0,12723.28,2692.01,10031.27
United Rep. Of Tanzania,processed,Rare Earths,,0.0,1346.4,0.0,1346.4
United Rep. Of Tanzania,processed,Silicon,,0.0,24397719.74,7563500.0,16834219.74
United Rep. Of Tanzania,processed,Tin,,0.0,497869.32,0.0,497869.32
United Rep. Of Tanzania,processed,Titanium,,0.0,864567.2,3400.0,861167.2
United Rep. Of Tanzania,processed,Vanadium,,0.0,151.0,0.0,151.0
United Rep. Of Tanzania,processed,Zinc,,0.0,7676685.2,875134.0,6801551.2
United Rep. Of Tanzania,raw,Chromium,,0.0,7000.0,0.0,7000.0
United Rep. Of Tanzania,raw,Fluorspar,,0.0,9410.0,5851.2,3558.8
United Rep. Of Tanzania,raw,Niobium,,0.0,56963.48,15.6,56947.880000000005
United Rep. Of Tanzania,raw,Selenium,,0.0,40708.6,0.0,40708.6
United Rep. Of Tanzania,raw,Tellurium,,0.0,14843.94,0.0,14843.94
United Rep. Of Tanzania,raw,Titanium,,0.0,6.4,0.0,6.4
United Rep. Of Tanzania,raw,Vanadium,,0.0,56963.48,15.6,56947.880000000005
Uruguay,processed,Aluminium,,0.0,22434197.577,19969341.978,2464855.5989999995
Uruguay,processed,Boron,,0.0,28508.124,0.0,28508.124
Uruguay,processed,Chromium,,0.0,3345.811,0.0,3345.811
Uruguay,processed,Copper,,0.0,2616325.957,2074304.0,542021.9569999999
Uruguay,processed,Lithium,,0.0,1042.22,0.0,1042.22
Uruguay,processed,Magnesium,,0.0,2510853.0,350.0,2510503.0
Uruguay,processed,Manganese,,0.0,175001.656,0.0,175001.656
Uruguay,processed,Molybdenum,,0.0,672.288,0.0,672.288
Uruguay,processed,Nickel,,0.0,17121.204999999998,479.0,16642.204999999998
Uruguay,processed,Platinum Group Metals,,0.0,4.0,0.0,4.0
Uruguay,processed,Rare Earths,,0.0,24.549,0.0,24.549
Uruguay,processed,Silicon,,0.0,1369855.934,2646.0,1367209.934
Uruguay,processed,Silver,,0.0,1084.832,207.0,877.8320000000001
Uruguay,processed,Tin,,0.0,7684.0,0.0,7684.0
Uruguay,processed,Titanium,,0.0,1723.876,1003.0,720.876
Uruguay,processed,Vanadium,,0.0,4.338,0.0,4.338
Uruguay,processed,Zinc,,0.0,516902.349,103979.0,412923.349
Uruguay,raw,Aluminium,,0.0,9157000.0,0.0,9157000.0
Uruguay,raw,Bauxite,,0.0,9157000.0,0.0,9157000.0
Uruguay,raw,Copper,,0.0,25.0,0.0,25.0
Uruguay,raw,Graphite,,0.0,43073.0,24289.0,18784.0
Uruguay,raw,Lithium,,0.0,224911.514,406.0,224505.514
Uruguay,raw,Selenium,,0.0,3.0,0.0,3.0
Usa,processed,Aluminium,BGS,735000000.0,6991813696.558001,3961580534.67,3765233161.8880005
Usa,processed,Arsenic,USGS,0.0,532961.0,160885.0,372076.0
Usa,processed,Bauxite,USGS,720000000.0,1533631273.981,208368149.378,2045263124.603
Usa,processed,Boron,BGS,1300000000.0,53586599.269,939862394.0,413724205.26900005
Usa,processed,Cadmium,BGS,200000.0,39811.0,0.0,239811.0
Usa,processed,Chromium,,0.0,23454714.513,706599.0,22748115.513
Usa,processed,Cobalt,,0.0,11218310.0,5066198.0,6152112.0
Usa,processed,Copper,BGS,1259900000.0,366391876.154,1388519106.071,237772770.08299994
Usa,processed,Gallium,USGS,0.0,2930601.0,243209.0,2687392.0
Usa,processed,Germanium,BGS,6000.0,2930601.0,243209.0,2693392.0
Usa,processed,Imdium,,0.0,2930601.0,243209.0,2687392.0
Usa,processed,Lead,BGS,1010000000.0,424728174.967,134173561.0,1300554613.967
Usa,processed,Lithium,,0.0,16225040.0,9273538.0,6951502.0
Usa,processed,Magnesium,BGS,500000.0,484699338.772,29696713.0,455502625.772
Usa,processed,Manganese,USGS,0.0,24995281.832,13945356.0,11049925.831999999
Usa,processed,Molybdenum,,0.0,8599135.0,5750070.437,2849064.563
Usa,processed,Nickel,,0.0,167614553.553,106131915.0,61482638.553
Usa,processed,Niobium,,0.0,3740179.0,609562.0,3130617.0
Usa,processed,Platinum Group Metals,,0.0,4630537.779,216714.494,4413823.285
Usa,processed,Rhenium,BGS,9000.0,0.0,0.0,9000.0
Usa,processed,Selenium,BGS,85000.0,0.0,0.0,85000.0
Usa,processed,Silicon,USGS,0.0,429194162.291,93090874.0,336103288.291
Usa,processed,Tellurium,BGS,20000.0,0.0,0.0,20000.0
Usa,processed,Tin,BGS,10000000.0,38251681.919,25421917.0,22829764.919
Usa,processed,Titanium,USGS,0.0,70241100.821,35082496.0,35158604.820999995
Usa,processed,Vanadium,,0.0,10624710.342,1060962.0,9563748.342
Usa,processed,Zinc,BGS,220000000.0,371167546.25600004,161378430.0,429789116.25600004
Usa,raw,Aluminium,WMD,750000000.0,2951473000.0,14691000.0,3686782000.0
Usa,raw,Bauxite,WMD,48230000.0,2951473000.0,14691000.0,2985012000.0
Usa,raw,Boron,WMD,1200000000.0,38920409.0,3251465.0,1235668944.0
Usa,raw,Cadmium,WMD,375000.0,0.0,0.0,375000.0
Usa,raw,Chromium,USGS,0.0,97705000.0,7185668.0,90519332.0
Usa,raw,Cobalt,WMD,500000.0,13773.0,237.0,513536.0
Usa,raw,Copper,WMD,1130000000.0,1311455.0,71687225.0,1059624230.0
Usa,raw,Fluorspar,USGS,0.0,826986000.0,37495000.0,789491000.0
Usa,raw,Germanium,WMD,2000.0,0.0,0.0,2000.0
Usa,raw,Gold,WMD,170000.0,588391.105,48493.993,709897.112
Usa,raw,Graphite,USGS,0.0,10346628.0,9187341.0,1159287.0
Usa,raw,Magnesium,WMD,523540000.0,1547000.0,513000.0,524574000.0
Usa,raw,Manganese,USGS,0.0,328981471.0,3069092.0,325912379.0
Usa,raw,Molybdenum,WMD,34000000.0,29366601.0,45818831.0,17547770.0
Usa,raw,Niobium,USGS,0.0,3069846.0,353155.0,2716691.0
Usa,raw,Platinum Group Metals,WMD,13389.0,0.0,0.0,13389.0
Usa,raw,Rare Earths,WMD,41557000.0,0.0,0.0,41557000.0
Usa,raw,Rhenium,WMD,9410.0,0.0,0.0,9410.0
Usa,raw,Selenium,WMD,100000.0,225012.0,127125.0,197887.0
Usa,raw,Silver,WMD,1020000.0,0.0,147014.645,872985.355
Usa,raw,Tellurium,WMD,10000.0,19891.0,22332.0,7559.0
Usa,raw,Titanium,WMD,100000000.0,0.0,8742353.0,91257647.0
Usa,raw,Vanadium,WMD,0.0,3069846.0,353155.0,2716691.0
Usa,raw,Zinc,WMD,767000000.0,17883413.706,664603954.314,120279459.39199996
Usa,raw,Zirconium,WMD,20000000.0,29106851.0,25081865.0,24024986.0
Uzbekistan,processed,Aluminium,,0.0,113655750.311,21753172.276,91902578.035
Uzbekistan,processed,Bauxite,,0.0,3726190.067,199923.753,3526266.314
Uzbekistan,processed,Boron,,0.0,2439242.057,5000.0,2434242.057
Uzbekistan,processed,Cadmium,BGS,500000.0,52.974,468000.0,32052.973999999987
Uzbekistan,processed,Chromium,,0.0,14031.773,5278.179,8753.594
Uzbekistan,processed,Cobalt,,0.0,338.257,0.0,338.257
Uzbekistan,processed,Copper,BGS,302100000.0,1055087.158,113534082.609,189621004.549
Uzbekistan,processed,Gallium,,0.0,1.187,0.0,1.187
Uzbekistan,processed,Germanium,,0.0,1.187,0.0,1.187
Uzbekistan,processed,Gold,,0.0,279.505,122.2,157.305
Uzbekistan,processed,Imdium,,0.0,1.187,0.0,1.187
Uzbekistan,processed,Indium,BGS,1000.0,0.0,0.0,1000.0
Uzbekistan,processed,Lead,BGS,20000000.0,206600.335,0.0,20206600.335
Uzbekistan,processed,Lithium,,0.0,10400.1,2.605,10397.495
Uzbekistan,processed,Magnesium,,0.0,292025.0,0.0,292025.0
Uzbekistan,processed,Manganese,,0.0,2000.0,0.0,2000.0
Uzbekistan,processed,Niobium,,0.0,1.187,0.0,1.187
Uzbekistan,processed,Rare Earths,,0.0,21987.801,0.0,21987.801
Uzbekistan,processed,Rhenium,BGS,5000.0,0.0,0.0,5000.0
Uzbekistan,processed,Selenium,USGS,2000.0,0.0,0.0,2000.0
Uzbekistan,processed,Silicon,,0.0,4544693.26,1250175.0,3294518.26
Uzbekistan,processed,Tellurium,BGS,3000.0,0.0,0.0,3000.0
Uzbekistan,processed,Tin,,0.0,64352.039000000004,0.0,64352.039000000004
Uzbekistan,processed,Titanium,,0.0,114658.673,0.0,114658.673
Uzbekistan,processed,Vanadium,,0.0,37502.756,0.0,37502.756
Uzbekistan,processed,Zinc,BGS,75440000.0,1001784.463,43283510.0,33158274.463
Uzbekistan,raw,Boron,,0.0,800.0,0.0,800.0
Uzbekistan,raw,Cadmium,WMD,470000.0,0.0,0.0,470000.0
Uzbekistan,raw,Chromium,,0.0,180600.0,0.0,180600.0
Uzbekistan,raw,Copper,WMD,148500000.0,76799859.176,277260.0,225022599.176
Uzbekistan,raw,Fluorspar,,0.0,2746090.0,44372.555,2701717.445
Uzbekistan,raw,Gold,WMD,107120.0,13457919.947,0.0,13565039.947
Uzbekistan,raw,Graphite,,0.0,198960.0,0.0,198960.0
Uzbekistan,raw,Indium,WMD,1000.0,0.0,0.0,1000.0
Uzbekistan,raw,Lithium,,0.0,17272066.006,116420.0,17155646.006
Uzbekistan,raw,Magnesium,,0.0,170.0,0.0,170.0
Uzbekistan,raw,Manganese,,0.0,243000.0,0.0,243000.0
Uzbekistan,raw,Molybdenum,WMD,713000.0,18000.0,16000.0,715000.0
Uzbekistan,raw,Platinum Group Metals,WMD,60.0,0.0,0.0,60.0
Uzbekistan,raw,Rhenium,WMD,670.0,0.0,0.0,670.0
Uzbekistan,raw,Selenium,WMD,35000.0,6.59,0.0,35006.59
Uzbekistan,raw,Silver,WMD,239500.0,0.0,0.0,239500.0
Uzbekistan,raw,Tellurium,WMD,3000.0,800.0,0.0,3800.0
Uzbekistan,raw,Titanium,,0.0,1322000.0,0.0,1322000.0
Uzbekistan,raw,Zinc,WMD,41600000.0,78550100.0,0.0,120150100.0
Uzbekistan,raw,Zirconium,,0.0,275760.0,0.0,275760.0
Venezuela,processed,Aluminium,BGS,8000000.0,0.0,0.0,8000000.0
Venezuela,processed,Lead,BGS,8000000.0,0.0,0.0,8000000.0
Venezuela,raw,Aluminium,WMD,10000000.0,0.0,0.0,10000000.0
Venezuela,raw,Bauxite,WMD,900000000.0,0.0,0.0,900000000.0
Venezuela,raw,Gold,WMD,9000.0,0.0,0.0,9000.0
Vietnam,processed,Bauxite,USGS,1500000000.0,0.0,0.0,1500000000.0
Vietnam,processed,Copper,BGS,40000000.0,0.0,0.0,40000000.0
Vietnam,processed,Fluorspar,BGS,146043000.0,0.0,0.0,146043000.0
Vietnam,processed,Lead,BGS,75000000.0,0.0,0.0,75000000.0
Vietnam,processed,Rare Earths,BGS,600000.0,0.0,0.0,600000.0
Vietnam,processed,Tin,BGS,6000000.0,0.0,0.0,6000000.0
Vietnam,processed,Zinc,BGS,11700000.0,0.0,0.0,11700000.0
Vietnam,raw,Antimony,WMD,394000.0,0.0,0.0,394000.0
Vietnam,raw,Bauxite,WMD,3800000000.0,0.0,0.0,3800000000.0
Vietnam,raw,Bismuth,WMD,1148000.0,0.0,0.0,1148000.0
Vietnam,raw,Cobalt,BGS,299000.0,0.0,0.0,299000.0
Vietnam,raw,Copper,WMD,29040000.0,0.0,0.0,29040000.0
Vietnam,raw,Fluorspar,WMD,146007000.0,0.0,0.0,146007000.0
Vietnam,raw,Gold,WMD,962.0,0.0,0.0,962.0
Vietnam,raw,Graphite,WMD,1100000.0,0.0,0.0,1100000.0
Vietnam,raw,Lead,WMD,15870000.0,0.0,0.0,15870000.0
Vietnam,raw,Manganese,WMD,150000000.0,0.0,0.0,150000000.0
Vietnam,raw,Nickel,WMD,2100000.0,0.0,0.0,2100000.0
Vietnam,raw,Rare Earths,WMD,1100000.0,0.0,0.0,1100000.0
Vietnam,raw,Silver,WMD,1744.0,0.0,0.0,1744.0
Vietnam,raw,Tin,WMD,9079000.0,0.0,0.0,9079000.0
Vietnam,raw,Titanium,WMD,114500000.0,0.0,0.0,114500000.0
Vietnam,raw,Zinc,WMD,20970000.0,0.0,0.0,20970000.0
Vietnam,raw,Zirconium,WMD,16750000.0,0.0,0.0,16750000.0
"World Total (Ilmenite And Rutile, Rounded)",raw,Titanium,USGS,9400000.0,0.0,0.0,9400000.0
"World Total (Ilmenite, Rounded)",raw,Titanium,USGS,8900000.0,0.0,0.0,8900000.0
"World Total (Rutile, Rounded)",raw,Titanium,USGS,450000.0,0.0,0.0,450000.0
Zambia,processed,Aluminium,,0.0,9338153.96,4758071.64,4580082.320000001
Zambia,processed,Arsenic,,0.0,1.4,0.0,1.4
Zambia,processed,Bauxite,,0.0,1569145.78,63400.0,1505745.78
Zambia,processed,Boron,,0.0,158676.92,3343.4,155333.52000000002
Zambia,processed,Chromium,,0.0,6035.59,0.0,6035.59
Zambia,processed,Copper,BGS,851400000.0,1061676.1099999999,189056239.4,663405436.71
Zambia,processed,Gallium,,0.0,10.0,0.0,10.0
Zambia,processed,Germanium,,0.0,10.0,0.0,10.0
Zambia,processed,Gold,,0.0,3082.78,99.62,2983.1600000000003
Zambia,processed,Imdium,,0.0,10.0,0.0,10.0
Zambia,processed,Lithium,,0.0,3208.0,70.0,3138.0
Zambia,processed,Magnesium,,0.0,19911005.0,5658046.0,14252959.0
Zambia,processed,Molybdenum,,0.0,35629.0,8.0,35621.0
Zambia,processed,Nickel,,0.0,31373.53,0.0,31373.53
Zambia,processed,Niobium,,0.0,10.0,0.0,10.0
Zambia,processed,Rare Earths,,0.0,380.5,0.0,380.5
Zambia,processed,Silicon,,0.0,19654271.35,616750.0,19037521.35
Zambia,processed,Tin,,0.0,144400.55,10500.0,133900.55
Zambia,processed,Titanium,,0.0,573593.5,114325.0,459268.5
Zambia,processed,Vanadium,,0.0,10.0,0.0,10.0
Zambia,processed,Zinc,,0.0,136629.88,278.0,136351.88
Zambia,raw,Chromium,,0.0,101450.0,0.0,101450.0
Zambia,raw,Cobalt,WMD,207000.0,21.05,96340.0,110681.04999999999
Zambia,raw,Copper,WMD,732583000.0,103900806.46,675343574.58,161140231.88
Zambia,raw,Graphite,,0.0,48569.03,0.0,48569.03
Zambia,raw,Lithium,,0.0,45002.38,8100.0,36902.38
Zambia,raw,Niobium,,0.0,380.0,0.0,380.0
Zambia,raw,Selenium,,0.0,85.0,0.0,85.0
Zambia,raw,Silver,BGS,7000.0,0.0,0.0,7000.0
Zambia,raw,Vanadium,,0.0,380.0,0.0,380.0
Zambia,raw,Zirconium,,0.0,359710.0,0.0,359710.0
Zimbabwe,processed,Aluminium,,0.0,10628000.25,1099524.2,9528476.05
Zimbabwe,processed,Bauxite,,0.0,5755294.1,90000.0,5665294.1
Zimbabwe,processed,Boron,,0.0,1122164.21,0.0,1122164.21
Zimbabwe,processed,Chromium,,0.0,6583.92,0.0,6583.92
Zimbabwe,processed,Copper,,0.0,1707966.795,311755.0,1396211.795
Zimbabwe,processed,Lithium,,0.0,1940.0,100.0,1840.0
Zimbabwe,processed,Magnesium,,0.0,579235.65,248.08,578987.5700000001
Zimbabwe,processed,Manganese,,0.0,2700.0,0.0,2700.0
Zimbabwe,processed,Molybdenum,,0.0,5141.0,0.0,5141.0
Zimbabwe,processed,Rare Earths,,0.0,1129.0,0.0,1129.0
Zimbabwe,processed,Silicon,,0.0,5587275.91,0.0,5587275.91
Zimbabwe,processed,Silver,,0.0,4588.022,131.57,4456.452
Zimbabwe,processed,Tin,,0.0,13297.33,0.0,13297.33
Zimbabwe,processed,Titanium,,0.0,149940.4,77.0,149863.4
Zimbabwe,processed,Zinc,,0.0,279085.58,0.0,279085.58
Zimbabwe,raw,Aluminium,,0.0,5003872.14,0.0,5003872.14
Zimbabwe,raw,Bauxite,,0.0,5003872.14,0.0,5003872.14
Zimbabwe,raw,Boron,,0.0,1000509.0,0.0,1000509.0
Zimbabwe,raw,Cobalt,WMD,386000.0,0.0,0.0,386000.0
Zimbabwe,raw,Copper,WMD,14221000.0,1279.0,1026000.0,13196279.0
Zimbabwe,raw,Fluorspar,,0.0,4135.0,0.0,4135.0
Zimbabwe,raw,Graphite,,0.0,10730.0,2.0,10728.0
Zimbabwe,raw,Lithium,WMD,33900000.0,1404249.7,0.0,35304249.7
Zimbabwe,raw,Manganese,,0.0,668164.0,0.0,668164.0
Zimbabwe,raw,Platinum Group Metals,WMD,36709.0,0.0,0.0,36709.0
Zimbabwe,raw,Selenium,,0.0,400.0,0.0,400.0
Zimbabwe,raw,Silver,WMD,753.0,0.0,0.0,753.0
Zimbabwe,raw,Tellurium,,0.0,685520.0,0.0,685520.0
Zimbabwe,raw,Tin,,0.0,0.36,0.0,0.36
Zimbabwe,raw,Titanium,,0.0,0.26,0.0,0.26
Zimbabwe,raw,Zirconium,,0.0,54500.0,0.0,54500.0
