Mineral,reporterISO,partnerISO,Exporter,Importer,hs_codes,stage,trade_value_usd,mirror,source_lat,source_lng,target_lat,target_lng
Lithium,AFG,USA,Afghanistan,USA,253090,Raw,8556.0,mirror,33.93911,67.709953,37.09024,-95.712891
Lithium,AFG,CHE,Afghanistan,Switzerland,253090,Raw,7809.724,mirror,33.93911,67.709953,46.818188,8.227512
Lithium,AFG,CAN,Afghanistan,Canada,253090,Raw,2863.78,mirror,33.93911,67.709953,56.130366,-106.346771
Lithium,AFG,FRA,Afghanistan,France,253090,Raw,870.232,mirror,33.93911,67.709953,46.227638,2.213749
Lithium,AFG,CZE,Afghanistan,Czechia,253090,Raw,184.0,mirror,33.93911,67.709953,49.817492,15.472962
Lithium,ALB,FRA,Albania,France,253090,Raw,1121.348,mirror,41.153332,20.168331,46.227638,2.213749
Lithium,ALB,CHN,Albania,China,253090,Raw,1100.0,mirror,41.153332,20.168331,35.86166,104.195397
Lithium,ALB,TUR,Albania,Türkiye,253090,Raw,120.0,mirror,41.153332,20.168331,38.963745,35.243322
Lithium,ALB,DNK,Albania,Denmark,253090,Raw,1.015,mirror,41.153332,20.168331,56.26392,9.501785
Lithium,DZA,CHN,Algeria,China,253090,Raw,2065.0,mirror,28.033886,1.659626,35.86166,104.195397
Lithium,DZA,JPN,Algeria,Japan,253090,Raw,1869.637,mirror,28.033886,1.659626,36.204824,138.252924
Lithium,DZA,FRA,Algeria,France,253090,Raw,489.236,mirror,28.033886,1.659626,46.227638,2.213749
Lithium,DZA,POL,Algeria,Poland,253090,Raw,113.0,mirror,28.033886,1.659626,51.919438,19.145136
Lithium,ASM,WSM,American Samoa,Samoa,253090,Raw,145.81,mirror,,,,
Lithium,AGO,DEU,Angola,Germany,253090,Raw,19230.6,mirror,-11.202692,17.873887,51.165691,10.451526
Lithium,AGO,ZAF,Angola,South Africa,253090,Raw,4049.832,mirror,-11.202692,17.873887,-30.559482,22.937506
Lithium,AGO,ITA,Angola,Italy,253090,Raw,1100.269,mirror,-11.202692,17.873887,41.87194,12.56738
Lithium,AGO,NAM,Angola,Namibia,253090,Raw,553.6,direct,-11.202692,17.873887,-22.95764,18.49041
Lithium,AGO,CHN,Angola,China,253090,Raw,408.58,direct,-11.202692,17.873887,35.86166,104.195397
Lithium,AGO,FRA,Angola,France,253090,Raw,201.0,direct,-11.202692,17.873887,46.227638,2.213749
Lithium,AGO,GBR,Angola,United Kingdom,253090,Raw,20.0,direct,-11.202692,17.873887,55.378051,-3.435973
Lithium,AGO,BRA,Angola,Brazil,253090,Raw,15.0,direct,-11.202692,17.873887,-14.235004,-51.92528
Lithium,AGO,USA,Angola,USA,253090,Raw,10.0,direct,-11.202692,17.873887,37.09024,-95.712891
Lithium,AIA,CAN,Anguilla,Canada,253090,Raw,962.116,mirror,,,56.130366,-106.346771
Lithium,ATA,BEL,Antarctica,Belgium,253090,Raw,698.135,mirror,,,50.503887,4.469936
Lithium,ATA,POL,Antarctica,Poland,253090,Raw,479.0,mirror,,,51.919438,19.145136
Lithium,ATA,KOR,Antarctica,Rep. of Korea,253090,Raw,190.0,mirror,,,35.907757,127.766922
Lithium,ATA,CAN,Antarctica,Canada,253090,Raw,76.18,mirror,,,56.130366,-106.346771
Lithium,_X ,CHN,"Areas, nes",China,253090,Raw,15240679.0,mirror,,,35.86166,104.195397
Lithium,_X ,FRA,"Areas, nes",France,253090,Raw,167470.239,mirror,,,46.227638,2.213749
Lithium,_X ,CZE,"Areas, nes",Czechia,253090,Raw,128828.0,mirror,,,49.817492,15.472962
Lithium,_X ,PYF,"Areas, nes",French Polynesia,253090,Raw,117613.176,mirror,,,,
Lithium,_X ,DNK,"Areas, nes",Denmark,253090,Raw,15187.654,mirror,,,56.26392,9.501785
Lithium,_X ,LUX,"Areas, nes",Luxembourg,253090,Raw,11566.318,mirror,,,49.815273,6.129583
Lithium,_X ,ESP,"Areas, nes",Spain,253090,Raw,5577.38,mirror,,,40.463667,-3.74922
Lithium,_X ,PRT,"Areas, nes",Portugal,253090,Raw,4551.968,mirror,,,39.399872,-8.224454
Lithium,_X ,SVK,"Areas, nes",Slovakia,253090,Raw,3602.16,mirror,,,48.669026,19.699024
Lithium,_X ,CIV,"Areas, nes",Côte d'Ivoire,253090,Raw,2412.56,mirror,,,7.539989,-5.54708
Lithium,_X ,MAR,"Areas, nes",Morocco,253090,Raw,1929.566,mirror,,,31.791702,-7.09262
Lithium,_X ,HRV,"Areas, nes",Croatia,253090,Raw,1555.0,mirror,,,45.1,15.2
Lithium,_X ,BEL,"Areas, nes",Belgium,253090,Raw,1298.857,mirror,,,50.503887,4.469936
Lithium,_X ,ZAF,"Areas, nes",South Africa,253090,Raw,968.32,mirror,,,-30.559482,22.937506
Lithium,_X ,COL,"Areas, nes",Colombia,253090,Raw,868.52,mirror,,,4.570868,-74.297333
Lithium,_X ,CHL,"Areas, nes",Chile,253090,Raw,354.45,mirror,,,-35.675147,-71.542969
Lithium,_X ,EST,"Areas, nes",Estonia,253090,Raw,233.12,mirror,,,58.595272,25.013607
Lithium,_X ,KEN,"Areas, nes",Kenya,253090,Raw,102.72,mirror,,,-0.023559,37.906193
Lithium,_X ,AUT,"Areas, nes",Austria,253090,Raw,93.085,mirror,,,47.516231,14.550072
Lithium,_X ,IRL,"Areas, nes",Ireland,253090,Raw,43.295,mirror,,,53.41291,-8.24389
Lithium,ARG,CHL,Argentina,Chile,253090,Raw,437998.32,direct,-38.416097,-63.616672,-35.675147,-71.542969
Lithium,ARG,BRA,Argentina,Brazil,253090,Raw,246136.0,mirror,-38.416097,-63.616672,-14.235004,-51.92528
Lithium,ARG,CHN,Argentina,China,253090,Raw,97580.0,mirror,-38.416097,-63.616672,35.86166,104.195397
Lithium,ARG,BOL,Argentina,Bolivia (Plurinational State of),253090,Raw,62086.0,mirror,-38.416097,-63.616672,-16.290154,-63.588653
Lithium,ARG,FRA,Argentina,France,253090,Raw,57491.72,mirror,-38.416097,-63.616672,46.227638,2.213749
Lithium,ARG,ARG,Argentina,Argentina,253090,Raw,19582.6,mirror,-38.416097,-63.616672,-38.416097,-63.616672
Lithium,ARG,USA,Argentina,USA,253090,Raw,19116.0,mirror,-38.416097,-63.616672,37.09024,-95.712891
Lithium,ARG,NOR,Argentina,Norway,253090,Raw,13066.646,mirror,-38.416097,-63.616672,60.472024,8.468946
Lithium,ARG,PRY,Argentina,Paraguay,253090,Raw,6326.28,mirror,-38.416097,-63.616672,-23.442503,-58.443832
Lithium,ARG,CAN,Argentina,Canada,253090,Raw,3848.468,mirror,-38.416097,-63.616672,56.130366,-106.346771
Lithium,ARG,NLD,Argentina,Netherlands,253090,Raw,2134.454,mirror,-38.416097,-63.616672,52.132633,5.291266
Lithium,ARG,KOR,Argentina,Rep. of Korea,253090,Raw,2097.0,mirror,-38.416097,-63.616672,35.907757,127.766922
Lithium,ARG,ESP,Argentina,Spain,253090,Raw,1851.976,mirror,-38.416097,-63.616672,40.463667,-3.74922
Lithium,ARG,DEU,Argentina,Germany,253090,Raw,947.28,mirror,-38.416097,-63.616672,51.165691,10.451526
Lithium,ARG,S19,Argentina,"Other Asia, nes",253090,Raw,249.217,mirror,-38.416097,-63.616672,,
Lithium,ARG,URY,Argentina,Uruguay,253090,Raw,192.0,mirror,-38.416097,-63.616672,-32.522779,-55.765835
Lithium,ARG,CHE,Argentina,Switzerland,253090,Raw,81.776,mirror,-38.416097,-63.616672,46.818188,8.227512
Lithium,ARM,RUS,Armenia,Russian Federation,253090,Raw,197498.86,direct,40.069099,45.038189,61.52401,105.318756
Lithium,ARM,LTU,Armenia,Lithuania,253090,Raw,14529.0,mirror,40.069099,45.038189,55.169438,23.881275
Lithium,ARM,CUW,Armenia,Curaçao,253090,Raw,12295.2,direct,40.069099,45.038189,,
Lithium,ARM,NLD,Armenia,Netherlands,253090,Raw,318.22,mirror,40.069099,45.038189,52.132633,5.291266
Lithium,ARM,FRA,Armenia,France,253090,Raw,199.16,mirror,40.069099,45.038189,46.227638,2.213749
Lithium,ARM,GRC,Armenia,Greece,253090,Raw,108.238,mirror,40.069099,45.038189,39.074208,21.824312
Lithium,ARM,ROU,Armenia,Romania,253090,Raw,80.0,direct,40.069099,45.038189,45.943161,24.96676
Lithium,ARM,IRL,Armenia,Ireland,253090,Raw,37.883,mirror,40.069099,45.038189,53.41291,-8.24389
Lithium,ARM,CAN,Armenia,Canada,253090,Raw,30.0,direct,40.069099,45.038189,56.130366,-106.346771
Lithium,AUS,CHN,Australia,China,253090,Raw,6075194723.94,direct,-25.274398,133.775136,35.86166,104.195397
Lithium,AUS,KOR,Australia,Rep. of Korea,253090,Raw,207511605.628,direct,-25.274398,133.775136,35.907757,127.766922
Lithium,AUS,IDN,Australia,Indonesia,253090,Raw,101943380.98,direct,-25.274398,133.775136,-0.789275,113.921327
Lithium,AUS,DEU,Australia,Germany,253090,Raw,99077771.63599999,mirror,-25.274398,133.775136,51.165691,10.451526
Lithium,AUS,FRA,Australia,France,253090,Raw,83552216.494,mirror,-25.274398,133.775136,46.227638,2.213749
Lithium,AUS,BEL,Australia,Belgium,253090,Raw,20058518.974,direct,-25.274398,133.775136,50.503887,4.469936
Lithium,AUS,USA,Australia,USA,253090,Raw,17403966.128,direct,-25.274398,133.775136,37.09024,-95.712891
Lithium,AUS,ESP,Australia,Spain,253090,Raw,3999418.4729999998,mirror,-25.274398,133.775136,40.463667,-3.74922
Lithium,AUS,S19,Australia,"Other Asia, nes",253090,Raw,976917.64,direct,-25.274398,133.775136,,
Lithium,AUS,THA,Australia,Thailand,253090,Raw,788762.766,direct,-25.274398,133.775136,15.870032,100.992541
Lithium,AUS,JPN,Australia,Japan,253090,Raw,726484.416,direct,-25.274398,133.775136,36.204824,138.252924
Lithium,AUS,CAN,Australia,Canada,253090,Raw,568760.62,mirror,-25.274398,133.775136,56.130366,-106.346771
Lithium,AUS,MEX,Australia,Mexico,253090,Raw,544079.0,mirror,-25.274398,133.775136,23.634501,-102.552784
Lithium,AUS,VNM,Australia,Viet Nam,253090,Raw,350666.962,direct,-25.274398,133.775136,14.058324,108.277199
Lithium,AUS,TUR,Australia,Türkiye,253090,Raw,309613.958,direct,-25.274398,133.775136,38.963745,35.243322
Lithium,AUS,MAR,Australia,Morocco,253090,Raw,283311.202,mirror,-25.274398,133.775136,31.791702,-7.09262
Lithium,AUS,ECU,Australia,Ecuador,253090,Raw,231533.4,direct,-25.274398,133.775136,-1.831239,-78.183406
Lithium,AUS,GBR,Australia,United Kingdom,253090,Raw,184543.846,direct,-25.274398,133.775136,55.378051,-3.435973
Lithium,AUS,SAU,Australia,Saudi Arabia,253090,Raw,155689.938,direct,-25.274398,133.775136,23.885942,45.079162
Lithium,AUS,SVN,Australia,Slovenia,253090,Raw,151065.536,mirror,-25.274398,133.775136,46.151241,14.995463
Lithium,AUS,NLD,Australia,Netherlands,253090,Raw,114891.66,direct,-25.274398,133.775136,52.132633,5.291266
Lithium,AUS,NZL,Australia,New Zealand,253090,Raw,101403.098,direct,-25.274398,133.775136,-40.900557,174.885971
Lithium,AUS,BRA,Australia,Brazil,253090,Raw,66996.708,direct,-25.274398,133.775136,-14.235004,-51.92528
Lithium,AUS,PNG,Australia,Papua New Guinea,253090,Raw,65199.112,direct,-25.274398,133.775136,-6.314993,143.95555
Lithium,AUS,EGY,Australia,Egypt,253090,Raw,59026.314,direct,-25.274398,133.775136,26.820553,30.802498
Lithium,AUS,FIN,Australia,Finland,253090,Raw,47915.132,mirror,-25.274398,133.775136,61.92411,25.748151
Lithium,AUS,AUS,Australia,Australia,253090,Raw,45034.954,mirror,-25.274398,133.775136,-25.274398,133.775136
Lithium,AUS,FJI,Australia,Fiji,253090,Raw,33519.472,direct,-25.274398,133.775136,-16.578193,179.414413
Lithium,AUS,SLB,Australia,Solomon Isds,253090,Raw,33127.484,direct,-25.274398,133.775136,,
Lithium,AUS,PAK,Australia,Pakistan,253090,Raw,31296.894,direct,-25.274398,133.775136,30.375321,69.345116
Lithium,AUS,GTM,Australia,Guatemala,253090,Raw,29188.0,mirror,-25.274398,133.775136,15.783471,-90.230759
Lithium,AUS,VUT,Australia,Vanuatu,253090,Raw,29036.042,direct,-25.274398,133.775136,,
Lithium,AUS,NAM,Australia,Namibia,253090,Raw,27638.996,mirror,-25.274398,133.775136,-22.95764,18.49041
Lithium,AUS,MYS,Australia,Malaysia,253090,Raw,26805.622,mirror,-25.274398,133.775136,4.210484,101.975766
Lithium,AUS,IND,Australia,India,253090,Raw,19637.604,direct,-25.274398,133.775136,20.593684,78.96288
Lithium,AUS,CZE,Australia,Czechia,253090,Raw,15960.584,direct,-25.274398,133.775136,49.817492,15.472962
Lithium,AUS,CHL,Australia,Chile,253090,Raw,14184.09,mirror,-25.274398,133.775136,-35.675147,-71.542969
Lithium,AUS,ZAF,Australia,South Africa,253090,Raw,13884.508,direct,-25.274398,133.775136,-30.559482,22.937506
Lithium,AUS,HUN,Australia,Hungary,253090,Raw,13835.216,mirror,-25.274398,133.775136,47.162494,19.503304
Lithium,AUS,GUY,Australia,Guyana,253090,Raw,13679.992,mirror,-25.274398,133.775136,4.860416,-58.93018
Lithium,AUS,HND,Australia,Honduras,253090,Raw,13466.01,mirror,-25.274398,133.775136,15.199999,-86.241905
Lithium,AUS,MLI,Australia,Mali,253090,Raw,13122.972,direct,-25.274398,133.775136,17.570692,-3.996166
Lithium,AUS,GHA,Australia,Ghana,253090,Raw,11834.826,direct,-25.274398,133.775136,7.946527,-1.023194
Lithium,AUS,KHM,Australia,Cambodia,253090,Raw,9964.642,direct,-25.274398,133.775136,12.565679,104.990963
Lithium,AUS,DNK,Australia,Denmark,253090,Raw,8288.47,direct,-25.274398,133.775136,56.26392,9.501785
Lithium,AUS,SUR,Australia,Suriname,253090,Raw,8151.805,mirror,-25.274398,133.775136,3.919305,-56.027783
Lithium,AUS,BRN,Australia,Brunei Darussalam,253090,Raw,6869.664,direct,-25.274398,133.775136,4.535277,114.727669
Lithium,AUS,AUT,Australia,Austria,253090,Raw,5866.502,mirror,-25.274398,133.775136,47.516231,14.550072
Lithium,AUS,CHE,Australia,Switzerland,253090,Raw,5454.816,direct,-25.274398,133.775136,46.818188,8.227512
Lithium,AUS,MWI,Australia,Malawi,253090,Raw,4409.991,mirror,-25.274398,133.775136,-13.254308,34.301525
Lithium,AUS,POL,Australia,Poland,253090,Raw,4363.326,direct,-25.274398,133.775136,51.919438,19.145136
Lithium,AUS,ITA,Australia,Italy,253090,Raw,4327.724,mirror,-25.274398,133.775136,41.87194,12.56738
Lithium,AUS,NGA,Australia,Nigeria,253090,Raw,3283.712,direct,-25.274398,133.775136,9.081999,8.675277
Lithium,AUS,CIV,Australia,Côte d'Ivoire,253090,Raw,2178.276,mirror,-25.274398,133.775136,7.539989,-5.54708
Lithium,AUS,IRL,Australia,Ireland,253090,Raw,2080.335,mirror,-25.274398,133.775136,53.41291,-8.24389
Lithium,AUS,SVK,Australia,Slovakia,253090,Raw,1766.4460000000001,mirror,-25.274398,133.775136,48.669026,19.699024
Lithium,AUS,MRT,Australia,Mauritania,253090,Raw,1102.64,mirror,-25.274398,133.775136,21.00789,-10.940835
Lithium,AUS,UGA,Australia,Uganda,253090,Raw,1017.89,mirror,-25.274398,133.775136,1.373333,32.290275
Lithium,AUS,SWE,Australia,Sweden,253090,Raw,757.028,mirror,-25.274398,133.775136,60.128161,18.643501
Lithium,AUS,ZMB,Australia,Zambia,253090,Raw,308.254,mirror,-25.274398,133.775136,-13.133897,27.849332
Lithium,AUS,LUX,Australia,Luxembourg,253090,Raw,250.203,mirror,-25.274398,133.775136,49.815273,6.129583
Lithium,AUS,SGP,Australia,Singapore,253090,Raw,65.992,direct,-25.274398,133.775136,1.352083,103.819836
Lithium,AUS,BGR,Australia,Bulgaria,253090,Raw,53.1,mirror,-25.274398,133.775136,42.733883,25.48583
Lithium,AUS,PRT,Australia,Portugal,253090,Raw,50.296,mirror,-25.274398,133.775136,39.399872,-8.224454
Lithium,AUS,LTU,Australia,Lithuania,253090,Raw,49.0,mirror,-25.274398,133.775136,55.169438,23.881275
Lithium,AUS,MLT,Australia,Malta,253090,Raw,47.624,mirror,-25.274398,133.775136,35.937496,14.375416
Lithium,AUS,ZWE,Australia,Zimbabwe,253090,Raw,13.186,mirror,-25.274398,133.775136,-19.015438,29.154857
Lithium,AUT,DEU,Austria,Germany,253090,Raw,12979305.755,direct,47.516231,14.550072,51.165691,10.451526
Lithium,AUT,ITA,Austria,Italy,253090,Raw,3823063.034,direct,47.516231,14.550072,41.87194,12.56738
Lithium,AUT,POL,Austria,Poland,253090,Raw,2593860.912,direct,47.516231,14.550072,51.919438,19.145136
Lithium,AUT,CHE,Austria,Switzerland,253090,Raw,1640988.356,direct,47.516231,14.550072,46.818188,8.227512
Lithium,AUT,HUN,Austria,Hungary,253090,Raw,1214770.744,direct,47.516231,14.550072,47.162494,19.503304
Lithium,AUT,TUR,Austria,Türkiye,253090,Raw,1120692.399,direct,47.516231,14.550072,38.963745,35.243322
Lithium,AUT,GBR,Austria,United Kingdom,253090,Raw,1049840.856,direct,47.516231,14.550072,55.378051,-3.435973
Lithium,AUT,USA,Austria,USA,253090,Raw,970148.43,direct,47.516231,14.550072,37.09024,-95.712891
Lithium,AUT,NLD,Austria,Netherlands,253090,Raw,816663.634,direct,47.516231,14.550072,52.132633,5.291266
Lithium,AUT,SVN,Austria,Slovenia,253090,Raw,516940.578,direct,47.516231,14.550072,46.151241,14.995463
Lithium,AUT,SWE,Austria,Sweden,253090,Raw,457409.653,direct,47.516231,14.550072,60.128161,18.643501
Lithium,AUT,SRB,Austria,Serbia,253090,Raw,409009.928,direct,47.516231,14.550072,44.016521,21.005859
Lithium,AUT,SAU,Austria,Saudi Arabia,253090,Raw,396889.432,direct,47.516231,14.550072,23.885942,45.079162
Lithium,AUT,CZE,Austria,Czechia,253090,Raw,365117.236,direct,47.516231,14.550072,49.817492,15.472962
Lithium,AUT,BRA,Austria,Brazil,253090,Raw,343157.901,direct,47.516231,14.550072,-14.235004,-51.92528
Lithium,AUT,BEL,Austria,Belgium,253090,Raw,335559.59,direct,47.516231,14.550072,50.503887,4.469936
Lithium,AUT,CHN,Austria,China,253090,Raw,295568.879,direct,47.516231,14.550072,35.86166,104.195397
Lithium,AUT,ESP,Austria,Spain,253090,Raw,253988.152,direct,47.516231,14.550072,40.463667,-3.74922
Lithium,AUT,HRV,Austria,Croatia,253090,Raw,226441.569,direct,47.516231,14.550072,45.1,15.2
Lithium,AUT,PRT,Austria,Portugal,253090,Raw,213562.324,direct,47.516231,14.550072,39.399872,-8.224454
Lithium,AUT,BGR,Austria,Bulgaria,253090,Raw,162253.16,direct,47.516231,14.550072,42.733883,25.48583
Lithium,AUT,KOR,Austria,Rep. of Korea,253090,Raw,136825.879,direct,47.516231,14.550072,35.907757,127.766922
Lithium,AUT,FRA,Austria,France,253090,Raw,132573.206,direct,47.516231,14.550072,46.227638,2.213749
Lithium,AUT,IND,Austria,India,253090,Raw,130848.974,direct,47.516231,14.550072,20.593684,78.96288
Lithium,AUT,ROU,Austria,Romania,253090,Raw,130057.754,direct,47.516231,14.550072,45.943161,24.96676
Lithium,AUT,FIN,Austria,Finland,253090,Raw,105400.044,direct,47.516231,14.550072,61.92411,25.748151
Lithium,AUT,ISR,Austria,Israel,253090,Raw,104240.815,direct,47.516231,14.550072,31.046051,34.851612
Lithium,AUT,SVK,Austria,Slovakia,253090,Raw,88118.758,direct,47.516231,14.550072,48.669026,19.699024
Lithium,AUT,THA,Austria,Thailand,253090,Raw,77248.411,direct,47.516231,14.550072,15.870032,100.992541
Lithium,AUT,ARE,Austria,United Arab Emirates,253090,Raw,77069.818,direct,47.516231,14.550072,23.424076,53.847818
Lithium,AUT,VNM,Austria,Viet Nam,253090,Raw,65159.304,direct,47.516231,14.550072,14.058324,108.277199
Lithium,AUT,JPN,Austria,Japan,253090,Raw,61592.86,direct,47.516231,14.550072,36.204824,138.252924
Lithium,AUT,MYS,Austria,Malaysia,253090,Raw,60060.209,direct,47.516231,14.550072,4.210484,101.975766
Lithium,AUT,AUS,Austria,Australia,253090,Raw,52925.157,direct,47.516231,14.550072,-25.274398,133.775136
Lithium,AUT,ZAF,Austria,South Africa,253090,Raw,52766.047,direct,47.516231,14.550072,-30.559482,22.937506
Lithium,AUT,DNK,Austria,Denmark,253090,Raw,49074.048,direct,47.516231,14.550072,56.26392,9.501785
Lithium,AUT,MAR,Austria,Morocco,253090,Raw,48156.189,direct,47.516231,14.550072,31.791702,-7.09262
Lithium,AUT,GRC,Austria,Greece,253090,Raw,38829.317,direct,47.516231,14.550072,39.074208,21.824312
Lithium,AUT,RUS,Austria,Russian Federation,253090,Raw,37991.554,direct,47.516231,14.550072,61.52401,105.318756
Lithium,AUT,EGY,Austria,Egypt,253090,Raw,33837.378,direct,47.516231,14.550072,26.820553,30.802498
Lithium,AUT,NZL,Austria,New Zealand,253090,Raw,28618.139,direct,47.516231,14.550072,-40.900557,174.885971
Lithium,AUT,NGA,Austria,Nigeria,253090,Raw,28021.748,direct,47.516231,14.550072,9.081999,8.675277
Lithium,AUT,URY,Austria,Uruguay,253090,Raw,23905.455,direct,47.516231,14.550072,-32.522779,-55.765835
Lithium,AUT,CIV,Austria,Côte d'Ivoire,253090,Raw,18279.63,mirror,47.516231,14.550072,7.539989,-5.54708
Lithium,AUT,NOR,Austria,Norway,253090,Raw,16752.002,direct,47.516231,14.550072,60.472024,8.468946
Lithium,AUT,MEX,Austria,Mexico,253090,Raw,16672.989,direct,47.516231,14.550072,23.634501,-102.552784
Lithium,AUT,COL,Austria,Colombia,253090,Raw,16411.053,direct,47.516231,14.550072,4.570868,-74.297333
Lithium,AUT,ARG,Austria,Argentina,253090,Raw,15174.974,direct,47.516231,14.550072,-38.416097,-63.616672
Lithium,AUT,LTU,Austria,Lithuania,253090,Raw,10758.862,direct,47.516231,14.550072,55.169438,23.881275
Lithium,AUT,CYP,Austria,Cyprus,253090,Raw,10691.754,direct,47.516231,14.550072,35.126413,33.429859
Lithium,AUT,PAK,Austria,Pakistan,253090,Raw,5785.324,direct,47.516231,14.550072,30.375321,69.345116
Lithium,AUT,LVA,Austria,Latvia,253090,Raw,4764.639,direct,47.516231,14.550072,56.879635,24.603189
Lithium,AUT,KGZ,Austria,Kyrgyzstan,253090,Raw,3977.748,direct,47.516231,14.550072,41.20438,74.766098
Lithium,AUT,LUX,Austria,Luxembourg,253090,Raw,3929.041,direct,47.516231,14.550072,49.815273,6.129583
Lithium,AUT,UZB,Austria,Uzbekistan,253090,Raw,3152.974,direct,47.516231,14.550072,41.377491,64.585262
Lithium,AUT,UKR,Austria,Ukraine,253090,Raw,2093.96,mirror,47.516231,14.550072,48.379433,31.16558
Lithium,AUT,HKG,Austria,"China, Hong Kong SAR",253090,Raw,2028.381,direct,47.516231,14.550072,22.396428,114.109497
Lithium,AUT,IRL,Austria,Ireland,253090,Raw,1685.266,direct,47.516231,14.550072,53.41291,-8.24389
Lithium,AUT,MNE,Austria,Montenegro,253090,Raw,1376.788,direct,47.516231,14.550072,42.708678,19.37439
Lithium,AUT,IRQ,Austria,Iraq,253090,Raw,1332.41,direct,47.516231,14.550072,33.223191,43.679291
Lithium,AUT,BIH,Austria,Bosnia Herzegovina,253090,Raw,1137.582,direct,47.516231,14.550072,43.915886,17.679076
Lithium,AUT,EST,Austria,Estonia,253090,Raw,650.511,direct,47.516231,14.550072,58.595272,25.013607
Lithium,AUT,ALB,Austria,Albania,253090,Raw,241.371,direct,47.516231,14.550072,41.153332,20.168331
Lithium,AUT,PHL,Austria,Philippines,253090,Raw,150.451,direct,47.516231,14.550072,12.879721,121.774017
Lithium,AUT,MLT,Austria,Malta,253090,Raw,145.039,direct,47.516231,14.550072,35.937496,14.375416
Lithium,AUT,S19,Austria,"Other Asia, nes",253090,Raw,74.684,direct,47.516231,14.550072,,
Lithium,AUT,CRI,Austria,Costa Rica,253090,Raw,64.33,mirror,47.516231,14.550072,9.748917,-83.753428
Lithium,AUT,ISL,Austria,Iceland,253090,Raw,49.877,mirror,47.516231,14.550072,64.963051,-19.020835
Lithium,AUT,SGP,Austria,Singapore,253090,Raw,27.06,direct,47.516231,14.550072,1.352083,103.819836
Lithium,AUT,CAN,Austria,Canada,253090,Raw,3.247,direct,47.516231,14.550072,56.130366,-106.346771
Lithium,AUT,LBN,Austria,Lebanon,253090,Raw,2.165,direct,47.516231,14.550072,33.854721,35.862285
Lithium,AZE,DEU,Azerbaijan,Germany,253090,Raw,110957.384,mirror,40.143105,47.576927,51.165691,10.451526
Lithium,AZE,GBR,Azerbaijan,United Kingdom,253090,Raw,6711.844,mirror,40.143105,47.576927,55.378051,-3.435973
Lithium,AZE,TUR,Azerbaijan,Türkiye,253090,Raw,2760.0,mirror,40.143105,47.576927,38.963745,35.243322
Lithium,AZE,FRA,Azerbaijan,France,253090,Raw,839.928,mirror,40.143105,47.576927,46.227638,2.213749
Lithium,BHS,CRI,Bahamas,Costa Rica,253090,Raw,95.23,mirror,25.03428,-77.39628,9.748917,-83.753428
Lithium,BHS,_X ,Bahamas,"Areas, nes",253090,Raw,52.0,direct,25.03428,-77.39628,,
Lithium,BHS,USA,Bahamas,USA,253090,Raw,50.0,direct,25.03428,-77.39628,37.09024,-95.712891
Lithium,BHR,ARE,Bahrain,United Arab Emirates,253090,Raw,3185.896,direct,26.0275,50.55,23.424076,53.847818
Lithium,BHR,OMN,Bahrain,Oman,253090,Raw,2000.431,direct,26.0275,50.55,21.512583,55.923255
Lithium,BHR,HUN,Bahrain,Hungary,253090,Raw,77.66,mirror,26.0275,50.55,47.162494,19.503304
Lithium,BHR,USA,Bahrain,USA,253090,Raw,0.199,direct,26.0275,50.55,37.09024,-95.712891
Lithium,BGD,KEN,Bangladesh,Kenya,253090,Raw,468.507,mirror,23.684994,90.356331,-0.023559,37.906193
Lithium,BLR,LVA,Belarus,Latvia,253090,Raw,2111350.764,mirror,53.709807,27.953389,56.879635,24.603189
Lithium,BEL,LUX,Belgium,Luxembourg,253090,Raw,1724109.926,direct,50.503887,4.469936,49.815273,6.129583
Lithium,BEL,DOM,Belgium,Dominican Rep.,253090,Raw,1639450.856,mirror,50.503887,4.469936,18.735693,-70.162651
Lithium,BEL,DEU,Belgium,Germany,253090,Raw,685307.846,direct,50.503887,4.469936,51.165691,10.451526
Lithium,BEL,USA,Belgium,USA,253090,Raw,620820.408,direct,50.503887,4.469936,37.09024,-95.712891
Lithium,BEL,FRA,Belgium,France,253090,Raw,437844.674,direct,50.503887,4.469936,46.227638,2.213749
Lithium,BEL,NLD,Belgium,Netherlands,253090,Raw,400480.261,direct,50.503887,4.469936,52.132633,5.291266
Lithium,BEL,EGY,Belgium,Egypt,253090,Raw,240540.386,direct,50.503887,4.469936,26.820553,30.802498
Lithium,BEL,CHE,Belgium,Switzerland,253090,Raw,225429.132,direct,50.503887,4.469936,46.818188,8.227512
Lithium,BEL,IND,Belgium,India,253090,Raw,183729.938,direct,50.503887,4.469936,20.593684,78.96288
Lithium,BEL,JPN,Belgium,Japan,253090,Raw,131839.947,direct,50.503887,4.469936,36.204824,138.252924
Lithium,BEL,TUR,Belgium,Türkiye,253090,Raw,128226.918,direct,50.503887,4.469936,38.963745,35.243322
Lithium,BEL,KAZ,Belgium,Kazakhstan,253090,Raw,80907.6,mirror,50.503887,4.469936,48.019573,66.923684
Lithium,BEL,POL,Belgium,Poland,253090,Raw,80840.096,direct,50.503887,4.469936,51.919438,19.145136
Lithium,BEL,S19,Belgium,"Other Asia, nes",253090,Raw,64109.654,direct,50.503887,4.469936,,
Lithium,BEL,DNK,Belgium,Denmark,253090,Raw,49263.453,direct,50.503887,4.469936,56.26392,9.501785
Lithium,BEL,GBR,Belgium,United Kingdom,253090,Raw,47535.617,direct,50.503887,4.469936,55.378051,-3.435973
Lithium,BEL,ISR,Belgium,Israel,253090,Raw,45084.599,direct,50.503887,4.469936,31.046051,34.851612
Lithium,BEL,ITA,Belgium,Italy,253090,Raw,35729.098,direct,50.503887,4.469936,41.87194,12.56738
Lithium,BEL,ESP,Belgium,Spain,253090,Raw,35282.572,direct,50.503887,4.469936,40.463667,-3.74922
Lithium,BEL,SGP,Belgium,Singapore,253090,Raw,18922.002,direct,50.503887,4.469936,1.352083,103.819836
Lithium,BEL,CHN,Belgium,China,253090,Raw,17296.97,direct,50.503887,4.469936,35.86166,104.195397
Lithium,BEL,AUT,Belgium,Austria,253090,Raw,12798.38,direct,50.503887,4.469936,47.516231,14.550072
Lithium,BEL,GAB,Belgium,Gabon,253090,Raw,9624.094,direct,50.503887,4.469936,-0.803689,11.609444
Lithium,BEL,ZAF,Belgium,South Africa,253090,Raw,9417.533,direct,50.503887,4.469936,-30.559482,22.937506
Lithium,BEL,SAU,Belgium,Saudi Arabia,253090,Raw,9323.928,direct,50.503887,4.469936,23.885942,45.079162
Lithium,BEL,CZE,Belgium,Czechia,253090,Raw,8749.293,direct,50.503887,4.469936,49.817492,15.472962
Lithium,BEL,BGR,Belgium,Bulgaria,253090,Raw,7766.242,direct,50.503887,4.469936,42.733883,25.48583
Lithium,BEL,PRT,Belgium,Portugal,253090,Raw,7273.261,direct,50.503887,4.469936,39.399872,-8.224454
Lithium,BEL,ZMB,Belgium,Zambia,253090,Raw,7172.164,mirror,50.503887,4.469936,-13.133897,27.849332
Lithium,BEL,BRA,Belgium,Brazil,253090,Raw,7107.008,direct,50.503887,4.469936,-14.235004,-51.92528
Lithium,BEL,MUS,Belgium,Mauritius,253090,Raw,6805.6,mirror,50.503887,4.469936,-20.348404,57.552152
Lithium,BEL,IRL,Belgium,Ireland,253090,Raw,6148.018,direct,50.503887,4.469936,53.41291,-8.24389
Lithium,BEL,NOR,Belgium,Norway,253090,Raw,5715.229,direct,50.503887,4.469936,60.472024,8.468946
Lithium,BEL,ARE,Belgium,United Arab Emirates,253090,Raw,5623.302,direct,50.503887,4.469936,23.424076,53.847818
Lithium,BEL,ARG,Belgium,Argentina,253090,Raw,5145.821,direct,50.503887,4.469936,-38.416097,-63.616672
Lithium,BEL,SWE,Belgium,Sweden,253090,Raw,5081.798,direct,50.503887,4.469936,60.128161,18.643501
Lithium,BEL,CAN,Belgium,Canada,253090,Raw,4277.037,direct,50.503887,4.469936,56.130366,-106.346771
Lithium,BEL,PAK,Belgium,Pakistan,253090,Raw,4105.729,direct,50.503887,4.469936,30.375321,69.345116
Lithium,BEL,MLT,Belgium,Malta,253090,Raw,3429.274,direct,50.503887,4.469936,35.937496,14.375416
Lithium,BEL,KEN,Belgium,Kenya,253090,Raw,3426.595,mirror,50.503887,4.469936,-0.023559,37.906193
Lithium,BEL,GRC,Belgium,Greece,253090,Raw,3392.743,direct,50.503887,4.469936,39.074208,21.824312
Lithium,BEL,MYS,Belgium,Malaysia,253090,Raw,3355.834,direct,50.503887,4.469936,4.210484,101.975766
Lithium,BEL,ROU,Belgium,Romania,253090,Raw,2761.78,direct,50.503887,4.469936,45.943161,24.96676
Lithium,BEL,COL,Belgium,Colombia,253090,Raw,2319.5,mirror,50.503887,4.469936,4.570868,-74.297333
Lithium,BEL,MDA,Belgium,Rep. of Moldova,253090,Raw,2292.0,mirror,50.503887,4.469936,47.411631,28.369885
Lithium,BEL,KWT,Belgium,Kuwait,253090,Raw,1745.003,direct,50.503887,4.469936,29.31166,47.481766
Lithium,BEL,GEO,Belgium,Georgia,253090,Raw,1726.2,mirror,50.503887,4.469936,42.315407,43.356892
Lithium,BEL,THA,Belgium,Thailand,253090,Raw,1685.678,direct,50.503887,4.469936,15.870032,100.992541
Lithium,BEL,QAT,Belgium,Qatar,253090,Raw,1094.092,direct,50.503887,4.469936,25.354826,51.183884
Lithium,BEL,LTU,Belgium,Lithuania,253090,Raw,1041.553,direct,50.503887,4.469936,55.169438,23.881275
Lithium,BEL,MOZ,Belgium,Mozambique,253090,Raw,896.6,mirror,50.503887,4.469936,-18.665695,35.529562
Lithium,BEL,AUS,Belgium,Australia,253090,Raw,742.253,direct,50.503887,4.469936,-25.274398,133.775136
Lithium,BEL,SRB,Belgium,Serbia,253090,Raw,601.252,direct,50.503887,4.469936,44.016521,21.005859
Lithium,BEL,HKG,Belgium,"China, Hong Kong SAR",253090,Raw,601.1,direct,50.503887,4.469936,22.396428,114.109497
Lithium,BEL,MAR,Belgium,Morocco,253090,Raw,523.623,direct,50.503887,4.469936,31.791702,-7.09262
Lithium,BEL,CYP,Belgium,Cyprus,253090,Raw,475.381,direct,50.503887,4.469936,35.126413,33.429859
Lithium,BEL,SVK,Belgium,Slovakia,253090,Raw,342.422,direct,50.503887,4.469936,48.669026,19.699024
Lithium,BEL,ISL,Belgium,Iceland,253090,Raw,256.524,direct,50.503887,4.469936,64.963051,-19.020835
Lithium,BEL,KOR,Belgium,Rep. of Korea,253090,Raw,199.602,direct,50.503887,4.469936,35.907757,127.766922
Lithium,BEL,HRV,Belgium,Croatia,253090,Raw,198.097,direct,50.503887,4.469936,45.1,15.2
Lithium,BEL,BHR,Belgium,Bahrain,253090,Raw,184.925,direct,50.503887,4.469936,26.0275,50.55
Lithium,BEL,OMN,Belgium,Oman,253090,Raw,72.866,direct,50.503887,4.469936,21.512583,55.923255
Lithium,BEL,SVN,Belgium,Slovenia,253090,Raw,59.618,direct,50.503887,4.469936,46.151241,14.995463
Lithium,BEL,HUN,Belgium,Hungary,253090,Raw,48.978,direct,50.503887,4.469936,47.162494,19.503304
Lithium,BEL,AND,Belgium,Andorra,253090,Raw,48.036,direct,50.503887,4.469936,,
Lithium,BEL,LBN,Belgium,Lebanon,253090,Raw,38.922,direct,50.503887,4.469936,33.854721,35.862285
Lithium,BEL,NCL,Belgium,New Caledonia,253090,Raw,21.388,direct,50.503887,4.469936,,
Lithium,BEL,CHL,Belgium,Chile,253090,Raw,21.13,mirror,50.503887,4.469936,-35.675147,-71.542969
Lithium,BEL,MDV,Belgium,Maldives,253090,Raw,18.0,direct,50.503887,4.469936,3.202778,73.22068
Lithium,BEL,FIN,Belgium,Finland,253090,Raw,1.591,direct,50.503887,4.469936,61.92411,25.748151
Lithium,BEN,CAN,Benin,Canada,253090,Raw,42.32,mirror,9.30769,2.315834,56.130366,-106.346771
Lithium,BTN,CHE,Bhutan,Switzerland,253090,Raw,2012.628,mirror,27.514162,90.433601,46.818188,8.227512
Lithium,BOL,USA,Bolivia (Plurinational State of),USA,253090,Raw,11065.0,mirror,-16.290154,-63.588653,37.09024,-95.712891
Lithium,BOL,CZE,Bolivia (Plurinational State of),Czechia,253090,Raw,2384.0,mirror,-16.290154,-63.588653,49.817492,15.472962
Lithium,BOL,ARG,Bolivia (Plurinational State of),Argentina,253090,Raw,2343.18,mirror,-16.290154,-63.588653,-38.416097,-63.616672
Lithium,BOL,FRA,Bolivia (Plurinational State of),France,253090,Raw,1662.536,mirror,-16.290154,-63.588653,46.227638,2.213749
Lithium,BOL,CHL,Bolivia (Plurinational State of),Chile,253090,Raw,921.23,mirror,-16.290154,-63.588653,-35.675147,-71.542969
Lithium,BOL,NLD,Bolivia (Plurinational State of),Netherlands,253090,Raw,868.069,mirror,-16.290154,-63.588653,52.132633,5.291266
Lithium,BOL,CAN,Bolivia (Plurinational State of),Canada,253090,Raw,837.972,mirror,-16.290154,-63.588653,56.130366,-106.346771
Lithium,BOL,IRL,Bolivia (Plurinational State of),Ireland,253090,Raw,342.032,mirror,-16.290154,-63.588653,53.41291,-8.24389
Lithium,BOL,ECU,Bolivia (Plurinational State of),Ecuador,253090,Raw,19.12,mirror,-16.290154,-63.588653,-1.831239,-78.183406
Lithium,BOL,CHN,Bolivia (Plurinational State of),China,253090,Raw,10.0,mirror,-16.290154,-63.588653,35.86166,104.195397
Lithium,BIH,HKG,Bosnia Herzegovina,"China, Hong Kong SAR",253090,Raw,1073052.848,direct,43.915886,17.679076,22.396428,114.109497
Lithium,BIH,SRB,Bosnia Herzegovina,Serbia,253090,Raw,1060141.648,direct,43.915886,17.679076,44.016521,21.005859
Lithium,BIH,SVN,Bosnia Herzegovina,Slovenia,253090,Raw,293212.684,direct,43.915886,17.679076,46.151241,14.995463
Lithium,BIH,HRV,Bosnia Herzegovina,Croatia,253090,Raw,115794.792,direct,43.915886,17.679076,45.1,15.2
Lithium,BIH,MNE,Bosnia Herzegovina,Montenegro,253090,Raw,58423.48,direct,43.915886,17.679076,42.708678,19.37439
Lithium,BIH,CZE,Bosnia Herzegovina,Czechia,253090,Raw,41863.472,direct,43.915886,17.679076,49.817492,15.472962
Lithium,BIH,AUT,Bosnia Herzegovina,Austria,253090,Raw,25976.996,direct,43.915886,17.679076,47.516231,14.550072
Lithium,BIH,MKD,Bosnia Herzegovina,North Macedonia,253090,Raw,20485.796,direct,43.915886,17.679076,41.608635,21.745275
Lithium,BIH,SVK,Bosnia Herzegovina,Slovakia,253090,Raw,11062.148,direct,43.915886,17.679076,48.669026,19.699024
Lithium,BIH,TUR,Bosnia Herzegovina,Türkiye,253090,Raw,10368.0,mirror,43.915886,17.679076,38.963745,35.243322
Lithium,BWA,ZAF,Botswana,South Africa,253090,Raw,10216.568,mirror,-22.328474,24.684866,-30.559482,22.937506
Lithium,BWA,NAM,Botswana,Namibia,253090,Raw,177.26,mirror,-22.328474,24.684866,-22.95764,18.49041
Lithium,BWA,S19,Botswana,"Other Asia, nes",253090,Raw,155.76,mirror,-22.328474,24.684866,,
Lithium,BRA,CHN,Brazil,China,253090,Raw,571370178.0,direct,-14.235004,-51.92528,35.86166,104.195397
Lithium,BRA,ARG,Brazil,Argentina,253090,Raw,2684758.0,direct,-14.235004,-51.92528,-38.416097,-63.616672
Lithium,BRA,PRY,Brazil,Paraguay,253090,Raw,767680.0,direct,-14.235004,-51.92528,-23.442503,-58.443832
Lithium,BRA,BOL,Brazil,Bolivia (Plurinational State of),253090,Raw,648180.0,direct,-14.235004,-51.92528,-16.290154,-63.588653
Lithium,BRA,COL,Brazil,Colombia,253090,Raw,332314.0,direct,-14.235004,-51.92528,4.570868,-74.297333
Lithium,BRA,CHL,Brazil,Chile,253090,Raw,209752.0,direct,-14.235004,-51.92528,-35.675147,-71.542969
Lithium,BRA,SWE,Brazil,Sweden,253090,Raw,181686.776,mirror,-14.235004,-51.92528,60.128161,18.643501
Lithium,BRA,URY,Brazil,Uruguay,253090,Raw,84710.0,direct,-14.235004,-51.92528,-32.522779,-55.765835
Lithium,BRA,ISR,Brazil,Israel,253090,Raw,81794.0,direct,-14.235004,-51.92528,31.046051,34.851612
Lithium,BRA,GHA,Brazil,Ghana,253090,Raw,66796.0,direct,-14.235004,-51.92528,7.946527,-1.023194
Lithium,BRA,ARE,Brazil,United Arab Emirates,253090,Raw,64000.0,direct,-14.235004,-51.92528,23.424076,53.847818
Lithium,BRA,USA,Brazil,USA,253090,Raw,61854.0,direct,-14.235004,-51.92528,37.09024,-95.712891
Lithium,BRA,GTM,Brazil,Guatemala,253090,Raw,54558.0,mirror,-14.235004,-51.92528,15.783471,-90.230759
Lithium,BRA,IND,Brazil,India,253090,Raw,38974.0,direct,-14.235004,-51.92528,20.593684,78.96288
Lithium,BRA,SLV,Brazil,El Salvador,253090,Raw,31761.1,mirror,-14.235004,-51.92528,13.794185,-88.89653
Lithium,BRA,JPN,Brazil,Japan,253090,Raw,19680.0,direct,-14.235004,-51.92528,36.204824,138.252924
Lithium,BRA,PER,Brazil,Peru,253090,Raw,19070.0,direct,-14.235004,-51.92528,-9.189967,-75.015152
Lithium,BRA,ITA,Brazil,Italy,253090,Raw,18312.0,direct,-14.235004,-51.92528,41.87194,12.56738
Lithium,BRA,DEU,Brazil,Germany,253090,Raw,6768.0,direct,-14.235004,-51.92528,51.165691,10.451526
Lithium,BRA,NZL,Brazil,New Zealand,253090,Raw,3092.038,mirror,-14.235004,-51.92528,-40.900557,174.885971
Lithium,BRA,CAN,Brazil,Canada,253090,Raw,2782.0,direct,-14.235004,-51.92528,56.130366,-106.346771
Lithium,BRA,IDN,Brazil,Indonesia,253090,Raw,1984.0,mirror,-14.235004,-51.92528,-0.789275,113.921327
Lithium,BRA,FIN,Brazil,Finland,253090,Raw,1234.396,mirror,-14.235004,-51.92528,61.92411,25.748151
Lithium,BRA,MEX,Brazil,Mexico,253090,Raw,1086.0,direct,-14.235004,-51.92528,23.634501,-102.552784
Lithium,BRA,GBR,Brazil,United Kingdom,253090,Raw,766.0,direct,-14.235004,-51.92528,55.378051,-3.435973
Lithium,BRA,NOR,Brazil,Norway,253090,Raw,727.724,mirror,-14.235004,-51.92528,60.472024,8.468946
Lithium,BRA,NLD,Brazil,Netherlands,253090,Raw,610.463,mirror,-14.235004,-51.92528,52.132633,5.291266
Lithium,BRA,IRL,Brazil,Ireland,253090,Raw,556.344,mirror,-14.235004,-51.92528,53.41291,-8.24389
Lithium,BRA,SVN,Brazil,Slovenia,253090,Raw,508.064,mirror,-14.235004,-51.92528,46.151241,14.995463
Lithium,BRA,CHE,Brazil,Switzerland,253090,Raw,480.0,direct,-14.235004,-51.92528,46.818188,8.227512
Lithium,BRA,AUS,Brazil,Australia,253090,Raw,474.0,direct,-14.235004,-51.92528,-25.274398,133.775136
Lithium,BRA,PAN,Brazil,Panama,253090,Raw,430.0,direct,-14.235004,-51.92528,8.537981,-80.782127
Lithium,BRA,THA,Brazil,Thailand,253090,Raw,330.16,mirror,-14.235004,-51.92528,15.870032,100.992541
Lithium,BRA,FRA,Brazil,France,253090,Raw,304.0,direct,-14.235004,-51.92528,46.227638,2.213749
Lithium,BRA,SGP,Brazil,Singapore,253090,Raw,214.0,direct,-14.235004,-51.92528,1.352083,103.819836
Lithium,BRA,PLW,Brazil,Palau,253090,Raw,166.0,direct,-14.235004,-51.92528,,
Lithium,BRA,MLT,Brazil,Malta,253090,Raw,164.52,mirror,-14.235004,-51.92528,35.937496,14.375416
Lithium,BRA,HUN,Brazil,Hungary,253090,Raw,160.88,mirror,-14.235004,-51.92528,47.162494,19.503304
Lithium,BRA,TUR,Brazil,Türkiye,253090,Raw,158.0,direct,-14.235004,-51.92528,38.963745,35.243322
Lithium,BRA,AUT,Brazil,Austria,253090,Raw,155.863,mirror,-14.235004,-51.92528,47.516231,14.550072
Lithium,BRA,BEL,Brazil,Belgium,253090,Raw,144.0,direct,-14.235004,-51.92528,50.503887,4.469936
Lithium,BRA,S19,Brazil,"Other Asia, nes",253090,Raw,124.608,mirror,-14.235004,-51.92528,,
Lithium,BRA,ESP,Brazil,Spain,253090,Raw,84.0,direct,-14.235004,-51.92528,40.463667,-3.74922
Lithium,BRA,PRT,Brazil,Portugal,253090,Raw,66.0,direct,-14.235004,-51.92528,39.399872,-8.224454
Lithium,BRA,SAU,Brazil,Saudi Arabia,253090,Raw,38.0,direct,-14.235004,-51.92528,23.885942,45.079162
Lithium,BRA,GRC,Brazil,Greece,253090,Raw,36.0,direct,-14.235004,-51.92528,39.074208,21.824312
Lithium,BRA,ZAF,Brazil,South Africa,253090,Raw,34.0,direct,-14.235004,-51.92528,-30.559482,22.937506
Lithium,BRA,KOR,Brazil,Rep. of Korea,253090,Raw,32.0,mirror,-14.235004,-51.92528,35.907757,127.766922
Lithium,BRA,POL,Brazil,Poland,253090,Raw,12.0,direct,-14.235004,-51.92528,51.919438,19.145136
Lithium,BRA,EST,Brazil,Estonia,253090,Raw,3.6,mirror,-14.235004,-51.92528,58.595272,25.013607
Lithium,BRN,SGP,Brunei Darussalam,Singapore,253090,Raw,10606.661,direct,4.535277,114.727669,1.352083,103.819836
Lithium,BGR,SVN,Bulgaria,Slovenia,253090,Raw,2773598.184,mirror,42.733883,25.48583,46.151241,14.995463
Lithium,BGR,GRC,Bulgaria,Greece,253090,Raw,536465.116,direct,42.733883,25.48583,39.074208,21.824312
Lithium,BGR,DEU,Bulgaria,Germany,253090,Raw,516396.988,direct,42.733883,25.48583,51.165691,10.451526
Lithium,BGR,ITA,Bulgaria,Italy,253090,Raw,303867.316,direct,42.733883,25.48583,41.87194,12.56738
Lithium,BGR,GBR,Bulgaria,United Kingdom,253090,Raw,61578.4,direct,42.733883,25.48583,55.378051,-3.435973
Lithium,BGR,USA,Bulgaria,USA,253090,Raw,59166.686,direct,42.733883,25.48583,37.09024,-95.712891
Lithium,BGR,MAR,Bulgaria,Morocco,253090,Raw,48820.648,direct,42.733883,25.48583,31.791702,-7.09262
Lithium,BGR,ROU,Bulgaria,Romania,253090,Raw,29858.808,direct,42.733883,25.48583,45.943161,24.96676
Lithium,BGR,AUT,Bulgaria,Austria,253090,Raw,28269.613,mirror,42.733883,25.48583,47.516231,14.550072
Lithium,BGR,CYP,Bulgaria,Cyprus,253090,Raw,23811.82,direct,42.733883,25.48583,35.126413,33.429859
Lithium,BGR,MKD,Bulgaria,North Macedonia,253090,Raw,23468.868,direct,42.733883,25.48583,41.608635,21.745275
Lithium,BGR,NLD,Bulgaria,Netherlands,253090,Raw,22393.552,direct,42.733883,25.48583,52.132633,5.291266
Lithium,BGR,CHN,Bulgaria,China,253090,Raw,18570.21,direct,42.733883,25.48583,35.86166,104.195397
Lithium,BGR,UZB,Bulgaria,Uzbekistan,253090,Raw,13896.0,mirror,42.733883,25.48583,41.377491,64.585262
Lithium,BGR,CHE,Bulgaria,Switzerland,253090,Raw,12640.488,direct,42.733883,25.48583,46.818188,8.227512
Lithium,BGR,EGY,Bulgaria,Egypt,253090,Raw,10677.928,direct,42.733883,25.48583,26.820553,30.802498
Lithium,BGR,FRA,Bulgaria,France,253090,Raw,10469.944,direct,42.733883,25.48583,46.227638,2.213749
Lithium,BGR,JPN,Bulgaria,Japan,253090,Raw,8264.719,mirror,42.733883,25.48583,36.204824,138.252924
Lithium,BGR,MLT,Bulgaria,Malta,253090,Raw,4892.36,mirror,42.733883,25.48583,35.937496,14.375416
Lithium,BGR,NOR,Bulgaria,Norway,253090,Raw,4072.276,mirror,42.733883,25.48583,60.472024,8.468946
Lithium,BGR,PRT,Bulgaria,Portugal,253090,Raw,3852.108,direct,42.733883,25.48583,39.399872,-8.224454
Lithium,BGR,S19,Bulgaria,"Other Asia, nes",253090,Raw,2920.608,direct,42.733883,25.48583,,
Lithium,BGR,SAU,Bulgaria,Saudi Arabia,253090,Raw,1482.933,mirror,42.733883,25.48583,23.885942,45.079162
Lithium,BGR,GIB,Bulgaria,Gibraltar,253090,Raw,1048.764,direct,42.733883,25.48583,,
Lithium,BGR,TUR,Bulgaria,Türkiye,253090,Raw,176.0,mirror,42.733883,25.48583,38.963745,35.243322
Lithium,BGR,SRB,Bulgaria,Serbia,253090,Raw,13.276,direct,42.733883,25.48583,44.016521,21.005859
Lithium,BGR,CAN,Bulgaria,Canada,253090,Raw,2.82,mirror,42.733883,25.48583,56.130366,-106.346771
Lithium,BFA,TGO,Burkina Faso,Togo,253090,Raw,3024.542,mirror,12.364566,-1.561593,8.619543,0.824782
Lithium,BFA,FIN,Burkina Faso,Finland,253090,Raw,2163.634,direct,12.364566,-1.561593,61.92411,25.748151
Lithium,BFA,AUS,Burkina Faso,Australia,253090,Raw,694.5,direct,12.364566,-1.561593,-25.274398,133.775136
Lithium,BFA,FRA,Burkina Faso,France,253090,Raw,549.848,mirror,12.364566,-1.561593,46.227638,2.213749
Lithium,BFA,IRL,Burkina Faso,Ireland,253090,Raw,404.81,mirror,12.364566,-1.561593,53.41291,-8.24389
Lithium,BFA,SGP,Burkina Faso,Singapore,253090,Raw,329.844,direct,12.364566,-1.561593,1.352083,103.819836
Lithium,BFA,MAR,Burkina Faso,Morocco,253090,Raw,170.986,mirror,12.364566,-1.561593,31.791702,-7.09262
Lithium,BFA,CHN,Burkina Faso,China,253090,Raw,86.544,direct,12.364566,-1.561593,35.86166,104.195397
Lithium,BFA,ZAF,Burkina Faso,South Africa,253090,Raw,38.776,direct,12.364566,-1.561593,-30.559482,22.937506
Lithium,BFA,CAN,Burkina Faso,Canada,253090,Raw,19.752,mirror,12.364566,-1.561593,56.130366,-106.346771
Lithium,BDI,CHN,Burundi,China,253090,Raw,63439.0,mirror,-3.373056,29.918886,35.86166,104.195397
Lithium,BDI,IRL,Burundi,Ireland,253090,Raw,1.082,mirror,-3.373056,29.918886,53.41291,-8.24389
Lithium,KHM,CHE,Cambodia,Switzerland,253090,Raw,626.96,mirror,12.565679,104.990963,46.818188,8.227512
Lithium,KHM,CHN,Cambodia,China,253090,Raw,494.66,direct,12.565679,104.990963,35.86166,104.195397
Lithium,KHM,LAO,Cambodia,Lao People's Dem. Rep.,253090,Raw,340.0,direct,12.565679,104.990963,19.85627,102.495496
Lithium,KHM,AUS,Cambodia,Australia,253090,Raw,280.0,direct,12.565679,104.990963,-25.274398,133.775136
Lithium,CMR,USA,Cameroon,USA,253090,Raw,10313.0,mirror,3.848033,11.502075,37.09024,-95.712891
Lithium,CMR,CAN,Cameroon,Canada,253090,Raw,1091.904,mirror,3.848033,11.502075,56.130366,-106.346771
Lithium,CMR,FRA,Cameroon,France,253090,Raw,822.608,mirror,3.848033,11.502075,46.227638,2.213749
Lithium,CMR,DEU,Cameroon,Germany,253090,Raw,427.536,mirror,3.848033,11.502075,51.165691,10.451526
Lithium,CMR,MAR,Cameroon,Morocco,253090,Raw,325.476,mirror,3.848033,11.502075,31.791702,-7.09262
Lithium,CMR,ZAF,Cameroon,South Africa,253090,Raw,206.888,mirror,3.848033,11.502075,-30.559482,22.937506
Lithium,CAN,USA,Canada,USA,253090,Raw,65021148.93799999,direct,56.130366,-106.346771,37.09024,-95.712891
Lithium,CAN,ESP,Canada,Spain,253090,Raw,1582876.968,direct,56.130366,-106.346771,40.463667,-3.74922
Lithium,CAN,NAM,Canada,Namibia,253090,Raw,277414.328,mirror,56.130366,-106.346771,-22.95764,18.49041
Lithium,CAN,CHN,Canada,China,253090,Raw,258995.66,direct,56.130366,-106.346771,35.86166,104.195397
Lithium,CAN,CUB,Canada,Cuba,253090,Raw,253815.464,direct,56.130366,-106.346771,21.521757,-77.781167
Lithium,CAN,DEU,Canada,Germany,253090,Raw,253251.172,direct,56.130366,-106.346771,51.165691,10.451526
Lithium,CAN,AUS,Canada,Australia,253090,Raw,209620.16,direct,56.130366,-106.346771,-25.274398,133.775136
Lithium,CAN,ITA,Canada,Italy,253090,Raw,182426.956,direct,56.130366,-106.346771,41.87194,12.56738
Lithium,CAN,SWE,Canada,Sweden,253090,Raw,162758.576,direct,56.130366,-106.346771,60.128161,18.643501
Lithium,CAN,LUX,Canada,Luxembourg,253090,Raw,101549.888,direct,56.130366,-106.346771,49.815273,6.129583
Lithium,CAN,POL,Canada,Poland,253090,Raw,101380.6,direct,56.130366,-106.346771,51.919438,19.145136
Lithium,CAN,ZAF,Canada,South Africa,253090,Raw,98420.892,direct,56.130366,-106.346771,-30.559482,22.937506
Lithium,CAN,MEX,Canada,Mexico,253090,Raw,72134.0,mirror,56.130366,-106.346771,23.634501,-102.552784
Lithium,CAN,GUY,Canada,Guyana,253090,Raw,65944.112,mirror,56.130366,-106.346771,4.860416,-58.93018
Lithium,CAN,GBR,Canada,United Kingdom,253090,Raw,61309.619999999995,mirror,56.130366,-106.346771,55.378051,-3.435973
Lithium,CAN,ECU,Canada,Ecuador,253090,Raw,49927.6,mirror,56.130366,-106.346771,-1.831239,-78.183406
Lithium,CAN,IND,Canada,India,253090,Raw,47036.512,direct,56.130366,-106.346771,20.593684,78.96288
Lithium,CAN,CHL,Canada,Chile,253090,Raw,45701.962,direct,56.130366,-106.346771,-35.675147,-71.542969
Lithium,CAN,IDN,Canada,Indonesia,253090,Raw,44999.42,direct,56.130366,-106.346771,-0.789275,113.921327
Lithium,CAN,NLD,Canada,Netherlands,253090,Raw,41664.071,mirror,56.130366,-106.346771,52.132633,5.291266
Lithium,CAN,MAR,Canada,Morocco,253090,Raw,38998.18,direct,56.130366,-106.346771,31.791702,-7.09262
Lithium,CAN,CAN,Canada,Canada,253090,Raw,36619.691,mirror,56.130366,-106.346771,56.130366,-106.346771
Lithium,CAN,COL,Canada,Colombia,253090,Raw,27810.72,mirror,56.130366,-106.346771,4.570868,-74.297333
Lithium,CAN,MUS,Canada,Mauritius,253090,Raw,19776.193,mirror,56.130366,-106.346771,-20.348404,57.552152
Lithium,CAN,FRA,Canada,France,253090,Raw,18579.296,direct,56.130366,-106.346771,46.227638,2.213749
Lithium,CAN,SRB,Canada,Serbia,253090,Raw,16544.0,mirror,56.130366,-106.346771,44.016521,21.005859
Lithium,CAN,JPN,Canada,Japan,253090,Raw,16243.128,direct,56.130366,-106.346771,36.204824,138.252924
Lithium,CAN,THA,Canada,Thailand,253090,Raw,9798.92,direct,56.130366,-106.346771,15.870032,100.992541
Lithium,CAN,NZL,Canada,New Zealand,253090,Raw,7606.648,direct,56.130366,-106.346771,-40.900557,174.885971
Lithium,CAN,SEN,Canada,Senegal,253090,Raw,6678.468,mirror,56.130366,-106.346771,14.497401,14.452362
Lithium,CAN,NOR,Canada,Norway,253090,Raw,6616.332,mirror,56.130366,-106.346771,60.472024,8.468946
Lithium,CAN,CHE,Canada,Switzerland,253090,Raw,6156.008,mirror,56.130366,-106.346771,46.818188,8.227512
Lithium,CAN,CIV,Canada,Côte d'Ivoire,253090,Raw,4718.123,mirror,56.130366,-106.346771,7.539989,-5.54708
Lithium,CAN,FIN,Canada,Finland,253090,Raw,3973.542,mirror,56.130366,-106.346771,61.92411,25.748151
Lithium,CAN,KOR,Canada,Rep. of Korea,253090,Raw,3617.108,direct,56.130366,-106.346771,35.907757,127.766922
Lithium,CAN,DNK,Canada,Denmark,253090,Raw,3363.176,direct,56.130366,-106.346771,56.26392,9.501785
Lithium,CAN,ISR,Canada,Israel,253090,Raw,2877.888,direct,56.130366,-106.346771,31.046051,34.851612
Lithium,CAN,SGP,Canada,Singapore,253090,Raw,2482.884,direct,56.130366,-106.346771,1.352083,103.819836
Lithium,CAN,HUN,Canada,Hungary,253090,Raw,2367.178,mirror,56.130366,-106.346771,47.162494,19.503304
Lithium,CAN,BGR,Canada,Bulgaria,253090,Raw,2090.892,mirror,56.130366,-106.346771,42.733883,25.48583
Lithium,CAN,GRL,Canada,Greenland,253090,Raw,2082.236,direct,56.130366,-106.346771,,
Lithium,CAN,TCA,Canada,Turks and Caicos Isds,253090,Raw,1893.196,direct,56.130366,-106.346771,,
Lithium,CAN,URY,Canada,Uruguay,253090,Raw,1415.0,mirror,56.130366,-106.346771,-32.522779,-55.765835
Lithium,CAN,TTO,Canada,Trinidad and Tobago,253090,Raw,1252.728,direct,56.130366,-106.346771,10.691803,-61.222503
Lithium,CAN,LKA,Canada,Sri Lanka,253090,Raw,772.099,mirror,56.130366,-106.346771,7.873054,80.771797
Lithium,CAN,PRT,Canada,Portugal,253090,Raw,486.216,mirror,56.130366,-106.346771,39.399872,-8.224454
Lithium,CAN,CRI,Canada,Costa Rica,253090,Raw,353.99,mirror,56.130366,-106.346771,9.748917,-83.753428
Lithium,CAN,AUT,Canada,Austria,253090,Raw,161.275,mirror,56.130366,-106.346771,47.516231,14.550072
Lithium,CAN,TUR,Canada,Türkiye,253090,Raw,104.0,mirror,56.130366,-106.346771,38.963745,35.243322
Lithium,CAN,IRL,Canada,Ireland,253090,Raw,80.096,mirror,56.130366,-106.346771,53.41291,-8.24389
Lithium,CAN,ISL,Canada,Iceland,253090,Raw,33.706,mirror,56.130366,-106.346771,64.963051,-19.020835
Lithium,CAN,ZMB,Canada,Zambia,253090,Raw,16.234,mirror,56.130366,-106.346771,-13.133897,27.849332
Lithium,CAF,FRA,Central African Rep.,France,253090,Raw,1969.932,mirror,6.611111,20.939444,46.227638,2.213749
Lithium,CAF,IRL,Central African Rep.,Ireland,253090,Raw,25.977,mirror,6.611111,20.939444,53.41291,-8.24389
Lithium,TCD,CHN,Chad,China,253090,Raw,4400.0,mirror,15.454166,18.732207,35.86166,104.195397
Lithium,CHL,PER,Chile,Peru,253090,Raw,848280.0,direct,-35.675147,-71.542969,-9.189967,-75.015152
Lithium,CHL,ARG,Chile,Argentina,253090,Raw,42702.39,direct,-35.675147,-71.542969,-38.416097,-63.616672
Lithium,CHL,SWE,Chile,Sweden,253090,Raw,42393.58,mirror,-35.675147,-71.542969,60.128161,18.643501
Lithium,CHL,NZL,Chile,New Zealand,253090,Raw,12000.0,direct,-35.675147,-71.542969,-40.900557,174.885971
Lithium,CHL,FRA,Chile,France,253090,Raw,5479.32,direct,-35.675147,-71.542969,46.227638,2.213749
Lithium,CHL,USA,Chile,USA,253090,Raw,4457.42,direct,-35.675147,-71.542969,37.09024,-95.712891
Lithium,CHL,IRL,Chile,Ireland,253090,Raw,2306.553,mirror,-35.675147,-71.542969,53.41291,-8.24389
Lithium,CHL,ESP,Chile,Spain,253090,Raw,2271.376,mirror,-35.675147,-71.542969,40.463667,-3.74922
Lithium,CHL,BOL,Chile,Bolivia (Plurinational State of),253090,Raw,1250.0,direct,-35.675147,-71.542969,-16.290154,-63.588653
Lithium,CHL,CAN,Chile,Canada,253090,Raw,886.47,direct,-35.675147,-71.542969,56.130366,-106.346771
Lithium,CHL,NOR,Chile,Norway,253090,Raw,850.748,mirror,-35.675147,-71.542969,60.472024,8.468946
Lithium,CHL,CZE,Chile,Czechia,253090,Raw,832.0,mirror,-35.675147,-71.542969,49.817492,15.472962
Lithium,CHL,PRY,Chile,Paraguay,253090,Raw,808.8,mirror,-35.675147,-71.542969,-23.442503,-58.443832
Lithium,CHL,GBR,Chile,United Kingdom,253090,Raw,695.28,direct,-35.675147,-71.542969,55.378051,-3.435973
Lithium,CHL,FIN,Chile,Finland,253090,Raw,577.71,direct,-35.675147,-71.542969,61.92411,25.748151
Lithium,CHL,CHN,Chile,China,253090,Raw,470.77,direct,-35.675147,-71.542969,35.86166,104.195397
Lithium,CHL,ZAF,Chile,South Africa,253090,Raw,470.3,mirror,-35.675147,-71.542969,-30.559482,22.937506
Lithium,CHL,NLD,Chile,Netherlands,253090,Raw,196.993,mirror,-35.675147,-71.542969,52.132633,5.291266
Lithium,CHL,CHL,Chile,Chile,253090,Raw,174.95,mirror,-35.675147,-71.542969,-35.675147,-71.542969
Lithium,CHL,CHE,Chile,Switzerland,253090,Raw,172.0,direct,-35.675147,-71.542969,46.818188,8.227512
Lithium,CHL,JPN,Chile,Japan,253090,Raw,5.76,direct,-35.675147,-71.542969,36.204824,138.252924
Lithium,CHL,AUS,Chile,Australia,253090,Raw,1.74,direct,-35.675147,-71.542969,-25.274398,133.775136
Lithium,CHN,JPN,China,Japan,253090,Raw,18191366.0,direct,35.86166,104.195397,36.204824,138.252924
Lithium,CHN,IND,China,India,253090,Raw,13080166.0,direct,35.86166,104.195397,20.593684,78.96288
Lithium,CHN,MYS,China,Malaysia,253090,Raw,10659389.0,direct,35.86166,104.195397,4.210484,101.975766
Lithium,CHN,ITA,China,Italy,253090,Raw,9769855.0,direct,35.86166,104.195397,41.87194,12.56738
Lithium,CHN,KOR,China,Rep. of Korea,253090,Raw,9552522.0,direct,35.86166,104.195397,35.907757,127.766922
Lithium,CHN,S19,China,"Other Asia, nes",253090,Raw,7924924.0,direct,35.86166,104.195397,,
Lithium,CHN,SGP,China,Singapore,253090,Raw,6166515.0,direct,35.86166,104.195397,1.352083,103.819836
Lithium,CHN,NLD,China,Netherlands,253090,Raw,5369017.0,direct,35.86166,104.195397,52.132633,5.291266
Lithium,CHN,ARE,China,United Arab Emirates,253090,Raw,4051625.0,direct,35.86166,104.195397,23.424076,53.847818
Lithium,CHN,VNM,China,Viet Nam,253090,Raw,3760967.0,direct,35.86166,104.195397,14.058324,108.277199
Lithium,CHN,TUR,China,Türkiye,253090,Raw,3724587.0,direct,35.86166,104.195397,38.963745,35.243322
Lithium,CHN,RUS,China,Russian Federation,253090,Raw,3471458.0,direct,35.86166,104.195397,61.52401,105.318756
Lithium,CHN,ESP,China,Spain,253090,Raw,2760990.0,direct,35.86166,104.195397,40.463667,-3.74922
Lithium,CHN,USA,China,USA,253090,Raw,2485593.0,direct,35.86166,104.195397,37.09024,-95.712891
Lithium,CHN,AUS,China,Australia,253090,Raw,2198584.0,direct,35.86166,104.195397,-25.274398,133.775136
Lithium,CHN,BRA,China,Brazil,253090,Raw,2193606.0,direct,35.86166,104.195397,-14.235004,-51.92528
Lithium,CHN,THA,China,Thailand,253090,Raw,1956079.0,direct,35.86166,104.195397,15.870032,100.992541
Lithium,CHN,DEU,China,Germany,253090,Raw,1773133.0,direct,35.86166,104.195397,51.165691,10.451526
Lithium,CHN,AZE,China,Azerbaijan,253090,Raw,1593950.8,mirror,35.86166,104.195397,40.143105,47.576927
Lithium,CHN,KGZ,China,Kyrgyzstan,253090,Raw,1589565.0,direct,35.86166,104.195397,41.20438,74.766098
Lithium,CHN,ZAF,China,South Africa,253090,Raw,1339162.0,direct,35.86166,104.195397,-30.559482,22.937506
Lithium,CHN,IDN,China,Indonesia,253090,Raw,1230825.0,direct,35.86166,104.195397,-0.789275,113.921327
Lithium,CHN,NAM,China,Namibia,253090,Raw,1134360.932,mirror,35.86166,104.195397,-22.95764,18.49041
Lithium,CHN,GHA,China,Ghana,253090,Raw,1130597.0,direct,35.86166,104.195397,7.946527,-1.023194
Lithium,CHN,SAU,China,Saudi Arabia,253090,Raw,1121290.0,direct,35.86166,104.195397,23.885942,45.079162
Lithium,CHN,EGY,China,Egypt,253090,Raw,989517.0,direct,35.86166,104.195397,26.820553,30.802498
Lithium,CHN,BEL,China,Belgium,253090,Raw,806512.0,direct,35.86166,104.195397,50.503887,4.469936
Lithium,CHN,CZE,China,Czechia,253090,Raw,683296.0,mirror,35.86166,104.195397,49.817492,15.472962
Lithium,CHN,NOR,China,Norway,253090,Raw,570000.0,direct,35.86166,104.195397,60.472024,8.468946
Lithium,CHN,MAR,China,Morocco,253090,Raw,565984.716,mirror,35.86166,104.195397,31.791702,-7.09262
Lithium,CHN,FIN,China,Finland,253090,Raw,559920.0,direct,35.86166,104.195397,61.92411,25.748151
Lithium,CHN,HKG,China,"China, Hong Kong SAR",253090,Raw,543500.0,direct,35.86166,104.195397,22.396428,114.109497
Lithium,CHN,PAK,China,Pakistan,253090,Raw,400421.0,direct,35.86166,104.195397,30.375321,69.345116
Lithium,CHN,FRA,China,France,253090,Raw,358585.0,direct,35.86166,104.195397,46.227638,2.213749
Lithium,CHN,PRT,China,Portugal,253090,Raw,350930.0,direct,35.86166,104.195397,39.399872,-8.224454
Lithium,CHN,MEX,China,Mexico,253090,Raw,349884.0,direct,35.86166,104.195397,23.634501,-102.552784
Lithium,CHN,NGA,China,Nigeria,253090,Raw,324692.0,direct,35.86166,104.195397,9.081999,8.675277
Lithium,CHN,TZA,China,United Rep. of Tanzania,253090,Raw,316058.0,direct,35.86166,104.195397,-6.369028,34.888822
Lithium,CHN,MAC,China,"China, Macao SAR",253090,Raw,313653.0,direct,35.86166,104.195397,22.198745,113.543873
Lithium,CHN,SWE,China,Sweden,253090,Raw,289162.0,direct,35.86166,104.195397,60.128161,18.643501
Lithium,CHN,PHL,China,Philippines,253090,Raw,283434.0,direct,35.86166,104.195397,12.879721,121.774017
Lithium,CHN,POL,China,Poland,253090,Raw,273326.0,direct,35.86166,104.195397,51.919438,19.145136
Lithium,CHN,KAZ,China,Kazakhstan,253090,Raw,269517.0,direct,35.86166,104.195397,48.019573,66.923684
Lithium,CHN,BIH,China,Bosnia Herzegovina,253090,Raw,233421.032,mirror,35.86166,104.195397,43.915886,17.679076
Lithium,CHN,SRB,China,Serbia,253090,Raw,175968.0,mirror,35.86166,104.195397,44.016521,21.005859
Lithium,CHN,KHM,China,Cambodia,253090,Raw,160741.0,direct,35.86166,104.195397,12.565679,104.990963
Lithium,CHN,KEN,China,Kenya,253090,Raw,127095.0,direct,35.86166,104.195397,-0.023559,37.906193
Lithium,CHN,ECU,China,Ecuador,253090,Raw,122758.0,direct,35.86166,104.195397,-1.831239,-78.183406
Lithium,CHN,PER,China,Peru,253090,Raw,122207.0,direct,35.86166,104.195397,-9.189967,-75.015152
Lithium,CHN,BGD,China,Bangladesh,253090,Raw,119987.0,direct,35.86166,104.195397,23.684994,90.356331
Lithium,CHN,LBY,China,Libya,253090,Raw,117760.0,direct,35.86166,104.195397,26.3351,17.228331
Lithium,CHN,HND,China,Honduras,253090,Raw,98760.0,direct,35.86166,104.195397,15.199999,-86.241905
Lithium,CHN,LTU,China,Lithuania,253090,Raw,88234.0,direct,35.86166,104.195397,55.169438,23.881275
Lithium,CHN,LAO,China,Lao People's Dem. Rep.,253090,Raw,85595.0,direct,35.86166,104.195397,19.85627,102.495496
Lithium,CHN,COL,China,Colombia,253090,Raw,84763.0,direct,35.86166,104.195397,4.570868,-74.297333
Lithium,CHN,CAN,China,Canada,253090,Raw,83156.0,direct,35.86166,104.195397,56.130366,-106.346771
Lithium,CHN,IRN,China,Iran,253090,Raw,77615.0,direct,35.86166,104.195397,32.427908,53.688046
Lithium,CHN,BLR,China,Belarus,253090,Raw,74466.0,direct,35.86166,104.195397,53.709807,27.953389
Lithium,CHN,GUY,China,Guyana,253090,Raw,69831.072,mirror,35.86166,104.195397,4.860416,-58.93018
Lithium,CHN,UZB,China,Uzbekistan,253090,Raw,66714.0,direct,35.86166,104.195397,41.377491,64.585262
Lithium,CHN,LVA,China,Latvia,253090,Raw,60075.0,direct,35.86166,104.195397,56.879635,24.603189
Lithium,CHN,VEN,China,Venezuela,253090,Raw,57713.0,direct,35.86166,104.195397,6.42375,-66.58973
Lithium,CHN,IRQ,China,Iraq,253090,Raw,46039.0,direct,35.86166,104.195397,33.223191,43.679291
Lithium,CHN,CMR,China,Cameroon,253090,Raw,43479.0,direct,35.86166,104.195397,3.848033,11.502075
Lithium,CHN,GTM,China,Guatemala,253090,Raw,41707.0,mirror,35.86166,104.195397,15.783471,-90.230759
Lithium,CHN,CRI,China,Costa Rica,253090,Raw,38906.0,direct,35.86166,104.195397,9.748917,-83.753428
Lithium,CHN,MNG,China,Mongolia,253090,Raw,37047.0,direct,35.86166,104.195397,46.862496,103.846656
Lithium,CHN,ZWE,China,Zimbabwe,253090,Raw,30114.0,direct,35.86166,104.195397,-19.015438,29.154857
Lithium,CHN,GBR,China,United Kingdom,253090,Raw,29794.0,direct,35.86166,104.195397,55.378051,-3.435973
Lithium,CHN,ROU,China,Romania,253090,Raw,29714.0,direct,35.86166,104.195397,45.943161,24.96676
Lithium,CHN,MOZ,China,Mozambique,253090,Raw,28952.0,direct,35.86166,104.195397,-18.665695,35.529562
Lithium,CHN,CHN,China,China,253090,Raw,28011.0,mirror,35.86166,104.195397,35.86166,104.195397
Lithium,CHN,NIC,China,Nicaragua,253090,Raw,27749.0,mirror,35.86166,104.195397,12.865416,-85.207229
Lithium,CHN,AGO,China,Angola,253090,Raw,21714.0,direct,35.86166,104.195397,-11.202692,17.873887
Lithium,CHN,JOR,China,Jordan,253090,Raw,20846.0,direct,35.86166,104.195397,30.585164,36.238414
Lithium,CHN,DJI,China,Djibouti,253090,Raw,20343.0,direct,35.86166,104.195397,11.825138,42.590275
Lithium,CHN,PNG,China,Papua New Guinea,253090,Raw,19236.0,direct,35.86166,104.195397,-6.314993,143.95555
Lithium,CHN,ARG,China,Argentina,253090,Raw,17920.0,direct,35.86166,104.195397,-38.416097,-63.616672
Lithium,CHN,ZMB,China,Zambia,253090,Raw,14842.0,direct,35.86166,104.195397,-13.133897,27.849332
Lithium,CHN,BFA,China,Burkina Faso,253090,Raw,13826.796,mirror,35.86166,104.195397,12.364566,-1.561593
Lithium,CHN,IRL,China,Ireland,253090,Raw,13136.852,mirror,35.86166,104.195397,53.41291,-8.24389
Lithium,CHN,UKR,China,Ukraine,253090,Raw,12672.0,direct,35.86166,104.195397,48.379433,31.16558
Lithium,CHN,NZL,China,New Zealand,253090,Raw,12590.0,direct,35.86166,104.195397,-40.900557,174.885971
Lithium,CHN,LKA,China,Sri Lanka,253090,Raw,11730.0,direct,35.86166,104.195397,7.873054,80.771797
Lithium,CHN,CHE,China,Switzerland,253090,Raw,9841.0,direct,35.86166,104.195397,46.818188,8.227512
Lithium,CHN,BOL,China,Bolivia (Plurinational State of),253090,Raw,9579.0,direct,35.86166,104.195397,-16.290154,-63.588653
Lithium,CHN,TJK,China,Tajikistan,253090,Raw,8340.0,direct,35.86166,104.195397,38.861034,71.276093
Lithium,CHN,DNK,China,Denmark,253090,Raw,7887.903,mirror,35.86166,104.195397,56.26392,9.501785
Lithium,CHN,URY,China,Uruguay,253090,Raw,7420.0,mirror,35.86166,104.195397,-32.522779,-55.765835
Lithium,CHN,PRK,China,Dem. People's Rep. of Korea,253090,Raw,7001.0,direct,35.86166,104.195397,40.339852,127.510093
Lithium,CHN,SEN,China,Senegal,253090,Raw,6570.0,direct,35.86166,104.195397,14.497401,14.452362
Lithium,CHN,MMR,China,Myanmar,253090,Raw,6464.0,direct,35.86166,104.195397,21.913965,95.956223
Lithium,CHN,SVN,China,Slovenia,253090,Raw,6379.0,direct,35.86166,104.195397,46.151241,14.995463
Lithium,CHN,PAN,China,Panama,253090,Raw,6178.0,mirror,35.86166,104.195397,8.537981,-80.782127
Lithium,CHN,TKM,China,Turkmenistan,253090,Raw,5500.0,direct,35.86166,104.195397,38.969719,59.556278
Lithium,CHN,GIN,China,Guinea,253090,Raw,5389.0,direct,35.86166,104.195397,9.945587,-9.696645
Lithium,CHN,TUN,China,Tunisia,253090,Raw,5211.99,mirror,35.86166,104.195397,33.886917,9.537499
Lithium,CHN,ISR,China,Israel,253090,Raw,4708.0,direct,35.86166,104.195397,31.046051,34.851612
Lithium,CHN,BGR,China,Bulgaria,253090,Raw,4463.0,direct,35.86166,104.195397,42.733883,25.48583
Lithium,CHN,BRN,China,Brunei Darussalam,253090,Raw,4389.0,direct,35.86166,104.195397,4.535277,114.727669
Lithium,CHN,DOM,China,Dominican Rep.,253090,Raw,4243.0,direct,35.86166,104.195397,18.735693,-70.162651
Lithium,CHN,CHL,China,Chile,253090,Raw,4241.0,direct,35.86166,104.195397,-35.675147,-71.542969
Lithium,CHN,GEO,China,Georgia,253090,Raw,3590.9,mirror,35.86166,104.195397,42.315407,43.356892
Lithium,CHN,MDA,China,Rep. of Moldova,253090,Raw,3332.0,mirror,35.86166,104.195397,47.411631,28.369885
Lithium,CHN,MUS,China,Mauritius,253090,Raw,3240.0,direct,35.86166,104.195397,-20.348404,57.552152
Lithium,CHN,GRC,China,Greece,253090,Raw,3050.0,direct,35.86166,104.195397,39.074208,21.824312
Lithium,CHN,MDV,China,Maldives,253090,Raw,2781.4,mirror,35.86166,104.195397,3.202778,73.22068
Lithium,CHN,LBN,China,Lebanon,253090,Raw,2544.0,direct,35.86166,104.195397,33.854721,35.862285
Lithium,CHN,DZA,China,Algeria,253090,Raw,2082.0,direct,35.86166,104.195397,28.033886,1.659626
Lithium,CHN,HRV,China,Croatia,253090,Raw,1970.0,direct,35.86166,104.195397,45.1,15.2
Lithium,CHN,ETH,China,Ethiopia,253090,Raw,1965.0,direct,35.86166,104.195397,9.145,40.489673
Lithium,CHN,TTO,China,Trinidad and Tobago,253090,Raw,1898.0,direct,35.86166,104.195397,10.691803,-61.222503
Lithium,CHN,KWT,China,Kuwait,253090,Raw,1613.0,direct,35.86166,104.195397,29.31166,47.481766
Lithium,CHN,BHR,China,Bahrain,253090,Raw,890.0,direct,35.86166,104.195397,26.0275,50.55
Lithium,CHN,TLS,China,Timor-Leste,253090,Raw,873.0,direct,35.86166,104.195397,-8.874217,125.727539
Lithium,CHN,UGA,China,Uganda,253090,Raw,813.99,mirror,35.86166,104.195397,1.373333,32.290275
Lithium,CHN,NPL,China,Nepal,253090,Raw,676.0,direct,35.86166,104.195397,28.394857,84.124008
Lithium,CHN,SDN,China,Sudan,253090,Raw,479.0,direct,35.86166,104.195397,12.862807,30.217636
Lithium,CHN,LUX,China,Luxembourg,253090,Raw,452.229,mirror,35.86166,104.195397,49.815273,6.129583
Lithium,CHN,FJI,China,Fiji,253090,Raw,414.0,direct,35.86166,104.195397,-16.578193,179.414413
Lithium,CHN,SLV,China,El Salvador,253090,Raw,320.0,direct,35.86166,104.195397,13.794185,-88.89653
Lithium,CHN,PRY,China,Paraguay,253090,Raw,313.0,direct,35.86166,104.195397,-23.442503,-58.443832
Lithium,CHN,HUN,China,Hungary,253090,Raw,170.0,direct,35.86166,104.195397,47.162494,19.503304
Lithium,CHN,EST,China,Estonia,253090,Raw,162.16,mirror,35.86166,104.195397,58.595272,25.013607
Lithium,CHN,GMB,China,Gambia,253090,Raw,80.0,direct,35.86166,104.195397,13.443182,-15.310139
Lithium,CHN,COD,China,Dem. Rep. of the Congo,253090,Raw,60.0,direct,35.86166,104.195397,-4.038333,21.758664
Lithium,CHN,ISL,China,Iceland,253090,Raw,53.0,direct,35.86166,104.195397,64.963051,-19.020835
Lithium,CHN,AUT,China,Austria,253090,Raw,52.0,direct,35.86166,104.195397,47.516231,14.550072
Lithium,CHN,JAM,China,Jamaica,253090,Raw,49.0,direct,35.86166,104.195397,18.109581,-77.297508
Lithium,CHN,MLT,China,Malta,253090,Raw,34.636,mirror,35.86166,104.195397,35.937496,14.375416
Lithium,CHN,SVK,China,Slovakia,253090,Raw,3.0,direct,35.86166,104.195397,48.669026,19.699024
Lithium,HKG,CHN,"China, Hong Kong SAR",China,253090,Raw,18404892.726,direct,22.396428,114.109497,35.86166,104.195397
Lithium,HKG,TUR,"China, Hong Kong SAR",Türkiye,253090,Raw,2587608.0,mirror,22.396428,114.109497,38.963745,35.243322
Lithium,HKG,BRA,"China, Hong Kong SAR",Brazil,253090,Raw,417468.0,mirror,22.396428,114.109497,-14.235004,-51.92528
Lithium,HKG,GBR,"China, Hong Kong SAR",United Kingdom,253090,Raw,165193.54,mirror,22.396428,114.109497,55.378051,-3.435973
Lithium,HKG,LTU,"China, Hong Kong SAR",Lithuania,253090,Raw,114495.652,direct,22.396428,114.109497,55.169438,23.881275
Lithium,HKG,USA,"China, Hong Kong SAR",USA,253090,Raw,27864.511,direct,22.396428,114.109497,37.09024,-95.712891
Lithium,HKG,MYS,"China, Hong Kong SAR",Malaysia,253090,Raw,19738.102,mirror,22.396428,114.109497,4.210484,101.975766
Lithium,HKG,NLD,"China, Hong Kong SAR",Netherlands,253090,Raw,8386.284,mirror,22.396428,114.109497,52.132633,5.291266
Lithium,HKG,DEU,"China, Hong Kong SAR",Germany,253090,Raw,7171.604,direct,22.396428,114.109497,51.165691,10.451526
Lithium,HKG,S19,"China, Hong Kong SAR","Other Asia, nes",253090,Raw,2767.87,direct,22.396428,114.109497,,
Lithium,HKG,MAC,"China, Hong Kong SAR","China, Macao SAR",253090,Raw,1977.105,direct,22.396428,114.109497,22.198745,113.543873
Lithium,HKG,PHL,"China, Hong Kong SAR",Philippines,253090,Raw,1492.0,mirror,22.396428,114.109497,12.879721,121.774017
Lithium,HKG,HUN,"China, Hong Kong SAR",Hungary,253090,Raw,927.156,mirror,22.396428,114.109497,47.162494,19.503304
Lithium,HKG,CZE,"China, Hong Kong SAR",Czechia,253090,Raw,124.0,mirror,22.396428,114.109497,49.817492,15.472962
Lithium,HKG,THA,"China, Hong Kong SAR",Thailand,253090,Raw,91.2,mirror,22.396428,114.109497,15.870032,100.992541
Lithium,HKG,KOR,"China, Hong Kong SAR",Rep. of Korea,253090,Raw,2.0,mirror,22.396428,114.109497,35.907757,127.766922
Lithium,COL,LTU,Colombia,Lithuania,253090,Raw,114699.0,mirror,4.570868,-74.297333,55.169438,23.881275
Lithium,COL,ECU,Colombia,Ecuador,253090,Raw,65825.0,direct,4.570868,-74.297333,-1.831239,-78.183406
Lithium,COL,NLD,Colombia,Netherlands,253090,Raw,56000.0,direct,4.570868,-74.297333,52.132633,5.291266
Lithium,COL,LVA,Colombia,Latvia,253090,Raw,54180.0,direct,4.570868,-74.297333,56.879635,24.603189
Lithium,COL,HND,Colombia,Honduras,253090,Raw,34000.0,direct,4.570868,-74.297333,15.199999,-86.241905
Lithium,COL,POL,Colombia,Poland,253090,Raw,25143.0,mirror,4.570868,-74.297333,51.919438,19.145136
Lithium,COL,DEU,Colombia,Germany,253090,Raw,23648.44,mirror,4.570868,-74.297333,51.165691,10.451526
Lithium,COL,GBR,Colombia,United Kingdom,253090,Raw,23000.05,direct,4.570868,-74.297333,55.378051,-3.435973
Lithium,COL,CAN,Colombia,Canada,253090,Raw,19188.732,mirror,4.570868,-74.297333,56.130366,-106.346771
Lithium,COL,CRI,Colombia,Costa Rica,253090,Raw,16350.6,direct,4.570868,-74.297333,9.748917,-83.753428
Lithium,COL,PER,Colombia,Peru,253090,Raw,14851.0,direct,4.570868,-74.297333,-9.189967,-75.015152
Lithium,COL,VEN,Colombia,Venezuela,253090,Raw,14294.0,direct,4.570868,-74.297333,6.42375,-66.58973
Lithium,COL,CHL,Colombia,Chile,253090,Raw,11119.77,direct,4.570868,-74.297333,-35.675147,-71.542969
Lithium,COL,USA,Colombia,USA,253090,Raw,6449.58,direct,4.570868,-74.297333,37.09024,-95.712891
Lithium,COL,CHN,Colombia,China,253090,Raw,3873.0,mirror,4.570868,-74.297333,35.86166,104.195397
Lithium,COL,X2 ,Colombia,Free Zones,253090,Raw,2026.35,direct,4.570868,-74.297333,,
Lithium,COL,CZE,Colombia,Czechia,253090,Raw,1552.0,mirror,4.570868,-74.297333,49.817492,15.472962
Lithium,COL,JPN,Colombia,Japan,253090,Raw,1512.886,mirror,4.570868,-74.297333,36.204824,138.252924
Lithium,COL,SVK,Colombia,Slovakia,253090,Raw,1472.04,mirror,4.570868,-74.297333,48.669026,19.699024
Lithium,COL,ZAF,Colombia,South Africa,253090,Raw,323.864,mirror,4.570868,-74.297333,-30.559482,22.937506
Lithium,COL,BRA,Colombia,Brazil,253090,Raw,300.36,direct,4.570868,-74.297333,-14.235004,-51.92528
Lithium,COL,IDN,Colombia,Indonesia,253090,Raw,272.0,mirror,4.570868,-74.297333,-0.789275,113.921327
Lithium,COL,PRY,Colombia,Paraguay,253090,Raw,184.44,mirror,4.570868,-74.297333,-23.442503,-58.443832
Lithium,COG,CHN,Congo,China,253090,Raw,1513431.0,mirror,-0.228021,15.827659,35.86166,104.195397
Lithium,COG,CAN,Congo,Canada,253090,Raw,19927.952,mirror,-0.228021,15.827659,56.130366,-106.346771
Lithium,COG,FRA,Congo,France,253090,Raw,1212.268,mirror,-0.228021,15.827659,46.227638,2.213749
Lithium,COG,ZAF,Congo,South Africa,253090,Raw,602.336,mirror,-0.228021,15.827659,-30.559482,22.937506
Lithium,COG,MAR,Congo,Morocco,253090,Raw,301.74,mirror,-0.228021,15.827659,31.791702,-7.09262
Lithium,COG,NZL,Congo,New Zealand,253090,Raw,168.249,mirror,-0.228021,15.827659,-40.900557,174.885971
Lithium,COG,S19,Congo,"Other Asia, nes",253090,Raw,31.152,mirror,-0.228021,15.827659,,
Lithium,COK,CAN,Cook Isds,Canada,253090,Raw,107.213,mirror,,,56.130366,-106.346771
Lithium,CRI,DOM,Costa Rica,Dominican Rep.,253090,Raw,193867.936,mirror,9.748917,-83.753428,18.735693,-70.162651
Lithium,CRI,GTM,Costa Rica,Guatemala,253090,Raw,6337.65,direct,9.748917,-83.753428,15.783471,-90.230759
Lithium,CRI,CAN,Costa Rica,Canada,253090,Raw,2.82,mirror,9.748917,-83.753428,56.130366,-106.346771
Lithium,CRI,USA,Costa Rica,USA,253090,Raw,2.0,direct,9.748917,-83.753428,37.09024,-95.712891
Lithium,HRV,DEU,Croatia,Germany,253090,Raw,310606.912,mirror,45.1,15.2,51.165691,10.451526
Lithium,HRV,HUN,Croatia,Hungary,253090,Raw,34921.0,direct,45.1,15.2,47.162494,19.503304
Lithium,HRV,IND,Croatia,India,253090,Raw,34595.0,direct,45.1,15.2,20.593684,78.96288
Lithium,HRV,BIH,Croatia,Bosnia Herzegovina,253090,Raw,22545.0,direct,45.1,15.2,43.915886,17.679076
Lithium,HRV,USA,Croatia,USA,253090,Raw,15032.0,direct,45.1,15.2,37.09024,-95.712891
Lithium,HRV,ALB,Croatia,Albania,253090,Raw,9449.0,direct,45.1,15.2,41.153332,20.168331
Lithium,HRV,KOR,Croatia,Rep. of Korea,253090,Raw,8169.0,mirror,45.1,15.2,35.907757,127.766922
Lithium,HRV,CHN,Croatia,China,253090,Raw,7178.0,direct,45.1,15.2,35.86166,104.195397
Lithium,HRV,MNE,Croatia,Montenegro,253090,Raw,6746.0,direct,45.1,15.2,42.708678,19.37439
Lithium,HRV,POL,Croatia,Poland,253090,Raw,2234.0,direct,45.1,15.2,51.919438,19.145136
Lithium,HRV,CAN,Croatia,Canada,253090,Raw,1723.912,mirror,45.1,15.2,56.130366,-106.346771
Lithium,HRV,SRB,Croatia,Serbia,253090,Raw,1699.0,direct,45.1,15.2,44.016521,21.005859
Lithium,HRV,ITA,Croatia,Italy,253090,Raw,1628.398,mirror,45.1,15.2,41.87194,12.56738
Lithium,HRV,GBR,Croatia,United Kingdom,253090,Raw,1376.0,direct,45.1,15.2,55.378051,-3.435973
Lithium,HRV,TUR,Croatia,Türkiye,253090,Raw,640.0,mirror,45.1,15.2,38.963745,35.243322
Lithium,HRV,SVN,Croatia,Slovenia,253090,Raw,611.0,direct,45.1,15.2,46.151241,14.995463
Lithium,HRV,NOR,Croatia,Norway,253090,Raw,116.0,direct,45.1,15.2,60.472024,8.468946
Lithium,HRV,BEL,Croatia,Belgium,253090,Raw,85.053,mirror,45.1,15.2,50.503887,4.469936
Lithium,HRV,ZAF,Croatia,South Africa,253090,Raw,27.0,direct,45.1,15.2,-30.559482,22.937506
Lithium,HRV,NLD,Croatia,Netherlands,253090,Raw,4.33,mirror,45.1,15.2,52.132633,5.291266
Lithium,CUB,BRA,Cuba,Brazil,253090,Raw,158416.0,mirror,21.521757,-77.781167,-14.235004,-51.92528
Lithium,CUB,DOM,Cuba,Dominican Rep.,253090,Raw,41297.888,mirror,21.521757,-77.781167,18.735693,-70.162651
Lithium,CUB,COL,Cuba,Colombia,253090,Raw,5822.15,mirror,21.521757,-77.781167,4.570868,-74.297333
Lithium,CUB,CHL,Cuba,Chile,253090,Raw,455.35,mirror,21.521757,-77.781167,-35.675147,-71.542969
Lithium,CUB,CAN,Cuba,Canada,253090,Raw,95.928,mirror,21.521757,-77.781167,56.130366,-106.346771
Lithium,CUW,ARM,Curaçao,Armenia,253090,Raw,7333.88,mirror,,,40.069099,45.038189
Lithium,CYP,USA,Cyprus,USA,253090,Raw,5930310.584,direct,35.126413,33.429859,37.09024,-95.712891
Lithium,CYP,PAK,Cyprus,Pakistan,253090,Raw,3057144.64,direct,35.126413,33.429859,30.375321,69.345116
Lithium,CYP,ITA,Cyprus,Italy,253090,Raw,1098572.872,direct,35.126413,33.429859,41.87194,12.56738
Lithium,CYP,CHN,Cyprus,China,253090,Raw,1029473.704,direct,35.126413,33.429859,35.86166,104.195397
Lithium,CYP,BEL,Cyprus,Belgium,253090,Raw,267893.496,direct,35.126413,33.429859,50.503887,4.469936
Lithium,CYP,CAN,Cyprus,Canada,253090,Raw,198170.872,direct,35.126413,33.429859,56.130366,-106.346771
Lithium,CYP,SVN,Cyprus,Slovenia,253090,Raw,105752.904,direct,35.126413,33.429859,46.151241,14.995463
Lithium,CYP,DNK,Cyprus,Denmark,253090,Raw,87932.592,direct,35.126413,33.429859,56.26392,9.501785
Lithium,CYP,EGY,Cyprus,Egypt,253090,Raw,21318.0,mirror,35.126413,33.429859,26.820553,30.802498
Lithium,CYP,MEX,Cyprus,Mexico,253090,Raw,20210.208,direct,35.126413,33.429859,23.634501,-102.552784
Lithium,CYP,GBR,Cyprus,United Kingdom,253090,Raw,16335.704,mirror,35.126413,33.429859,55.378051,-3.435973
Lithium,CYP,AUT,Cyprus,Austria,253090,Raw,45.46,mirror,35.126413,33.429859,47.516231,14.550072
Lithium,CYP,NLD,Cyprus,Netherlands,253090,Raw,2.165,mirror,35.126413,33.429859,52.132633,5.291266
Lithium,CZE,NLD,Czechia,Netherlands,253090,Raw,2893070.0,direct,49.817492,15.472962,52.132633,5.291266
Lithium,CZE,DEU,Czechia,Germany,253090,Raw,2606036.0,direct,49.817492,15.472962,51.165691,10.451526
Lithium,CZE,AUT,Czechia,Austria,253090,Raw,1990704.0,direct,49.817492,15.472962,47.516231,14.550072
Lithium,CZE,BLR,Czechia,Belarus,253090,Raw,888354.0,direct,49.817492,15.472962,53.709807,27.953389
Lithium,CZE,ITA,Czechia,Italy,253090,Raw,488874.0,direct,49.817492,15.472962,41.87194,12.56738
Lithium,CZE,SVK,Czechia,Slovakia,253090,Raw,415524.0,direct,49.817492,15.472962,48.669026,19.699024
Lithium,CZE,KOR,Czechia,Rep. of Korea,253090,Raw,367760.0,direct,49.817492,15.472962,35.907757,127.766922
Lithium,CZE,UKR,Czechia,Ukraine,253090,Raw,287560.0,direct,49.817492,15.472962,48.379433,31.16558
Lithium,CZE,ESP,Czechia,Spain,253090,Raw,287530.0,direct,49.817492,15.472962,40.463667,-3.74922
Lithium,CZE,NGA,Czechia,Nigeria,253090,Raw,283378.0,direct,49.817492,15.472962,9.081999,8.675277
Lithium,CZE,HRV,Czechia,Croatia,253090,Raw,269868.0,direct,49.817492,15.472962,45.1,15.2
Lithium,CZE,ZAF,Czechia,South Africa,253090,Raw,200356.0,direct,49.817492,15.472962,-30.559482,22.937506
Lithium,CZE,POL,Czechia,Poland,253090,Raw,196610.0,direct,49.817492,15.472962,51.919438,19.145136
Lithium,CZE,CHN,Czechia,China,253090,Raw,190828.0,direct,49.817492,15.472962,35.86166,104.195397
Lithium,CZE,IND,Czechia,India,253090,Raw,168360.0,direct,49.817492,15.472962,20.593684,78.96288
Lithium,CZE,IDN,Czechia,Indonesia,253090,Raw,154956.0,direct,49.817492,15.472962,-0.789275,113.921327
Lithium,CZE,THA,Czechia,Thailand,253090,Raw,140654.0,direct,49.817492,15.472962,15.870032,100.992541
Lithium,CZE,IRN,Czechia,Iran,253090,Raw,131156.0,direct,49.817492,15.472962,32.427908,53.688046
Lithium,CZE,FRA,Czechia,France,253090,Raw,119924.0,direct,49.817492,15.472962,46.227638,2.213749
Lithium,CZE,JPN,Czechia,Japan,253090,Raw,106770.0,direct,49.817492,15.472962,36.204824,138.252924
Lithium,CZE,BEL,Czechia,Belgium,253090,Raw,106598.0,direct,49.817492,15.472962,50.503887,4.469936
Lithium,CZE,GBR,Czechia,United Kingdom,253090,Raw,102896.0,direct,49.817492,15.472962,55.378051,-3.435973
Lithium,CZE,MYS,Czechia,Malaysia,253090,Raw,102858.0,direct,49.817492,15.472962,4.210484,101.975766
Lithium,CZE,VNM,Czechia,Viet Nam,253090,Raw,98772.0,direct,49.817492,15.472962,14.058324,108.277199
Lithium,CZE,GHA,Czechia,Ghana,253090,Raw,85004.0,direct,49.817492,15.472962,7.946527,-1.023194
Lithium,CZE,PER,Czechia,Peru,253090,Raw,80898.0,direct,49.817492,15.472962,-9.189967,-75.015152
Lithium,CZE,DNK,Czechia,Denmark,253090,Raw,72482.0,direct,49.817492,15.472962,56.26392,9.501785
Lithium,CZE,USA,Czechia,USA,253090,Raw,71932.0,direct,49.817492,15.472962,37.09024,-95.712891
Lithium,CZE,CAN,Czechia,Canada,253090,Raw,57150.0,direct,49.817492,15.472962,56.130366,-106.346771
Lithium,CZE,ROU,Czechia,Romania,253090,Raw,51470.0,direct,49.817492,15.472962,45.943161,24.96676
Lithium,CZE,ISR,Czechia,Israel,253090,Raw,45880.0,direct,49.817492,15.472962,31.046051,34.851612
Lithium,CZE,MMR,Czechia,Myanmar,253090,Raw,42184.0,direct,49.817492,15.472962,21.913965,95.956223
Lithium,CZE,IRQ,Czechia,Iraq,253090,Raw,41348.0,direct,49.817492,15.472962,33.223191,43.679291
Lithium,CZE,PRT,Czechia,Portugal,253090,Raw,33140.0,direct,49.817492,15.472962,39.399872,-8.224454
Lithium,CZE,SWE,Czechia,Sweden,253090,Raw,28968.0,direct,49.817492,15.472962,60.128161,18.643501
Lithium,CZE,HUN,Czechia,Hungary,253090,Raw,28640.0,direct,49.817492,15.472962,47.162494,19.503304
Lithium,CZE,BGD,Czechia,Bangladesh,253090,Raw,26310.0,direct,49.817492,15.472962,23.684994,90.356331
Lithium,CZE,LVA,Czechia,Latvia,253090,Raw,25830.0,direct,49.817492,15.472962,56.879635,24.603189
Lithium,CZE,LBN,Czechia,Lebanon,253090,Raw,24210.0,direct,49.817492,15.472962,33.854721,35.862285
Lithium,CZE,S19,Czechia,"Other Asia, nes",253090,Raw,16450.0,direct,49.817492,15.472962,,
Lithium,CZE,HKG,Czechia,"China, Hong Kong SAR",253090,Raw,16414.0,direct,49.817492,15.472962,22.396428,114.109497
Lithium,CZE,EGY,Czechia,Egypt,253090,Raw,14810.0,direct,49.817492,15.472962,26.820553,30.802498
Lithium,CZE,PHL,Czechia,Philippines,253090,Raw,12552.0,direct,49.817492,15.472962,12.879721,121.774017
Lithium,CZE,AUS,Czechia,Australia,253090,Raw,10614.0,direct,49.817492,15.472962,-25.274398,133.775136
Lithium,CZE,PAK,Czechia,Pakistan,253090,Raw,8872.0,direct,49.817492,15.472962,30.375321,69.345116
Lithium,CZE,UZB,Czechia,Uzbekistan,253090,Raw,7960.0,direct,49.817492,15.472962,41.377491,64.585262
Lithium,CZE,CIV,Czechia,Côte d'Ivoire,253090,Raw,6342.0,direct,49.817492,15.472962,7.539989,-5.54708
Lithium,CZE,LTU,Czechia,Lithuania,253090,Raw,618.0,direct,49.817492,15.472962,55.169438,23.881275
Lithium,CZE,LUX,Czechia,Luxembourg,253090,Raw,152.0,direct,49.817492,15.472962,49.815273,6.129583
Lithium,CZE,FIN,Czechia,Finland,253090,Raw,102.0,direct,49.817492,15.472962,61.92411,25.748151
Lithium,CZE,ISL,Czechia,Iceland,253090,Raw,86.287,mirror,49.817492,15.472962,64.963051,-19.020835
Lithium,CZE,SVN,Czechia,Slovenia,253090,Raw,48.0,direct,49.817492,15.472962,46.151241,14.995463
Lithium,CZE,EST,Czechia,Estonia,253090,Raw,44.0,direct,49.817492,15.472962,58.595272,25.013607
Lithium,CZE,CHE,Czechia,Switzerland,253090,Raw,38.0,direct,49.817492,15.472962,46.818188,8.227512
Lithium,CIV,FRA,Côte d'Ivoire,France,253090,Raw,4610.938,mirror,7.539989,-5.54708,46.227638,2.213749
Lithium,CIV,GHA,Côte d'Ivoire,Ghana,253090,Raw,1864.029,direct,7.539989,-5.54708,7.946527,-1.023194
Lithium,CIV,TZA,Côte d'Ivoire,United Rep. of Tanzania,253090,Raw,731.4,mirror,7.539989,-5.54708,-6.369028,34.888822
Lithium,CIV,CAN,Côte d'Ivoire,Canada,253090,Raw,654.58,mirror,7.539989,-5.54708,56.130366,-106.346771
Lithium,CIV,ITA,Côte d'Ivoire,Italy,253090,Raw,578.629,direct,7.539989,-5.54708,41.87194,12.56738
Lithium,CIV,AUS,Côte d'Ivoire,Australia,253090,Raw,32.992,direct,7.539989,-5.54708,-25.274398,133.775136
Lithium,CIV,ZAF,Côte d'Ivoire,South Africa,253090,Raw,26.481,direct,7.539989,-5.54708,-30.559482,22.937506
Lithium,CIV,NLD,Côte d'Ivoire,Netherlands,253090,Raw,10.824,mirror,7.539989,-5.54708,52.132633,5.291266
Lithium,CIV,SGP,Côte d'Ivoire,Singapore,253090,Raw,9.912,direct,7.539989,-5.54708,1.352083,103.819836
Lithium,CIV,BEL,Côte d'Ivoire,Belgium,253090,Raw,7.934,mirror,7.539989,-5.54708,50.503887,4.469936
Lithium,COD,CHN,Dem. Rep. of the Congo,China,253090,Raw,411275.0,mirror,-4.038333,21.758664,35.86166,104.195397
Lithium,COD,DEU,Dem. Rep. of the Congo,Germany,253090,Raw,38821.672,mirror,-4.038333,21.758664,51.165691,10.451526
Lithium,COD,CAN,Dem. Rep. of the Congo,Canada,253090,Raw,5386.16,mirror,-4.038333,21.758664,56.130366,-106.346771
Lithium,COD,ZAF,Dem. Rep. of the Congo,South Africa,253090,Raw,2404.976,mirror,-4.038333,21.758664,-30.559482,22.937506
Lithium,COD,NLD,Dem. Rep. of the Congo,Netherlands,253090,Raw,556.344,mirror,-4.038333,21.758664,52.132633,5.291266
Lithium,COD,BEL,Dem. Rep. of the Congo,Belgium,253090,Raw,524.37,mirror,-4.038333,21.758664,50.503887,4.469936
Lithium,COD,NAM,Dem. Rep. of the Congo,Namibia,253090,Raw,222.348,mirror,-4.038333,21.758664,-22.95764,18.49041
Lithium,COD,TZA,Dem. Rep. of the Congo,United Rep. of Tanzania,253090,Raw,213.14,mirror,-4.038333,21.758664,-6.369028,34.888822
Lithium,COD,AUT,Dem. Rep. of the Congo,Austria,253090,Raw,27.06,mirror,-4.038333,21.758664,47.516231,14.550072
Lithium,DNK,SAU,Denmark,Saudi Arabia,253090,Raw,42547.732,mirror,56.26392,9.501785,23.885942,45.079162
Lithium,DNK,FRO,Denmark,Faroe Isds,253090,Raw,38103.663,direct,56.26392,9.501785,,
Lithium,DNK,NOR,Denmark,Norway,253090,Raw,36869.343,direct,56.26392,9.501785,60.472024,8.468946
Lithium,DNK,ARG,Denmark,Argentina,253090,Raw,24912.16,mirror,56.26392,9.501785,-38.416097,-63.616672
Lithium,DNK,CHL,Denmark,Chile,253090,Raw,22698.53,mirror,56.26392,9.501785,-35.675147,-71.542969
Lithium,DNK,GBR,Denmark,United Kingdom,253090,Raw,17222.615,direct,56.26392,9.501785,55.378051,-3.435973
Lithium,DNK,DEU,Denmark,Germany,253090,Raw,11503.838,direct,56.26392,9.501785,51.165691,10.451526
Lithium,DNK,SVN,Denmark,Slovenia,253090,Raw,11295.556,direct,56.26392,9.501785,46.151241,14.995463
Lithium,DNK,SWE,Denmark,Sweden,253090,Raw,11150.222,direct,56.26392,9.501785,60.128161,18.643501
Lithium,DNK,AUT,Denmark,Austria,253090,Raw,9973.054,mirror,56.26392,9.501785,47.516231,14.550072
Lithium,DNK,CZE,Denmark,Czechia,253090,Raw,9784.0,mirror,56.26392,9.501785,49.817492,15.472962
Lithium,DNK,USA,Denmark,USA,253090,Raw,9752.583,direct,56.26392,9.501785,37.09024,-95.712891
Lithium,DNK,ESP,Denmark,Spain,253090,Raw,8926.705,direct,56.26392,9.501785,40.463667,-3.74922
Lithium,DNK,POL,Denmark,Poland,253090,Raw,8895.0,mirror,56.26392,9.501785,51.919438,19.145136
Lithium,DNK,UKR,Denmark,Ukraine,253090,Raw,8843.305,direct,56.26392,9.501785,48.379433,31.16558
Lithium,DNK,PHL,Denmark,Philippines,253090,Raw,7781.876,direct,56.26392,9.501785,12.879721,121.774017
Lithium,DNK,MEX,Denmark,Mexico,253090,Raw,5538.633,direct,56.26392,9.501785,23.634501,-102.552784
Lithium,DNK,SRB,Denmark,Serbia,253090,Raw,4421.652,direct,56.26392,9.501785,44.016521,21.005859
Lithium,DNK,IRL,Denmark,Ireland,253090,Raw,3256.883,mirror,56.26392,9.501785,53.41291,-8.24389
Lithium,DNK,FRA,Denmark,France,253090,Raw,2746.254,direct,56.26392,9.501785,46.227638,2.213749
Lithium,DNK,BGR,Denmark,Bulgaria,253090,Raw,2404.677,direct,56.26392,9.501785,42.733883,25.48583
Lithium,DNK,NLD,Denmark,Netherlands,253090,Raw,2005.651,mirror,56.26392,9.501785,52.132633,5.291266
Lithium,DNK,CAN,Denmark,Canada,253090,Raw,1980.662,mirror,56.26392,9.501785,56.130366,-106.346771
Lithium,DNK,ISL,Denmark,Iceland,253090,Raw,1637.977,direct,56.26392,9.501785,64.963051,-19.020835
Lithium,DNK,IND,Denmark,India,253090,Raw,1622.747,direct,56.26392,9.501785,20.593684,78.96288
Lithium,DNK,ZAF,Denmark,South Africa,253090,Raw,800.932,mirror,56.26392,9.501785,-30.559482,22.937506
Lithium,DNK,GRL,Denmark,Greenland,253090,Raw,394.228,direct,56.26392,9.501785,,
Lithium,DNK,EST,Denmark,Estonia,253090,Raw,372.617,direct,56.26392,9.501785,58.595272,25.013607
Lithium,DNK,LUX,Denmark,Luxembourg,253090,Raw,288.996,mirror,56.26392,9.501785,49.815273,6.129583
Lithium,DNK,BHR,Denmark,Bahrain,253090,Raw,152.87,mirror,56.26392,9.501785,26.0275,50.55
Lithium,DNK,CHE,Denmark,Switzerland,253090,Raw,90.072,direct,56.26392,9.501785,46.818188,8.227512
Lithium,DNK,FIN,Denmark,Finland,253090,Raw,53.956,direct,56.26392,9.501785,61.92411,25.748151
Lithium,DNK,S19,Denmark,"Other Asia, nes",253090,Raw,39.017,direct,56.26392,9.501785,,
Lithium,DJI,CHN,Djibouti,China,253090,Raw,27504.0,mirror,11.825138,42.590275,35.86166,104.195397
Lithium,DMA,TUR,Dominica,Türkiye,253090,Raw,9888.0,mirror,,,38.963745,35.243322
Lithium,DMA,JPN,Dominica,Japan,253090,Raw,2226.387,mirror,,,36.204824,138.252924
Lithium,DOM,HKG,Dominican Rep.,"China, Hong Kong SAR",253090,Raw,401404.312,direct,18.735693,-70.162651,22.396428,114.109497
Lithium,DOM,TUR,Dominican Rep.,Türkiye,253090,Raw,102352.0,mirror,18.735693,-70.162651,38.963745,35.243322
Lithium,DOM,CHN,Dominican Rep.,China,253090,Raw,99330.0,mirror,18.735693,-70.162651,35.86166,104.195397
Lithium,DOM,USA,Dominican Rep.,USA,253090,Raw,21695.016,direct,18.735693,-70.162651,37.09024,-95.712891
Lithium,DOM,CAN,Dominican Rep.,Canada,253090,Raw,17608.713,mirror,18.735693,-70.162651,56.130366,-106.346771
Lithium,DOM,HTI,Dominican Rep.,Haiti,253090,Raw,7075.36,direct,18.735693,-70.162651,18.971187,-72.285215
Lithium,DOM,CRI,Dominican Rep.,Costa Rica,253090,Raw,6600.0,direct,18.735693,-70.162651,9.748917,-83.753428
Lithium,DOM,ITA,Dominican Rep.,Italy,253090,Raw,1400.0,direct,18.735693,-70.162651,41.87194,12.56738
Lithium,DOM,AUT,Dominican Rep.,Austria,253090,Raw,684.064,mirror,18.735693,-70.162651,47.516231,14.550072
Lithium,DOM,TCA,Dominican Rep.,Turks and Caicos Isds,253090,Raw,504.0,direct,18.735693,-70.162651,,
Lithium,DOM,DEU,Dominican Rep.,Germany,253090,Raw,400.0,direct,18.735693,-70.162651,51.165691,10.451526
Lithium,DOM,CHL,Dominican Rep.,Chile,253090,Raw,330.8,mirror,18.735693,-70.162651,-35.675147,-71.542969
Lithium,DOM,PAN,Dominican Rep.,Panama,253090,Raw,127.288,direct,18.735693,-70.162651,8.537981,-80.782127
Lithium,DOM,S19,Dominican Rep.,"Other Asia, nes",253090,Raw,93.456,mirror,18.735693,-70.162651,,
Lithium,DOM,FRA,Dominican Rep.,France,253090,Raw,25.976,mirror,18.735693,-70.162651,46.227638,2.213749
Lithium,ECU,COL,Ecuador,Colombia,253090,Raw,519584.0,direct,-1.831239,-78.183406,4.570868,-74.297333
Lithium,ECU,PER,Ecuador,Peru,253090,Raw,228376.0,direct,-1.831239,-78.183406,-9.189967,-75.015152
Lithium,ECU,GTM,Ecuador,Guatemala,253090,Raw,128576.0,direct,-1.831239,-78.183406,15.783471,-90.230759
Lithium,ECU,ESP,Ecuador,Spain,253090,Raw,87680.0,direct,-1.831239,-78.183406,40.463667,-3.74922
Lithium,ECU,NLD,Ecuador,Netherlands,253090,Raw,85280.0,direct,-1.831239,-78.183406,52.132633,5.291266
Lithium,ECU,GBR,Ecuador,United Kingdom,253090,Raw,21774.176,mirror,-1.831239,-78.183406,55.378051,-3.435973
Lithium,ECU,CHN,Ecuador,China,253090,Raw,5245.0,mirror,-1.831239,-78.183406,35.86166,104.195397
Lithium,ECU,ITA,Ecuador,Italy,253090,Raw,2000.0,direct,-1.831239,-78.183406,41.87194,12.56738
Lithium,ECU,CHE,Ecuador,Switzerland,253090,Raw,1562.854,mirror,-1.831239,-78.183406,46.818188,8.227512
Lithium,ECU,FRA,Ecuador,France,253090,Raw,800.96,mirror,-1.831239,-78.183406,46.227638,2.213749
Lithium,ECU,CZE,Ecuador,Czechia,253090,Raw,460.0,mirror,-1.831239,-78.183406,49.817492,15.472962
Lithium,ECU,CAN,Ecuador,Canada,253090,Raw,72.0,direct,-1.831239,-78.183406,56.130366,-106.346771
Lithium,ECU,CHL,Ecuador,Chile,253090,Raw,12.0,direct,-1.831239,-78.183406,-35.675147,-71.542969
Lithium,EGY,IND,Egypt,India,253090,Raw,1921064.474,mirror,26.820553,30.802498,20.593684,78.96288
Lithium,EGY,MAR,Egypt,Morocco,253090,Raw,118903.358,mirror,26.820553,30.802498,31.791702,-7.09262
Lithium,EGY,CHN,Egypt,China,253090,Raw,101976.0,mirror,26.820553,30.802498,35.86166,104.195397
Lithium,EGY,RUS,Egypt,Russian Federation,253090,Raw,10699.31,direct,26.820553,30.802498,61.52401,105.318756
Lithium,EGY,SAU,Egypt,Saudi Arabia,253090,Raw,10500.0,direct,26.820553,30.802498,23.885942,45.079162
Lithium,EGY,LBY,Egypt,Libya,253090,Raw,6000.0,direct,26.820553,30.802498,26.3351,17.228331
Lithium,EGY,JOR,Egypt,Jordan,253090,Raw,540.0,direct,26.820553,30.802498,30.585164,36.238414
Lithium,EGY,AUS,Egypt,Australia,253090,Raw,257.25,direct,26.820553,30.802498,-25.274398,133.775136
Lithium,EGY,CHL,Egypt,Chile,253090,Raw,223.27,mirror,26.820553,30.802498,-35.675147,-71.542969
Lithium,EGY,NLD,Egypt,Netherlands,253090,Raw,143.957,mirror,26.820553,30.802498,52.132633,5.291266
Lithium,EGY,ZAF,Egypt,South Africa,253090,Raw,125.0,direct,26.820553,30.802498,-30.559482,22.937506
Lithium,EGY,YEM,Egypt,Yemen,253090,Raw,50.0,direct,26.820553,30.802498,15.552727,48.516388
Lithium,EGY,TUR,Egypt,Türkiye,253090,Raw,32.0,mirror,26.820553,30.802498,38.963745,35.243322
Lithium,EGY,IRL,Egypt,Ireland,253090,Raw,20.0,direct,26.820553,30.802498,53.41291,-8.24389
Lithium,EGY,FRA,Egypt,France,253090,Raw,8.66,mirror,26.820553,30.802498,46.227638,2.213749
Lithium,EGY,IDN,Egypt,Indonesia,253090,Raw,6.0,mirror,26.820553,30.802498,-0.789275,113.921327
Lithium,EGY,CAN,Egypt,Canada,253090,Raw,2.82,mirror,26.820553,30.802498,56.130366,-106.346771
Lithium,SLV,SLV,El Salvador,El Salvador,253090,Raw,1181.25,mirror,13.794185,-88.89653,13.794185,-88.89653
Lithium,SLV,USA,El Salvador,USA,253090,Raw,212.5,direct,13.794185,-88.89653,37.09024,-95.712891
Lithium,ERI,IRL,Eritrea,Ireland,253090,Raw,26329.987,mirror,15.179384,39.782334,53.41291,-8.24389
Lithium,ERI,CHN,Eritrea,China,253090,Raw,1849.0,mirror,15.179384,39.782334,35.86166,104.195397
Lithium,EST,UKR,Estonia,Ukraine,253090,Raw,145360.8,direct,58.595272,25.013607,48.379433,31.16558
Lithium,EST,POL,Estonia,Poland,253090,Raw,110860.96,direct,58.595272,25.013607,51.919438,19.145136
Lithium,EST,CAN,Estonia,Canada,253090,Raw,98341.891,mirror,58.595272,25.013607,56.130366,-106.346771
Lithium,EST,DNK,Estonia,Denmark,253090,Raw,90105.44,direct,58.595272,25.013607,56.26392,9.501785
Lithium,EST,LTU,Estonia,Lithuania,253090,Raw,74184.4,direct,58.595272,25.013607,55.169438,23.881275
Lithium,EST,BIH,Estonia,Bosnia Herzegovina,253090,Raw,69066.04,mirror,58.595272,25.013607,43.915886,17.679076
Lithium,EST,USA,Estonia,USA,253090,Raw,59548.0,mirror,58.595272,25.013607,37.09024,-95.712891
Lithium,EST,HUN,Estonia,Hungary,253090,Raw,54890.16,direct,58.595272,25.013607,47.162494,19.503304
Lithium,EST,LVA,Estonia,Latvia,253090,Raw,33700.32,direct,58.595272,25.013607,56.879635,24.603189
Lithium,EST,FRA,Estonia,France,253090,Raw,17950.32,direct,58.595272,25.013607,46.227638,2.213749
Lithium,EST,ROU,Estonia,Romania,253090,Raw,12488.48,direct,58.595272,25.013607,45.943161,24.96676
Lithium,EST,GBR,Estonia,United Kingdom,253090,Raw,9716.32,direct,58.595272,25.013607,55.378051,-3.435973
Lithium,EST,DEU,Estonia,Germany,253090,Raw,9122.08,direct,58.595272,25.013607,51.165691,10.451526
Lithium,EST,MDA,Estonia,Rep. of Moldova,253090,Raw,8374.96,direct,58.595272,25.013607,47.411631,28.369885
Lithium,EST,FIN,Estonia,Finland,253090,Raw,8145.68,direct,58.595272,25.013607,61.92411,25.748151
Lithium,EST,ESP,Estonia,Spain,253090,Raw,4624.64,direct,58.595272,25.013607,40.463667,-3.74922
Lithium,EST,IRL,Estonia,Ireland,253090,Raw,2664.4,direct,58.595272,25.013607,53.41291,-8.24389
Lithium,EST,SVK,Estonia,Slovakia,253090,Raw,2532.64,direct,58.595272,25.013607,48.669026,19.699024
Lithium,EST,BEL,Estonia,Belgium,253090,Raw,2437.84,direct,58.595272,25.013607,50.503887,4.469936
Lithium,EST,ITA,Estonia,Italy,253090,Raw,1427.92,direct,58.595272,25.013607,41.87194,12.56738
Lithium,EST,LUX,Estonia,Luxembourg,253090,Raw,1388.56,direct,58.595272,25.013607,49.815273,6.129583
Lithium,EST,CZE,Estonia,Czechia,253090,Raw,1341.28,direct,58.595272,25.013607,49.817492,15.472962
Lithium,EST,KAZ,Estonia,Kazakhstan,253090,Raw,925.73,mirror,58.595272,25.013607,48.019573,66.923684
Lithium,EST,AUT,Estonia,Austria,253090,Raw,887.552,mirror,58.595272,25.013607,47.516231,14.550072
Lithium,EST,CHE,Estonia,Switzerland,253090,Raw,431.6,mirror,58.595272,25.013607,46.818188,8.227512
Lithium,EST,SVN,Estonia,Slovenia,253090,Raw,284.08,direct,58.595272,25.013607,46.151241,14.995463
Lithium,EST,NLD,Estonia,Netherlands,253090,Raw,9.741,mirror,58.595272,25.013607,52.132633,5.291266
Lithium,SWZ,DNK,Eswatini,Denmark,253090,Raw,875.048,mirror,-26.522503,31.465866,56.26392,9.501785
Lithium,SWZ,KEN,Eswatini,Kenya,253090,Raw,5.897,mirror,-26.522503,31.465866,-0.023559,37.906193
Lithium,SWZ,ZAF,Eswatini,South Africa,253090,Raw,0.436,mirror,-26.522503,31.465866,-30.559482,22.937506
Lithium,ETH,CHN,Ethiopia,China,253090,Raw,1923084.0,mirror,9.145,40.489673,35.86166,104.195397
Lithium,ETH,IRL,Ethiopia,Ireland,253090,Raw,7088.51,mirror,9.145,40.489673,53.41291,-8.24389
Lithium,ETH,CAN,Ethiopia,Canada,253090,Raw,6906.9259999999995,mirror,9.145,40.489673,56.130366,-106.346771
Lithium,ETH,USA,Ethiopia,USA,253090,Raw,5411.0,mirror,9.145,40.489673,37.09024,-95.712891
Lithium,ETH,NLD,Ethiopia,Netherlands,253090,Raw,458.929,mirror,9.145,40.489673,52.132633,5.291266
Lithium,ETH,ZAF,Ethiopia,South Africa,253090,Raw,48.448,mirror,9.145,40.489673,-30.559482,22.937506
Lithium,ETH,DNK,Ethiopia,Denmark,253090,Raw,0.145,mirror,9.145,40.489673,56.26392,9.501785
Lithium,FJI,_X ,Fiji,"Areas, nes",253090,Raw,17405.105,direct,-16.578193,179.414413,,
Lithium,FJI,CHN,Fiji,China,253090,Raw,906.0,mirror,-16.578193,179.414413,35.86166,104.195397
Lithium,FJI,CAN,Fiji,Canada,253090,Raw,626.364,mirror,-16.578193,179.414413,56.130366,-106.346771
Lithium,FJI,WSM,Fiji,Samoa,253090,Raw,211.612,direct,-16.578193,179.414413,,
Lithium,FIN,DEU,Finland,Germany,253090,Raw,1982300.766,direct,61.92411,25.748151,51.165691,10.451526
Lithium,FIN,SWE,Finland,Sweden,253090,Raw,1924870.928,direct,61.92411,25.748151,60.128161,18.643501
Lithium,FIN,CHN,Finland,China,253090,Raw,1463491.566,direct,61.92411,25.748151,35.86166,104.195397
Lithium,FIN,PRT,Finland,Portugal,253090,Raw,793870.1,direct,61.92411,25.748151,39.399872,-8.224454
Lithium,FIN,BEL,Finland,Belgium,253090,Raw,754455.33,direct,61.92411,25.748151,50.503887,4.469936
Lithium,FIN,GBR,Finland,United Kingdom,253090,Raw,623259.284,direct,61.92411,25.748151,55.378051,-3.435973
Lithium,FIN,MAR,Finland,Morocco,253090,Raw,605011.588,direct,61.92411,25.748151,31.791702,-7.09262
Lithium,FIN,IND,Finland,India,253090,Raw,556876.402,direct,61.92411,25.748151,20.593684,78.96288
Lithium,FIN,EST,Finland,Estonia,253090,Raw,551775.348,direct,61.92411,25.748151,58.595272,25.013607
Lithium,FIN,FRA,Finland,France,253090,Raw,398234.414,direct,61.92411,25.748151,46.227638,2.213749
Lithium,FIN,POL,Finland,Poland,253090,Raw,321223.986,direct,61.92411,25.748151,51.919438,19.145136
Lithium,FIN,USA,Finland,USA,253090,Raw,296521.38,direct,61.92411,25.748151,37.09024,-95.712891
Lithium,FIN,AUT,Finland,Austria,253090,Raw,173938.866,direct,61.92411,25.748151,47.516231,14.550072
Lithium,FIN,ITA,Finland,Italy,253090,Raw,115882.4,direct,61.92411,25.748151,41.87194,12.56738
Lithium,FIN,ESP,Finland,Spain,253090,Raw,109865.502,direct,61.92411,25.748151,40.463667,-3.74922
Lithium,FIN,NOR,Finland,Norway,253090,Raw,93864.45,direct,61.92411,25.748151,60.472024,8.468946
Lithium,FIN,AUS,Finland,Australia,253090,Raw,83039.902,direct,61.92411,25.748151,-25.274398,133.775136
Lithium,FIN,AZE,Finland,Azerbaijan,253090,Raw,68931.12,mirror,61.92411,25.748151,40.143105,47.576927
Lithium,FIN,CZE,Finland,Czechia,253090,Raw,53697.306,direct,61.92411,25.748151,49.817492,15.472962
Lithium,FIN,SVN,Finland,Slovenia,253090,Raw,47703.462,direct,61.92411,25.748151,46.151241,14.995463
Lithium,FIN,HUN,Finland,Hungary,253090,Raw,47576.012,mirror,61.92411,25.748151,47.162494,19.503304
Lithium,FIN,EGY,Finland,Egypt,253090,Raw,45792.138,direct,61.92411,25.748151,26.820553,30.802498
Lithium,FIN,BRA,Finland,Brazil,253090,Raw,42640.13,direct,61.92411,25.748151,-14.235004,-51.92528
Lithium,FIN,TUR,Finland,Türkiye,253090,Raw,40489.89,direct,61.92411,25.748151,38.963745,35.243322
Lithium,FIN,ROU,Finland,Romania,253090,Raw,32632.923000000003,direct,61.92411,25.748151,45.943161,24.96676
Lithium,FIN,S19,Finland,"Other Asia, nes",253090,Raw,25903.47,direct,61.92411,25.748151,,
Lithium,FIN,BGR,Finland,Bulgaria,253090,Raw,17591.726,direct,61.92411,25.748151,42.733883,25.48583
Lithium,FIN,JPN,Finland,Japan,253090,Raw,17499.512,direct,61.92411,25.748151,36.204824,138.252924
Lithium,FIN,ARM,Finland,Armenia,253090,Raw,12204.56,mirror,61.92411,25.748151,40.069099,45.038189
Lithium,FIN,NLD,Finland,Netherlands,253090,Raw,7793.139,mirror,61.92411,25.748151,52.132633,5.291266
Lithium,FIN,SVK,Finland,Slovakia,253090,Raw,7655.774,direct,61.92411,25.748151,48.669026,19.699024
Lithium,FIN,MNE,Finland,Montenegro,253090,Raw,5804.66,mirror,61.92411,25.748151,42.708678,19.37439
Lithium,FIN,HRV,Finland,Croatia,253090,Raw,5434.28,direct,61.92411,25.748151,45.1,15.2
Lithium,FIN,MDA,Finland,Rep. of Moldova,253090,Raw,4176.0,mirror,61.92411,25.748151,47.411631,28.369885
Lithium,FIN,DNK,Finland,Denmark,253090,Raw,3872.946,direct,61.92411,25.748151,56.26392,9.501785
Lithium,FIN,CHE,Finland,Switzerland,253090,Raw,2795.73,direct,61.92411,25.748151,46.818188,8.227512
Lithium,FIN,THA,Finland,Thailand,253090,Raw,1418.822,direct,61.92411,25.748151,15.870032,100.992541
Lithium,FIN,CAN,Finland,Canada,253090,Raw,991.29,direct,61.92411,25.748151,56.130366,-106.346771
Lithium,FIN,BIH,Finland,Bosnia Herzegovina,253090,Raw,629.232,mirror,61.92411,25.748151,43.915886,17.679076
Lithium,FIN,SRB,Finland,Serbia,253090,Raw,167.66,direct,61.92411,25.748151,44.016521,21.005859
Lithium,FIN,LTU,Finland,Lithuania,253090,Raw,81.734,direct,61.92411,25.748151,55.169438,23.881275
Lithium,FIN,LVA,Finland,Latvia,253090,Raw,48.202,direct,61.92411,25.748151,56.879635,24.603189
Lithium,FIN,ZAF,Finland,South Africa,253090,Raw,20.958,direct,61.92411,25.748151,-30.559482,22.937506
Lithium,FIN,ISR,Finland,Israel,253090,Raw,4.192,direct,61.92411,25.748151,31.046051,34.851612
Lithium,FRA,CHE,France,Switzerland,253090,Raw,13814681.584,direct,46.227638,2.213749,46.818188,8.227512
Lithium,FRA,LUX,France,Luxembourg,253090,Raw,10585321.547,direct,46.227638,2.213749,49.815273,6.129583
Lithium,FRA,IRL,France,Ireland,253090,Raw,10463553.747,direct,46.227638,2.213749,53.41291,-8.24389
Lithium,FRA,DEU,France,Germany,253090,Raw,10370434.39,direct,46.227638,2.213749,51.165691,10.451526
Lithium,FRA,ESP,France,Spain,253090,Raw,7523704.511,direct,46.227638,2.213749,40.463667,-3.74922
Lithium,FRA,BEL,France,Belgium,253090,Raw,7504671.931,direct,46.227638,2.213749,50.503887,4.469936
Lithium,FRA,GBR,France,United Kingdom,253090,Raw,4018259.526,direct,46.227638,2.213749,55.378051,-3.435973
Lithium,FRA,AUT,France,Austria,253090,Raw,3834376.0779999997,direct,46.227638,2.213749,47.516231,14.550072
Lithium,FRA,NLD,France,Netherlands,253090,Raw,3754301.566,direct,46.227638,2.213749,52.132633,5.291266
Lithium,FRA,POL,France,Poland,253090,Raw,3667035.725,direct,46.227638,2.213749,51.919438,19.145136
Lithium,FRA,PRT,France,Portugal,253090,Raw,3550956.915,direct,46.227638,2.213749,39.399872,-8.224454
Lithium,FRA,SAU,France,Saudi Arabia,253090,Raw,3274239.858,direct,46.227638,2.213749,23.885942,45.079162
Lithium,FRA,TUR,France,Türkiye,253090,Raw,2918136.684,direct,46.227638,2.213749,38.963745,35.243322
Lithium,FRA,USA,France,USA,253090,Raw,1928853.932,direct,46.227638,2.213749,37.09024,-95.712891
Lithium,FRA,CHN,France,China,253090,Raw,1851481.05,direct,46.227638,2.213749,35.86166,104.195397
Lithium,FRA,NZL,France,New Zealand,253090,Raw,1656531.34,direct,46.227638,2.213749,-40.900557,174.885971
Lithium,FRA,ITA,France,Italy,253090,Raw,1626380.553,direct,46.227638,2.213749,41.87194,12.56738
Lithium,FRA,CZE,France,Czechia,253090,Raw,1239910.112,direct,46.227638,2.213749,49.817492,15.472962
Lithium,FRA,MAR,France,Morocco,253090,Raw,994802.892,direct,46.227638,2.213749,31.791702,-7.09262
Lithium,FRA,BFA,France,Burkina Faso,253090,Raw,847984.476,direct,46.227638,2.213749,12.364566,-1.561593
Lithium,FRA,JOR,France,Jordan,253090,Raw,773170.34,direct,46.227638,2.213749,30.585164,36.238414
Lithium,FRA,MEX,France,Mexico,253090,Raw,693680.32,direct,46.227638,2.213749,23.634501,-102.552784
Lithium,FRA,KOR,France,Rep. of Korea,253090,Raw,690649.652,direct,46.227638,2.213749,35.907757,127.766922
Lithium,FRA,ARE,France,United Arab Emirates,253090,Raw,673097.772,direct,46.227638,2.213749,23.424076,53.847818
Lithium,FRA,NCL,France,New Caledonia,253090,Raw,529249.408,direct,46.227638,2.213749,,
Lithium,FRA,UKR,France,Ukraine,253090,Raw,471138.568,direct,46.227638,2.213749,48.379433,31.16558
Lithium,FRA,HUN,France,Hungary,253090,Raw,432610.152,direct,46.227638,2.213749,47.162494,19.503304
Lithium,FRA,GRC,France,Greece,253090,Raw,404347.034,direct,46.227638,2.213749,39.074208,21.824312
Lithium,FRA,FRA,France,France,253090,Raw,356730.952,mirror,46.227638,2.213749,46.227638,2.213749
Lithium,FRA,ZAF,France,South Africa,253090,Raw,335944.916,direct,46.227638,2.213749,-30.559482,22.937506
Lithium,FRA,CHL,France,Chile,253090,Raw,301975.488,direct,46.227638,2.213749,-35.675147,-71.542969
Lithium,FRA,MYS,France,Malaysia,253090,Raw,282947.24,direct,46.227638,2.213749,4.210484,101.975766
Lithium,FRA,IDN,France,Indonesia,253090,Raw,278951.092,direct,46.227638,2.213749,-0.789275,113.921327
Lithium,FRA,DNK,France,Denmark,253090,Raw,229776.383,direct,46.227638,2.213749,56.26392,9.501785
Lithium,FRA,TUN,France,Tunisia,253090,Raw,219675.608,direct,46.227638,2.213749,33.886917,9.537499
Lithium,FRA,ROU,France,Romania,253090,Raw,189026.924,direct,46.227638,2.213749,45.943161,24.96676
Lithium,FRA,JPN,France,Japan,253090,Raw,186282.008,direct,46.227638,2.213749,36.204824,138.252924
Lithium,FRA,NOR,France,Norway,253090,Raw,181718.692,direct,46.227638,2.213749,60.472024,8.468946
Lithium,FRA,IND,France,India,253090,Raw,179471.668,direct,46.227638,2.213749,20.593684,78.96288
Lithium,FRA,MLI,France,Mali,253090,Raw,174254.596,direct,46.227638,2.213749,17.570692,-3.996166
Lithium,FRA,CIV,France,Côte d'Ivoire,253090,Raw,147446.196,direct,46.227638,2.213749,7.539989,-5.54708
Lithium,FRA,SRB,France,Serbia,253090,Raw,128023.96,direct,46.227638,2.213749,44.016521,21.005859
Lithium,FRA,KWT,France,Kuwait,253090,Raw,117607.132,direct,46.227638,2.213749,29.31166,47.481766
Lithium,FRA,QAT,France,Qatar,253090,Raw,92621.46,direct,46.227638,2.213749,25.354826,51.183884
Lithium,FRA,ARG,France,Argentina,253090,Raw,91391.876,direct,46.227638,2.213749,-38.416097,-63.616672
Lithium,FRA,BLM,France,Saint Barthélemy,253090,Raw,90716.472,direct,46.227638,2.213749,,
Lithium,FRA,DZA,France,Algeria,253090,Raw,89417.616,direct,46.227638,2.213749,28.033886,1.659626
Lithium,FRA,MUS,France,Mauritius,253090,Raw,80377.574,direct,46.227638,2.213749,-20.348404,57.552152
Lithium,FRA,TGO,France,Togo,253090,Raw,79909.984,direct,46.227638,2.213749,8.619543,0.824782
Lithium,FRA,BRA,France,Brazil,253090,Raw,71025.804,direct,46.227638,2.213749,-14.235004,-51.92528
Lithium,FRA,PYF,France,French Polynesia,253090,Raw,56980.836,direct,46.227638,2.213749,,
Lithium,FRA,EST,France,Estonia,253090,Raw,55210.061,direct,46.227638,2.213749,58.595272,25.013607
Lithium,FRA,LTU,France,Lithuania,253090,Raw,55088.836,direct,46.227638,2.213749,55.169438,23.881275
Lithium,FRA,CAN,France,Canada,253090,Raw,53647.104,direct,46.227638,2.213749,56.130366,-106.346771
Lithium,FRA,SEN,France,Senegal,253090,Raw,52967.372,direct,46.227638,2.213749,14.497401,14.452362
Lithium,FRA,PER,France,Peru,253090,Raw,52837.484,direct,46.227638,2.213749,-9.189967,-75.015152
Lithium,FRA,LVA,France,Latvia,253090,Raw,52317.94,direct,46.227638,2.213749,56.879635,24.603189
Lithium,FRA,GEO,France,Georgia,253090,Raw,47269.718,direct,46.227638,2.213749,42.315407,43.356892
Lithium,FRA,COL,France,Colombia,253090,Raw,45001.052,direct,46.227638,2.213749,4.570868,-74.297333
Lithium,FRA,GAB,France,Gabon,253090,Raw,38376.88,direct,46.227638,2.213749,-0.803689,11.609444
Lithium,FRA,OMN,France,Oman,253090,Raw,38225.348,direct,46.227638,2.213749,21.512583,55.923255
Lithium,FRA,AUS,France,Australia,253090,Raw,35484.762,direct,46.227638,2.213749,-25.274398,133.775136
Lithium,FRA,LBN,France,Lebanon,253090,Raw,34363.416,direct,46.227638,2.213749,33.854721,35.862285
Lithium,FRA,AND,France,Andorra,253090,Raw,26799.74,direct,46.227638,2.213749,,
Lithium,FRA,THA,France,Thailand,253090,Raw,18550.0,mirror,46.227638,2.213749,15.870032,100.992541
Lithium,FRA,KNA,France,Saint Kitts and Nevis,253090,Raw,16339.616,direct,46.227638,2.213749,,
Lithium,FRA,PAN,France,Panama,253090,Raw,16144.788,direct,46.227638,2.213749,8.537981,-80.782127
Lithium,FRA,SWE,France,Sweden,253090,Raw,14616.464,direct,46.227638,2.213749,60.128161,18.643501
Lithium,FRA,CRI,France,Costa Rica,253090,Raw,13131.44,direct,46.227638,2.213749,9.748917,-83.753428
Lithium,FRA,TKM,France,Turkmenistan,253090,Raw,12988.564,direct,46.227638,2.213749,38.969719,59.556278
Lithium,FRA,SPM,France,Saint Pierre and Miquelon,253090,Raw,12811.056,direct,46.227638,2.213749,,
Lithium,FRA,KEN,France,Kenya,253090,Raw,10222.0,direct,46.227638,2.213749,-0.023559,37.906193
Lithium,FRA,DOM,France,Dominican Rep.,253090,Raw,8472.876,direct,46.227638,2.213749,18.735693,-70.162651
Lithium,FRA,COD,France,Dem. Rep. of the Congo,253090,Raw,6849.304,direct,46.227638,2.213749,-4.038333,21.758664
Lithium,FRA,GHA,France,Ghana,253090,Raw,5420.56,direct,46.227638,2.213749,7.946527,-1.023194
Lithium,FRA,MDG,France,Madagascar,253090,Raw,4987.608,direct,46.227638,2.213749,-18.766947,46.869107
Lithium,FRA,SVN,France,Slovenia,253090,Raw,4762.476,direct,46.227638,2.213749,46.151241,14.995463
Lithium,FRA,S19,France,"Other Asia, nes",253090,Raw,4074.08,direct,46.227638,2.213749,,
Lithium,FRA,SVK,France,Slovakia,253090,Raw,3887.912,direct,46.227638,2.213749,48.669026,19.699024
Lithium,FRA,SXM,France,Sint Maarten,253090,Raw,3749.364,direct,46.227638,2.213749,,
Lithium,FRA,MRT,France,Mauritania,253090,Raw,3515.572,direct,46.227638,2.213749,21.00789,-10.940835
Lithium,FRA,WLF,France,Wallis and Futuna Isds,253090,Raw,3446.3,direct,46.227638,2.213749,,
Lithium,FRA,DMA,France,Dominica,253090,Raw,3091.28,direct,46.227638,2.213749,,
Lithium,FRA,IRN,France,Iran,253090,Raw,2814.188,direct,46.227638,2.213749,32.427908,53.688046
Lithium,FRA,CMR,France,Cameroon,253090,Raw,2476.488,direct,46.227638,2.213749,3.848033,11.502075
Lithium,FRA,CUW,France,Curaçao,253090,Raw,2112.808,direct,46.227638,2.213749,,
Lithium,FRA,HKG,France,"China, Hong Kong SAR",253090,Raw,2039.204,direct,46.227638,2.213749,22.396428,114.109497
Lithium,FRA,GIN,France,Guinea,253090,Raw,2000.24,direct,46.227638,2.213749,9.945587,-9.696645
Lithium,FRA,BEN,France,Benin,253090,Raw,1762.116,direct,46.227638,2.213749,9.30769,2.315834
Lithium,FRA,ARM,France,Armenia,253090,Raw,1467.708,direct,46.227638,2.213749,40.069099,45.038189
Lithium,FRA,SGP,France,Singapore,253090,Raw,1130.004,direct,46.227638,2.213749,1.352083,103.819836
Lithium,FRA,CYP,France,Cyprus,253090,Raw,1043.416,direct,46.227638,2.213749,35.126413,33.429859
Lithium,FRA,COG,France,Congo,253090,Raw,510.884,direct,46.227638,2.213749,-0.228021,15.827659
Lithium,FRA,COM,France,Comoros,253090,Raw,333.372,direct,46.227638,2.213749,-11.875001,43.872219
Lithium,FRA,ISR,France,Israel,253090,Raw,212.148,direct,46.227638,2.213749,31.046051,34.851612
Lithium,FRA,MLT,France,Malta,253090,Raw,168.852,direct,46.227638,2.213749,35.937496,14.375416
Lithium,FRA,FIN,France,Finland,253090,Raw,155.864,direct,46.227638,2.213749,61.92411,25.748151
Lithium,FRA,ECU,France,Ecuador,253090,Raw,147.204,direct,46.227638,2.213749,-1.831239,-78.183406
Lithium,FRA,BOL,France,Bolivia (Plurinational State of),253090,Raw,134.216,direct,46.227638,2.213749,-16.290154,-63.588653
Lithium,FRA,VNM,France,Viet Nam,253090,Raw,86.592,direct,46.227638,2.213749,14.058324,108.277199
Lithium,FRA,LKA,France,Sri Lanka,253090,Raw,8.66,direct,46.227638,2.213749,7.873054,80.771797
Lithium,X2 ,COL,Free Zones,Colombia,253090,Raw,8353.3,mirror,,,4.570868,-74.297333
Lithium,PYF,FRA,French Polynesia,France,253090,Raw,3390.014,mirror,,,46.227638,2.213749
Lithium,PYF,NLD,French Polynesia,Netherlands,253090,Raw,1209.019,mirror,,,52.132633,5.291266
Lithium,GAB,FRA,Gabon,France,253090,Raw,8377.624,mirror,-0.803689,11.609444,46.227638,2.213749
Lithium,GAB,GBR,Gabon,United Kingdom,253090,Raw,1313.96,mirror,-0.803689,11.609444,55.378051,-3.435973
Lithium,GEO,TUR,Georgia,Türkiye,253090,Raw,36400.0,direct,42.315407,43.356892,38.963745,35.243322
Lithium,GEO,ARM,Georgia,Armenia,253090,Raw,6267.04,direct,42.315407,43.356892,40.069099,45.038189
Lithium,GEO,IRL,Georgia,Ireland,253090,Raw,652.675,mirror,42.315407,43.356892,53.41291,-8.24389
Lithium,GEO,FRA,Georgia,France,253090,Raw,212.148,mirror,42.315407,43.356892,46.227638,2.213749
Lithium,GEO,NLD,Georgia,Netherlands,253090,Raw,2.165,mirror,42.315407,43.356892,52.132633,5.291266
Lithium,DEU,AUT,Germany,Austria,253090,Raw,83134286.444,direct,51.165691,10.451526,47.516231,14.550072
Lithium,DEU,ITA,Germany,Italy,253090,Raw,65935530.84,direct,51.165691,10.451526,41.87194,12.56738
Lithium,DEU,FRA,Germany,France,253090,Raw,57854058.968,direct,51.165691,10.451526,46.227638,2.213749
Lithium,DEU,CHE,Germany,Switzerland,253090,Raw,47852486.084,direct,51.165691,10.451526,46.818188,8.227512
Lithium,DEU,USA,Germany,USA,253090,Raw,34954469.352,direct,51.165691,10.451526,37.09024,-95.712891
Lithium,DEU,POL,Germany,Poland,253090,Raw,33746856.288,direct,51.165691,10.451526,51.919438,19.145136
Lithium,DEU,TUR,Germany,Türkiye,253090,Raw,33497881.188,direct,51.165691,10.451526,38.963745,35.243322
Lithium,DEU,CZE,Germany,Czechia,253090,Raw,32243356.856,direct,51.165691,10.451526,49.817492,15.472962
Lithium,DEU,NLD,Germany,Netherlands,253090,Raw,22535951.832,direct,51.165691,10.451526,52.132633,5.291266
Lithium,DEU,BEL,Germany,Belgium,253090,Raw,21939870.235999998,direct,51.165691,10.451526,50.503887,4.469936
Lithium,DEU,SWE,Germany,Sweden,253090,Raw,19612003.352,direct,51.165691,10.451526,60.128161,18.643501
Lithium,DEU,LVA,Germany,Latvia,253090,Raw,17632525.56,direct,51.165691,10.451526,56.879635,24.603189
Lithium,DEU,IND,Germany,India,253090,Raw,12618561.048,direct,51.165691,10.451526,20.593684,78.96288
Lithium,DEU,ROU,Germany,Romania,253090,Raw,12111993.12,direct,51.165691,10.451526,45.943161,24.96676
Lithium,DEU,GBR,Germany,United Kingdom,253090,Raw,10593395.908,direct,51.165691,10.451526,55.378051,-3.435973
Lithium,DEU,ESP,Germany,Spain,253090,Raw,8465430.035999998,direct,51.165691,10.451526,40.463667,-3.74922
Lithium,DEU,HUN,Germany,Hungary,253090,Raw,7393814.384,direct,51.165691,10.451526,47.162494,19.503304
Lithium,DEU,UKR,Germany,Ukraine,253090,Raw,7196009.112,direct,51.165691,10.451526,48.379433,31.16558
Lithium,DEU,SVN,Germany,Slovenia,253090,Raw,7123102.16,direct,51.165691,10.451526,46.151241,14.995463
Lithium,DEU,BRA,Germany,Brazil,253090,Raw,6552873.74,direct,51.165691,10.451526,-14.235004,-51.92528
Lithium,DEU,BGR,Germany,Bulgaria,253090,Raw,5623945.128,direct,51.165691,10.451526,42.733883,25.48583
Lithium,DEU,PRT,Germany,Portugal,253090,Raw,4763866.088,direct,51.165691,10.451526,39.399872,-8.224454
Lithium,DEU,COL,Germany,Colombia,253090,Raw,4514689.8,direct,51.165691,10.451526,4.570868,-74.297333
Lithium,DEU,EGY,Germany,Egypt,253090,Raw,4094592.52,direct,51.165691,10.451526,26.820553,30.802498
Lithium,DEU,DZA,Germany,Algeria,253090,Raw,4045795.08,direct,51.165691,10.451526,28.033886,1.659626
Lithium,DEU,MEX,Germany,Mexico,253090,Raw,4030915.2520000003,direct,51.165691,10.451526,23.634501,-102.552784
Lithium,DEU,FIN,Germany,Finland,253090,Raw,3998783.216,direct,51.165691,10.451526,61.92411,25.748151
Lithium,DEU,SRB,Germany,Serbia,253090,Raw,3758425.836,direct,51.165691,10.451526,44.016521,21.005859
Lithium,DEU,CAN,Germany,Canada,253090,Raw,3262604.916,direct,51.165691,10.451526,56.130366,-106.346771
Lithium,DEU,PER,Germany,Peru,253090,Raw,3202113.192,direct,51.165691,10.451526,-9.189967,-75.015152
Lithium,DEU,KOR,Germany,Rep. of Korea,253090,Raw,2332192.512,direct,51.165691,10.451526,35.907757,127.766922
Lithium,DEU,ARG,Germany,Argentina,253090,Raw,2151396.352,direct,51.165691,10.451526,-38.416097,-63.616672
Lithium,DEU,ARM,Germany,Armenia,253090,Raw,2147976.088,direct,51.165691,10.451526,40.069099,45.038189
Lithium,DEU,CHN,Germany,China,253090,Raw,2016019.284,direct,51.165691,10.451526,35.86166,104.195397
Lithium,DEU,DNK,Germany,Denmark,253090,Raw,1954194.664,direct,51.165691,10.451526,56.26392,9.501785
Lithium,DEU,ZAF,Germany,South Africa,253090,Raw,1834292.616,direct,51.165691,10.451526,-30.559482,22.937506
Lithium,DEU,ARE,Germany,United Arab Emirates,253090,Raw,1822598.328,direct,51.165691,10.451526,23.424076,53.847818
Lithium,DEU,HRV,Germany,Croatia,253090,Raw,1777581.616,direct,51.165691,10.451526,45.1,15.2
Lithium,DEU,MLT,Germany,Malta,253090,Raw,1707977.568,direct,51.165691,10.451526,35.937496,14.375416
Lithium,DEU,IRL,Germany,Ireland,253090,Raw,1575559.704,direct,51.165691,10.451526,53.41291,-8.24389
Lithium,DEU,VEN,Germany,Venezuela,253090,Raw,1547895.8,direct,51.165691,10.451526,6.42375,-66.58973
Lithium,DEU,SAU,Germany,Saudi Arabia,253090,Raw,1397588.6120000002,direct,51.165691,10.451526,23.885942,45.079162
Lithium,DEU,VNM,Germany,Viet Nam,253090,Raw,1306180.376,direct,51.165691,10.451526,14.058324,108.277199
Lithium,DEU,SVK,Germany,Slovakia,253090,Raw,1244154.56,direct,51.165691,10.451526,48.669026,19.699024
Lithium,DEU,NOR,Germany,Norway,253090,Raw,1195348.736,direct,51.165691,10.451526,60.472024,8.468946
Lithium,DEU,GHA,Germany,Ghana,253090,Raw,1041193.752,direct,51.165691,10.451526,7.946527,-1.023194
Lithium,DEU,GTM,Germany,Guatemala,253090,Raw,1006965.96,direct,51.165691,10.451526,15.783471,-90.230759
Lithium,DEU,PAK,Germany,Pakistan,253090,Raw,968085.608,direct,51.165691,10.451526,30.375321,69.345116
Lithium,DEU,IDN,Germany,Indonesia,253090,Raw,927092.736,direct,51.165691,10.451526,-0.789275,113.921327
Lithium,DEU,JPN,Germany,Japan,253090,Raw,824895.5800000001,direct,51.165691,10.451526,36.204824,138.252924
Lithium,DEU,CHL,Germany,Chile,253090,Raw,636076.892,direct,51.165691,10.451526,-35.675147,-71.542969
Lithium,DEU,BGD,Germany,Bangladesh,253090,Raw,609368.656,direct,51.165691,10.451526,23.684994,90.356331
Lithium,DEU,LTU,Germany,Lithuania,253090,Raw,532094.16,direct,51.165691,10.451526,55.169438,23.881275
Lithium,DEU,LUX,Germany,Luxembourg,253090,Raw,524230.904,direct,51.165691,10.451526,49.815273,6.129583
Lithium,DEU,RUS,Germany,Russian Federation,253090,Raw,446025.896,direct,51.165691,10.451526,61.52401,105.318756
Lithium,DEU,MYS,Germany,Malaysia,253090,Raw,379498.412,direct,51.165691,10.451526,4.210484,101.975766
Lithium,DEU,IRN,Germany,Iran,253090,Raw,323709.544,direct,51.165691,10.451526,32.427908,53.688046
Lithium,DEU,ISR,Germany,Israel,253090,Raw,304219.068,direct,51.165691,10.451526,31.046051,34.851612
Lithium,DEU,KAZ,Germany,Kazakhstan,253090,Raw,287302.176,direct,51.165691,10.451526,48.019573,66.923684
Lithium,DEU,ECU,Germany,Ecuador,253090,Raw,265573.44,direct,51.165691,10.451526,-1.831239,-78.183406
Lithium,DEU,PHL,Germany,Philippines,253090,Raw,265280.032,direct,51.165691,10.451526,12.879721,121.774017
Lithium,DEU,GRC,Germany,Greece,253090,Raw,230389.992,direct,51.165691,10.451526,39.074208,21.824312
Lithium,DEU,S19,Germany,"Other Asia, nes",253090,Raw,205492.48,direct,51.165691,10.451526,,
Lithium,DEU,SGP,Germany,Singapore,253090,Raw,180638.361,mirror,51.165691,10.451526,1.352083,103.819836
Lithium,DEU,THA,Germany,Thailand,253090,Raw,176353.168,direct,51.165691,10.451526,15.870032,100.992541
Lithium,DEU,KEN,Germany,Kenya,253090,Raw,156929.76,direct,51.165691,10.451526,-0.023559,37.906193
Lithium,DEU,AUS,Germany,Australia,253090,Raw,118133.232,direct,51.165691,10.451526,-25.274398,133.775136
Lithium,DEU,CMR,Germany,Cameroon,253090,Raw,105625.8,direct,51.165691,10.451526,3.848033,11.502075
Lithium,DEU,EST,Germany,Estonia,253090,Raw,104494.096,direct,51.165691,10.451526,58.595272,25.013607
Lithium,DEU,BLR,Germany,Belarus,253090,Raw,104368.352,direct,51.165691,10.451526,53.709807,27.953389
Lithium,DEU,ABW,Germany,Aruba,253090,Raw,91953.128,direct,51.165691,10.451526,,
Lithium,DEU,HKG,Germany,"China, Hong Kong SAR",253090,Raw,66485.576,direct,51.165691,10.451526,22.396428,114.109497
Lithium,DEU,AZE,Germany,Azerbaijan,253090,Raw,53232.048,direct,51.165691,10.451526,40.143105,47.576927
Lithium,DEU,CRI,Germany,Costa Rica,253090,Raw,48548.07,mirror,51.165691,10.451526,9.748917,-83.753428
Lithium,DEU,LBN,Germany,Lebanon,253090,Raw,43960.448,direct,51.165691,10.451526,33.854721,35.862285
Lithium,DEU,SLV,Germany,El Salvador,253090,Raw,42799.9,mirror,51.165691,10.451526,13.794185,-88.89653
Lithium,DEU,IRQ,Germany,Iraq,253090,Raw,33607.448,direct,51.165691,10.451526,33.223191,43.679291
Lithium,DEU,BOL,Germany,Bolivia (Plurinational State of),253090,Raw,29927.312,direct,51.165691,10.451526,-16.290154,-63.588653
Lithium,DEU,HND,Germany,Honduras,253090,Raw,21816.08,mirror,51.165691,10.451526,15.199999,-86.241905
Lithium,DEU,UGA,Germany,Uganda,253090,Raw,17436.64,direct,51.165691,10.451526,1.373333,32.290275
Lithium,DEU,BIH,Germany,Bosnia Herzegovina,253090,Raw,16766.0,direct,51.165691,10.451526,43.915886,17.679076
Lithium,DEU,MDA,Germany,Rep. of Moldova,253090,Raw,16766.0,direct,51.165691,10.451526,47.411631,28.369885
Lithium,DEU,URY,Germany,Uruguay,253090,Raw,15572.0,mirror,51.165691,10.451526,-32.522779,-55.765835
Lithium,DEU,DOM,Germany,Dominican Rep.,253090,Raw,11970.92,direct,51.165691,10.451526,18.735693,-70.162651
Lithium,DEU,ATG,Germany,Antigua and Barbuda,253090,Raw,10059.6,direct,51.165691,10.451526,,
Lithium,DEU,NZL,Germany,New Zealand,253090,Raw,10059.6,direct,51.165691,10.451526,-40.900557,174.885971
Lithium,DEU,TKM,Germany,Turkmenistan,253090,Raw,10034.448,direct,51.165691,10.451526,38.969719,59.556278
Lithium,DEU,QAT,Germany,Qatar,253090,Raw,8802.152,direct,51.165691,10.451526,25.354826,51.183884
Lithium,DEU,MAR,Germany,Morocco,253090,Raw,7949.42,mirror,51.165691,10.451526,31.791702,-7.09262
Lithium,DEU,NGA,Germany,Nigeria,253090,Raw,7439.064,mirror,51.165691,10.451526,9.081999,8.675277
Lithium,DEU,PAN,Germany,Panama,253090,Raw,5994.0,mirror,51.165691,10.451526,8.537981,-80.782127
Lithium,DEU,NCL,Germany,New Caledonia,253090,Raw,5197.456,direct,51.165691,10.451526,,
Lithium,DEU,MUS,Germany,Mauritius,253090,Raw,4369.024,mirror,51.165691,10.451526,-20.348404,57.552152
Lithium,DEU,PRY,Germany,Paraguay,253090,Raw,3585.6,mirror,51.165691,10.451526,-23.442503,-58.443832
Lithium,DEU,NIC,Germany,Nicaragua,253090,Raw,853.0,mirror,51.165691,10.451526,12.865416,-85.207229
Lithium,DEU,CYP,Germany,Cyprus,253090,Raw,737.704,direct,51.165691,10.451526,35.126413,33.429859
Lithium,DEU,NAM,Germany,Namibia,253090,Raw,453.556,mirror,51.165691,10.451526,-22.95764,18.49041
Lithium,DEU,CPV,Germany,Cabo Verde,253090,Raw,184.366,mirror,51.165691,10.451526,16.002082,-24.013197
Lithium,DEU,GEO,Germany,Georgia,253090,Raw,168.626,mirror,51.165691,10.451526,42.315407,43.356892
Lithium,DEU,ISL,Germany,Iceland,253090,Raw,132.859,mirror,51.165691,10.451526,64.963051,-19.020835
Lithium,DEU,MKD,Germany,North Macedonia,253090,Raw,61.32,mirror,51.165691,10.451526,41.608635,21.745275
Lithium,GHA,CHN,Ghana,China,253090,Raw,129572.0,mirror,7.946527,-1.023194,35.86166,104.195397
Lithium,GHA,ZAF,Ghana,South Africa,253090,Raw,6026.408,mirror,7.946527,-1.023194,-30.559482,22.937506
Lithium,GHA,BFA,Ghana,Burkina Faso,253090,Raw,3298.44,mirror,7.946527,-1.023194,12.364566,-1.561593
Lithium,GHA,FRA,Ghana,France,253090,Raw,1151.652,mirror,7.946527,-1.023194,46.227638,2.213749
Lithium,GHA,IRL,Ghana,Ireland,253090,Raw,1092.122,mirror,7.946527,-1.023194,53.41291,-8.24389
Lithium,GHA,CAN,Ghana,Canada,253090,Raw,919.796,mirror,7.946527,-1.023194,56.130366,-106.346771
Lithium,GHA,GBR,Ghana,United Kingdom,253090,Raw,608.784,mirror,7.946527,-1.023194,55.378051,-3.435973
Lithium,GHA,DEU,Ghana,Germany,253090,Raw,16.768,mirror,7.946527,-1.023194,51.165691,10.451526
Lithium,GHA,BEL,Ghana,Belgium,253090,Raw,3.247,mirror,7.946527,-1.023194,50.503887,4.469936
Lithium,GIB,ESP,Gibraltar,Spain,253090,Raw,18404.792,mirror,,,40.463667,-3.74922
Lithium,GRC,ESP,Greece,Spain,253090,Raw,1979343.16,mirror,39.074208,21.824312,40.463667,-3.74922
Lithium,GRC,ITA,Greece,Italy,253090,Raw,1780751.816,direct,39.074208,21.824312,41.87194,12.56738
Lithium,GRC,DNK,Greece,Denmark,253090,Raw,1126786.2,direct,39.074208,21.824312,56.26392,9.501785
Lithium,GRC,CHN,Greece,China,253090,Raw,896039.0,mirror,39.074208,21.824312,35.86166,104.195397
Lithium,GRC,EGY,Greece,Egypt,253090,Raw,791165.998,direct,39.074208,21.824312,26.820553,30.802498
Lithium,GRC,IND,Greece,India,253090,Raw,592739.682,direct,39.074208,21.824312,20.593684,78.96288
Lithium,GRC,DEU,Greece,Germany,253090,Raw,575098.952,mirror,39.074208,21.824312,51.165691,10.451526
Lithium,GRC,USA,Greece,USA,253090,Raw,451376.46499999997,direct,39.074208,21.824312,37.09024,-95.712891
Lithium,GRC,SVK,Greece,Slovakia,253090,Raw,393475.604,direct,39.074208,21.824312,48.669026,19.699024
Lithium,GRC,BGR,Greece,Bulgaria,253090,Raw,248921.528,direct,39.074208,21.824312,42.733883,25.48583
Lithium,GRC,ROU,Greece,Romania,253090,Raw,178867.7,direct,39.074208,21.824312,45.943161,24.96676
Lithium,GRC,NLD,Greece,Netherlands,253090,Raw,168740.948,direct,39.074208,21.824312,52.132633,5.291266
Lithium,GRC,SRB,Greece,Serbia,253090,Raw,99468.6,direct,39.074208,21.824312,44.016521,21.005859
Lithium,GRC,MAR,Greece,Morocco,253090,Raw,96619.774,direct,39.074208,21.824312,31.791702,-7.09262
Lithium,GRC,UKR,Greece,Ukraine,253090,Raw,88913.226,direct,39.074208,21.824312,48.379433,31.16558
Lithium,GRC,BEL,Greece,Belgium,253090,Raw,80520.448,direct,39.074208,21.824312,50.503887,4.469936
Lithium,GRC,SVN,Greece,Slovenia,253090,Raw,69380.12,mirror,39.074208,21.824312,46.151241,14.995463
Lithium,GRC,MKD,Greece,North Macedonia,253090,Raw,47607.422,direct,39.074208,21.824312,41.608635,21.745275
Lithium,GRC,ISR,Greece,Israel,253090,Raw,42970.504,direct,39.074208,21.824312,31.046051,34.851612
Lithium,GRC,AUT,Greece,Austria,253090,Raw,32488.732,direct,39.074208,21.824312,47.516231,14.550072
Lithium,GRC,ALB,Greece,Albania,253090,Raw,27734.916,direct,39.074208,21.824312,41.153332,20.168331
Lithium,GRC,GTM,Greece,Guatemala,253090,Raw,24920.728,direct,39.074208,21.824312,15.783471,-90.230759
Lithium,GRC,CYP,Greece,Cyprus,253090,Raw,16651.341,direct,39.074208,21.824312,35.126413,33.429859
Lithium,GRC,FRA,Greece,France,253090,Raw,16019.23,direct,39.074208,21.824312,46.227638,2.213749
Lithium,GRC,POL,Greece,Poland,253090,Raw,12990.73,direct,39.074208,21.824312,51.919438,19.145136
Lithium,GRC,SAU,Greece,Saudi Arabia,253090,Raw,8475.04,direct,39.074208,21.824312,23.885942,45.079162
Lithium,GRC,CAN,Greece,Canada,253090,Raw,4037.504,mirror,39.074208,21.824312,56.130366,-106.346771
Lithium,GRC,GBR,Greece,United Kingdom,253090,Raw,2972.216,direct,39.074208,21.824312,55.378051,-3.435973
Lithium,GRC,JPN,Greece,Japan,253090,Raw,2959.708,mirror,39.074208,21.824312,36.204824,138.252924
Lithium,GRC,TUR,Greece,Türkiye,253090,Raw,776.0,mirror,39.074208,21.824312,38.963745,35.243322
Lithium,GRL,DNK,Greenland,Denmark,253090,Raw,39445.026,mirror,,,56.26392,9.501785
Lithium,GRL,GBR,Greenland,United Kingdom,253090,Raw,5123.932,mirror,,,55.378051,-3.435973
Lithium,GRL,CAN,Greenland,Canada,253090,Raw,2821.456,mirror,,,56.130366,-106.346771
Lithium,GRL,SWE,Greenland,Sweden,253090,Raw,378.516,mirror,,,60.128161,18.643501
Lithium,GRL,IRL,Greenland,Ireland,253090,Raw,28.142,mirror,,,53.41291,-8.24389
Lithium,GTM,SLV,Guatemala,El Salvador,253090,Raw,515141.0,direct,15.783471,-90.230759,13.794185,-88.89653
Lithium,GTM,HND,Guatemala,Honduras,253090,Raw,37644.0,direct,15.783471,-90.230759,15.199999,-86.241905
Lithium,GTM,S19,Guatemala,"Other Asia, nes",253090,Raw,18909.315,mirror,15.783471,-90.230759,,
Lithium,GTM,PAN,Guatemala,Panama,253090,Raw,11945.0,direct,15.783471,-90.230759,8.537981,-80.782127
Lithium,GTM,NIC,Guatemala,Nicaragua,253090,Raw,9816.0,direct,15.783471,-90.230759,12.865416,-85.207229
Lithium,GTM,FRA,Guatemala,France,253090,Raw,1039.084,mirror,15.783471,-90.230759,46.227638,2.213749
Lithium,GTM,IDN,Guatemala,Indonesia,253090,Raw,678.0,mirror,15.783471,-90.230759,-0.789275,113.921327
Lithium,GTM,COL,Guatemala,Colombia,253090,Raw,360.21,mirror,15.783471,-90.230759,4.570868,-74.297333
Lithium,GTM,USA,Guatemala,USA,253090,Raw,177.0,direct,15.783471,-90.230759,37.09024,-95.712891
Lithium,GTM,CRI,Guatemala,Costa Rica,253090,Raw,95.44,mirror,15.783471,-90.230759,9.748917,-83.753428
Lithium,GTM,CHL,Guatemala,Chile,253090,Raw,85.07,mirror,15.783471,-90.230759,-35.675147,-71.542969
Lithium,GTM,DNK,Guatemala,Denmark,253090,Raw,50.765,mirror,15.783471,-90.230759,56.26392,9.501785
Lithium,GIN,CZE,Guinea,Czechia,253090,Raw,3836.0,mirror,9.945587,-9.696645,49.817492,15.472962
Lithium,GIN,CHN,Guinea,China,253090,Raw,2420.0,mirror,9.945587,-9.696645,35.86166,104.195397
Lithium,GIN,CAN,Guinea,Canada,253090,Raw,1139.868,mirror,9.945587,-9.696645,56.130366,-106.346771
Lithium,GIN,ZAF,Guinea,South Africa,253090,Raw,434.948,mirror,9.945587,-9.696645,-30.559482,22.937506
Lithium,GIN,IRL,Guinea,Ireland,253090,Raw,9.741,mirror,9.945587,-9.696645,53.41291,-8.24389
Lithium,GIN,KOR,Guinea,Rep. of Korea,253090,Raw,1.0,mirror,9.945587,-9.696645,35.907757,127.766922
Lithium,GUY,PRT,Guyana,Portugal,253090,Raw,35569.072,mirror,4.860416,-58.93018,39.399872,-8.224454
Lithium,GUY,CHN,Guyana,China,253090,Raw,35365.0,mirror,4.860416,-58.93018,35.86166,104.195397
Lithium,GUY,USA,Guyana,USA,253090,Raw,1200.036,direct,4.860416,-58.93018,37.09024,-95.712891
Lithium,GUY,CAN,Guyana,Canada,253090,Raw,837.972,mirror,4.860416,-58.93018,56.130366,-106.346771
Lithium,GUY,BEL,Guyana,Belgium,253090,Raw,611.599,mirror,4.860416,-58.93018,50.503887,4.469936
Lithium,GUY,TTO,Guyana,Trinidad and Tobago,253090,Raw,62.636,direct,4.860416,-58.93018,10.691803,-61.222503
Lithium,GUY,NLD,Guyana,Netherlands,253090,Raw,19.483,mirror,4.860416,-58.93018,52.132633,5.291266
Lithium,HTI,CAN,Haiti,Canada,253090,Raw,2.82,mirror,18.971187,-72.285215,56.130366,-106.346771
Lithium,HND,GTM,Honduras,Guatemala,253090,Raw,2884.0,mirror,15.199999,-86.241905,15.783471,-90.230759
Lithium,HND,CHN,Honduras,China,253090,Raw,492.0,mirror,15.199999,-86.241905,35.86166,104.195397
Lithium,HND,BHS,Honduras,Bahamas,253090,Raw,106.0,mirror,15.199999,-86.241905,25.03428,-77.39628
Lithium,HND,CHL,Honduras,Chile,253090,Raw,102.16,mirror,15.199999,-86.241905,-35.675147,-71.542969
Lithium,HND,CAN,Honduras,Canada,253090,Raw,2.82,mirror,15.199999,-86.241905,56.130366,-106.346771
Lithium,HUN,ARE,Hungary,United Arab Emirates,253090,Raw,5289666.716,direct,47.162494,19.503304,23.424076,53.847818
Lithium,HUN,ROU,Hungary,Romania,253090,Raw,1289711.412,direct,47.162494,19.503304,45.943161,24.96676
Lithium,HUN,DEU,Hungary,Germany,253090,Raw,327045.976,mirror,47.162494,19.503304,51.165691,10.451526
Lithium,HUN,CHN,Hungary,China,253090,Raw,211350.732,direct,47.162494,19.503304,35.86166,104.195397
Lithium,HUN,GBR,Hungary,United Kingdom,253090,Raw,94464.244,direct,47.162494,19.503304,55.378051,-3.435973
Lithium,HUN,IND,Hungary,India,253090,Raw,84886.592,direct,47.162494,19.503304,20.593684,78.96288
Lithium,HUN,MDA,Hungary,Rep. of Moldova,253090,Raw,72465.752,direct,47.162494,19.503304,47.411631,28.369885
Lithium,HUN,SVK,Hungary,Slovakia,253090,Raw,40673.144,direct,47.162494,19.503304,48.669026,19.699024
Lithium,HUN,SRB,Hungary,Serbia,253090,Raw,28376.964,direct,47.162494,19.503304,44.016521,21.005859
Lithium,HUN,POL,Hungary,Poland,253090,Raw,24323.52,direct,47.162494,19.503304,51.919438,19.145136
Lithium,HUN,HRV,Hungary,Croatia,253090,Raw,20591.82,direct,47.162494,19.503304,45.1,15.2
Lithium,HUN,CZE,Hungary,Czechia,253090,Raw,16072.204,direct,47.162494,19.503304,49.817492,15.472962
Lithium,HUN,UKR,Hungary,Ukraine,253090,Raw,11222.712,direct,47.162494,19.503304,48.379433,31.16558
Lithium,HUN,ITA,Hungary,Italy,253090,Raw,10373.962,mirror,47.162494,19.503304,41.87194,12.56738
Lithium,HUN,HKG,Hungary,"China, Hong Kong SAR",253090,Raw,10041.475,mirror,47.162494,19.503304,22.396428,114.109497
Lithium,HUN,SVN,Hungary,Slovenia,253090,Raw,7483.216,direct,47.162494,19.503304,46.151241,14.995463
Lithium,HUN,NLD,Hungary,Netherlands,253090,Raw,5631.626,mirror,47.162494,19.503304,52.132633,5.291266
Lithium,HUN,HND,Hungary,Honduras,253090,Raw,4191.0,mirror,47.162494,19.503304,15.199999,-86.241905
Lithium,HUN,MKD,Hungary,North Macedonia,253090,Raw,2552.412,direct,47.162494,19.503304,41.608635,21.745275
Lithium,HUN,ZAF,Hungary,South Africa,253090,Raw,2250.248,mirror,47.162494,19.503304,-30.559482,22.937506
Lithium,HUN,GEO,Hungary,Georgia,253090,Raw,1312.284,direct,47.162494,19.503304,42.315407,43.356892
Lithium,HUN,AUT,Hungary,Austria,253090,Raw,1303.452,direct,47.162494,19.503304,47.516231,14.550072
Lithium,HUN,NOR,Hungary,Norway,253090,Raw,193.756,direct,47.162494,19.503304,60.472024,8.468946
Lithium,HUN,ISL,Hungary,Iceland,253090,Raw,31.256,mirror,47.162494,19.503304,64.963051,-19.020835
Lithium,ISL,JPN,Iceland,Japan,253090,Raw,829867.635,mirror,64.963051,-19.020835,36.204824,138.252924
Lithium,ISL,FRA,Iceland,France,253090,Raw,1467.708,mirror,64.963051,-19.020835,46.227638,2.213749
Lithium,ISL,DNK,Iceland,Denmark,253090,Raw,218.182,direct,64.963051,-19.020835,56.26392,9.501785
Lithium,ISL,IRL,Iceland,Ireland,253090,Raw,37.883,mirror,64.963051,-19.020835,53.41291,-8.24389
Lithium,ISL,ESP,Iceland,Spain,253090,Raw,4.784,direct,64.963051,-19.020835,40.463667,-3.74922
Lithium,ISL,CAN,Iceland,Canada,253090,Raw,2.82,mirror,64.963051,-19.020835,56.130366,-106.346771
Lithium,ISL,NLD,Iceland,Netherlands,253090,Raw,1.082,mirror,64.963051,-19.020835,52.132633,5.291266
Lithium,IND,ARE,India,United Arab Emirates,253090,Raw,17143173.044,direct,20.593684,78.96288,23.424076,53.847818
Lithium,IND,TUR,India,Türkiye,253090,Raw,10324210.092,direct,20.593684,78.96288,38.963745,35.243322
Lithium,IND,RUS,India,Russian Federation,253090,Raw,7625451.132,direct,20.593684,78.96288,61.52401,105.318756
Lithium,IND,ESP,India,Spain,253090,Raw,5200806.696,direct,20.593684,78.96288,40.463667,-3.74922
Lithium,IND,BEL,India,Belgium,253090,Raw,4004123.234,direct,20.593684,78.96288,50.503887,4.469936
Lithium,IND,SAU,India,Saudi Arabia,253090,Raw,2608913.054,direct,20.593684,78.96288,23.885942,45.079162
Lithium,IND,BGD,India,Bangladesh,253090,Raw,1923550.17,direct,20.593684,78.96288,23.684994,90.356331
Lithium,IND,ITA,India,Italy,253090,Raw,1853085.92,direct,20.593684,78.96288,41.87194,12.56738
Lithium,IND,NPL,India,Nepal,253090,Raw,1839347.768,direct,20.593684,78.96288,28.394857,84.124008
Lithium,IND,HUN,India,Hungary,253090,Raw,795995.282,direct,20.593684,78.96288,47.162494,19.503304
Lithium,IND,AUS,India,Australia,253090,Raw,679484.074,direct,20.593684,78.96288,-25.274398,133.775136
Lithium,IND,JPN,India,Japan,253090,Raw,651898.434,direct,20.593684,78.96288,36.204824,138.252924
Lithium,IND,IDN,India,Indonesia,253090,Raw,619516.394,direct,20.593684,78.96288,-0.789275,113.921327
Lithium,IND,DEU,India,Germany,253090,Raw,591335.316,direct,20.593684,78.96288,51.165691,10.451526
Lithium,IND,USA,India,USA,253090,Raw,581175.6,direct,20.593684,78.96288,37.09024,-95.712891
Lithium,IND,EGY,India,Egypt,253090,Raw,507969.754,direct,20.593684,78.96288,26.820553,30.802498
Lithium,IND,PHL,India,Philippines,253090,Raw,506196.174,direct,20.593684,78.96288,12.879721,121.774017
Lithium,IND,THA,India,Thailand,253090,Raw,488999.462,direct,20.593684,78.96288,15.870032,100.992541
Lithium,IND,LKA,India,Sri Lanka,253090,Raw,425539.428,direct,20.593684,78.96288,7.873054,80.771797
Lithium,IND,MYS,India,Malaysia,253090,Raw,383061.588,direct,20.593684,78.96288,4.210484,101.975766
Lithium,IND,GAB,India,Gabon,253090,Raw,323965.648,direct,20.593684,78.96288,-0.803689,11.609444
Lithium,IND,BRA,India,Brazil,253090,Raw,256982.0,mirror,20.593684,78.96288,-14.235004,-51.92528
Lithium,IND,QAT,India,Qatar,253090,Raw,220667.592,direct,20.593684,78.96288,25.354826,51.183884
Lithium,IND,GBR,India,United Kingdom,253090,Raw,195648.32,direct,20.593684,78.96288,55.378051,-3.435973
Lithium,IND,BHR,India,Bahrain,253090,Raw,182220.312,direct,20.593684,78.96288,26.0275,50.55
Lithium,IND,COG,India,Congo,253090,Raw,165426.346,direct,20.593684,78.96288,-0.228021,15.827659
Lithium,IND,FRA,India,France,253090,Raw,143047.384,direct,20.593684,78.96288,46.227638,2.213749
Lithium,IND,KEN,India,Kenya,253090,Raw,141602.562,direct,20.593684,78.96288,-0.023559,37.906193
Lithium,IND,KWT,India,Kuwait,253090,Raw,138822.982,direct,20.593684,78.96288,29.31166,47.481766
Lithium,IND,ZAF,India,South Africa,253090,Raw,130554.02,direct,20.593684,78.96288,-30.559482,22.937506
Lithium,IND,LBY,India,Libya,253090,Raw,121286.85,direct,20.593684,78.96288,26.3351,17.228331
Lithium,IND,POL,India,Poland,253090,Raw,111961.576,direct,20.593684,78.96288,51.919438,19.145136
Lithium,IND,NZL,India,New Zealand,253090,Raw,96793.522,direct,20.593684,78.96288,-40.900557,174.885971
Lithium,IND,BRN,India,Brunei Darussalam,253090,Raw,85233.698,direct,20.593684,78.96288,4.535277,114.727669
Lithium,IND,CHN,India,China,253090,Raw,76012.206,direct,20.593684,78.96288,35.86166,104.195397
Lithium,IND,CIV,India,Côte d'Ivoire,253090,Raw,72223.452,direct,20.593684,78.96288,7.539989,-5.54708
Lithium,IND,AGO,India,Angola,253090,Raw,69414.786,direct,20.593684,78.96288,-11.202692,17.873887
Lithium,IND,MOZ,India,Mozambique,253090,Raw,61473.124,direct,20.593684,78.96288,-18.665695,35.529562
Lithium,IND,CMR,India,Cameroon,253090,Raw,50655.114,direct,20.593684,78.96288,3.848033,11.502075
Lithium,IND,AUT,India,Austria,253090,Raw,49443.139,mirror,20.593684,78.96288,47.516231,14.550072
Lithium,IND,ECU,India,Ecuador,253090,Raw,46648.608,direct,20.593684,78.96288,-1.831239,-78.183406
Lithium,IND,MEX,India,Mexico,253090,Raw,45589.424,direct,20.593684,78.96288,23.634501,-102.552784
Lithium,IND,DZA,India,Algeria,253090,Raw,42405.874,direct,20.593684,78.96288,28.033886,1.659626
Lithium,IND,SGP,India,Singapore,253090,Raw,31477.07,direct,20.593684,78.96288,1.352083,103.819836
Lithium,IND,GRC,India,Greece,253090,Raw,24474.172,direct,20.593684,78.96288,39.074208,21.824312
Lithium,IND,GUY,India,Guyana,253090,Raw,24124.656,direct,20.593684,78.96288,4.860416,-58.93018
Lithium,IND,UGA,India,Uganda,253090,Raw,23765.24,mirror,20.593684,78.96288,1.373333,32.290275
Lithium,IND,PER,India,Peru,253090,Raw,20532.404,direct,20.593684,78.96288,-9.189967,-75.015152
Lithium,IND,NGA,India,Nigeria,253090,Raw,16615.724,direct,20.593684,78.96288,9.081999,8.675277
Lithium,IND,SEN,India,Senegal,253090,Raw,12151.29,mirror,20.593684,78.96288,14.497401,14.452362
Lithium,IND,BGR,India,Bulgaria,253090,Raw,11961.466,direct,20.593684,78.96288,42.733883,25.48583
Lithium,IND,OMN,India,Oman,253090,Raw,11257.846,direct,20.593684,78.96288,21.512583,55.923255
Lithium,IND,UZB,India,Uzbekistan,253090,Raw,10133.098,direct,20.593684,78.96288,41.377491,64.585262
Lithium,IND,MAR,India,Morocco,253090,Raw,9851.264,direct,20.593684,78.96288,31.791702,-7.09262
Lithium,IND,COD,India,Dem. Rep. of the Congo,253090,Raw,9177.696,direct,20.593684,78.96288,-4.038333,21.758664
Lithium,IND,ZMB,India,Zambia,253090,Raw,7122.8,direct,20.593684,78.96288,-13.133897,27.849332
Lithium,IND,TTO,India,Trinidad and Tobago,253090,Raw,6091.104,direct,20.593684,78.96288,10.691803,-61.222503
Lithium,IND,MUS,India,Mauritius,253090,Raw,6066.04,direct,20.593684,78.96288,-20.348404,57.552152
Lithium,IND,IRN,India,Iran,253090,Raw,3830.762,direct,20.593684,78.96288,32.427908,53.688046
Lithium,IND,SYC,India,Seychelles,253090,Raw,3493.766,direct,20.593684,78.96288,,
Lithium,IND,NLD,India,Netherlands,253090,Raw,2408.296,direct,20.593684,78.96288,52.132633,5.291266
Lithium,IND,S19,India,"Other Asia, nes",253090,Raw,2336.406,mirror,20.593684,78.96288,,
Lithium,IND,CZE,India,Czechia,253090,Raw,1852.0,mirror,20.593684,78.96288,49.817492,15.472962
Lithium,IND,PRT,India,Portugal,253090,Raw,1684.9840000000002,mirror,20.593684,78.96288,39.399872,-8.224454
Lithium,IND,IRQ,India,Iraq,253090,Raw,1418.96,direct,20.593684,78.96288,33.223191,43.679291
Lithium,IND,BTN,India,Bhutan,253090,Raw,1190.522,direct,20.593684,78.96288,27.514162,90.433601
Lithium,IND,BEN,India,Benin,253090,Raw,1077.54,direct,20.593684,78.96288,9.30769,2.315834
Lithium,IND,MDV,India,Maldives,253090,Raw,918.832,direct,20.593684,78.96288,3.202778,73.22068
Lithium,IND,CHE,India,Switzerland,253090,Raw,826.86,mirror,20.593684,78.96288,46.818188,8.227512
Lithium,IND,VNM,India,Viet Nam,253090,Raw,751.792,direct,20.593684,78.96288,14.058324,108.277199
Lithium,IND,TZA,India,United Rep. of Tanzania,253090,Raw,700.136,direct,20.593684,78.96288,-6.369028,34.888822
Lithium,IND,CHL,India,Chile,253090,Raw,593.15,mirror,20.593684,78.96288,-35.675147,-71.542969
Lithium,IND,GRD,India,Grenada,253090,Raw,499.912,mirror,20.593684,78.96288,,
Lithium,IND,MDG,India,Madagascar,253090,Raw,458.35,mirror,20.593684,78.96288,-18.766947,46.869107
Lithium,IND,MMR,India,Myanmar,253090,Raw,384.604,direct,20.593684,78.96288,21.913965,95.956223
Lithium,IND,MWI,India,Malawi,253090,Raw,348.277,mirror,20.593684,78.96288,-13.254308,34.301525
Lithium,IND,ATG,India,Antigua and Barbuda,253090,Raw,306.948,mirror,20.593684,78.96288,,
Lithium,IND,KOR,India,Rep. of Korea,253090,Raw,300.66,direct,20.593684,78.96288,35.907757,127.766922
Lithium,IND,BIH,India,Bosnia Herzegovina,253090,Raw,254.37,direct,20.593684,78.96288,43.915886,17.679076
Lithium,IND,CAN,India,Canada,253090,Raw,234.274,direct,20.593684,78.96288,56.130366,-106.346771
Lithium,IND,IRL,India,Ireland,253090,Raw,179.675,mirror,20.593684,78.96288,53.41291,-8.24389
Lithium,IND,MLT,India,Malta,253090,Raw,160.192,mirror,20.593684,78.96288,35.937496,14.375416
Lithium,IND,LUX,India,Luxembourg,253090,Raw,144.92,mirror,20.593684,78.96288,49.815273,6.129583
Lithium,IND,FIN,India,Finland,253090,Raw,138.32,mirror,20.593684,78.96288,61.92411,25.748151
Lithium,IND,DNK,India,Denmark,253090,Raw,35.971,mirror,20.593684,78.96288,56.26392,9.501785
Lithium,IDN,KOR,Indonesia,Rep. of Korea,253090,Raw,4929341.54,direct,-0.789275,113.921327,35.907757,127.766922
Lithium,IDN,CHN,Indonesia,China,253090,Raw,3443366.6,direct,-0.789275,113.921327,35.86166,104.195397
Lithium,IDN,JPN,Indonesia,Japan,253090,Raw,3188666.82,direct,-0.789275,113.921327,36.204824,138.252924
Lithium,IDN,EGY,Indonesia,Egypt,253090,Raw,3074360.0,direct,-0.789275,113.921327,26.820553,30.802498
Lithium,IDN,BGD,Indonesia,Bangladesh,253090,Raw,1918301.6,direct,-0.789275,113.921327,23.684994,90.356331
Lithium,IDN,MYS,Indonesia,Malaysia,253090,Raw,1721490.0,direct,-0.789275,113.921327,4.210484,101.975766
Lithium,IDN,TUR,Indonesia,Türkiye,253090,Raw,1379933.7,direct,-0.789275,113.921327,38.963745,35.243322
Lithium,IDN,PAK,Indonesia,Pakistan,253090,Raw,1081996.0,direct,-0.789275,113.921327,30.375321,69.345116
Lithium,IDN,MEX,Indonesia,Mexico,253090,Raw,910260.0,direct,-0.789275,113.921327,23.634501,-102.552784
Lithium,IDN,THA,Indonesia,Thailand,253090,Raw,895129.4,direct,-0.789275,113.921327,15.870032,100.992541
Lithium,IDN,VNM,Indonesia,Viet Nam,253090,Raw,443220.0,direct,-0.789275,113.921327,14.058324,108.277199
Lithium,IDN,S19,Indonesia,"Other Asia, nes",253090,Raw,358973.34,direct,-0.789275,113.921327,,
Lithium,IDN,PER,Indonesia,Peru,253090,Raw,239320.0,mirror,-0.789275,113.921327,-9.189967,-75.015152
Lithium,IDN,SYR,Indonesia,Syria,253090,Raw,202500.0,direct,-0.789275,113.921327,34.802075,38.996815
Lithium,IDN,DEU,Indonesia,Germany,253090,Raw,53488.76,direct,-0.789275,113.921327,51.165691,10.451526
Lithium,IDN,ITA,Indonesia,Italy,253090,Raw,33438.739,mirror,-0.789275,113.921327,41.87194,12.56738
Lithium,IDN,NLD,Indonesia,Netherlands,253090,Raw,32709.0,direct,-0.789275,113.921327,52.132633,5.291266
Lithium,IDN,AUS,Indonesia,Australia,253090,Raw,28722.3,direct,-0.789275,113.921327,-25.274398,133.775136
Lithium,IDN,USA,Indonesia,USA,253090,Raw,26633.3,direct,-0.789275,113.921327,37.09024,-95.712891
Lithium,IDN,KEN,Indonesia,Kenya,253090,Raw,18900.0,direct,-0.789275,113.921327,-0.023559,37.906193
Lithium,IDN,FRA,Indonesia,France,253090,Raw,14460.0,direct,-0.789275,113.921327,46.227638,2.213749
Lithium,IDN,IND,Indonesia,India,253090,Raw,13248.0,direct,-0.789275,113.921327,20.593684,78.96288
Lithium,IDN,GBR,Indonesia,United Kingdom,253090,Raw,9180.0,direct,-0.789275,113.921327,55.378051,-3.435973
Lithium,IDN,ARE,Indonesia,United Arab Emirates,253090,Raw,8486.0,direct,-0.789275,113.921327,23.424076,53.847818
Lithium,IDN,BRA,Indonesia,Brazil,253090,Raw,6612.32,direct,-0.789275,113.921327,-14.235004,-51.92528
Lithium,IDN,SVN,Indonesia,Slovenia,253090,Raw,6492.776,mirror,-0.789275,113.921327,46.151241,14.995463
Lithium,IDN,SEN,Indonesia,Senegal,253090,Raw,6480.0,direct,-0.789275,113.921327,14.497401,14.452362
Lithium,IDN,CAN,Indonesia,Canada,253090,Raw,5013.728,mirror,-0.789275,113.921327,56.130366,-106.346771
Lithium,IDN,POL,Indonesia,Poland,253090,Raw,2615.0,mirror,-0.789275,113.921327,51.919438,19.145136
Lithium,IDN,SVK,Indonesia,Slovakia,253090,Raw,1428.744,mirror,-0.789275,113.921327,48.669026,19.699024
Lithium,IDN,SGP,Indonesia,Singapore,253090,Raw,809.0,direct,-0.789275,113.921327,1.352083,103.819836
Lithium,IDN,CHL,Indonesia,Chile,253090,Raw,793.76,mirror,-0.789275,113.921327,-35.675147,-71.542969
Lithium,IDN,AUT,Indonesia,Austria,253090,Raw,491.401,mirror,-0.789275,113.921327,47.516231,14.550072
Lithium,IDN,HUN,Indonesia,Hungary,253090,Raw,200.444,mirror,-0.789275,113.921327,47.162494,19.503304
Lithium,IDN,LKA,Indonesia,Sri Lanka,253090,Raw,184.86,mirror,-0.789275,113.921327,7.873054,80.771797
Lithium,IDN,NZL,Indonesia,New Zealand,253090,Raw,125.279,mirror,-0.789275,113.921327,-40.900557,174.885971
Lithium,IRN,CHN,Iran,China,253090,Raw,1145537.0,mirror,32.427908,53.688046,35.86166,104.195397
Lithium,IRN,IND,Iran,India,253090,Raw,18572.558,mirror,32.427908,53.688046,20.593684,78.96288
Lithium,IRN,TUR,Iran,Türkiye,253090,Raw,5408.0,mirror,32.427908,53.688046,38.963745,35.243322
Lithium,IRN,AZE,Iran,Azerbaijan,253090,Raw,400.0,mirror,32.427908,53.688046,40.143105,47.576927
Lithium,IRN,IDN,Iran,Indonesia,253090,Raw,78.0,mirror,32.427908,53.688046,-0.789275,113.921327
Lithium,IRN,FRA,Iran,France,253090,Raw,4.328,mirror,32.427908,53.688046,46.227638,2.213749
Lithium,IRQ,CHN,Iraq,China,253090,Raw,10634.0,mirror,33.223191,43.679291,35.86166,104.195397
Lithium,IRQ,ITA,Iraq,Italy,253090,Raw,1417.775,mirror,33.223191,43.679291,41.87194,12.56738
Lithium,IRQ,ZAF,Iraq,South Africa,253090,Raw,402.428,mirror,33.223191,43.679291,-30.559482,22.937506
Lithium,IRL,FIN,Ireland,Finland,253090,Raw,329881.528,mirror,53.41291,-8.24389,61.92411,25.748151
Lithium,IRL,IDN,Ireland,Indonesia,253090,Raw,193464.0,mirror,53.41291,-8.24389,-0.789275,113.921327
Lithium,IRL,MLT,Ireland,Malta,253090,Raw,83689.656,mirror,53.41291,-8.24389,35.937496,14.375416
Lithium,IRL,GBR,Ireland,United Kingdom,253090,Raw,36748.981,direct,53.41291,-8.24389,55.378051,-3.435973
Lithium,IRL,NLD,Ireland,Netherlands,253090,Raw,18233.781,direct,53.41291,-8.24389,52.132633,5.291266
Lithium,IRL,POL,Ireland,Poland,253090,Raw,3229.0,mirror,53.41291,-8.24389,51.919438,19.145136
Lithium,IRL,ESP,Ireland,Spain,253090,Raw,1955.84,mirror,53.41291,-8.24389,40.463667,-3.74922
Lithium,IRL,USA,Ireland,USA,253090,Raw,1476.367,direct,53.41291,-8.24389,37.09024,-95.712891
Lithium,IRL,DEU,Ireland,Germany,253090,Raw,706.794,direct,53.41291,-8.24389,51.165691,10.451526
Lithium,IRL,CHE,Ireland,Switzerland,253090,Raw,354.368,mirror,53.41291,-8.24389,46.818188,8.227512
Lithium,IRL,CAN,Ireland,Canada,253090,Raw,115.68,mirror,53.41291,-8.24389,56.130366,-106.346771
Lithium,IRL,CHN,Ireland,China,253090,Raw,109.0,mirror,53.41291,-8.24389,35.86166,104.195397
Lithium,IRL,CHL,Ireland,Chile,253090,Raw,87.48,mirror,53.41291,-8.24389,-35.675147,-71.542969
Lithium,IRL,LUX,Ireland,Luxembourg,253090,Raw,24.895,direct,53.41291,-8.24389,49.815273,6.129583
Lithium,IRL,_X ,Ireland,"Areas, nes",253090,Raw,16.236,direct,53.41291,-8.24389,,
Lithium,IRL,ZAF,Ireland,South Africa,253090,Raw,2.184,mirror,53.41291,-8.24389,-30.559482,22.937506
Lithium,ISR,USA,Israel,USA,253090,Raw,136932.0,mirror,31.046051,34.851612,37.09024,-95.712891
Lithium,ISR,CZE,Israel,Czechia,253090,Raw,120416.0,mirror,31.046051,34.851612,49.817492,15.472962
Lithium,ISR,CAN,Israel,Canada,253090,Raw,47792.664,mirror,31.046051,34.851612,56.130366,-106.346771
Lithium,ISR,JPN,Israel,Japan,253090,Raw,30726.785,mirror,31.046051,34.851612,36.204824,138.252924
Lithium,ISR,IRL,Israel,Ireland,253090,Raw,21956.088,mirror,31.046051,34.851612,53.41291,-8.24389
Lithium,ISR,DEU,Israel,Germany,253090,Raw,3831.028,mirror,31.046051,34.851612,51.165691,10.451526
Lithium,ISR,CHN,Israel,China,253090,Raw,3108.0,mirror,31.046051,34.851612,35.86166,104.195397
Lithium,ISR,FRA,Israel,France,253090,Raw,251.112,mirror,31.046051,34.851612,46.227638,2.213749
Lithium,ISR,HUN,Israel,Hungary,253090,Raw,85.989,mirror,31.046051,34.851612,47.162494,19.503304
Lithium,ISR,SLV,Israel,El Salvador,253090,Raw,79.53,mirror,31.046051,34.851612,13.794185,-88.89653
Lithium,ISR,FIN,Israel,Finland,253090,Raw,18.862,mirror,31.046051,34.851612,61.92411,25.748151
Lithium,ISR,NLD,Israel,Netherlands,253090,Raw,10.824,mirror,31.046051,34.851612,52.132633,5.291266
Lithium,ISR,DNK,Israel,Denmark,253090,Raw,9.718,mirror,31.046051,34.851612,56.26392,9.501785
Lithium,ITA,TUR,Italy,Türkiye,253090,Raw,9687454.529,direct,41.87194,12.56738,38.963745,35.243322
Lithium,ITA,ESP,Italy,Spain,253090,Raw,6648073.182,direct,41.87194,12.56738,40.463667,-3.74922
Lithium,ITA,POL,Italy,Poland,253090,Raw,2713629.494,direct,41.87194,12.56738,51.919438,19.145136
Lithium,ITA,DEU,Italy,Germany,253090,Raw,2700300.524,direct,41.87194,12.56738,51.165691,10.451526
Lithium,ITA,FRA,Italy,France,253090,Raw,2626014.569,direct,41.87194,12.56738,46.227638,2.213749
Lithium,ITA,MEX,Italy,Mexico,253090,Raw,2402121.405,direct,41.87194,12.56738,23.634501,-102.552784
Lithium,ITA,CHE,Italy,Switzerland,253090,Raw,2168752.308,direct,41.87194,12.56738,46.818188,8.227512
Lithium,ITA,RUS,Italy,Russian Federation,253090,Raw,1744307.668,direct,41.87194,12.56738,61.52401,105.318756
Lithium,ITA,USA,Italy,USA,253090,Raw,1345238.872,direct,41.87194,12.56738,37.09024,-95.712891
Lithium,ITA,EGY,Italy,Egypt,253090,Raw,1115837.029,direct,41.87194,12.56738,26.820553,30.802498
Lithium,ITA,IND,Italy,India,253090,Raw,1039811.602,direct,41.87194,12.56738,20.593684,78.96288
Lithium,ITA,DZA,Italy,Algeria,253090,Raw,911684.782,direct,41.87194,12.56738,28.033886,1.659626
Lithium,ITA,GRC,Italy,Greece,253090,Raw,810406.615,direct,41.87194,12.56738,39.074208,21.824312
Lithium,ITA,PRT,Italy,Portugal,253090,Raw,798155.909,direct,41.87194,12.56738,39.399872,-8.224454
Lithium,ITA,BGR,Italy,Bulgaria,253090,Raw,711927.323,direct,41.87194,12.56738,42.733883,25.48583
Lithium,ITA,SWE,Italy,Sweden,253090,Raw,685356.356,direct,41.87194,12.56738,60.128161,18.643501
Lithium,ITA,UKR,Italy,Ukraine,253090,Raw,591630.225,direct,41.87194,12.56738,48.379433,31.16558
Lithium,ITA,ROU,Italy,Romania,253090,Raw,525779.664,direct,41.87194,12.56738,45.943161,24.96676
Lithium,ITA,ARE,Italy,United Arab Emirates,253090,Raw,525003.189,direct,41.87194,12.56738,23.424076,53.847818
Lithium,ITA,SVN,Italy,Slovenia,253090,Raw,417008.143,direct,41.87194,12.56738,46.151241,14.995463
Lithium,ITA,PER,Italy,Peru,253090,Raw,399039.183,direct,41.87194,12.56738,-9.189967,-75.015152
Lithium,ITA,BEL,Italy,Belgium,253090,Raw,367080.043,direct,41.87194,12.56738,50.503887,4.469936
Lithium,ITA,ARG,Italy,Argentina,253090,Raw,314301.723,direct,41.87194,12.56738,-38.416097,-63.616672
Lithium,ITA,MAR,Italy,Morocco,253090,Raw,305203.025,direct,41.87194,12.56738,31.791702,-7.09262
Lithium,ITA,X1 ,Italy,Bunkers,253090,Raw,300926.647,direct,41.87194,12.56738,,
Lithium,ITA,HRV,Italy,Croatia,253090,Raw,265913.999,direct,41.87194,12.56738,45.1,15.2
Lithium,ITA,ECU,Italy,Ecuador,253090,Raw,265819.691,direct,41.87194,12.56738,-1.831239,-78.183406
Lithium,ITA,SRB,Italy,Serbia,253090,Raw,260830.758,direct,41.87194,12.56738,44.016521,21.005859
Lithium,ITA,AUT,Italy,Austria,253090,Raw,231545.795,direct,41.87194,12.56738,47.516231,14.550072
Lithium,ITA,UZB,Italy,Uzbekistan,253090,Raw,209579.474,direct,41.87194,12.56738,41.377491,64.585262
Lithium,ITA,PAK,Italy,Pakistan,253090,Raw,180797.209,direct,41.87194,12.56738,30.375321,69.345116
Lithium,ITA,LUX,Italy,Luxembourg,253090,Raw,180519.522,direct,41.87194,12.56738,49.815273,6.129583
Lithium,ITA,FIN,Italy,Finland,253090,Raw,177927.079,direct,41.87194,12.56738,61.92411,25.748151
Lithium,ITA,TUN,Italy,Tunisia,253090,Raw,152479.435,direct,41.87194,12.56738,33.886917,9.537499
Lithium,ITA,SAU,Italy,Saudi Arabia,253090,Raw,151666.284,direct,41.87194,12.56738,23.885942,45.079162
Lithium,ITA,CZE,Italy,Czechia,253090,Raw,144683.245,direct,41.87194,12.56738,49.817492,15.472962
Lithium,ITA,AUS,Italy,Australia,253090,Raw,138647.485,direct,41.87194,12.56738,-25.274398,133.775136
Lithium,ITA,CHN,Italy,China,253090,Raw,122765.891,direct,41.87194,12.56738,35.86166,104.195397
Lithium,ITA,HUN,Italy,Hungary,253090,Raw,120819.987,direct,41.87194,12.56738,47.162494,19.503304
Lithium,ITA,MYS,Italy,Malaysia,253090,Raw,101963.477,direct,41.87194,12.56738,4.210484,101.975766
Lithium,ITA,THA,Italy,Thailand,253090,Raw,100605.431,direct,41.87194,12.56738,15.870032,100.992541
Lithium,ITA,KOR,Italy,Rep. of Korea,253090,Raw,99869.823,direct,41.87194,12.56738,35.907757,127.766922
Lithium,ITA,KGZ,Italy,Kyrgyzstan,253090,Raw,92422.575,direct,41.87194,12.56738,41.20438,74.766098
Lithium,ITA,SYR,Italy,Syria,253090,Raw,80214.831,direct,41.87194,12.56738,34.802075,38.996815
Lithium,ITA,GBR,Italy,United Kingdom,253090,Raw,76434.098,direct,41.87194,12.56738,55.378051,-3.435973
Lithium,ITA,IRN,Italy,Iran,253090,Raw,64623.499,direct,41.87194,12.56738,32.427908,53.688046
Lithium,ITA,BRA,Italy,Brazil,253090,Raw,60126.02,direct,41.87194,12.56738,-14.235004,-51.92528
Lithium,ITA,PAN,Italy,Panama,253090,Raw,54995.624,direct,41.87194,12.56738,8.537981,-80.782127
Lithium,ITA,LBY,Italy,Libya,253090,Raw,53869.158,direct,41.87194,12.56738,26.3351,17.228331
Lithium,ITA,LTU,Italy,Lithuania,253090,Raw,51584.79,direct,41.87194,12.56738,55.169438,23.881275
Lithium,ITA,NLD,Italy,Netherlands,253090,Raw,51343.779,direct,41.87194,12.56738,52.132633,5.291266
Lithium,ITA,BIH,Italy,Bosnia Herzegovina,253090,Raw,48231.59,direct,41.87194,12.56738,43.915886,17.679076
Lithium,ITA,MKD,Italy,North Macedonia,253090,Raw,44021.229,direct,41.87194,12.56738,41.608635,21.745275
Lithium,ITA,MLT,Italy,Malta,253090,Raw,41908.713,direct,41.87194,12.56738,35.937496,14.375416
Lithium,ITA,ISR,Italy,Israel,253090,Raw,41861.558,direct,41.87194,12.56738,31.046051,34.851612
Lithium,ITA,ZAF,Italy,South Africa,253090,Raw,41563.962,direct,41.87194,12.56738,-30.559482,22.937506
Lithium,ITA,LBN,Italy,Lebanon,253090,Raw,37921.548,direct,41.87194,12.56738,33.854721,35.862285
Lithium,ITA,COL,Italy,Colombia,253090,Raw,36466.05,direct,41.87194,12.56738,4.570868,-74.297333
Lithium,ITA,MNE,Italy,Montenegro,253090,Raw,28354.45,direct,41.87194,12.56738,42.708678,19.37439
Lithium,ITA,E19,Italy,"Other Europe, nes",253090,Raw,27287.713,direct,41.87194,12.56738,,
Lithium,ITA,CHL,Italy,Chile,253090,Raw,21450.001,direct,41.87194,12.56738,-35.675147,-71.542969
Lithium,ITA,S19,Italy,"Other Asia, nes",253090,Raw,11249.986,direct,41.87194,12.56738,,
Lithium,ITA,ALB,Italy,Albania,253090,Raw,10042.834,direct,41.87194,12.56738,41.153332,20.168331
Lithium,ITA,LKA,Italy,Sri Lanka,253090,Raw,9598.535,direct,41.87194,12.56738,7.873054,80.771797
Lithium,ITA,NOR,Italy,Norway,253090,Raw,9209.337,mirror,41.87194,12.56738,60.472024,8.468946
Lithium,ITA,CAN,Italy,Canada,253090,Raw,7482.505,mirror,41.87194,12.56738,56.130366,-106.346771
Lithium,ITA,IDN,Italy,Indonesia,253090,Raw,7073.156,direct,41.87194,12.56738,-0.789275,113.921327
Lithium,ITA,JPN,Italy,Japan,253090,Raw,5602.304,mirror,41.87194,12.56738,36.204824,138.252924
Lithium,ITA,MDA,Italy,Rep. of Moldova,253090,Raw,4984.0,mirror,41.87194,12.56738,47.411631,28.369885
Lithium,ITA,CIV,Italy,Côte d'Ivoire,253090,Raw,4191.5,direct,41.87194,12.56738,7.539989,-5.54708
Lithium,ITA,IRL,Italy,Ireland,253090,Raw,3506.19,direct,41.87194,12.56738,53.41291,-8.24389
Lithium,ITA,GEO,Italy,Georgia,253090,Raw,3401.402,direct,41.87194,12.56738,42.315407,43.356892
Lithium,ITA,SVK,Italy,Slovakia,253090,Raw,2872.225,direct,41.87194,12.56738,48.669026,19.699024
Lithium,ITA,ARM,Italy,Armenia,253090,Raw,2308.12,mirror,41.87194,12.56738,40.069099,45.038189
Lithium,ITA,GTM,Italy,Guatemala,253090,Raw,1742.616,direct,41.87194,12.56738,15.783471,-90.230759
Lithium,ITA,TJK,Italy,Tajikistan,253090,Raw,1601.153,direct,41.87194,12.56738,38.861034,71.276093
Lithium,ITA,NGA,Italy,Nigeria,253090,Raw,1309.864,mirror,41.87194,12.56738,9.081999,8.675277
Lithium,ITA,CXR,Italy,Christmas Isds,253090,Raw,1194.577,direct,41.87194,12.56738,,
Lithium,ITA,DNK,Italy,Denmark,253090,Raw,1021.678,direct,41.87194,12.56738,56.26392,9.501785
Lithium,ITA,URY,Italy,Uruguay,253090,Raw,152.0,mirror,41.87194,12.56738,-32.522779,-55.765835
Lithium,ITA,CYP,Italy,Cyprus,253090,Raw,41.915,direct,41.87194,12.56738,35.126413,33.429859
Lithium,ITA,KEN,Italy,Kenya,253090,Raw,15.786,mirror,41.87194,12.56738,-0.023559,37.906193
Lithium,ITA,KAZ,Italy,Kazakhstan,253090,Raw,8.93,mirror,41.87194,12.56738,48.019573,66.923684
Lithium,JAM,BHS,Jamaica,Bahamas,253090,Raw,1581071.0,mirror,18.109581,-77.297508,25.03428,-77.39628
Lithium,JAM,CAN,Jamaica,Canada,253090,Raw,83106.02,mirror,18.109581,-77.297508,56.130366,-106.346771
Lithium,JPN,USA,Japan,USA,253090,Raw,9499828.721,direct,36.204824,138.252924,37.09024,-95.712891
Lithium,JPN,CHN,Japan,China,253090,Raw,4044202.492,direct,36.204824,138.252924,35.86166,104.195397
Lithium,JPN,KOR,Japan,Rep. of Korea,253090,Raw,2077272.044,direct,36.204824,138.252924,35.907757,127.766922
Lithium,JPN,IND,Japan,India,253090,Raw,1540587.223,direct,36.204824,138.252924,20.593684,78.96288
Lithium,JPN,S19,Japan,"Other Asia, nes",253090,Raw,1311612.886,direct,36.204824,138.252924,,
Lithium,JPN,VNM,Japan,Viet Nam,253090,Raw,976498.68,direct,36.204824,138.252924,14.058324,108.277199
Lithium,JPN,BGD,Japan,Bangladesh,253090,Raw,935115.627,direct,36.204824,138.252924,23.684994,90.356331
Lithium,JPN,IRL,Japan,Ireland,253090,Raw,855098.964,mirror,36.204824,138.252924,53.41291,-8.24389
Lithium,JPN,AUS,Japan,Australia,253090,Raw,623679.082,direct,36.204824,138.252924,-25.274398,133.775136
Lithium,JPN,THA,Japan,Thailand,253090,Raw,602102.286,direct,36.204824,138.252924,15.870032,100.992541
Lithium,JPN,NLD,Japan,Netherlands,253090,Raw,457928.854,direct,36.204824,138.252924,52.132633,5.291266
Lithium,JPN,MYS,Japan,Malaysia,253090,Raw,367750.266,direct,36.204824,138.252924,4.210484,101.975766
Lithium,JPN,LVA,Japan,Latvia,253090,Raw,328824.827,direct,36.204824,138.252924,56.879635,24.603189
Lithium,JPN,IDN,Japan,Indonesia,253090,Raw,290731.805,direct,36.204824,138.252924,-0.789275,113.921327
Lithium,JPN,HKG,Japan,"China, Hong Kong SAR",253090,Raw,164970.662,direct,36.204824,138.252924,22.396428,114.109497
Lithium,JPN,PHL,Japan,Philippines,253090,Raw,164377.0,mirror,36.204824,138.252924,12.879721,121.774017
Lithium,JPN,ESP,Japan,Spain,253090,Raw,131482.364,direct,36.204824,138.252924,40.463667,-3.74922
Lithium,JPN,DEU,Japan,Germany,253090,Raw,103160.341,direct,36.204824,138.252924,51.165691,10.451526
Lithium,JPN,GBR,Japan,United Kingdom,253090,Raw,102737.526,direct,36.204824,138.252924,55.378051,-3.435973
Lithium,JPN,ITA,Japan,Italy,253090,Raw,85402.096,direct,36.204824,138.252924,41.87194,12.56738
Lithium,JPN,HUN,Japan,Hungary,253090,Raw,84545.052,mirror,36.204824,138.252924,47.162494,19.503304
Lithium,JPN,CAN,Japan,Canada,253090,Raw,64723.783,direct,36.204824,138.252924,56.130366,-106.346771
Lithium,JPN,LKA,Japan,Sri Lanka,253090,Raw,40464.751,direct,36.204824,138.252924,7.873054,80.771797
Lithium,JPN,FRA,Japan,France,253090,Raw,38839.555,direct,36.204824,138.252924,46.227638,2.213749
Lithium,JPN,CHE,Japan,Switzerland,253090,Raw,31184.378,mirror,36.204824,138.252924,46.818188,8.227512
Lithium,JPN,POL,Japan,Poland,253090,Raw,31133.0,mirror,36.204824,138.252924,51.919438,19.145136
Lithium,JPN,BEL,Japan,Belgium,253090,Raw,27337.656,direct,36.204824,138.252924,50.503887,4.469936
Lithium,JPN,SGP,Japan,Singapore,253090,Raw,13563.124,direct,36.204824,138.252924,1.352083,103.819836
Lithium,JPN,TUR,Japan,Türkiye,253090,Raw,13212.98,direct,36.204824,138.252924,38.963745,35.243322
Lithium,JPN,RUS,Japan,Russian Federation,253090,Raw,12928.901,direct,36.204824,138.252924,61.52401,105.318756
Lithium,JPN,NZL,Japan,New Zealand,253090,Raw,10345.763,direct,36.204824,138.252924,-40.900557,174.885971
Lithium,JPN,MAC,Japan,"China, Macao SAR",253090,Raw,9493.034,mirror,36.204824,138.252924,22.198745,113.543873
Lithium,JPN,PRT,Japan,Portugal,253090,Raw,9341.577,direct,36.204824,138.252924,39.399872,-8.224454
Lithium,JPN,ISR,Japan,Israel,253090,Raw,9097.137,direct,36.204824,138.252924,31.046051,34.851612
Lithium,JPN,CZE,Japan,Czechia,253090,Raw,8515.766,direct,36.204824,138.252924,49.817492,15.472962
Lithium,JPN,MEX,Japan,Mexico,253090,Raw,7927.788,direct,36.204824,138.252924,23.634501,-102.552784
Lithium,JPN,SRB,Japan,Serbia,253090,Raw,6656.0,mirror,36.204824,138.252924,44.016521,21.005859
Lithium,JPN,ZAF,Japan,South Africa,253090,Raw,5668.368,direct,36.204824,138.252924,-30.559482,22.937506
Lithium,JPN,BRA,Japan,Brazil,253090,Raw,4598.117,direct,36.204824,138.252924,-14.235004,-51.92528
Lithium,JPN,SWE,Japan,Sweden,253090,Raw,4163.656,mirror,36.204824,138.252924,60.128161,18.643501
Lithium,JPN,NOR,Japan,Norway,253090,Raw,2369.29,mirror,36.204824,138.252924,60.472024,8.468946
Lithium,JPN,ARG,Japan,Argentina,253090,Raw,1937.44,mirror,36.204824,138.252924,-38.416097,-63.616672
Lithium,JPN,LUX,Japan,Luxembourg,253090,Raw,580.156,mirror,36.204824,138.252924,49.815273,6.129583
Lithium,JPN,CHL,Japan,Chile,253090,Raw,450.34,mirror,36.204824,138.252924,-35.675147,-71.542969
Lithium,JPN,SAU,Japan,Saudi Arabia,253090,Raw,381.067,mirror,36.204824,138.252924,23.885942,45.079162
Lithium,JPN,SVK,Japan,Slovakia,253090,Raw,294.408,mirror,36.204824,138.252924,48.669026,19.699024
Lithium,JPN,DNK,Japan,Denmark,253090,Raw,56.567,mirror,36.204824,138.252924,56.26392,9.501785
Lithium,JPN,AUT,Japan,Austria,253090,Raw,29.224,mirror,36.204824,138.252924,47.516231,14.550072
Lithium,JPN,ROU,Japan,Romania,253090,Raw,1.68,mirror,36.204824,138.252924,45.943161,24.96676
Lithium,JOR,ISR,Jordan,Israel,253090,Raw,1281995.883,direct,30.585164,36.238414,31.046051,34.851612
Lithium,JOR,ARE,Jordan,United Arab Emirates,253090,Raw,850658.237,direct,30.585164,36.238414,23.424076,53.847818
Lithium,JOR,DEU,Jordan,Germany,253090,Raw,601103.016,mirror,30.585164,36.238414,51.165691,10.451526
Lithium,JOR,IRQ,Jordan,Iraq,253090,Raw,120540.619,direct,30.585164,36.238414,33.223191,43.679291
Lithium,JOR,SAU,Jordan,Saudi Arabia,253090,Raw,80413.605,direct,30.585164,36.238414,23.885942,45.079162
Lithium,JOR,TUR,Jordan,Türkiye,253090,Raw,45080.0,mirror,30.585164,36.238414,38.963745,35.243322
Lithium,JOR,EGY,Jordan,Egypt,253090,Raw,19772.113,direct,30.585164,36.238414,26.820553,30.802498
Lithium,JOR,PSE,Jordan,State of Palestine,253090,Raw,16976.056,direct,30.585164,36.238414,,
Lithium,JOR,ITA,Jordan,Italy,253090,Raw,14933.267,mirror,30.585164,36.238414,41.87194,12.56738
Lithium,JOR,CZE,Jordan,Czechia,253090,Raw,13356.0,mirror,30.585164,36.238414,49.817492,15.472962
Lithium,JOR,POL,Jordan,Poland,253090,Raw,11151.0,mirror,30.585164,36.238414,51.919438,19.145136
Lithium,JOR,CHN,Jordan,China,253090,Raw,6128.0,mirror,30.585164,36.238414,35.86166,104.195397
Lithium,JOR,USA,Jordan,USA,253090,Raw,6017.0,mirror,30.585164,36.238414,37.09024,-95.712891
Lithium,JOR,AUT,Jordan,Austria,253090,Raw,1597.746,direct,30.585164,36.238414,47.516231,14.550072
Lithium,JOR,EST,Jordan,Estonia,253090,Raw,1134.24,mirror,30.585164,36.238414,58.595272,25.013607
Lithium,JOR,QAT,Jordan,Qatar,253090,Raw,1098.451,direct,30.585164,36.238414,25.354826,51.183884
Lithium,JOR,KWT,Jordan,Kuwait,253090,Raw,922.352,direct,30.585164,36.238414,29.31166,47.481766
Lithium,JOR,OMN,Jordan,Oman,253090,Raw,499.296,direct,30.585164,36.238414,21.512583,55.923255
Lithium,JOR,FRA,Jordan,France,253090,Raw,329.044,mirror,30.585164,36.238414,46.227638,2.213749
Lithium,JOR,CAN,Jordan,Canada,253090,Raw,253.932,mirror,30.585164,36.238414,56.130366,-106.346771
Lithium,JOR,ZAF,Jordan,South Africa,253090,Raw,83.368,mirror,30.585164,36.238414,-30.559482,22.937506
Lithium,JOR,DNK,Jordan,Denmark,253090,Raw,18.566,mirror,30.585164,36.238414,56.26392,9.501785
Lithium,JOR,NLD,Jordan,Netherlands,253090,Raw,14.071,mirror,30.585164,36.238414,52.132633,5.291266
Lithium,KAZ,RUS,Kazakhstan,Russian Federation,253090,Raw,12532175.71,direct,48.019573,66.923684,61.52401,105.318756
Lithium,KAZ,BLR,Kazakhstan,Belarus,253090,Raw,330040.82,direct,48.019573,66.923684,53.709807,27.953389
Lithium,KAZ,UZB,Kazakhstan,Uzbekistan,253090,Raw,132572.02,direct,48.019573,66.923684,41.377491,64.585262
Lithium,KAZ,IRL,Kazakhstan,Ireland,253090,Raw,35721.802,mirror,48.019573,66.923684,53.41291,-8.24389
Lithium,KAZ,CHN,Kazakhstan,China,253090,Raw,10122.0,mirror,48.019573,66.923684,35.86166,104.195397
Lithium,KAZ,CZE,Kazakhstan,Czechia,253090,Raw,276.0,mirror,48.019573,66.923684,49.817492,15.472962
Lithium,KAZ,NOR,Kazakhstan,Norway,253090,Raw,250.18,direct,48.019573,66.923684,60.472024,8.468946
Lithium,KAZ,POL,Kazakhstan,Poland,253090,Raw,176.87,direct,48.019573,66.923684,51.919438,19.145136
Lithium,KAZ,KGZ,Kazakhstan,Kyrgyzstan,253090,Raw,144.48,direct,48.019573,66.923684,41.20438,74.766098
Lithium,KAZ,EST,Kazakhstan,Estonia,253090,Raw,4.36,direct,48.019573,66.923684,58.595272,25.013607
Lithium,KEN,USA,Kenya,USA,253090,Raw,1723559.547,direct,-0.023559,37.906193,37.09024,-95.712891
Lithium,KEN,YEM,Kenya,Yemen,253090,Raw,636015.734,direct,-0.023559,37.906193,15.552727,48.516388
Lithium,KEN,SAU,Kenya,Saudi Arabia,253090,Raw,329035.201,direct,-0.023559,37.906193,23.885942,45.079162
Lithium,KEN,ZAF,Kenya,South Africa,253090,Raw,197512.729,direct,-0.023559,37.906193,-30.559482,22.937506
Lithium,KEN,TZA,Kenya,United Rep. of Tanzania,253090,Raw,33902.868,direct,-0.023559,37.906193,-6.369028,34.888822
Lithium,KEN,CAN,Kenya,Canada,253090,Raw,6737.64,mirror,-0.023559,37.906193,56.130366,-106.346771
Lithium,KEN,CZE,Kenya,Czechia,253090,Raw,5048.0,mirror,-0.023559,37.906193,49.817492,15.472962
Lithium,KEN,NGA,Kenya,Nigeria,253090,Raw,3113.074,direct,-0.023559,37.906193,9.081999,8.675277
Lithium,KEN,IND,Kenya,India,253090,Raw,1942.362,mirror,-0.023559,37.906193,20.593684,78.96288
Lithium,KEN,POL,Kenya,Poland,253090,Raw,1575.0,mirror,-0.023559,37.906193,51.919438,19.145136
Lithium,KEN,SWE,Kenya,Sweden,253090,Raw,1514.058,mirror,-0.023559,37.906193,60.128161,18.643501
Lithium,KEN,FRA,Kenya,France,253090,Raw,333.372,mirror,-0.023559,37.906193,46.227638,2.213749
Lithium,KEN,NLD,Kenya,Netherlands,253090,Raw,113.65,mirror,-0.023559,37.906193,52.132633,5.291266
Lithium,KEN,CHN,Kenya,China,253090,Raw,87.371,direct,-0.023559,37.906193,35.86166,104.195397
Lithium,KEN,DEU,Kenya,Germany,253090,Raw,63.273,direct,-0.023559,37.906193,51.165691,10.451526
Lithium,KEN,JPN,Kenya,Japan,253090,Raw,59.29,direct,-0.023559,37.906193,36.204824,138.252924
Lithium,KEN,DNK,Kenya,Denmark,253090,Raw,49.315,mirror,-0.023559,37.906193,56.26392,9.501785
Lithium,KEN,S19,Kenya,"Other Asia, nes",253090,Raw,31.152,mirror,-0.023559,37.906193,,
Lithium,KEN,CHE,Kenya,Switzerland,253090,Raw,18.172,mirror,-0.023559,37.906193,46.818188,8.227512
Lithium,KEN,ITA,Kenya,Italy,253090,Raw,11.916,direct,-0.023559,37.906193,41.87194,12.56738
Lithium,KEN,LKA,Kenya,Sri Lanka,253090,Raw,11.916,direct,-0.023559,37.906193,7.873054,80.771797
Lithium,KEN,SLE,Kenya,Sierra Leone,253090,Raw,11.916,direct,-0.023559,37.906193,8.460555,-11.779889
Lithium,KEN,ARE,Kenya,United Arab Emirates,253090,Raw,11.761,direct,-0.023559,37.906193,23.424076,53.847818
Lithium,KEN,ISL,Kenya,Iceland,253090,Raw,0.745,direct,-0.023559,37.906193,64.963051,-19.020835
Lithium,KWT,DEU,Kuwait,Germany,253090,Raw,125745.0,mirror,29.31166,47.481766,51.165691,10.451526
Lithium,KWT,ARE,Kuwait,United Arab Emirates,253090,Raw,300.0,direct,29.31166,47.481766,23.424076,53.847818
Lithium,KGZ,UZB,Kyrgyzstan,Uzbekistan,253090,Raw,21328.0,direct,41.20438,74.766098,41.377491,64.585262
Lithium,KGZ,LVA,Kyrgyzstan,Latvia,253090,Raw,18108.0,direct,41.20438,74.766098,56.879635,24.603189
Lithium,KGZ,KAZ,Kyrgyzstan,Kazakhstan,253090,Raw,2084.0,direct,41.20438,74.766098,48.019573,66.923684
Lithium,KGZ,CHN,Kyrgyzstan,China,253090,Raw,164.0,direct,41.20438,74.766098,35.86166,104.195397
Lithium,KGZ,GBR,Kyrgyzstan,United Kingdom,253090,Raw,12.0,direct,41.20438,74.766098,55.378051,-3.435973
Lithium,KGZ,IRL,Kyrgyzstan,Ireland,253090,Raw,5.412,mirror,41.20438,74.766098,53.41291,-8.24389
Lithium,KGZ,AUS,Kyrgyzstan,Australia,253090,Raw,2.0,direct,41.20438,74.766098,-25.274398,133.775136
Lithium,LAO,JPN,Lao People's Dem. Rep.,Japan,253090,Raw,480490.018,mirror,19.85627,102.495496,36.204824,138.252924
Lithium,LAO,CHN,Lao People's Dem. Rep.,China,253090,Raw,260681.0,mirror,19.85627,102.495496,35.86166,104.195397
Lithium,LAO,AUS,Lao People's Dem. Rep.,Australia,253090,Raw,25739.618,mirror,19.85627,102.495496,-25.274398,133.775136
Lithium,LAO,POL,Lao People's Dem. Rep.,Poland,253090,Raw,2544.0,mirror,19.85627,102.495496,51.919438,19.145136
Lithium,LAO,CAN,Lao People's Dem. Rep.,Canada,253090,Raw,19.752,mirror,19.85627,102.495496,56.130366,-106.346771
Lithium,LVA,DEU,Latvia,Germany,253090,Raw,14179249.304,mirror,56.879635,24.603189,51.165691,10.451526
Lithium,LVA,ESP,Latvia,Spain,253090,Raw,8065709.818,mirror,56.879635,24.603189,40.463667,-3.74922
Lithium,LVA,ITA,Latvia,Italy,253090,Raw,2739320.245,mirror,56.879635,24.603189,41.87194,12.56738
Lithium,LVA,FRA,Latvia,France,253090,Raw,1411220.632,mirror,56.879635,24.603189,46.227638,2.213749
Lithium,LVA,UKR,Latvia,Ukraine,253090,Raw,1371970.164,direct,56.879635,24.603189,48.379433,31.16558
Lithium,LVA,S19,Latvia,"Other Asia, nes",253090,Raw,691597.5,direct,56.879635,24.603189,,
Lithium,LVA,HKG,Latvia,"China, Hong Kong SAR",253090,Raw,667827.504,direct,56.879635,24.603189,22.396428,114.109497
Lithium,LVA,CHN,Latvia,China,253090,Raw,568627.272,direct,56.879635,24.603189,35.86166,104.195397
Lithium,LVA,RUS,Latvia,Russian Federation,253090,Raw,508022.376,direct,56.879635,24.603189,61.52401,105.318756
Lithium,LVA,LTU,Latvia,Lithuania,253090,Raw,222761.46000000002,direct,56.879635,24.603189,55.169438,23.881275
Lithium,LVA,CZE,Latvia,Czechia,253090,Raw,191684.0,mirror,56.879635,24.603189,49.817492,15.472962
Lithium,LVA,EST,Latvia,Estonia,253090,Raw,79018.156,direct,56.879635,24.603189,58.595272,25.013607
Lithium,LVA,AUT,Latvia,Austria,253090,Raw,3241.729,mirror,56.879635,24.603189,47.516231,14.550072
Lithium,LVA,DNK,Latvia,Denmark,253090,Raw,1705.94,direct,56.879635,24.603189,56.26392,9.501785
Lithium,LVA,MYS,Latvia,Malaysia,253090,Raw,989.192,direct,56.879635,24.603189,4.210484,101.975766
Lithium,LVA,NLD,Latvia,Netherlands,253090,Raw,89.838,mirror,56.879635,24.603189,52.132633,5.291266
Lithium,LVA,POL,Latvia,Poland,253090,Raw,88.02,direct,56.879635,24.603189,51.919438,19.145136
Lithium,LVA,SGP,Latvia,Singapore,253090,Raw,4.192,direct,56.879635,24.603189,1.352083,103.819836
Lithium,LBN,COG,Lebanon,Congo,253090,Raw,2728.0,direct,33.854721,35.862285,-0.228021,15.827659
Lithium,LBN,IRQ,Lebanon,Iraq,253090,Raw,2500.0,direct,33.854721,35.862285,33.223191,43.679291
Lithium,LBN,CAN,Lebanon,Canada,253090,Raw,860.544,mirror,33.854721,35.862285,56.130366,-106.346771
Lithium,LBN,CIV,Lebanon,Côte d'Ivoire,253090,Raw,120.0,direct,33.854721,35.862285,7.539989,-5.54708
Lithium,LSO,ZAF,Lesotho,South Africa,253090,Raw,1.092,direct,-29.609988,28.233608,-30.559482,22.937506
Lithium,LBR,CHN,Liberia,China,253090,Raw,33727.0,mirror,6.428055,-9.429499,35.86166,104.195397
Lithium,LBR,IND,Liberia,India,253090,Raw,5489.43,mirror,6.428055,-9.429499,20.593684,78.96288
Lithium,LBR,ZAF,Liberia,South Africa,253090,Raw,324.736,mirror,6.428055,-9.429499,-30.559482,22.937506
Lithium,LBR,CAN,Liberia,Canada,253090,Raw,39.5,mirror,6.428055,-9.429499,56.130366,-106.346771
Lithium,LBY,CHN,Libya,China,253090,Raw,55416.0,mirror,26.3351,17.228331,35.86166,104.195397
Lithium,LBY,TUN,Libya,Tunisia,253090,Raw,17634.072,mirror,26.3351,17.228331,33.886917,9.537499
Lithium,LBY,USA,Libya,USA,253090,Raw,2451.0,mirror,26.3351,17.228331,37.09024,-95.712891
Lithium,LBY,MAR,Libya,Morocco,253090,Raw,160.928,mirror,26.3351,17.228331,31.791702,-7.09262
Lithium,LBY,IDN,Libya,Indonesia,253090,Raw,34.0,mirror,26.3351,17.228331,-0.789275,113.921327
Lithium,LTU,BLR,Lithuania,Belarus,253090,Raw,613846.0,direct,55.169438,23.881275,53.709807,27.953389
Lithium,LTU,SAU,Lithuania,Saudi Arabia,253090,Raw,283032.526,mirror,55.169438,23.881275,23.885942,45.079162
Lithium,LTU,HKG,Lithuania,"China, Hong Kong SAR",253090,Raw,149176.0,direct,55.169438,23.881275,22.396428,114.109497
Lithium,LTU,CHN,Lithuania,China,253090,Raw,135411.0,direct,55.169438,23.881275,35.86166,104.195397
Lithium,LTU,LVA,Lithuania,Latvia,253090,Raw,90938.0,direct,55.169438,23.881275,56.879635,24.603189
Lithium,LTU,DEU,Lithuania,Germany,253090,Raw,55635.0,direct,55.169438,23.881275,51.165691,10.451526
Lithium,LTU,POL,Lithuania,Poland,253090,Raw,48961.0,direct,55.169438,23.881275,51.919438,19.145136
Lithium,LTU,HUN,Lithuania,Hungary,253090,Raw,40911.0,direct,55.169438,23.881275,47.162494,19.503304
Lithium,LTU,BIH,Lithuania,Bosnia Herzegovina,253090,Raw,26841.608,mirror,55.169438,23.881275,43.915886,17.679076
Lithium,LTU,RUS,Lithuania,Russian Federation,253090,Raw,25488.0,direct,55.169438,23.881275,61.52401,105.318756
Lithium,LTU,IRL,Lithuania,Ireland,253090,Raw,21129.0,direct,55.169438,23.881275,53.41291,-8.24389
Lithium,LTU,NLD,Lithuania,Netherlands,253090,Raw,11275.0,direct,55.169438,23.881275,52.132633,5.291266
Lithium,LTU,TUR,Lithuania,Türkiye,253090,Raw,9566.0,direct,55.169438,23.881275,38.963745,35.243322
Lithium,LTU,UKR,Lithuania,Ukraine,253090,Raw,9386.0,direct,55.169438,23.881275,48.379433,31.16558
Lithium,LTU,HRV,Lithuania,Croatia,253090,Raw,9261.0,mirror,55.169438,23.881275,45.1,15.2
Lithium,LTU,CHE,Lithuania,Switzerland,253090,Raw,9208.0,direct,55.169438,23.881275,46.818188,8.227512
Lithium,LTU,S19,Lithuania,"Other Asia, nes",253090,Raw,8585.0,direct,55.169438,23.881275,,
Lithium,LTU,ARE,Lithuania,United Arab Emirates,253090,Raw,6720.0,direct,55.169438,23.881275,23.424076,53.847818
Lithium,LTU,KAZ,Lithuania,Kazakhstan,253090,Raw,3294.0,direct,55.169438,23.881275,48.019573,66.923684
Lithium,LTU,AUS,Lithuania,Australia,253090,Raw,2587.178,mirror,55.169438,23.881275,-25.274398,133.775136
Lithium,LTU,FRA,Lithuania,France,253090,Raw,2192.0,direct,55.169438,23.881275,46.227638,2.213749
Lithium,LTU,THA,Lithuania,Thailand,253090,Raw,2186.56,mirror,55.169438,23.881275,15.870032,100.992541
Lithium,LTU,GBR,Lithuania,United Kingdom,253090,Raw,2103.0,direct,55.169438,23.881275,55.378051,-3.435973
Lithium,LTU,USA,Lithuania,USA,253090,Raw,1806.0,direct,55.169438,23.881275,37.09024,-95.712891
Lithium,LTU,KOR,Lithuania,Rep. of Korea,253090,Raw,1610.0,direct,55.169438,23.881275,35.907757,127.766922
Lithium,LTU,CZE,Lithuania,Czechia,253090,Raw,1482.0,direct,55.169438,23.881275,49.817492,15.472962
Lithium,LTU,MDA,Lithuania,Rep. of Moldova,253090,Raw,1336.0,mirror,55.169438,23.881275,47.411631,28.369885
Lithium,LTU,CAN,Lithuania,Canada,253090,Raw,1230.156,mirror,55.169438,23.881275,56.130366,-106.346771
Lithium,LTU,SWE,Lithuania,Sweden,253090,Raw,732.0,direct,55.169438,23.881275,60.128161,18.643501
Lithium,LTU,EST,Lithuania,Estonia,253090,Raw,640.0,direct,55.169438,23.881275,58.595272,25.013607
Lithium,LTU,DNK,Lithuania,Denmark,253090,Raw,136.0,direct,55.169438,23.881275,56.26392,9.501785
Lithium,LTU,JPN,Lithuania,Japan,253090,Raw,130.0,direct,55.169438,23.881275,36.204824,138.252924
Lithium,LTU,BEL,Lithuania,Belgium,253090,Raw,9.0,direct,55.169438,23.881275,50.503887,4.469936
Lithium,LTU,UZB,Lithuania,Uzbekistan,253090,Raw,7.0,mirror,55.169438,23.881275,41.377491,64.585262
Lithium,LUX,AUT,Luxembourg,Austria,253090,Raw,425728.377,mirror,49.815273,6.129583,47.516231,14.550072
Lithium,LUX,CHE,Luxembourg,Switzerland,253090,Raw,100354.272,mirror,49.815273,6.129583,46.818188,8.227512
Lithium,LUX,ITA,Luxembourg,Italy,253090,Raw,76156.411,mirror,49.815273,6.129583,41.87194,12.56738
Lithium,LUX,IRL,Luxembourg,Ireland,253090,Raw,72242.401,mirror,49.815273,6.129583,53.41291,-8.24389
Lithium,LUX,DEU,Luxembourg,Germany,253090,Raw,38583.616,direct,49.815273,6.129583,51.165691,10.451526
Lithium,LUX,FRA,Luxembourg,France,253090,Raw,28244.567,direct,49.815273,6.129583,46.227638,2.213749
Lithium,LUX,POL,Luxembourg,Poland,253090,Raw,10515.0,mirror,49.815273,6.129583,51.919438,19.145136
Lithium,LUX,BEL,Luxembourg,Belgium,253090,Raw,5426.114,direct,49.815273,6.129583,50.503887,4.469936
Lithium,LUX,NLD,Luxembourg,Netherlands,253090,Raw,1761.033,mirror,49.815273,6.129583,52.132633,5.291266
Lithium,MDG,CHN,Madagascar,China,253090,Raw,2357072.418,direct,-18.766947,46.869107,35.86166,104.195397
Lithium,MDG,IND,Madagascar,India,253090,Raw,138413.118,direct,-18.766947,46.869107,20.593684,78.96288
Lithium,MDG,HKG,Madagascar,"China, Hong Kong SAR",253090,Raw,53230.973,direct,-18.766947,46.869107,22.396428,114.109497
Lithium,MDG,JPN,Madagascar,Japan,253090,Raw,16892.795,mirror,-18.766947,46.869107,36.204824,138.252924
Lithium,MDG,NZL,Madagascar,New Zealand,253090,Raw,2205.399,mirror,-18.766947,46.869107,-40.900557,174.885971
Lithium,MDG,CZE,Madagascar,Czechia,253090,Raw,936.0,mirror,-18.766947,46.869107,49.817492,15.472962
Lithium,MDG,SVN,Madagascar,Slovenia,253090,Raw,838.224,mirror,-18.766947,46.869107,46.151241,14.995463
Lithium,MDG,POL,Madagascar,Poland,253090,Raw,166.0,mirror,-18.766947,46.869107,51.919438,19.145136
Lithium,MDG,S19,Madagascar,"Other Asia, nes",253090,Raw,124.608,mirror,-18.766947,46.869107,,
Lithium,MDG,FRA,Madagascar,France,253090,Raw,71.292,direct,-18.766947,46.869107,46.227638,2.213749
Lithium,MDG,AUS,Madagascar,Australia,253090,Raw,65.505,direct,-18.766947,46.869107,-25.274398,133.775136
Lithium,MDG,ITA,Madagascar,Italy,253090,Raw,55.214,direct,-18.766947,46.869107,41.87194,12.56738
Lithium,MDG,IDN,Madagascar,Indonesia,253090,Raw,54.0,mirror,-18.766947,46.869107,-0.789275,113.921327
Lithium,MDG,GBR,Madagascar,United Kingdom,253090,Raw,50.913,direct,-18.766947,46.869107,55.378051,-3.435973
Lithium,MDG,TUR,Madagascar,Türkiye,253090,Raw,50.56,direct,-18.766947,46.869107,38.963745,35.243322
Lithium,MDG,ZAF,Madagascar,South Africa,253090,Raw,49.533,direct,-18.766947,46.869107,-30.559482,22.937506
Lithium,MDG,CAN,Madagascar,Canada,253090,Raw,49.171,direct,-18.766947,46.869107,56.130366,-106.346771
Lithium,MDG,KEN,Madagascar,Kenya,253090,Raw,39.565,direct,-18.766947,46.869107,-0.023559,37.906193
Lithium,MDG,USA,Madagascar,USA,253090,Raw,32.798,direct,-18.766947,46.869107,37.09024,-95.712891
Lithium,MDG,ESP,Madagascar,Spain,253090,Raw,9.763,direct,-18.766947,46.869107,40.463667,-3.74922
Lithium,MWI,ZAF,Malawi,South Africa,253090,Raw,31271.581,direct,-13.254308,34.301525,-30.559482,22.937506
Lithium,MWI,IRL,Malawi,Ireland,253090,Raw,1829.1,direct,-13.254308,34.301525,53.41291,-8.24389
Lithium,MWI,CHN,Malawi,China,253090,Raw,1217.407,direct,-13.254308,34.301525,35.86166,104.195397
Lithium,MWI,ZMB,Malawi,Zambia,253090,Raw,661.101,direct,-13.254308,34.301525,-13.133897,27.849332
Lithium,MWI,CAN,Malawi,Canada,253090,Raw,259.576,mirror,-13.254308,34.301525,56.130366,-106.346771
Lithium,MWI,FRA,Malawi,France,253090,Raw,232.267,direct,-13.254308,34.301525,46.227638,2.213749
Lithium,MWI,AUS,Malawi,Australia,253090,Raw,104.593,direct,-13.254308,34.301525,-25.274398,133.775136
Lithium,MWI,USA,Malawi,USA,253090,Raw,3.136,direct,-13.254308,34.301525,37.09024,-95.712891
Lithium,MYS,ARE,Malaysia,United Arab Emirates,253090,Raw,17494844.380999997,direct,4.210484,101.975766,23.424076,53.847818
Lithium,MYS,TUR,Malaysia,Türkiye,253090,Raw,6905883.338,direct,4.210484,101.975766,38.963745,35.243322
Lithium,MYS,VNM,Malaysia,Viet Nam,253090,Raw,6701122.334,direct,4.210484,101.975766,14.058324,108.277199
Lithium,MYS,IDN,Malaysia,Indonesia,253090,Raw,6438587.012,direct,4.210484,101.975766,-0.789275,113.921327
Lithium,MYS,MEX,Malaysia,Mexico,253090,Raw,4217753.218,direct,4.210484,101.975766,23.634501,-102.552784
Lithium,MYS,PAK,Malaysia,Pakistan,253090,Raw,4030002.86,direct,4.210484,101.975766,30.375321,69.345116
Lithium,MYS,IND,Malaysia,India,253090,Raw,2938919.6,direct,4.210484,101.975766,20.593684,78.96288
Lithium,MYS,THA,Malaysia,Thailand,253090,Raw,2867890.404,direct,4.210484,101.975766,15.870032,100.992541
Lithium,MYS,BRA,Malaysia,Brazil,253090,Raw,1282475.76,direct,4.210484,101.975766,-14.235004,-51.92528
Lithium,MYS,BGD,Malaysia,Bangladesh,253090,Raw,1129396.546,direct,4.210484,101.975766,23.684994,90.356331
Lithium,MYS,NGA,Malaysia,Nigeria,253090,Raw,972651.156,direct,4.210484,101.975766,9.081999,8.675277
Lithium,MYS,KOR,Malaysia,Rep. of Korea,253090,Raw,898754.658,direct,4.210484,101.975766,35.907757,127.766922
Lithium,MYS,JPN,Malaysia,Japan,253090,Raw,877045.587,direct,4.210484,101.975766,36.204824,138.252924
Lithium,MYS,USA,Malaysia,USA,253090,Raw,616871.06,direct,4.210484,101.975766,37.09024,-95.712891
Lithium,MYS,AUS,Malaysia,Australia,253090,Raw,609556.184,direct,4.210484,101.975766,-25.274398,133.775136
Lithium,MYS,ITA,Malaysia,Italy,253090,Raw,558074.986,direct,4.210484,101.975766,41.87194,12.56738
Lithium,MYS,LKA,Malaysia,Sri Lanka,253090,Raw,506175.12,direct,4.210484,101.975766,7.873054,80.771797
Lithium,MYS,SAU,Malaysia,Saudi Arabia,253090,Raw,491167.346,direct,4.210484,101.975766,23.885942,45.079162
Lithium,MYS,ECU,Malaysia,Ecuador,253090,Raw,480184.544,direct,4.210484,101.975766,-1.831239,-78.183406
Lithium,MYS,LBY,Malaysia,Libya,253090,Raw,376866.848,direct,4.210484,101.975766,26.3351,17.228331
Lithium,MYS,CHN,Malaysia,China,253090,Raw,325444.20999999996,direct,4.210484,101.975766,35.86166,104.195397
Lithium,MYS,OMN,Malaysia,Oman,253090,Raw,318922.092,direct,4.210484,101.975766,21.512583,55.923255
Lithium,MYS,S19,Malaysia,"Other Asia, nes",253090,Raw,275958.016,direct,4.210484,101.975766,,
Lithium,MYS,KEN,Malaysia,Kenya,253090,Raw,102778.848,direct,4.210484,101.975766,-0.023559,37.906193
Lithium,MYS,GBR,Malaysia,United Kingdom,253090,Raw,63942.612,mirror,4.210484,101.975766,55.378051,-3.435973
Lithium,MYS,SGP,Malaysia,Singapore,253090,Raw,46394.699,direct,4.210484,101.975766,1.352083,103.819836
Lithium,MYS,FJI,Malaysia,Fiji,253090,Raw,36706.785,mirror,4.210484,101.975766,-16.578193,179.414413
Lithium,MYS,BRN,Malaysia,Brunei Darussalam,253090,Raw,17990.888,direct,4.210484,101.975766,4.535277,114.727669
Lithium,MYS,ESP,Malaysia,Spain,253090,Raw,10980.304,mirror,4.210484,101.975766,40.463667,-3.74922
Lithium,MYS,DOM,Malaysia,Dominican Rep.,253090,Raw,7688.512,mirror,4.210484,101.975766,18.735693,-70.162651
Lithium,MYS,ZAF,Malaysia,South Africa,253090,Raw,1886.624,direct,4.210484,101.975766,-30.559482,22.937506
Lithium,MYS,MUS,Malaysia,Mauritius,253090,Raw,1203.996,direct,4.210484,101.975766,-20.348404,57.552152
Lithium,MYS,CZE,Malaysia,Czechia,253090,Raw,1180.0,mirror,4.210484,101.975766,49.817492,15.472962
Lithium,MYS,MDV,Malaysia,Maldives,253090,Raw,562.448,direct,4.210484,101.975766,3.202778,73.22068
Lithium,MYS,SVK,Malaysia,Slovakia,253090,Raw,363.68,mirror,4.210484,101.975766,48.669026,19.699024
Lithium,MYS,DEU,Malaysia,Germany,253090,Raw,326.936,mirror,4.210484,101.975766,51.165691,10.451526
Lithium,MYS,POL,Malaysia,Poland,253090,Raw,318.0,mirror,4.210484,101.975766,51.919438,19.145136
Lithium,MYS,IRL,Malaysia,Ireland,253090,Raw,135.298,mirror,4.210484,101.975766,53.41291,-8.24389
Lithium,MYS,LUX,Malaysia,Luxembourg,253090,Raw,69.262,mirror,4.210484,101.975766,49.815273,6.129583
Lithium,MYS,CAN,Malaysia,Canada,253090,Raw,14.108,mirror,4.210484,101.975766,56.130366,-106.346771
Lithium,MYS,FRA,Malaysia,France,253090,Raw,8.74,direct,4.210484,101.975766,46.227638,2.213749
Lithium,MYS,PHL,Malaysia,Philippines,253090,Raw,2.186,direct,4.210484,101.975766,12.879721,121.774017
Lithium,MLI,CAN,Mali,Canada,253090,Raw,2688.848,mirror,17.570692,-3.996166,56.130366,-106.346771
Lithium,MLI,FRA,Mali,France,253090,Raw,1086.708,mirror,17.570692,-3.996166,46.227638,2.213749
Lithium,MLI,IRL,Mali,Ireland,253090,Raw,618.039,mirror,17.570692,-3.996166,53.41291,-8.24389
Lithium,MLI,MAR,Mali,Morocco,253090,Raw,362.088,mirror,17.570692,-3.996166,31.791702,-7.09262
Lithium,MLI,ZAF,Mali,South Africa,253090,Raw,90.352,mirror,17.570692,-3.996166,-30.559482,22.937506
Lithium,MLI,TUR,Mali,Türkiye,253090,Raw,24.0,mirror,17.570692,-3.996166,38.963745,35.243322
Lithium,MLT,NLD,Malta,Netherlands,253090,Raw,191.581,mirror,35.937496,14.375416,52.132633,5.291266
Lithium,MHL,USA,Marshall Isds,USA,253090,Raw,24393.0,mirror,,,37.09024,-95.712891
Lithium,MHL,JPN,Marshall Isds,Japan,253090,Raw,22904.701,mirror,,,36.204824,138.252924
Lithium,MRT,ESP,Mauritania,Spain,253090,Raw,160486.832,mirror,21.00789,-10.940835,40.463667,-3.74922
Lithium,MRT,CHN,Mauritania,China,253090,Raw,49329.0,mirror,21.00789,-10.940835,35.86166,104.195397
Lithium,MRT,AUS,Mauritania,Australia,253090,Raw,10117.384,mirror,21.00789,-10.940835,-25.274398,133.775136
Lithium,MRT,FRA,Mauritania,France,253090,Raw,1324.832,mirror,21.00789,-10.940835,46.227638,2.213749
Lithium,MRT,IRL,Mauritania,Ireland,253090,Raw,765.243,mirror,21.00789,-10.940835,53.41291,-8.24389
Lithium,MRT,NLD,Mauritania,Netherlands,253090,Raw,532.531,mirror,21.00789,-10.940835,52.132633,5.291266
Lithium,MRT,ZAF,Mauritania,South Africa,253090,Raw,456.116,mirror,21.00789,-10.940835,-30.559482,22.937506
Lithium,MRT,HUN,Mauritania,Hungary,253090,Raw,121.592,mirror,21.00789,-10.940835,47.162494,19.503304
Lithium,MRT,IDN,Mauritania,Indonesia,253090,Raw,110.0,mirror,21.00789,-10.940835,-0.789275,113.921327
Lithium,MRT,CAN,Mauritania,Canada,253090,Raw,25.273,direct,21.00789,-10.940835,56.130366,-106.346771
Lithium,MUS,DEU,Mauritius,Germany,253090,Raw,8310.412,direct,-20.348404,57.552152,51.165691,10.451526
Lithium,MUS,ZAF,Mauritius,South Africa,253090,Raw,1935.112,mirror,-20.348404,57.552152,-30.559482,22.937506
Lithium,MEX,ESP,Mexico,Spain,253090,Raw,29589458.080000002,mirror,23.634501,-102.552784,40.463667,-3.74922
Lithium,MEX,USA,Mexico,USA,253090,Raw,24233736.0,direct,23.634501,-102.552784,37.09024,-95.712891
Lithium,MEX,DEU,Mexico,Germany,253090,Raw,7883884.56,mirror,23.634501,-102.552784,51.165691,10.451526
Lithium,MEX,TUR,Mexico,Türkiye,253090,Raw,6650672.0,mirror,23.634501,-102.552784,38.963745,35.243322
Lithium,MEX,JPN,Mexico,Japan,253090,Raw,6600696.108,mirror,23.634501,-102.552784,36.204824,138.252924
Lithium,MEX,BRA,Mexico,Brazil,253090,Raw,3948202.0,mirror,23.634501,-102.552784,-14.235004,-51.92528
Lithium,MEX,CZE,Mexico,Czechia,253090,Raw,3089240.0,mirror,23.634501,-102.552784,49.817492,15.472962
Lithium,MEX,CHE,Mexico,Switzerland,253090,Raw,2241822.412,mirror,23.634501,-102.552784,46.818188,8.227512
Lithium,MEX,FRA,Mexico,France,253090,Raw,1627839.601,mirror,23.634501,-102.552784,46.227638,2.213749
Lithium,MEX,ITA,Mexico,Italy,253090,Raw,1381788.752,mirror,23.634501,-102.552784,41.87194,12.56738
Lithium,MEX,CAN,Mexico,Canada,253090,Raw,1324423.026,mirror,23.634501,-102.552784,56.130366,-106.346771
Lithium,MEX,GBR,Mexico,United Kingdom,253090,Raw,629315.24,mirror,23.634501,-102.552784,55.378051,-3.435973
Lithium,MEX,CHN,Mexico,China,253090,Raw,544103.0,mirror,23.634501,-102.552784,35.86166,104.195397
Lithium,MEX,BGR,Mexico,Bulgaria,253090,Raw,476780.688,mirror,23.634501,-102.552784,42.733883,25.48583
Lithium,MEX,IND,Mexico,India,253090,Raw,453157.85,mirror,23.634501,-102.552784,20.593684,78.96288
Lithium,MEX,BEL,Mexico,Belgium,253090,Raw,390094.561,mirror,23.634501,-102.552784,50.503887,4.469936
Lithium,MEX,THA,Mexico,Thailand,253090,Raw,388915.28,mirror,23.634501,-102.552784,15.870032,100.992541
Lithium,MEX,AZE,Mexico,Azerbaijan,253090,Raw,330172.24,mirror,23.634501,-102.552784,40.143105,47.576927
Lithium,MEX,PER,Mexico,Peru,253090,Raw,280319.304,mirror,23.634501,-102.552784,-9.189967,-75.015152
Lithium,MEX,POL,Mexico,Poland,253090,Raw,262943.0,mirror,23.634501,-102.552784,51.919438,19.145136
Lithium,MEX,S19,Mexico,"Other Asia, nes",253090,Raw,261023.306,mirror,23.634501,-102.552784,,
Lithium,MEX,SWE,Mexico,Sweden,253090,Raw,257389.603,mirror,23.634501,-102.552784,60.128161,18.643501
Lithium,MEX,KOR,Mexico,Rep. of Korea,253090,Raw,127523.0,mirror,23.634501,-102.552784,35.907757,127.766922
Lithium,MEX,COL,Mexico,Colombia,253090,Raw,121458.69,mirror,23.634501,-102.552784,4.570868,-74.297333
Lithium,MEX,DOM,Mexico,Dominican Rep.,253090,Raw,118037.808,mirror,23.634501,-102.552784,18.735693,-70.162651
Lithium,MEX,ARG,Mexico,Argentina,253090,Raw,84550.4,mirror,23.634501,-102.552784,-38.416097,-63.616672
Lithium,MEX,ECU,Mexico,Ecuador,253090,Raw,64018.0,direct,23.634501,-102.552784,-1.831239,-78.183406
Lithium,MEX,SAU,Mexico,Saudi Arabia,253090,Raw,51355.465,mirror,23.634501,-102.552784,23.885942,45.079162
Lithium,MEX,HKG,Mexico,"China, Hong Kong SAR",253090,Raw,44631.911,mirror,23.634501,-102.552784,22.396428,114.109497
Lithium,MEX,GTM,Mexico,Guatemala,253090,Raw,37605.0,mirror,23.634501,-102.552784,15.783471,-90.230759
Lithium,MEX,NLD,Mexico,Netherlands,253090,Raw,31226.676,mirror,23.634501,-102.552784,52.132633,5.291266
Lithium,MEX,PAN,Mexico,Panama,253090,Raw,27448.0,mirror,23.634501,-102.552784,8.537981,-80.782127
Lithium,MEX,CHL,Mexico,Chile,253090,Raw,23137.52,mirror,23.634501,-102.552784,-35.675147,-71.542969
Lithium,MEX,HND,Mexico,Honduras,253090,Raw,20628.5,mirror,23.634501,-102.552784,15.199999,-86.241905
Lithium,MEX,SVN,Mexico,Slovenia,253090,Raw,16221.856,mirror,23.634501,-102.552784,46.151241,14.995463
Lithium,MEX,EGY,Mexico,Egypt,253090,Raw,11243.315,mirror,23.634501,-102.552784,26.820553,30.802498
Lithium,MEX,BOL,Mexico,Bolivia (Plurinational State of),253090,Raw,6852.0,mirror,23.634501,-102.552784,-16.290154,-63.588653
Lithium,MEX,IDN,Mexico,Indonesia,253090,Raw,3426.0,mirror,23.634501,-102.552784,-0.789275,113.921327
Lithium,MEX,NZL,Mexico,New Zealand,253090,Raw,1775.092,mirror,23.634501,-102.552784,-40.900557,174.885971
Lithium,MEX,NIC,Mexico,Nicaragua,253090,Raw,1655.0,mirror,23.634501,-102.552784,12.865416,-85.207229
Lithium,MEX,UZB,Mexico,Uzbekistan,253090,Raw,1380.0,mirror,23.634501,-102.552784,41.377491,64.585262
Lithium,MEX,SGP,Mexico,Singapore,253090,Raw,1225.085,mirror,23.634501,-102.552784,1.352083,103.819836
Lithium,MEX,PRT,Mexico,Portugal,253090,Raw,1207.152,mirror,23.634501,-102.552784,39.399872,-8.224454
Lithium,MEX,CRI,Mexico,Costa Rica,253090,Raw,800.86,mirror,23.634501,-102.552784,9.748917,-83.753428
Lithium,MEX,AUT,Mexico,Austria,253090,Raw,765.243,mirror,23.634501,-102.552784,47.516231,14.550072
Lithium,MEX,DNK,Mexico,Denmark,253090,Raw,594.388,mirror,23.634501,-102.552784,56.26392,9.501785
Lithium,MEX,MYS,Mexico,Malaysia,253090,Raw,562.448,mirror,23.634501,-102.552784,4.210484,101.975766
Lithium,MEX,SRB,Mexico,Serbia,253090,Raw,256.0,mirror,23.634501,-102.552784,44.016521,21.005859
Lithium,MEX,MLT,Mexico,Malta,253090,Raw,194.828,mirror,23.634501,-102.552784,35.937496,14.375416
Lithium,MEX,IRL,Mexico,Ireland,253090,Raw,111.485,mirror,23.634501,-102.552784,53.41291,-8.24389
Lithium,MEX,SLV,Mexico,El Salvador,253090,Raw,50.02,mirror,23.634501,-102.552784,13.794185,-88.89653
Lithium,MEX,MAR,Mexico,Morocco,253090,Raw,29.772,mirror,23.634501,-102.552784,31.791702,-7.09262
Lithium,MEX,HUN,Mexico,Hungary,253090,Raw,8.736,mirror,23.634501,-102.552784,47.162494,19.503304
Lithium,MNG,CHN,Mongolia,China,253090,Raw,717137.0,mirror,46.862496,103.846656,35.86166,104.195397
Lithium,MNG,JPN,Mongolia,Japan,253090,Raw,76470.122,mirror,46.862496,103.846656,36.204824,138.252924
Lithium,MNG,CZE,Mongolia,Czechia,253090,Raw,4948.0,mirror,46.862496,103.846656,49.817492,15.472962
Lithium,MNG,AUS,Mongolia,Australia,253090,Raw,2992.562,mirror,46.862496,103.846656,-25.274398,133.775136
Lithium,MNG,FRA,Mongolia,France,253090,Raw,1281.54,mirror,46.862496,103.846656,46.227638,2.213749
Lithium,MNE,DEU,Montenegro,Germany,253090,Raw,1038.548,direct,42.708678,19.37439,51.165691,10.451526
Lithium,MNE,SRB,Montenegro,Serbia,253090,Raw,32.0,mirror,42.708678,19.37439,44.016521,21.005859
Lithium,MNE,TUR,Montenegro,Türkiye,253090,Raw,16.0,mirror,42.708678,19.37439,38.963745,35.243322
Lithium,MNE,NLD,Montenegro,Netherlands,253090,Raw,2.165,mirror,42.708678,19.37439,52.132633,5.291266
Lithium,MSR,SUR,Montserrat,Suriname,253090,Raw,327929.652,mirror,,,3.919305,-56.027783
Lithium,MAR,AUT,Morocco,Austria,253090,Raw,2497108.494,direct,31.791702,-7.09262,47.516231,14.550072
Lithium,MAR,CHN,Morocco,China,253090,Raw,686079.954,direct,31.791702,-7.09262,35.86166,104.195397
Lithium,MAR,DZA,Morocco,Algeria,253090,Raw,434014.854,direct,31.791702,-7.09262,28.033886,1.659626
Lithium,MAR,DEU,Morocco,Germany,253090,Raw,307371.076,mirror,31.791702,-7.09262,51.165691,10.451526
Lithium,MAR,JPN,Morocco,Japan,253090,Raw,158489.695,mirror,31.791702,-7.09262,36.204824,138.252924
Lithium,MAR,SAU,Morocco,Saudi Arabia,253090,Raw,119859.066,direct,31.791702,-7.09262,23.885942,45.079162
Lithium,MAR,IND,Morocco,India,253090,Raw,87207.744,direct,31.791702,-7.09262,20.593684,78.96288
Lithium,MAR,FRA,Morocco,France,253090,Raw,45231.514,direct,31.791702,-7.09262,46.227638,2.213749
Lithium,MAR,ARE,Morocco,United Arab Emirates,253090,Raw,21442.998,direct,31.791702,-7.09262,23.424076,53.847818
Lithium,MAR,TUR,Morocco,Türkiye,253090,Raw,13488.0,mirror,31.791702,-7.09262,38.963745,35.243322
Lithium,MAR,PAK,Morocco,Pakistan,253090,Raw,8583.274,direct,31.791702,-7.09262,30.375321,69.345116
Lithium,MAR,GBR,Morocco,United Kingdom,253090,Raw,8152.632,mirror,31.791702,-7.09262,55.378051,-3.435973
Lithium,MAR,PRT,Morocco,Portugal,253090,Raw,5608.224,mirror,31.791702,-7.09262,39.399872,-8.224454
Lithium,MAR,SVN,Morocco,Slovenia,253090,Raw,4043.096,mirror,31.791702,-7.09262,46.151241,14.995463
Lithium,MAR,USA,Morocco,USA,253090,Raw,3501.986,direct,31.791702,-7.09262,37.09024,-95.712891
Lithium,MAR,BRA,Morocco,Brazil,253090,Raw,3308.0,mirror,31.791702,-7.09262,-14.235004,-51.92528
Lithium,MAR,ITA,Morocco,Italy,253090,Raw,2864.89,mirror,31.791702,-7.09262,41.87194,12.56738
Lithium,MAR,BEL,Morocco,Belgium,253090,Raw,2510.872,direct,31.791702,-7.09262,50.503887,4.469936
Lithium,MAR,ESP,Morocco,Spain,253090,Raw,2489.328,mirror,31.791702,-7.09262,40.463667,-3.74922
Lithium,MAR,BGR,Morocco,Bulgaria,253090,Raw,1918.308,mirror,31.791702,-7.09262,42.733883,25.48583
Lithium,MAR,THA,Morocco,Thailand,253090,Raw,1768.2,mirror,31.791702,-7.09262,15.870032,100.992541
Lithium,MAR,CAN,Morocco,Canada,253090,Raw,1405.502,direct,31.791702,-7.09262,56.130366,-106.346771
Lithium,MAR,NZL,Morocco,New Zealand,253090,Raw,1200.139,mirror,31.791702,-7.09262,-40.900557,174.885971
Lithium,MAR,S19,Morocco,"Other Asia, nes",253090,Raw,498.433,mirror,31.791702,-7.09262,,
Lithium,MAR,KOR,Morocco,Rep. of Korea,253090,Raw,462.0,mirror,31.791702,-7.09262,35.907757,127.766922
Lithium,MAR,HUN,Morocco,Hungary,253090,Raw,239.996,mirror,31.791702,-7.09262,47.162494,19.503304
Lithium,MAR,ZAF,Morocco,South Africa,253090,Raw,166.732,mirror,31.791702,-7.09262,-30.559482,22.937506
Lithium,MAR,POL,Morocco,Poland,253090,Raw,144.0,mirror,31.791702,-7.09262,51.919438,19.145136
Lithium,MAR,CHE,Morocco,Switzerland,253090,Raw,140.84,mirror,31.791702,-7.09262,46.818188,8.227512
Lithium,MAR,SRB,Morocco,Serbia,253090,Raw,96.0,mirror,31.791702,-7.09262,44.016521,21.005859
Lithium,MAR,FIN,Morocco,Finland,253090,Raw,60.776,mirror,31.791702,-7.09262,61.92411,25.748151
Lithium,MAR,IRL,Morocco,Ireland,253090,Raw,5.412,mirror,31.791702,-7.09262,53.41291,-8.24389
Lithium,MOZ,CHN,Mozambique,China,253090,Raw,2920390.2,direct,-18.665695,35.529562,35.86166,104.195397
Lithium,MOZ,DEU,Mozambique,Germany,253090,Raw,840311.9199999999,mirror,-18.665695,35.529562,51.165691,10.451526
Lithium,MOZ,IND,Mozambique,India,253090,Raw,565181.436,mirror,-18.665695,35.529562,20.593684,78.96288
Lithium,MOZ,USA,Mozambique,USA,253090,Raw,59914.4,direct,-18.665695,35.529562,37.09024,-95.712891
Lithium,MOZ,COG,Mozambique,Congo,253090,Raw,23193.6,direct,-18.665695,35.529562,-0.228021,15.827659
Lithium,MOZ,PRT,Mozambique,Portugal,253090,Raw,9808.112,mirror,-18.665695,35.529562,39.399872,-8.224454
Lithium,MOZ,ZAF,Mozambique,South Africa,253090,Raw,1683.92,mirror,-18.665695,35.529562,-30.559482,22.937506
Lithium,MMR,CHN,Myanmar,China,253090,Raw,176667.0,mirror,21.913965,95.956223,35.86166,104.195397
Lithium,NAM,HKG,Namibia,"China, Hong Kong SAR",253090,Raw,43559717.108,direct,-22.95764,18.49041,22.396428,114.109497
Lithium,NAM,CHN,Namibia,China,253090,Raw,564610.468,direct,-22.95764,18.49041,35.86166,104.195397
Lithium,NAM,GBR,Namibia,United Kingdom,253090,Raw,150525.072,direct,-22.95764,18.49041,55.378051,-3.435973
Lithium,NAM,DEU,Namibia,Germany,253090,Raw,46255.492,direct,-22.95764,18.49041,51.165691,10.451526
Lithium,NAM,CHE,Namibia,Switzerland,253090,Raw,40622.428,direct,-22.95764,18.49041,46.818188,8.227512
Lithium,NAM,ZAF,Namibia,South Africa,253090,Raw,27162.12,direct,-22.95764,18.49041,-30.559482,22.937506
Lithium,NAM,AUT,Namibia,Austria,253090,Raw,21785.412,direct,-22.95764,18.49041,47.516231,14.550072
Lithium,NAM,NOR,Namibia,Norway,253090,Raw,18072.828,direct,-22.95764,18.49041,60.472024,8.468946
Lithium,NAM,CAN,Namibia,Canada,253090,Raw,10007.624,direct,-22.95764,18.49041,56.130366,-106.346771
Lithium,NAM,COG,Namibia,Congo,253090,Raw,7531.404,direct,-22.95764,18.49041,-0.228021,15.827659
Lithium,NAM,USA,Namibia,USA,253090,Raw,5435.352,direct,-22.95764,18.49041,37.09024,-95.712891
Lithium,NAM,AUS,Namibia,Australia,253090,Raw,5140.72,direct,-22.95764,18.49041,-25.274398,133.775136
Lithium,NAM,GHA,Namibia,Ghana,253090,Raw,4704.736,direct,-22.95764,18.49041,7.946527,-1.023194
Lithium,NAM,FRA,Namibia,France,253090,Raw,3927.976,direct,-22.95764,18.49041,46.227638,2.213749
Lithium,NAM,NLD,Namibia,Netherlands,253090,Raw,1405.244,direct,-22.95764,18.49041,52.132633,5.291266
Lithium,NAM,AGO,Namibia,Angola,253090,Raw,1061.88,mirror,-22.95764,18.49041,-11.202692,17.873887
Lithium,NAM,BEL,Namibia,Belgium,253090,Raw,738.856,direct,-22.95764,18.49041,50.503887,4.469936
Lithium,NAM,S19,Namibia,"Other Asia, nes",253090,Raw,591.89,mirror,-22.95764,18.49041,,
Lithium,NAM,SVN,Namibia,Slovenia,253090,Raw,442.4,mirror,-22.95764,18.49041,46.151241,14.995463
Lithium,NAM,BRA,Namibia,Brazil,253090,Raw,220.056,direct,-22.95764,18.49041,-14.235004,-51.92528
Lithium,NAM,BFA,Namibia,Burkina Faso,253090,Raw,110.028,direct,-22.95764,18.49041,12.364566,-1.561593
Lithium,NAM,IRL,Namibia,Ireland,253090,Raw,110.028,direct,-22.95764,18.49041,53.41291,-8.24389
Lithium,NAM,JPN,Namibia,Japan,253090,Raw,26.408,direct,-22.95764,18.49041,36.204824,138.252924
Lithium,NAM,ARE,Namibia,United Arab Emirates,253090,Raw,4.4,direct,-22.95764,18.49041,23.424076,53.847818
Lithium,NAM,TUR,Namibia,Türkiye,253090,Raw,4.4,direct,-22.95764,18.49041,38.963745,35.243322
Lithium,NAM,IND,Namibia,India,253090,Raw,2.2,direct,-22.95764,18.49041,20.593684,78.96288
Lithium,NLD,DEU,Netherlands,Germany,253090,Raw,25475027.733,direct,52.132633,5.291266,51.165691,10.451526
Lithium,NLD,FRA,Netherlands,France,253090,Raw,17190100.2,direct,52.132633,5.291266,46.227638,2.213749
Lithium,NLD,TUR,Netherlands,Türkiye,253090,Raw,10158007.484,direct,52.132633,5.291266,38.963745,35.243322
Lithium,NLD,GBR,Netherlands,United Kingdom,253090,Raw,9786415.449,direct,52.132633,5.291266,55.378051,-3.435973
Lithium,NLD,RUS,Netherlands,Russian Federation,253090,Raw,8787255.975,direct,52.132633,5.291266,61.52401,105.318756
Lithium,NLD,BEL,Netherlands,Belgium,253090,Raw,6893528.534,direct,52.132633,5.291266,50.503887,4.469936
Lithium,NLD,ITA,Netherlands,Italy,253090,Raw,2465176.699,direct,52.132633,5.291266,41.87194,12.56738
Lithium,NLD,ESP,Netherlands,Spain,253090,Raw,2118755.421,direct,52.132633,5.291266,40.463667,-3.74922
Lithium,NLD,EST,Netherlands,Estonia,253090,Raw,1815916.192,direct,52.132633,5.291266,58.595272,25.013607
Lithium,NLD,AUT,Netherlands,Austria,253090,Raw,1232462.252,direct,52.132633,5.291266,47.516231,14.550072
Lithium,NLD,SWE,Netherlands,Sweden,253090,Raw,1189509.066,direct,52.132633,5.291266,60.128161,18.643501
Lithium,NLD,POL,Netherlands,Poland,253090,Raw,1035473.338,direct,52.132633,5.291266,51.919438,19.145136
Lithium,NLD,USA,Netherlands,USA,253090,Raw,1007150.689,direct,52.132633,5.291266,37.09024,-95.712891
Lithium,NLD,CZE,Netherlands,Czechia,253090,Raw,833699.22,direct,52.132633,5.291266,49.817492,15.472962
Lithium,NLD,ZAF,Netherlands,South Africa,253090,Raw,792906.465,direct,52.132633,5.291266,-30.559482,22.937506
Lithium,NLD,CHE,Netherlands,Switzerland,253090,Raw,658357.915,direct,52.132633,5.291266,46.818188,8.227512
Lithium,NLD,IND,Netherlands,India,253090,Raw,643817.216,direct,52.132633,5.291266,20.593684,78.96288
Lithium,NLD,BRA,Netherlands,Brazil,253090,Raw,617684.222,direct,52.132633,5.291266,-14.235004,-51.92528
Lithium,NLD,SVN,Netherlands,Slovenia,253090,Raw,616402.683,direct,52.132633,5.291266,46.151241,14.995463
Lithium,NLD,ECU,Netherlands,Ecuador,253090,Raw,562310.0,mirror,52.132633,5.291266,-1.831239,-78.183406
Lithium,NLD,BIH,Netherlands,Bosnia Herzegovina,253090,Raw,474185.468,direct,52.132633,5.291266,43.915886,17.679076
Lithium,NLD,ARE,Netherlands,United Arab Emirates,253090,Raw,342828.857,direct,52.132633,5.291266,23.424076,53.847818
Lithium,NLD,PRT,Netherlands,Portugal,253090,Raw,316344.09,direct,52.132633,5.291266,39.399872,-8.224454
Lithium,NLD,CYP,Netherlands,Cyprus,253090,Raw,281397.272,direct,52.132633,5.291266,35.126413,33.429859
Lithium,NLD,IRL,Netherlands,Ireland,253090,Raw,235719.734,direct,52.132633,5.291266,53.41291,-8.24389
Lithium,NLD,HUN,Netherlands,Hungary,253090,Raw,216142.719,direct,52.132633,5.291266,47.162494,19.503304
Lithium,NLD,JPN,Netherlands,Japan,253090,Raw,173462.293,direct,52.132633,5.291266,36.204824,138.252924
Lithium,NLD,MYS,Netherlands,Malaysia,253090,Raw,154248.957,direct,52.132633,5.291266,4.210484,101.975766
Lithium,NLD,CHN,Netherlands,China,253090,Raw,152343.967,direct,52.132633,5.291266,35.86166,104.195397
Lithium,NLD,BGR,Netherlands,Bulgaria,253090,Raw,133406.639,direct,52.132633,5.291266,42.733883,25.48583
Lithium,NLD,MEX,Netherlands,Mexico,253090,Raw,128915.842,direct,52.132633,5.291266,23.634501,-102.552784
Lithium,NLD,GRC,Netherlands,Greece,253090,Raw,120647.538,direct,52.132633,5.291266,39.074208,21.824312
Lithium,NLD,SVK,Netherlands,Slovakia,253090,Raw,115954.336,direct,52.132633,5.291266,48.669026,19.699024
Lithium,NLD,ROU,Netherlands,Romania,253090,Raw,106000.766,direct,52.132633,5.291266,45.943161,24.96676
Lithium,NLD,FIN,Netherlands,Finland,253090,Raw,95526.57,direct,52.132633,5.291266,61.92411,25.748151
Lithium,NLD,DNK,Netherlands,Denmark,253090,Raw,79823.394,direct,52.132633,5.291266,56.26392,9.501785
Lithium,NLD,ISL,Netherlands,Iceland,253090,Raw,79461.879,direct,52.132633,5.291266,64.963051,-19.020835
Lithium,NLD,LUX,Netherlands,Luxembourg,253090,Raw,73084.493,direct,52.132633,5.291266,49.815273,6.129583
Lithium,NLD,AUS,Netherlands,Australia,253090,Raw,65021.841,direct,52.132633,5.291266,-25.274398,133.775136
Lithium,NLD,EGY,Netherlands,Egypt,253090,Raw,58877.168,direct,52.132633,5.291266,26.820553,30.802498
Lithium,NLD,HRV,Netherlands,Croatia,253090,Raw,51650.113,direct,52.132633,5.291266,45.1,15.2
Lithium,NLD,GAB,Netherlands,Gabon,253090,Raw,50888.117,direct,52.132633,5.291266,-0.803689,11.609444
Lithium,NLD,KOR,Netherlands,Rep. of Korea,253090,Raw,49675.851,direct,52.132633,5.291266,35.907757,127.766922
Lithium,NLD,UKR,Netherlands,Ukraine,253090,Raw,39723.363,direct,52.132633,5.291266,48.379433,31.16558
Lithium,NLD,SAU,Netherlands,Saudi Arabia,253090,Raw,34839.662,direct,52.132633,5.291266,23.885942,45.079162
Lithium,NLD,ARG,Netherlands,Argentina,253090,Raw,33817.895,direct,52.132633,5.291266,-38.416097,-63.616672
Lithium,NLD,CUW,Netherlands,Curaçao,253090,Raw,27666.727,direct,52.132633,5.291266,,
Lithium,NLD,VEN,Netherlands,Venezuela,253090,Raw,23859.995,direct,52.132633,5.291266,6.42375,-66.58973
Lithium,NLD,LTU,Netherlands,Lithuania,253090,Raw,19762.102,direct,52.132633,5.291266,55.169438,23.881275
Lithium,NLD,ISR,Netherlands,Israel,253090,Raw,19132.157,direct,52.132633,5.291266,31.046051,34.851612
Lithium,NLD,NOR,Netherlands,Norway,253090,Raw,17195.778,direct,52.132633,5.291266,60.472024,8.468946
Lithium,NLD,SRB,Netherlands,Serbia,253090,Raw,15990.007,direct,52.132633,5.291266,44.016521,21.005859
Lithium,NLD,X1 ,Netherlands,Bunkers,253090,Raw,15907.746,direct,52.132633,5.291266,,
Lithium,NLD,PER,Netherlands,Peru,253090,Raw,15045.088,direct,52.132633,5.291266,-9.189967,-75.015152
Lithium,NLD,IDN,Netherlands,Indonesia,253090,Raw,12804.561,direct,52.132633,5.291266,-0.789275,113.921327
Lithium,NLD,DZA,Netherlands,Algeria,253090,Raw,9524.948,direct,52.132633,5.291266,28.033886,1.659626
Lithium,NLD,MAR,Netherlands,Morocco,253090,Raw,9430.356,mirror,52.132633,5.291266,31.791702,-7.09262
Lithium,NLD,NZL,Netherlands,New Zealand,253090,Raw,8263.975,direct,52.132633,5.291266,-40.900557,174.885971
Lithium,NLD,ABW,Netherlands,Aruba,253090,Raw,7943.59,direct,52.132633,5.291266,,
Lithium,NLD,MAC,Netherlands,"China, Macao SAR",253090,Raw,6162.092,mirror,52.132633,5.291266,22.198745,113.543873
Lithium,NLD,KAZ,Netherlands,Kazakhstan,253090,Raw,5948.97,mirror,52.132633,5.291266,48.019573,66.923684
Lithium,NLD,MLT,Netherlands,Malta,253090,Raw,5471.433,direct,52.132633,5.291266,35.937496,14.375416
Lithium,NLD,CMR,Netherlands,Cameroon,253090,Raw,5411.902,direct,52.132633,5.291266,3.848033,11.502075
Lithium,NLD,LVA,Netherlands,Latvia,253090,Raw,5364.278,direct,52.132633,5.291266,56.879635,24.603189
Lithium,NLD,HKG,Netherlands,"China, Hong Kong SAR",253090,Raw,4225.231,mirror,52.132633,5.291266,22.396428,114.109497
Lithium,NLD,CHL,Netherlands,Chile,253090,Raw,3557.785,direct,52.132633,5.291266,-35.675147,-71.542969
Lithium,NLD,OMN,Netherlands,Oman,253090,Raw,3409.498,direct,52.132633,5.291266,21.512583,55.923255
Lithium,NLD,E19,Netherlands,"Other Europe, nes",253090,Raw,3343.473,direct,52.132633,5.291266,,
Lithium,NLD,S19,Netherlands,"Other Asia, nes",253090,Raw,3296.931,direct,52.132633,5.291266,,
Lithium,NLD,TKM,Netherlands,Turkmenistan,253090,Raw,2900.78,direct,52.132633,5.291266,38.969719,59.556278
Lithium,NLD,SUR,Netherlands,Suriname,253090,Raw,2582.56,direct,52.132633,5.291266,3.919305,-56.027783
Lithium,NLD,SGP,Netherlands,Singapore,253090,Raw,2546.841,direct,52.132633,5.291266,1.352083,103.819836
Lithium,NLD,BRN,Netherlands,Brunei Darussalam,253090,Raw,2175.585,direct,52.132633,5.291266,4.535277,114.727669
Lithium,NLD,VNM,Netherlands,Viet Nam,253090,Raw,2095.489,direct,52.132633,5.291266,14.058324,108.277199
Lithium,NLD,VCT,Netherlands,Saint Vincent and the Grenadines,253090,Raw,1974.262,direct,52.132633,5.291266,,
Lithium,NLD,BOL,Netherlands,Bolivia (Plurinational State of),253090,Raw,1634.394,direct,52.132633,5.291266,-16.290154,-63.588653
Lithium,NLD,CAN,Netherlands,Canada,253090,Raw,1530.486,direct,52.132633,5.291266,56.130366,-106.346771
Lithium,NLD,TZA,Netherlands,United Rep. of Tanzania,253090,Raw,1492.19,mirror,52.132633,5.291266,-6.369028,34.888822
Lithium,NLD,MKD,Netherlands,North Macedonia,253090,Raw,874.563,direct,52.132633,5.291266,41.608635,21.745275
Lithium,NLD,NAM,Netherlands,Namibia,253090,Raw,800.962,direct,52.132633,5.291266,-22.95764,18.49041
Lithium,NLD,KWT,Netherlands,Kuwait,253090,Raw,627.781,direct,52.132633,5.291266,29.31166,47.481766
Lithium,NLD,BES,Netherlands,Bonaire,253090,Raw,234.877,direct,52.132633,5.291266,,
Lithium,NLD,PAK,Netherlands,Pakistan,253090,Raw,120.953,mirror,52.132633,5.291266,30.375321,69.345116
Lithium,NLD,CRI,Netherlands,Costa Rica,253090,Raw,94.41,mirror,52.132633,5.291266,9.748917,-83.753428
Lithium,NLD,CPV,Netherlands,Cabo Verde,253090,Raw,20.402,mirror,52.132633,5.291266,16.002082,-24.013197
Lithium,NLD,LKA,Netherlands,Sri Lanka,253090,Raw,9.776,mirror,52.132633,5.291266,7.873054,80.771797
Lithium,NCL,FRA,New Caledonia,France,253090,Raw,4485.384,mirror,,,46.227638,2.213749
Lithium,NCL,SWE,New Caledonia,Sweden,253090,Raw,378.516,mirror,,,60.128161,18.643501
Lithium,NZL,AUS,New Zealand,Australia,253090,Raw,3505852.877,direct,-40.900557,174.885971,-25.274398,133.775136
Lithium,NZL,COK,New Zealand,Cook Isds,253090,Raw,9884.354,direct,-40.900557,174.885971,,
Lithium,NZL,FJI,New Zealand,Fiji,253090,Raw,7103.999,mirror,-40.900557,174.885971,-16.578193,179.414413
Lithium,NZL,SGP,New Zealand,Singapore,253090,Raw,5115.268,direct,-40.900557,174.885971,1.352083,103.819836
Lithium,NZL,GBR,New Zealand,United Kingdom,253090,Raw,4487.661,direct,-40.900557,174.885971,55.378051,-3.435973
Lithium,NZL,FRA,New Zealand,France,253090,Raw,3991.82,mirror,-40.900557,174.885971,46.227638,2.213749
Lithium,NZL,CAN,New Zealand,Canada,253090,Raw,3145.925,mirror,-40.900557,174.885971,56.130366,-106.346771
Lithium,NZL,NIU,New Zealand,Niue,253090,Raw,2492.271,direct,-40.900557,174.885971,,
Lithium,NZL,IND,New Zealand,India,253090,Raw,2410.567,direct,-40.900557,174.885971,20.593684,78.96288
Lithium,NZL,CZE,New Zealand,Czechia,253090,Raw,1210.428,direct,-40.900557,174.885971,49.817492,15.472962
Lithium,NZL,USA,New Zealand,USA,253090,Raw,771.043,direct,-40.900557,174.885971,37.09024,-95.712891
Lithium,NZL,IRL,New Zealand,Ireland,253090,Raw,456.765,mirror,-40.900557,174.885971,53.41291,-8.24389
Lithium,NZL,AUT,New Zealand,Austria,253090,Raw,150.451,mirror,-40.900557,174.885971,47.516231,14.550072
Lithium,NZL,WSM,New Zealand,Samoa,253090,Raw,55.772,mirror,-40.900557,174.885971,,
Lithium,NZL,TUR,New Zealand,Türkiye,253090,Raw,48.0,mirror,-40.900557,174.885971,38.963745,35.243322
Lithium,NZL,KOR,New Zealand,Rep. of Korea,253090,Raw,13.0,mirror,-40.900557,174.885971,35.907757,127.766922
Lithium,NIC,ECU,Nicaragua,Ecuador,253090,Raw,5297.52,mirror,12.865416,-85.207229,-1.831239,-78.183406
Lithium,NIC,CRI,Nicaragua,Costa Rica,253090,Raw,1033.46,mirror,12.865416,-85.207229,9.748917,-83.753428
Lithium,NIC,CHL,Nicaragua,Chile,253090,Raw,234.01,mirror,12.865416,-85.207229,-35.675147,-71.542969
Lithium,NIC,CHN,Nicaragua,China,253090,Raw,71.0,direct,12.865416,-85.207229,35.86166,104.195397
Lithium,NIC,BEL,Nicaragua,Belgium,253090,Raw,35.2,direct,12.865416,-85.207229,50.503887,4.469936
Lithium,NIC,DEU,Nicaragua,Germany,253090,Raw,34.9,direct,12.865416,-85.207229,51.165691,10.451526
Lithium,NIC,FRA,Nicaragua,France,253090,Raw,34.6,direct,12.865416,-85.207229,46.227638,2.213749
Lithium,NIC,ESP,Nicaragua,Spain,253090,Raw,6.4,direct,12.865416,-85.207229,40.463667,-3.74922
Lithium,NIC,CAN,Nicaragua,Canada,253090,Raw,2.82,mirror,12.865416,-85.207229,56.130366,-106.346771
Lithium,NER,AUT,Niger,Austria,253090,Raw,8410.096,mirror,17.607789,8.081666,47.516231,14.550072
Lithium,NER,CHN,Niger,China,253090,Raw,493.325,direct,17.607789,8.081666,35.86166,104.195397
Lithium,NER,FRA,Niger,France,253090,Raw,56.284,mirror,17.607789,8.081666,46.227638,2.213749
Lithium,NER,CAN,Niger,Canada,253090,Raw,25.392,mirror,17.607789,8.081666,56.130366,-106.346771
Lithium,NGA,CHN,Nigeria,China,253090,Raw,8543267.332,direct,9.081999,8.675277,35.86166,104.195397
Lithium,NGA,SAU,Nigeria,Saudi Arabia,253090,Raw,20149.599,mirror,9.081999,8.675277,23.885942,45.079162
Lithium,NGA,USA,Nigeria,USA,253090,Raw,18400.0,mirror,9.081999,8.675277,37.09024,-95.712891
Lithium,NGA,FRA,Nigeria,France,253090,Raw,3420.324,mirror,9.081999,8.675277,46.227638,2.213749
Lithium,NGA,CAN,Nigeria,Canada,253090,Raw,2979.46,mirror,9.081999,8.675277,56.130366,-106.346771
Lithium,NGA,ZAF,Nigeria,South Africa,253090,Raw,916.16,mirror,9.081999,8.675277,-30.559482,22.937506
Lithium,NGA,THA,Nigeria,Thailand,253090,Raw,465.72,mirror,9.081999,8.675277,15.870032,100.992541
Lithium,NGA,KOR,Nigeria,Rep. of Korea,253090,Raw,165.0,mirror,9.081999,8.675277,35.907757,127.766922
Lithium,NGA,NAM,Nigeria,Namibia,253090,Raw,102.348,mirror,9.081999,8.675277,-22.95764,18.49041
Lithium,NGA,NLD,Nigeria,Netherlands,253090,Raw,98.497,mirror,9.081999,8.675277,52.132633,5.291266
Lithium,NGA,EGY,Nigeria,Egypt,253090,Raw,20.728,mirror,9.081999,8.675277,26.820553,30.802498
Lithium,NGA,MWI,Nigeria,Malawi,253090,Raw,18.586,mirror,9.081999,8.675277,-13.254308,34.301525
Lithium,NGA,IRL,Nigeria,Ireland,253090,Raw,4.33,mirror,9.081999,8.675277,53.41291,-8.24389
Lithium,MKD,SRB,North Macedonia,Serbia,253090,Raw,2227012.44,direct,41.608635,21.745275,44.016521,21.005859
Lithium,MKD,HRV,North Macedonia,Croatia,253090,Raw,43891.18,direct,41.608635,21.745275,45.1,15.2
Lithium,MKD,CHE,North Macedonia,Switzerland,253090,Raw,25175.56,direct,41.608635,21.745275,46.818188,8.227512
Lithium,MKD,SVN,North Macedonia,Slovenia,253090,Raw,16510.46,direct,41.608635,21.745275,46.151241,14.995463
Lithium,MKD,TUR,North Macedonia,Türkiye,253090,Raw,14293.42,direct,41.608635,21.745275,38.963745,35.243322
Lithium,MKD,GRC,North Macedonia,Greece,253090,Raw,13.44,direct,41.608635,21.745275,39.074208,21.824312
Lithium,MKD,CAN,North Macedonia,Canada,253090,Raw,11.284,mirror,41.608635,21.745275,56.130366,-106.346771
Lithium,NOR,IND,Norway,India,253090,Raw,6917183.318,mirror,60.472024,8.468946,20.593684,78.96288
Lithium,NOR,DEU,Norway,Germany,253090,Raw,2900003.68,direct,60.472024,8.468946,51.165691,10.451526
Lithium,NOR,PER,Norway,Peru,253090,Raw,606317.56,mirror,60.472024,8.468946,-9.189967,-75.015152
Lithium,NOR,SAU,Norway,Saudi Arabia,253090,Raw,427492.256,mirror,60.472024,8.468946,23.885942,45.079162
Lithium,NOR,IRL,Norway,Ireland,253090,Raw,380505.439,mirror,60.472024,8.468946,53.41291,-8.24389
Lithium,NOR,BEL,Norway,Belgium,253090,Raw,236506.168,direct,60.472024,8.468946,50.503887,4.469936
Lithium,NOR,SWE,Norway,Sweden,253090,Raw,200233.97,mirror,60.472024,8.468946,60.128161,18.643501
Lithium,NOR,FIN,Norway,Finland,253090,Raw,69766.944,direct,60.472024,8.468946,61.92411,25.748151
Lithium,NOR,KOR,Norway,Rep. of Korea,253090,Raw,50563.0,mirror,60.472024,8.468946,35.907757,127.766922
Lithium,NOR,AUS,Norway,Australia,253090,Raw,20828.002,mirror,60.472024,8.468946,-25.274398,133.775136
Lithium,NOR,TUR,Norway,Türkiye,253090,Raw,15410.624,direct,60.472024,8.468946,38.963745,35.243322
Lithium,NOR,POL,Norway,Poland,253090,Raw,12277.0,mirror,60.472024,8.468946,51.919438,19.145136
Lithium,NOR,NLD,Norway,Netherlands,253090,Raw,7287.668,mirror,60.472024,8.468946,52.132633,5.291266
Lithium,NOR,SVN,Norway,Slovenia,253090,Raw,7160.1320000000005,mirror,60.472024,8.468946,46.151241,14.995463
Lithium,NOR,ESP,Norway,Spain,253090,Raw,5508.048,mirror,60.472024,8.468946,40.463667,-3.74922
Lithium,NOR,USA,Norway,USA,253090,Raw,5235.0,mirror,60.472024,8.468946,37.09024,-95.712891
Lithium,NOR,DNK,Norway,Denmark,253090,Raw,4712.524,direct,60.472024,8.468946,56.26392,9.501785
Lithium,NOR,SVK,Norway,Slovakia,253090,Raw,4675.88,mirror,60.472024,8.468946,48.669026,19.699024
Lithium,NOR,PRT,Norway,Portugal,253090,Raw,4384.312,mirror,60.472024,8.468946,39.399872,-8.224454
Lithium,NOR,ISL,Norway,Iceland,253090,Raw,3438.17,direct,60.472024,8.468946,64.963051,-19.020835
Lithium,NOR,CHN,Norway,China,253090,Raw,3266.0,mirror,60.472024,8.468946,35.86166,104.195397
Lithium,NOR,AUT,Norway,Austria,253090,Raw,2602.043,mirror,60.472024,8.468946,47.516231,14.550072
Lithium,NOR,FRA,Norway,France,253090,Raw,2026.2160000000001,mirror,60.472024,8.468946,46.227638,2.213749
Lithium,NOR,HRV,Norway,Croatia,253090,Raw,1857.0,mirror,60.472024,8.468946,45.1,15.2
Lithium,NOR,GBR,Norway,United Kingdom,253090,Raw,1394.96,direct,60.472024,8.468946,55.378051,-3.435973
Lithium,NOR,CZE,Norway,Czechia,253090,Raw,844.0,mirror,60.472024,8.468946,49.817492,15.472962
Lithium,NOR,CAN,Norway,Canada,253090,Raw,383.72,mirror,60.472024,8.468946,56.130366,-106.346771
Lithium,NOR,RUS,Norway,Russian Federation,253090,Raw,371.306,direct,60.472024,8.468946,61.52401,105.318756
Lithium,NOR,GRC,Norway,Greece,253090,Raw,108.238,mirror,60.472024,8.468946,39.074208,21.824312
Lithium,NOR,LUX,Norway,Luxembourg,253090,Raw,97.587,mirror,60.472024,8.468946,49.815273,6.129583
Lithium,NOR,HUN,Norway,Hungary,253090,Raw,18.232,mirror,60.472024,8.468946,47.162494,19.503304
Lithium,OMN,IRL,Oman,Ireland,253090,Raw,37834.609,mirror,21.512583,55.923255,53.41291,-8.24389
Lithium,OMN,ITA,Oman,Italy,253090,Raw,1106.556,mirror,21.512583,55.923255,41.87194,12.56738
Lithium,OMN,CAN,Oman,Canada,253090,Raw,237.004,mirror,21.512583,55.923255,56.130366,-106.346771
Lithium,S19,VNM,"Other Asia, nes",Viet Nam,253090,Raw,4405465.321,direct,,,14.058324,108.277199
Lithium,S19,IDN,"Other Asia, nes",Indonesia,253090,Raw,1560220.942,direct,,,-0.789275,113.921327
Lithium,S19,KOR,"Other Asia, nes",Rep. of Korea,253090,Raw,273172.619,direct,,,35.907757,127.766922
Lithium,S19,THA,"Other Asia, nes",Thailand,253090,Raw,193828.263,direct,,,15.870032,100.992541
Lithium,S19,CHN,"Other Asia, nes",China,253090,Raw,106727.038,direct,,,35.86166,104.195397
Lithium,S19,MYS,"Other Asia, nes",Malaysia,253090,Raw,91306.756,direct,,,4.210484,101.975766
Lithium,S19,USA,"Other Asia, nes",USA,253090,Raw,87070.073,direct,,,37.09024,-95.712891
Lithium,S19,PHL,"Other Asia, nes",Philippines,253090,Raw,84390.994,direct,,,12.879721,121.774017
Lithium,S19,IND,"Other Asia, nes",India,253090,Raw,49781.029,direct,,,20.593684,78.96288
Lithium,S19,ISR,"Other Asia, nes",Israel,253090,Raw,48721.858,direct,,,31.046051,34.851612
Lithium,S19,HKG,"Other Asia, nes","China, Hong Kong SAR",253090,Raw,25887.381,direct,,,22.396428,114.109497
Lithium,S19,JPN,"Other Asia, nes",Japan,253090,Raw,22429.5,direct,,,36.204824,138.252924
Lithium,S19,MEX,"Other Asia, nes",Mexico,253090,Raw,20093.094,direct,,,23.634501,-102.552784
Lithium,S19,POL,"Other Asia, nes",Poland,253090,Raw,12546.0,mirror,,,51.919438,19.145136
Lithium,S19,BGD,"Other Asia, nes",Bangladesh,253090,Raw,11962.4,direct,,,23.684994,90.356331
Lithium,S19,EGY,"Other Asia, nes",Egypt,253090,Raw,11432.815,direct,,,26.820553,30.802498
Lithium,S19,SGP,"Other Asia, nes",Singapore,253090,Raw,5638.527,direct,,,1.352083,103.819836
Lithium,S19,SAU,"Other Asia, nes",Saudi Arabia,253090,Raw,2075.467,mirror,,,23.885942,45.079162
Lithium,S19,MAC,"Other Asia, nes","China, Macao SAR",253090,Raw,1873.28,mirror,,,22.198745,113.543873
Lithium,S19,AUT,"Other Asia, nes",Austria,253090,Raw,1660.372,mirror,,,47.516231,14.550072
Lithium,S19,BLZ,"Other Asia, nes",Belize,253090,Raw,1230.68,mirror,,,17.189877,-88.49765
Lithium,S19,CAN,"Other Asia, nes",Canada,253090,Raw,1183.779,direct,,,56.130366,-106.346771
Lithium,S19,NZL,"Other Asia, nes",New Zealand,253090,Raw,791.015,mirror,,,-40.900557,174.885971
Lithium,S19,NOR,"Other Asia, nes",Norway,253090,Raw,344.32,mirror,,,60.472024,8.468946
Lithium,S19,FRA,"Other Asia, nes",France,253090,Raw,194.83,mirror,,,46.227638,2.213749
Lithium,S19,IRL,"Other Asia, nes",Ireland,253090,Raw,141.792,mirror,,,53.41291,-8.24389
Lithium,S19,LKA,"Other Asia, nes",Sri Lanka,253090,Raw,63.298,mirror,,,7.873054,80.771797
Lithium,E19,SVK,"Other Europe, nes",Slovakia,253090,Raw,16614600.672,mirror,,,48.669026,19.699024
Lithium,E19,ESP,"Other Europe, nes",Spain,253090,Raw,3736306.288,mirror,,,40.463667,-3.74922
Lithium,E19,LUX,"Other Europe, nes",Luxembourg,253090,Raw,198798.654,mirror,,,49.815273,6.129583
Lithium,E19,EST,"Other Europe, nes",Estonia,253090,Raw,44552.4,mirror,,,58.595272,25.013607
Lithium,E19,CZE,"Other Europe, nes",Czechia,253090,Raw,11112.0,mirror,,,49.817492,15.472962
Lithium,E19,POL,"Other Europe, nes",Poland,253090,Raw,5674.0,mirror,,,51.919438,19.145136
Lithium,E19,SAU,"Other Europe, nes",Saudi Arabia,253090,Raw,3644.533,mirror,,,23.885942,45.079162
Lithium,E19,BGR,"Other Europe, nes",Bulgaria,253090,Raw,1413.84,mirror,,,42.733883,25.48583
Lithium,E19,IRL,"Other Europe, nes",Ireland,253090,Raw,815.032,mirror,,,53.41291,-8.24389
Lithium,E19,NLD,"Other Europe, nes",Netherlands,253090,Raw,54.119,mirror,,,52.132633,5.291266
Lithium,PAK,KOR,Pakistan,Rep. of Korea,253090,Raw,305161.0,mirror,30.375321,69.345116,35.907757,127.766922
Lithium,PAK,CHN,Pakistan,China,253090,Raw,218609.202,direct,30.375321,69.345116,35.86166,104.195397
Lithium,PAK,CZE,Pakistan,Czechia,253090,Raw,136648.0,mirror,30.375321,69.345116,49.817492,15.472962
Lithium,PAK,JPN,Pakistan,Japan,253090,Raw,92999.56,mirror,30.375321,69.345116,36.204824,138.252924
Lithium,PAK,USA,Pakistan,USA,253090,Raw,88509.0,mirror,30.375321,69.345116,37.09024,-95.712891
Lithium,PAK,GBR,Pakistan,United Kingdom,253090,Raw,88030.168,mirror,30.375321,69.345116,55.378051,-3.435973
Lithium,PAK,CAN,Pakistan,Canada,253090,Raw,13382.173,mirror,30.375321,69.345116,56.130366,-106.346771
Lithium,PAK,FRA,Pakistan,France,253090,Raw,10949.363000000001,mirror,30.375321,69.345116,46.227638,2.213749
Lithium,PAK,NLD,Pakistan,Netherlands,253090,Raw,10346.475,mirror,30.375321,69.345116,52.132633,5.291266
Lithium,PAK,VNM,Pakistan,Viet Nam,253090,Raw,4500.333,direct,30.375321,69.345116,14.058324,108.277199
Lithium,PAK,MLT,Pakistan,Malta,253090,Raw,3112.928,mirror,30.375321,69.345116,35.937496,14.375416
Lithium,PAK,LKA,Pakistan,Sri Lanka,253090,Raw,2980.533,direct,30.375321,69.345116,7.873054,80.771797
Lithium,PAK,SAU,Pakistan,Saudi Arabia,253090,Raw,2939.2,mirror,30.375321,69.345116,23.885942,45.079162
Lithium,PAK,EGY,Pakistan,Egypt,253090,Raw,2045.643,direct,30.375321,69.345116,26.820553,30.802498
Lithium,PAK,HUN,Pakistan,Hungary,253090,Raw,1755.792,mirror,30.375321,69.345116,47.162494,19.503304
Lithium,PAK,IRL,Pakistan,Ireland,253090,Raw,917.859,mirror,30.375321,69.345116,53.41291,-8.24389
Lithium,PAK,EST,Pakistan,Estonia,253090,Raw,421.76,mirror,30.375321,69.345116,58.595272,25.013607
Lithium,PAK,SWE,Pakistan,Sweden,253090,Raw,378.516,mirror,30.375321,69.345116,60.128161,18.643501
Lithium,PAK,POL,Pakistan,Poland,253090,Raw,314.0,mirror,30.375321,69.345116,51.919438,19.145136
Lithium,PAK,IDN,Pakistan,Indonesia,253090,Raw,130.0,mirror,30.375321,69.345116,-0.789275,113.921327
Lithium,PAK,ISL,Pakistan,Iceland,253090,Raw,112.194,mirror,30.375321,69.345116,64.963051,-19.020835
Lithium,PAK,DNK,Pakistan,Denmark,253090,Raw,110.958,mirror,30.375321,69.345116,56.26392,9.501785
Lithium,PAK,NZL,Pakistan,New Zealand,253090,Raw,34.497,mirror,30.375321,69.345116,-40.900557,174.885971
Lithium,PAK,SLV,Pakistan,El Salvador,253090,Raw,1.11,mirror,30.375321,69.345116,13.794185,-88.89653
Lithium,PAN,CRI,Panama,Costa Rica,253090,Raw,3630.25,mirror,8.537981,-80.782127,9.748917,-83.753428
Lithium,PAN,KOR,Panama,Rep. of Korea,253090,Raw,2026.0,mirror,8.537981,-80.782127,35.907757,127.766922
Lithium,PAN,ABW,Panama,Aruba,253090,Raw,2000.0,direct,8.537981,-80.782127,,
Lithium,PAN,BLZ,Panama,Belize,253090,Raw,247.04,mirror,8.537981,-80.782127,17.189877,-88.49765
Lithium,PAN,NLD,Panama,Netherlands,253090,Raw,1.082,mirror,8.537981,-80.782127,52.132633,5.291266
Lithium,PNG,AUS,Papua New Guinea,Australia,253090,Raw,80351.888,mirror,-6.314993,143.95555,-25.274398,133.775136
Lithium,PNG,CHN,Papua New Guinea,China,253090,Raw,2996.0,mirror,-6.314993,143.95555,35.86166,104.195397
Lithium,PNG,SWE,Papua New Guinea,Sweden,253090,Raw,1135.544,mirror,-6.314993,143.95555,60.128161,18.643501
Lithium,PNG,CHE,Papua New Guinea,Switzerland,253090,Raw,131.752,mirror,-6.314993,143.95555,46.818188,8.227512
Lithium,PNG,SGP,Papua New Guinea,Singapore,253090,Raw,50.889,mirror,-6.314993,143.95555,1.352083,103.819836
Lithium,PRY,ARG,Paraguay,Argentina,253090,Raw,46236.02,direct,-23.442503,-58.443832,-38.416097,-63.616672
Lithium,PRY,USA,Paraguay,USA,253090,Raw,20400.0,direct,-23.442503,-58.443832,37.09024,-95.712891
Lithium,PER,X2 ,Peru,Free Zones,253090,Raw,670175.624,direct,-9.189967,-75.015152,,
Lithium,PER,ECU,Peru,Ecuador,253090,Raw,354766.48,direct,-9.189967,-75.015152,-1.831239,-78.183406
Lithium,PER,USA,Peru,USA,253090,Raw,276831.88,direct,-9.189967,-75.015152,37.09024,-95.712891
Lithium,PER,ESP,Peru,Spain,253090,Raw,124548.372,direct,-9.189967,-75.015152,40.463667,-3.74922
Lithium,PER,HKG,Peru,"China, Hong Kong SAR",253090,Raw,100000.0,direct,-9.189967,-75.015152,22.396428,114.109497
Lithium,PER,CHN,Peru,China,253090,Raw,24588.0,direct,-9.189967,-75.015152,35.86166,104.195397
Lithium,PER,BRA,Peru,Brazil,253090,Raw,17911.2,direct,-9.189967,-75.015152,-14.235004,-51.92528
Lithium,PER,COL,Peru,Colombia,253090,Raw,9000.028,direct,-9.189967,-75.015152,4.570868,-74.297333
Lithium,PER,BEL,Peru,Belgium,253090,Raw,4782.076,mirror,-9.189967,-75.015152,50.503887,4.469936
Lithium,PER,SVK,Peru,Slovakia,253090,Raw,2182.08,mirror,-9.189967,-75.015152,48.669026,19.699024
Lithium,PER,BOL,Peru,Bolivia (Plurinational State of),253090,Raw,1982.812,direct,-9.189967,-75.015152,-16.290154,-63.588653
Lithium,PER,CHL,Peru,Chile,253090,Raw,1700.08,direct,-9.189967,-75.015152,-35.675147,-71.542969
Lithium,PER,IRL,Peru,Ireland,253090,Raw,1179.795,mirror,-9.189967,-75.015152,53.41291,-8.24389
Lithium,PER,FRA,Peru,France,253090,Raw,978.472,mirror,-9.189967,-75.015152,46.227638,2.213749
Lithium,PER,S19,Peru,"Other Asia, nes",253090,Raw,716.498,mirror,-9.189967,-75.015152,,
Lithium,PER,NLD,Peru,Netherlands,253090,Raw,188.334,mirror,-9.189967,-75.015152,52.132633,5.291266
Lithium,PER,AUT,Peru,Austria,253090,Raw,138.545,mirror,-9.189967,-75.015152,47.516231,14.550072
Lithium,PER,HUN,Peru,Hungary,253090,Raw,67.216,mirror,-9.189967,-75.015152,47.162494,19.503304
Lithium,PER,CAN,Peru,Canada,253090,Raw,4.044,direct,-9.189967,-75.015152,56.130366,-106.346771
Lithium,PER,AUS,Peru,Australia,253090,Raw,4.0,direct,-9.189967,-75.015152,-25.274398,133.775136
Lithium,PER,NZL,Peru,New Zealand,253090,Raw,0.04,direct,-9.189967,-75.015152,-40.900557,174.885971
Lithium,PHL,JPN,Philippines,Japan,253090,Raw,231901.012,mirror,12.879721,121.774017,36.204824,138.252924
Lithium,PHL,CHN,Philippines,China,253090,Raw,20927.0,mirror,12.879721,121.774017,35.86166,104.195397
Lithium,PHL,GTM,Philippines,Guatemala,253090,Raw,10822.0,mirror,12.879721,121.774017,15.783471,-90.230759
Lithium,PHL,CAN,Philippines,Canada,253090,Raw,3405.5,mirror,12.879721,121.774017,56.130366,-106.346771
Lithium,PHL,DEU,Philippines,Germany,253090,Raw,1254.0,direct,12.879721,121.774017,51.165691,10.451526
Lithium,PHL,SRB,Philippines,Serbia,253090,Raw,1144.0,mirror,12.879721,121.774017,44.016521,21.005859
Lithium,PHL,IDN,Philippines,Indonesia,253090,Raw,910.0,mirror,12.879721,121.774017,-0.789275,113.921327
Lithium,PHL,FRA,Philippines,France,253090,Raw,800.96,mirror,12.879721,121.774017,46.227638,2.213749
Lithium,PHL,KOR,Philippines,Rep. of Korea,253090,Raw,101.0,mirror,12.879721,121.774017,35.907757,127.766922
Lithium,PHL,AUS,Philippines,Australia,253090,Raw,60.0,direct,12.879721,121.774017,-25.274398,133.775136
Lithium,PHL,SGP,Philippines,Singapore,253090,Raw,60.0,direct,12.879721,121.774017,1.352083,103.819836
Lithium,PHL,DNK,Philippines,Denmark,253090,Raw,37.421,mirror,12.879721,121.774017,56.26392,9.501785
Lithium,PHL,NLD,Philippines,Netherlands,253090,Raw,16.236,mirror,12.879721,121.774017,52.132633,5.291266
Lithium,POL,HKG,Poland,"China, Hong Kong SAR",253090,Raw,2074289.0,direct,51.919438,19.145136,22.396428,114.109497
Lithium,POL,CHN,Poland,China,253090,Raw,1969263.0,direct,51.919438,19.145136,35.86166,104.195397
Lithium,POL,DEU,Poland,Germany,253090,Raw,594919.0,direct,51.919438,19.145136,51.165691,10.451526
Lithium,POL,RUS,Poland,Russian Federation,253090,Raw,377039.0,direct,51.919438,19.145136,61.52401,105.318756
Lithium,POL,SVN,Poland,Slovenia,253090,Raw,240735.0,direct,51.919438,19.145136,46.151241,14.995463
Lithium,POL,CZE,Poland,Czechia,253090,Raw,191125.0,direct,51.919438,19.145136,49.817492,15.472962
Lithium,POL,BLR,Poland,Belarus,253090,Raw,167988.0,direct,51.919438,19.145136,53.709807,27.953389
Lithium,POL,SRB,Poland,Serbia,253090,Raw,117290.0,direct,51.919438,19.145136,44.016521,21.005859
Lithium,POL,UKR,Poland,Ukraine,253090,Raw,116074.0,direct,51.919438,19.145136,48.379433,31.16558
Lithium,POL,BIH,Poland,Bosnia Herzegovina,253090,Raw,101144.28,mirror,51.919438,19.145136,43.915886,17.679076
Lithium,POL,GBR,Poland,United Kingdom,253090,Raw,52826.0,direct,51.919438,19.145136,55.378051,-3.435973
Lithium,POL,SVK,Poland,Slovakia,253090,Raw,41469.0,direct,51.919438,19.145136,48.669026,19.699024
Lithium,POL,SWE,Poland,Sweden,253090,Raw,41414.0,direct,51.919438,19.145136,60.128161,18.643501
Lithium,POL,ARG,Poland,Argentina,253090,Raw,32647.0,direct,51.919438,19.145136,-38.416097,-63.616672
Lithium,POL,FRA,Poland,France,253090,Raw,31828.0,direct,51.919438,19.145136,46.227638,2.213749
Lithium,POL,EST,Poland,Estonia,253090,Raw,29281.0,direct,51.919438,19.145136,58.595272,25.013607
Lithium,POL,ARE,Poland,United Arab Emirates,253090,Raw,26608.0,direct,51.919438,19.145136,23.424076,53.847818
Lithium,POL,MDA,Poland,Rep. of Moldova,253090,Raw,25061.0,direct,51.919438,19.145136,47.411631,28.369885
Lithium,POL,LVA,Poland,Latvia,253090,Raw,17739.0,direct,51.919438,19.145136,56.879635,24.603189
Lithium,POL,LTU,Poland,Lithuania,253090,Raw,14693.0,direct,51.919438,19.145136,55.169438,23.881275
Lithium,POL,CAN,Poland,Canada,253090,Raw,13193.133,mirror,51.919438,19.145136,56.130366,-106.346771
Lithium,POL,ROU,Poland,Romania,253090,Raw,12403.0,direct,51.919438,19.145136,45.943161,24.96676
Lithium,POL,KWT,Poland,Kuwait,253090,Raw,11756.0,direct,51.919438,19.145136,29.31166,47.481766
Lithium,POL,NLD,Poland,Netherlands,253090,Raw,10513.0,direct,51.919438,19.145136,52.132633,5.291266
Lithium,POL,IRL,Poland,Ireland,253090,Raw,9349.0,direct,51.919438,19.145136,53.41291,-8.24389
Lithium,POL,AUT,Poland,Austria,253090,Raw,9156.0,direct,51.919438,19.145136,47.516231,14.550072
Lithium,POL,MNE,Poland,Montenegro,253090,Raw,8950.552,mirror,51.919438,19.145136,42.708678,19.37439
Lithium,POL,USA,Poland,USA,253090,Raw,8127.0,direct,51.919438,19.145136,37.09024,-95.712891
Lithium,POL,VEN,Poland,Venezuela,253090,Raw,8117.0,direct,51.919438,19.145136,6.42375,-66.58973
Lithium,POL,KAZ,Poland,Kazakhstan,253090,Raw,6495.0,direct,51.919438,19.145136,48.019573,66.923684
Lithium,POL,MYS,Poland,Malaysia,253090,Raw,5244.264,mirror,51.919438,19.145136,4.210484,101.975766
Lithium,POL,ESP,Poland,Spain,253090,Raw,4791.0,direct,51.919438,19.145136,40.463667,-3.74922
Lithium,POL,NOR,Poland,Norway,253090,Raw,4696.0,direct,51.919438,19.145136,60.472024,8.468946
Lithium,POL,HUN,Poland,Hungary,253090,Raw,4341.0,direct,51.919438,19.145136,47.162494,19.503304
Lithium,POL,JPN,Poland,Japan,253090,Raw,4001.0,direct,51.919438,19.145136,36.204824,138.252924
Lithium,POL,NZL,Poland,New Zealand,253090,Raw,3645.203,mirror,51.919438,19.145136,-40.900557,174.885971
Lithium,POL,FIN,Poland,Finland,253090,Raw,3318.0,direct,51.919438,19.145136,61.92411,25.748151
Lithium,POL,BGR,Poland,Bulgaria,253090,Raw,2631.0,direct,51.919438,19.145136,42.733883,25.48583
Lithium,POL,ITA,Poland,Italy,253090,Raw,2363.0,direct,51.919438,19.145136,41.87194,12.56738
Lithium,POL,S19,Poland,"Other Asia, nes",253090,Raw,1562.0,direct,51.919438,19.145136,,
Lithium,POL,MAR,Poland,Morocco,253090,Raw,1404.0,direct,51.919438,19.145136,31.791702,-7.09262
Lithium,POL,ISR,Poland,Israel,253090,Raw,1244.0,direct,51.919438,19.145136,31.046051,34.851612
Lithium,POL,BEL,Poland,Belgium,253090,Raw,1098.0,direct,51.919438,19.145136,50.503887,4.469936
Lithium,POL,IRN,Poland,Iran,253090,Raw,623.0,direct,51.919438,19.145136,32.427908,53.688046
Lithium,POL,TUR,Poland,Türkiye,253090,Raw,519.0,direct,51.919438,19.145136,38.963745,35.243322
Lithium,POL,GRC,Poland,Greece,253090,Raw,506.0,direct,51.919438,19.145136,39.074208,21.824312
Lithium,POL,AZE,Poland,Azerbaijan,253090,Raw,333.0,direct,51.919438,19.145136,40.143105,47.576927
Lithium,POL,PRT,Poland,Portugal,253090,Raw,329.0,direct,51.919438,19.145136,39.399872,-8.224454
Lithium,POL,DNK,Poland,Denmark,253090,Raw,244.0,direct,51.919438,19.145136,56.26392,9.501785
Lithium,POL,LUX,Poland,Luxembourg,253090,Raw,209.0,direct,51.919438,19.145136,49.815273,6.129583
Lithium,POL,KOR,Poland,Rep. of Korea,253090,Raw,122.0,direct,51.919438,19.145136,35.907757,127.766922
Lithium,POL,MLT,Poland,Malta,253090,Raw,102.0,direct,51.919438,19.145136,35.937496,14.375416
Lithium,POL,HRV,Poland,Croatia,253090,Raw,80.0,direct,51.919438,19.145136,45.1,15.2
Lithium,POL,CHE,Poland,Switzerland,253090,Raw,44.0,direct,51.919438,19.145136,46.818188,8.227512
Lithium,POL,ECU,Poland,Ecuador,253090,Raw,43.0,direct,51.919438,19.145136,-1.831239,-78.183406
Lithium,POL,IDN,Poland,Indonesia,253090,Raw,16.0,mirror,51.919438,19.145136,-0.789275,113.921327
Lithium,POL,ZAF,Poland,South Africa,253090,Raw,8.512,mirror,51.919438,19.145136,-30.559482,22.937506
Lithium,PRT,DZA,Portugal,Algeria,253090,Raw,2481292.552,direct,39.399872,-8.224454,28.033886,1.659626
Lithium,PRT,DEU,Portugal,Germany,253090,Raw,679651.728,mirror,39.399872,-8.224454,51.165691,10.451526
Lithium,PRT,SVN,Portugal,Slovenia,253090,Raw,295887.408,mirror,39.399872,-8.224454,46.151241,14.995463
Lithium,PRT,BRA,Portugal,Brazil,253090,Raw,267668.0,mirror,39.399872,-8.224454,-14.235004,-51.92528
Lithium,PRT,CHE,Portugal,Switzerland,253090,Raw,93747.088,direct,39.399872,-8.224454,46.818188,8.227512
Lithium,PRT,AGO,Portugal,Angola,253090,Raw,82522.24799999999,direct,39.399872,-8.224454,-11.202692,17.873887
Lithium,PRT,MOZ,Portugal,Mozambique,253090,Raw,73879.376,direct,39.399872,-8.224454,-18.665695,35.529562
Lithium,PRT,CPV,Portugal,Cabo Verde,253090,Raw,65202.976,direct,39.399872,-8.224454,16.002082,-24.013197
Lithium,PRT,SAU,Portugal,Saudi Arabia,253090,Raw,58305.065,mirror,39.399872,-8.224454,23.885942,45.079162
Lithium,PRT,MAR,Portugal,Morocco,253090,Raw,57812.028,mirror,39.399872,-8.224454,31.791702,-7.09262
Lithium,PRT,FRA,Portugal,France,253090,Raw,55746.924,mirror,39.399872,-8.224454,46.227638,2.213749
Lithium,PRT,COL,Portugal,Colombia,253090,Raw,50130.336,direct,39.399872,-8.224454,4.570868,-74.297333
Lithium,PRT,ESP,Portugal,Spain,253090,Raw,25584.916,direct,39.399872,-8.224454,40.463667,-3.74922
Lithium,PRT,GIN,Portugal,Guinea,253090,Raw,9808.112,direct,39.399872,-8.224454,9.945587,-9.696645
Lithium,PRT,ARG,Portugal,Argentina,253090,Raw,7161.9,mirror,39.399872,-8.224454,-38.416097,-63.616672
Lithium,PRT,SEN,Portugal,Senegal,253090,Raw,4711.248,direct,39.399872,-8.224454,14.497401,14.452362
Lithium,PRT,ITA,Portugal,Italy,253090,Raw,1752.047,mirror,39.399872,-8.224454,41.87194,12.56738
Lithium,PRT,AUT,Portugal,Austria,253090,Raw,1138.664,mirror,39.399872,-8.224454,47.516231,14.550072
Lithium,PRT,DOM,Portugal,Dominican Rep.,253090,Raw,862.944,mirror,39.399872,-8.224454,18.735693,-70.162651
Lithium,PRT,BEL,Portugal,Belgium,253090,Raw,817.435,mirror,39.399872,-8.224454,50.503887,4.469936
Lithium,PRT,CYP,Portugal,Cyprus,253090,Raw,561.66,direct,39.399872,-8.224454,35.126413,33.429859
Lithium,PRT,GBR,Portugal,United Kingdom,253090,Raw,502.98,direct,39.399872,-8.224454,55.378051,-3.435973
Lithium,PRT,NLD,Portugal,Netherlands,253090,Raw,321.467,mirror,39.399872,-8.224454,52.132633,5.291266
Lithium,PRT,JOR,Portugal,Jordan,253090,Raw,318.552,direct,39.399872,-8.224454,30.585164,36.238414
Lithium,PRT,CAN,Portugal,Canada,253090,Raw,245.468,mirror,39.399872,-8.224454,56.130366,-106.346771
Lithium,PRT,PRY,Portugal,Paraguay,253090,Raw,150.36,mirror,39.399872,-8.224454,-23.442503,-58.443832
Lithium,PRT,POL,Portugal,Poland,253090,Raw,93.0,mirror,39.399872,-8.224454,51.919438,19.145136
Lithium,PRT,CRI,Portugal,Costa Rica,253090,Raw,86.4,mirror,39.399872,-8.224454,9.748917,-83.753428
Lithium,PRT,SLV,Portugal,El Salvador,253090,Raw,86.05,mirror,39.399872,-8.224454,13.794185,-88.89653
Lithium,PRT,HND,Portugal,Honduras,253090,Raw,77.0,mirror,39.399872,-8.224454,15.199999,-86.241905
Lithium,PRT,GTM,Portugal,Guatemala,253090,Raw,54.0,mirror,39.399872,-8.224454,15.783471,-90.230759
Lithium,PRT,ARE,Portugal,United Arab Emirates,253090,Raw,33.528,direct,39.399872,-8.224454,23.424076,53.847818
Lithium,PRT,SGP,Portugal,Singapore,253090,Raw,11.226,mirror,39.399872,-8.224454,1.352083,103.819836
Lithium,PRT,STP,Portugal,Sao Tome and Principe,253090,Raw,8.384,direct,39.399872,-8.224454,,
Lithium,PRT,TUR,Portugal,Türkiye,253090,Raw,8.384,direct,39.399872,-8.224454,38.963745,35.243322
Lithium,QAT,JOR,Qatar,Jordan,253090,Raw,2091.507,mirror,25.354826,51.183884,30.585164,36.238414
Lithium,QAT,SAU,Qatar,Saudi Arabia,253090,Raw,821.067,mirror,25.354826,51.183884,23.885942,45.079162
Lithium,KOR,CHN,Rep. of Korea,China,253090,Raw,6449079.0,direct,35.907757,127.766922,35.86166,104.195397
Lithium,KOR,JPN,Rep. of Korea,Japan,253090,Raw,4010798.0,direct,35.907757,127.766922,36.204824,138.252924
Lithium,KOR,S19,Rep. of Korea,"Other Asia, nes",253090,Raw,2756828.0,direct,35.907757,127.766922,,
Lithium,KOR,USA,Rep. of Korea,USA,253090,Raw,1989326.0,direct,35.907757,127.766922,37.09024,-95.712891
Lithium,KOR,IDN,Rep. of Korea,Indonesia,253090,Raw,596304.0,direct,35.907757,127.766922,-0.789275,113.921327
Lithium,KOR,VNM,Rep. of Korea,Viet Nam,253090,Raw,370433.0,direct,35.907757,127.766922,14.058324,108.277199
Lithium,KOR,MEX,Rep. of Korea,Mexico,253090,Raw,276164.0,direct,35.907757,127.766922,23.634501,-102.552784
Lithium,KOR,COL,Rep. of Korea,Colombia,253090,Raw,225086.46,mirror,35.907757,127.766922,4.570868,-74.297333
Lithium,KOR,RUS,Rep. of Korea,Russian Federation,253090,Raw,91821.0,direct,35.907757,127.766922,61.52401,105.318756
Lithium,KOR,MYS,Rep. of Korea,Malaysia,253090,Raw,70962.0,direct,35.907757,127.766922,4.210484,101.975766
Lithium,KOR,THA,Rep. of Korea,Thailand,253090,Raw,60320.0,direct,35.907757,127.766922,15.870032,100.992541
Lithium,KOR,IND,Rep. of Korea,India,253090,Raw,56951.0,direct,35.907757,127.766922,20.593684,78.96288
Lithium,KOR,PHL,Rep. of Korea,Philippines,253090,Raw,54780.0,direct,35.907757,127.766922,12.879721,121.774017
Lithium,KOR,TUR,Rep. of Korea,Türkiye,253090,Raw,47359.0,direct,35.907757,127.766922,38.963745,35.243322
Lithium,KOR,AUS,Rep. of Korea,Australia,253090,Raw,41092.0,direct,35.907757,127.766922,-25.274398,133.775136
Lithium,KOR,SAU,Rep. of Korea,Saudi Arabia,253090,Raw,37989.0,direct,35.907757,127.766922,23.885942,45.079162
Lithium,KOR,FJI,Rep. of Korea,Fiji,253090,Raw,33326.279,mirror,35.907757,127.766922,-16.578193,179.414413
Lithium,KOR,SRB,Rep. of Korea,Serbia,253090,Raw,18152.0,mirror,35.907757,127.766922,44.016521,21.005859
Lithium,KOR,BRA,Rep. of Korea,Brazil,253090,Raw,9993.0,direct,35.907757,127.766922,-14.235004,-51.92528
Lithium,KOR,TZA,Rep. of Korea,United Rep. of Tanzania,253090,Raw,9432.238,mirror,35.907757,127.766922,-6.369028,34.888822
Lithium,KOR,KEN,Rep. of Korea,Kenya,253090,Raw,6942.0,direct,35.907757,127.766922,-0.023559,37.906193
Lithium,KOR,SGP,Rep. of Korea,Singapore,253090,Raw,6517.574,mirror,35.907757,127.766922,1.352083,103.819836
Lithium,KOR,HUN,Rep. of Korea,Hungary,253090,Raw,3230.0,direct,35.907757,127.766922,47.162494,19.503304
Lithium,KOR,ARE,Rep. of Korea,United Arab Emirates,253090,Raw,3171.0,direct,35.907757,127.766922,23.424076,53.847818
Lithium,KOR,CAN,Rep. of Korea,Canada,253090,Raw,2708.6,mirror,35.907757,127.766922,56.130366,-106.346771
Lithium,KOR,FRA,Rep. of Korea,France,253090,Raw,1483.0,direct,35.907757,127.766922,46.227638,2.213749
Lithium,KOR,DEU,Rep. of Korea,Germany,253090,Raw,1200.0,direct,35.907757,127.766922,51.165691,10.451526
Lithium,KOR,MNG,Rep. of Korea,Mongolia,253090,Raw,1172.0,direct,35.907757,127.766922,46.862496,103.846656
Lithium,KOR,FIN,Rep. of Korea,Finland,253090,Raw,1000.0,direct,35.907757,127.766922,61.92411,25.748151
Lithium,KOR,BOL,Rep. of Korea,Bolivia (Plurinational State of),253090,Raw,988.0,mirror,35.907757,127.766922,-16.290154,-63.588653
Lithium,KOR,NOR,Rep. of Korea,Norway,253090,Raw,851.306,mirror,35.907757,127.766922,60.472024,8.468946
Lithium,KOR,UZB,Rep. of Korea,Uzbekistan,253090,Raw,774.0,direct,35.907757,127.766922,41.377491,64.585262
Lithium,KOR,KHM,Rep. of Korea,Cambodia,253090,Raw,689.0,direct,35.907757,127.766922,12.565679,104.990963
Lithium,KOR,PRT,Rep. of Korea,Portugal,253090,Raw,528.128,mirror,35.907757,127.766922,39.399872,-8.224454
Lithium,KOR,GBR,Rep. of Korea,United Kingdom,253090,Raw,373.0,direct,35.907757,127.766922,55.378051,-3.435973
Lithium,KOR,NLD,Rep. of Korea,Netherlands,253090,Raw,294.407,mirror,35.907757,127.766922,52.132633,5.291266
Lithium,KOR,CHL,Rep. of Korea,Chile,253090,Raw,205.08,mirror,35.907757,127.766922,-35.675147,-71.542969
Lithium,KOR,AUT,Rep. of Korea,Austria,253090,Raw,141.792,mirror,35.907757,127.766922,47.516231,14.550072
Lithium,KOR,BEL,Rep. of Korea,Belgium,253090,Raw,99.0,direct,35.907757,127.766922,50.503887,4.469936
Lithium,KOR,IRL,Rep. of Korea,Ireland,253090,Raw,76.849,mirror,35.907757,127.766922,53.41291,-8.24389
Lithium,KOR,PAK,Rep. of Korea,Pakistan,253090,Raw,30.659,mirror,35.907757,127.766922,30.375321,69.345116
Lithium,MDA,UKR,Rep. of Moldova,Ukraine,253090,Raw,848.0,direct,47.411631,28.369885,48.379433,31.16558
Lithium,MDA,ROU,Rep. of Moldova,Romania,253090,Raw,104.0,direct,47.411631,28.369885,45.943161,24.96676
Lithium,ROU,SRB,Romania,Serbia,253090,Raw,821103.32,direct,45.943161,24.96676,44.016521,21.005859
Lithium,ROU,DEU,Romania,Germany,253090,Raw,287520.136,mirror,45.943161,24.96676,51.165691,10.451526
Lithium,ROU,SVN,Romania,Slovenia,253090,Raw,150193.332,mirror,45.943161,24.96676,46.151241,14.995463
Lithium,ROU,MDA,Romania,Rep. of Moldova,253090,Raw,91235.32,direct,45.943161,24.96676,47.411631,28.369885
Lithium,ROU,CHE,Romania,Switzerland,253090,Raw,38729.76,direct,45.943161,24.96676,46.818188,8.227512
Lithium,ROU,EGY,Romania,Egypt,253090,Raw,38280.0,direct,45.943161,24.96676,26.820553,30.802498
Lithium,ROU,AUT,Romania,Austria,253090,Raw,25459.753,mirror,45.943161,24.96676,47.516231,14.550072
Lithium,ROU,BRA,Romania,Brazil,253090,Raw,13562.92,direct,45.943161,24.96676,-14.235004,-51.92528
Lithium,ROU,USA,Romania,USA,253090,Raw,9148.0,mirror,45.943161,24.96676,37.09024,-95.712891
Lithium,ROU,UKR,Romania,Ukraine,253090,Raw,8125.56,direct,45.943161,24.96676,48.379433,31.16558
Lithium,ROU,CHN,Romania,China,253090,Raw,4723.72,direct,45.943161,24.96676,35.86166,104.195397
Lithium,ROU,ALB,Romania,Albania,253090,Raw,1717.04,direct,45.943161,24.96676,41.153332,20.168331
Lithium,ROU,BGR,Romania,Bulgaria,253090,Raw,1554.24,direct,45.943161,24.96676,42.733883,25.48583
Lithium,ROU,NLD,Romania,Netherlands,253090,Raw,610.463,mirror,45.943161,24.96676,52.132633,5.291266
Lithium,ROU,ITA,Romania,Italy,253090,Raw,142.28,direct,45.943161,24.96676,41.87194,12.56738
Lithium,ROU,HUN,Romania,Hungary,253090,Raw,134.44,direct,45.943161,24.96676,47.162494,19.503304
Lithium,ROU,LUX,Romania,Luxembourg,253090,Raw,10.824,mirror,45.943161,24.96676,49.815273,6.129583
Lithium,ROU,KOR,Romania,Rep. of Korea,253090,Raw,1.0,mirror,45.943161,24.96676,35.907757,127.766922
Lithium,RUS,CHN,Russian Federation,China,253090,Raw,55503262.0,mirror,61.52401,105.318756,35.86166,104.195397
Lithium,RUS,ESP,Russian Federation,Spain,253090,Raw,44743795.568,mirror,61.52401,105.318756,40.463667,-3.74922
Lithium,RUS,TUR,Russian Federation,Türkiye,253090,Raw,19329240.0,mirror,61.52401,105.318756,38.963745,35.243322
Lithium,RUS,HKG,Russian Federation,"China, Hong Kong SAR",253090,Raw,14500754.832,mirror,61.52401,105.318756,22.396428,114.109497
Lithium,RUS,DEU,Russian Federation,Germany,253090,Raw,7603607.335999999,mirror,61.52401,105.318756,51.165691,10.451526
Lithium,RUS,POL,Russian Federation,Poland,253090,Raw,5253549.0,mirror,61.52401,105.318756,51.919438,19.145136
Lithium,RUS,KAZ,Russian Federation,Kazakhstan,253090,Raw,3262927.73,mirror,61.52401,105.318756,48.019573,66.923684
Lithium,RUS,LVA,Russian Federation,Latvia,253090,Raw,3258941.548,mirror,61.52401,105.318756,56.879635,24.603189
Lithium,RUS,UZB,Russian Federation,Uzbekistan,253090,Raw,3241890.0,mirror,61.52401,105.318756,41.377491,64.585262
Lithium,RUS,NLD,Russian Federation,Netherlands,253090,Raw,2963076.04,mirror,61.52401,105.318756,52.132633,5.291266
Lithium,RUS,BGR,Russian Federation,Bulgaria,253090,Raw,2229173.068,mirror,61.52401,105.318756,42.733883,25.48583
Lithium,RUS,KOR,Russian Federation,Rep. of Korea,253090,Raw,2161116.0,mirror,61.52401,105.318756,35.907757,127.766922
Lithium,RUS,ITA,Russian Federation,Italy,253090,Raw,1604327.013,mirror,61.52401,105.318756,41.87194,12.56738
Lithium,RUS,LTU,Russian Federation,Lithuania,253090,Raw,783796.0,mirror,61.52401,105.318756,55.169438,23.881275
Lithium,RUS,GBR,Russian Federation,United Kingdom,253090,Raw,625667.608,mirror,61.52401,105.318756,55.378051,-3.435973
Lithium,RUS,EST,Russian Federation,Estonia,253090,Raw,598505.68,mirror,61.52401,105.318756,58.595272,25.013607
Lithium,RUS,KGZ,Russian Federation,Kyrgyzstan,253090,Raw,328762.0,mirror,61.52401,105.318756,41.20438,74.766098
Lithium,RUS,AZE,Russian Federation,Azerbaijan,253090,Raw,266448.0,mirror,61.52401,105.318756,40.143105,47.576927
Lithium,RUS,MDA,Russian Federation,Rep. of Moldova,253090,Raw,235740.0,mirror,61.52401,105.318756,47.411631,28.369885
Lithium,RUS,NOR,Russian Federation,Norway,253090,Raw,184042.3,mirror,61.52401,105.318756,60.472024,8.468946
Lithium,RUS,PER,Russian Federation,Peru,253090,Raw,61141.82,mirror,61.52401,105.318756,-9.189967,-75.015152
Lithium,RUS,CHE,Russian Federation,Switzerland,253090,Raw,41083.964,mirror,61.52401,105.318756,46.818188,8.227512
Lithium,RUS,ARM,Russian Federation,Armenia,253090,Raw,39402.2,mirror,61.52401,105.318756,40.069099,45.038189
Lithium,RUS,SRB,Russian Federation,Serbia,253090,Raw,38992.0,mirror,61.52401,105.318756,44.016521,21.005859
Lithium,RUS,BIH,Russian Federation,Bosnia Herzegovina,253090,Raw,32477.504,mirror,61.52401,105.318756,43.915886,17.679076
Lithium,RUS,AUS,Russian Federation,Australia,253090,Raw,11918.104,mirror,61.52401,105.318756,-25.274398,133.775136
Lithium,RUS,AUT,Russian Federation,Austria,253090,Raw,10481.772,mirror,61.52401,105.318756,47.516231,14.550072
Lithium,RUS,SAU,Russian Federation,Saudi Arabia,253090,Raw,6146.933,mirror,61.52401,105.318756,23.885942,45.079162
Lithium,RUS,JPN,Russian Federation,Japan,253090,Raw,5965.66,mirror,61.52401,105.318756,36.204824,138.252924
Lithium,RUS,CAN,Russian Federation,Canada,253090,Raw,3405.5,mirror,61.52401,105.318756,56.130366,-106.346771
Lithium,RUS,EGY,Russian Federation,Egypt,253090,Raw,1949.68,mirror,61.52401,105.318756,26.820553,30.802498
Lithium,RUS,HUN,Russian Federation,Hungary,253090,Raw,581.808,mirror,61.52401,105.318756,47.162494,19.503304
Lithium,RUS,CHL,Russian Federation,Chile,253090,Raw,223.09,mirror,61.52401,105.318756,-35.675147,-71.542969
Lithium,RUS,IRL,Russian Federation,Ireland,253090,Raw,36.801,mirror,61.52401,105.318756,53.41291,-8.24389
Lithium,RUS,FRA,Russian Federation,France,253090,Raw,4.328,mirror,61.52401,105.318756,46.227638,2.213749
Lithium,RWA,CHN,Rwanda,China,253090,Raw,2601345.0,mirror,-1.940278,29.873888,35.86166,104.195397
Lithium,RWA,ZAF,Rwanda,South Africa,253090,Raw,4629.036,mirror,-1.940278,29.873888,-30.559482,22.937506
Lithium,RWA,IRL,Rwanda,Ireland,253090,Raw,136.38,mirror,-1.940278,29.873888,53.41291,-8.24389
Lithium,LCA,TTO,Saint Lucia,Trinidad and Tobago,253090,Raw,330.956,mirror,,,10.691803,-61.222503
Lithium,LCA,CAN,Saint Lucia,Canada,253090,Raw,19.752,mirror,,,56.130366,-106.346771
Lithium,WSM,ASM,Samoa,American Samoa,253090,Raw,7.29,direct,,,,
Lithium,SAU,JOR,Saudi Arabia,Jordan,253090,Raw,1258592.179,mirror,23.885942,45.079162,30.585164,36.238414
Lithium,SAU,ESP,Saudi Arabia,Spain,253090,Raw,250639.632,mirror,23.885942,45.079162,40.463667,-3.74922
Lithium,SAU,ARE,Saudi Arabia,United Arab Emirates,253090,Raw,139545.597,direct,23.885942,45.079162,23.424076,53.847818
Lithium,SAU,IRL,Saudi Arabia,Ireland,253090,Raw,36744.652,mirror,23.885942,45.079162,53.41291,-8.24389
Lithium,SAU,GBR,Saudi Arabia,United Kingdom,253090,Raw,22382.96,mirror,23.885942,45.079162,55.378051,-3.435973
Lithium,SAU,IND,Saudi Arabia,India,253090,Raw,8909.394,mirror,23.885942,45.079162,20.593684,78.96288
Lithium,SAU,KWT,Saudi Arabia,Kuwait,253090,Raw,3516.8,direct,23.885942,45.079162,29.31166,47.481766
Lithium,SAU,AUS,Saudi Arabia,Australia,253090,Raw,2280.992,mirror,23.885942,45.079162,-25.274398,133.775136
Lithium,SAU,USA,Saudi Arabia,USA,253090,Raw,1500.0,direct,23.885942,45.079162,37.09024,-95.712891
Lithium,SAU,CAN,Saudi Arabia,Canada,253090,Raw,1241.44,mirror,23.885942,45.079162,56.130366,-106.346771
Lithium,SAU,FRA,Saudi Arabia,France,253090,Raw,749.008,mirror,23.885942,45.079162,46.227638,2.213749
Lithium,SAU,TUR,Saudi Arabia,Türkiye,253090,Raw,664.0,mirror,23.885942,45.079162,38.963745,35.243322
Lithium,SAU,CZE,Saudi Arabia,Czechia,253090,Raw,612.0,mirror,23.885942,45.079162,49.817492,15.472962
Lithium,SAU,ZAF,Saudi Arabia,South Africa,253090,Raw,406.14,mirror,23.885942,45.079162,-30.559482,22.937506
Lithium,SAU,MLT,Saudi Arabia,Malta,253090,Raw,238.124,mirror,23.885942,45.079162,35.937496,14.375416
Lithium,SAU,PRT,Saudi Arabia,Portugal,253090,Raw,209.576,mirror,23.885942,45.079162,39.399872,-8.224454
Lithium,SAU,CHL,Saudi Arabia,Chile,253090,Raw,207.42,mirror,23.885942,45.079162,-35.675147,-71.542969
Lithium,SAU,DEU,Saudi Arabia,Germany,253090,Raw,8.384,mirror,23.885942,45.079162,51.165691,10.451526
Lithium,SEN,TUR,Senegal,Türkiye,253090,Raw,747792.0,mirror,14.497401,14.452362,38.963745,35.243322
Lithium,SEN,CHN,Senegal,China,253090,Raw,63827.0,mirror,14.497401,14.452362,35.86166,104.195397
Lithium,SEN,IRL,Senegal,Ireland,253090,Raw,9517.752,direct,14.497401,14.452362,53.41291,-8.24389
Lithium,SEN,IDN,Senegal,Indonesia,253090,Raw,6956.692,direct,14.497401,14.452362,-0.789275,113.921327
Lithium,SEN,ESP,Senegal,Spain,253090,Raw,5650.728,mirror,14.497401,14.452362,40.463667,-3.74922
Lithium,SEN,AUS,Senegal,Australia,253090,Raw,2333.56,mirror,14.497401,14.452362,-25.274398,133.775136
Lithium,SEN,SGP,Senegal,Singapore,253090,Raw,2102.178,mirror,14.497401,14.452362,1.352083,103.819836
Lithium,SEN,GBR,Senegal,United Kingdom,253090,Raw,1557.598,direct,14.497401,14.452362,55.378051,-3.435973
Lithium,SEN,FRA,Senegal,France,253090,Raw,70.113,direct,14.497401,14.452362,46.227638,2.213749
Lithium,SEN,IND,Senegal,India,253090,Raw,23.862,mirror,14.497401,14.452362,20.593684,78.96288
Lithium,SEN,CAN,Senegal,Canada,253090,Raw,2.82,mirror,14.497401,14.452362,56.130366,-106.346771
Lithium,SRB,RUS,Serbia,Russian Federation,253090,Raw,2282476.0,direct,44.016521,21.005859,61.52401,105.318756
Lithium,SRB,IND,Serbia,India,253090,Raw,791004.0,direct,44.016521,21.005859,20.593684,78.96288
Lithium,SRB,PER,Serbia,Peru,253090,Raw,415796.0,direct,44.016521,21.005859,-9.189967,-75.015152
Lithium,SRB,SVN,Serbia,Slovenia,253090,Raw,331900.0,direct,44.016521,21.005859,46.151241,14.995463
Lithium,SRB,BIH,Serbia,Bosnia Herzegovina,253090,Raw,319424.0,direct,44.016521,21.005859,43.915886,17.679076
Lithium,SRB,FRA,Serbia,France,253090,Raw,238980.948,mirror,44.016521,21.005859,46.227638,2.213749
Lithium,SRB,ECU,Serbia,Ecuador,253090,Raw,213600.0,direct,44.016521,21.005859,-1.831239,-78.183406
Lithium,SRB,ITA,Serbia,Italy,253090,Raw,210976.0,direct,44.016521,21.005859,41.87194,12.56738
Lithium,SRB,HRV,Serbia,Croatia,253090,Raw,207588.0,direct,44.016521,21.005859,45.1,15.2
Lithium,SRB,HUN,Serbia,Hungary,253090,Raw,159620.0,direct,44.016521,21.005859,47.162494,19.503304
Lithium,SRB,EGY,Serbia,Egypt,253090,Raw,157052.0,direct,44.016521,21.005859,26.820553,30.802498
Lithium,SRB,PAK,Serbia,Pakistan,253090,Raw,79304.0,direct,44.016521,21.005859,30.375321,69.345116
Lithium,SRB,BOL,Serbia,Bolivia (Plurinational State of),253090,Raw,78708.0,direct,44.016521,21.005859,-16.290154,-63.588653
Lithium,SRB,GRC,Serbia,Greece,253090,Raw,75552.0,direct,44.016521,21.005859,39.074208,21.824312
Lithium,SRB,JOR,Serbia,Jordan,253090,Raw,71740.0,direct,44.016521,21.005859,30.585164,36.238414
Lithium,SRB,MNE,Serbia,Montenegro,253090,Raw,61804.0,direct,44.016521,21.005859,42.708678,19.37439
Lithium,SRB,UGA,Serbia,Uganda,253090,Raw,46200.0,direct,44.016521,21.005859,1.373333,32.290275
Lithium,SRB,S19,Serbia,"Other Asia, nes",253090,Raw,36364.0,direct,44.016521,21.005859,,
Lithium,SRB,LTU,Serbia,Lithuania,253090,Raw,29140.0,direct,44.016521,21.005859,55.169438,23.881275
Lithium,SRB,MKD,Serbia,North Macedonia,253090,Raw,28252.0,direct,44.016521,21.005859,41.608635,21.745275
Lithium,SRB,MDA,Serbia,Rep. of Moldova,253090,Raw,20784.0,direct,44.016521,21.005859,47.411631,28.369885
Lithium,SRB,KOR,Serbia,Rep. of Korea,253090,Raw,17884.0,direct,44.016521,21.005859,35.907757,127.766922
Lithium,SRB,GTM,Serbia,Guatemala,253090,Raw,12568.0,direct,44.016521,21.005859,15.783471,-90.230759
Lithium,SRB,CRI,Serbia,Costa Rica,253090,Raw,9900.0,direct,44.016521,21.005859,9.748917,-83.753428
Lithium,SRB,NOR,Serbia,Norway,253090,Raw,5084.0,direct,44.016521,21.005859,60.472024,8.468946
Lithium,SRB,CHN,Serbia,China,253090,Raw,4813.0,mirror,44.016521,21.005859,35.86166,104.195397
Lithium,SRB,CZE,Serbia,Czechia,253090,Raw,4772.0,direct,44.016521,21.005859,49.817492,15.472962
Lithium,SRB,ESP,Serbia,Spain,253090,Raw,2595.96,mirror,44.016521,21.005859,40.463667,-3.74922
Lithium,SRB,TUR,Serbia,Türkiye,253090,Raw,672.0,mirror,44.016521,21.005859,38.963745,35.243322
Lithium,SRB,CAN,Serbia,Canada,253090,Raw,620.72,mirror,44.016521,21.005859,56.130366,-106.346771
Lithium,SRB,BEL,Serbia,Belgium,253090,Raw,384.0,direct,44.016521,21.005859,50.503887,4.469936
Lithium,SRB,IRL,Serbia,Ireland,253090,Raw,248.948,mirror,44.016521,21.005859,53.41291,-8.24389
Lithium,SRB,USA,Serbia,USA,253090,Raw,216.0,direct,44.016521,21.005859,37.09024,-95.712891
Lithium,SRB,BGR,Serbia,Bulgaria,253090,Raw,4.0,direct,44.016521,21.005859,42.733883,25.48583
Lithium,SLE,CHN,Sierra Leone,China,253090,Raw,16606.0,mirror,8.460555,-11.779889,35.86166,104.195397
Lithium,SLE,GBR,Sierra Leone,United Kingdom,253090,Raw,9978.984,mirror,8.460555,-11.779889,55.378051,-3.435973
Lithium,SLE,ZAF,Sierra Leone,South Africa,253090,Raw,41.464,mirror,8.460555,-11.779889,-30.559482,22.937506
Lithium,SGP,MYS,Singapore,Malaysia,253090,Raw,657553.571,direct,1.352083,103.819836,4.210484,101.975766
Lithium,SGP,QAT,Singapore,Qatar,253090,Raw,39109.936,direct,1.352083,103.819836,25.354826,51.183884
Lithium,SGP,NGA,Singapore,Nigeria,253090,Raw,23538.004,mirror,1.352083,103.819836,9.081999,8.675277
Lithium,SGP,CHN,Singapore,China,253090,Raw,16816.0,mirror,1.352083,103.819836,35.86166,104.195397
Lithium,SGP,MAC,Singapore,"China, Macao SAR",253090,Raw,14981.665,direct,1.352083,103.819836,22.198745,113.543873
Lithium,SGP,IDN,Singapore,Indonesia,253090,Raw,11150.747,direct,1.352083,103.819836,-0.789275,113.921327
Lithium,SGP,JPN,Singapore,Japan,253090,Raw,6258.637,direct,1.352083,103.819836,36.204824,138.252924
Lithium,SGP,PAK,Singapore,Pakistan,253090,Raw,4012.772,direct,1.352083,103.819836,30.375321,69.345116
Lithium,SGP,PHL,Singapore,Philippines,253090,Raw,2728.0,mirror,1.352083,103.819836,12.879721,121.774017
Lithium,SGP,PRT,Singapore,Portugal,253090,Raw,1819.112,mirror,1.352083,103.819836,39.399872,-8.224454
Lithium,SGP,USA,Singapore,USA,253090,Raw,1475.79,direct,1.352083,103.819836,37.09024,-95.712891
Lithium,SGP,FRA,Singapore,France,253090,Raw,852.916,mirror,1.352083,103.819836,46.227638,2.213749
Lithium,SGP,AUS,Singapore,Australia,253090,Raw,519.37,direct,1.352083,103.819836,-25.274398,133.775136
Lithium,SGP,NCL,Singapore,New Caledonia,253090,Raw,152.668,direct,1.352083,103.819836,,
Lithium,SGP,GBR,Singapore,United Kingdom,253090,Raw,8.98,direct,1.352083,103.819836,55.378051,-3.435973
Lithium,SGP,DEU,Singapore,Germany,253090,Raw,5.987,direct,1.352083,103.819836,51.165691,10.451526
Lithium,SVK,NLD,Slovakia,Netherlands,253090,Raw,31361229.152,direct,48.669026,19.699024,52.132633,5.291266
Lithium,SVK,DEU,Slovakia,Germany,253090,Raw,30564302.724,direct,48.669026,19.699024,51.165691,10.451526
Lithium,SVK,CZE,Slovakia,Czechia,253090,Raw,25604099.44,direct,48.669026,19.699024,49.817492,15.472962
Lithium,SVK,POL,Slovakia,Poland,253090,Raw,20424259.512,direct,48.669026,19.699024,51.919438,19.145136
Lithium,SVK,FRA,Slovakia,France,253090,Raw,15084504.36,direct,48.669026,19.699024,46.227638,2.213749
Lithium,SVK,AUT,Slovakia,Austria,253090,Raw,14601303.748000002,direct,48.669026,19.699024,47.516231,14.550072
Lithium,SVK,SRB,Slovakia,Serbia,253090,Raw,12189985.216,direct,48.669026,19.699024,44.016521,21.005859
Lithium,SVK,HUN,Slovakia,Hungary,253090,Raw,10297421.336,direct,48.669026,19.699024,47.162494,19.503304
Lithium,SVK,ITA,Slovakia,Italy,253090,Raw,6441904.204,direct,48.669026,19.699024,41.87194,12.56738
Lithium,SVK,BEL,Slovakia,Belgium,253090,Raw,6163732.424,direct,48.669026,19.699024,50.503887,4.469936
Lithium,SVK,BRA,Slovakia,Brazil,253090,Raw,6095698.32,direct,48.669026,19.699024,-14.235004,-51.92528
Lithium,SVK,ESP,Slovakia,Spain,253090,Raw,4565021.848,direct,48.669026,19.699024,40.463667,-3.74922
Lithium,SVK,HRV,Slovakia,Croatia,253090,Raw,2346921.224,direct,48.669026,19.699024,45.1,15.2
Lithium,SVK,LVA,Slovakia,Latvia,253090,Raw,2302474.352,direct,48.669026,19.699024,56.879635,24.603189
Lithium,SVK,CHN,Slovakia,China,253090,Raw,2133778.86,direct,48.669026,19.699024,35.86166,104.195397
Lithium,SVK,CHE,Slovakia,Switzerland,253090,Raw,1888052.52,direct,48.669026,19.699024,46.818188,8.227512
Lithium,SVK,VNM,Slovakia,Viet Nam,253090,Raw,1705346.696,direct,48.669026,19.699024,14.058324,108.277199
Lithium,SVK,HND,Slovakia,Honduras,253090,Raw,1685205.76,direct,48.669026,19.699024,15.199999,-86.241905
Lithium,SVK,MEX,Slovakia,Mexico,253090,Raw,1477509.944,direct,48.669026,19.699024,23.634501,-102.552784
Lithium,SVK,SAU,Slovakia,Saudi Arabia,253090,Raw,1415684.368,direct,48.669026,19.699024,23.885942,45.079162
Lithium,SVK,PRT,Slovakia,Portugal,253090,Raw,1208421.496,direct,48.669026,19.699024,39.399872,-8.224454
Lithium,SVK,GRC,Slovakia,Greece,253090,Raw,974116.44,direct,48.669026,19.699024,39.074208,21.824312
Lithium,SVK,GBR,Slovakia,United Kingdom,253090,Raw,956807.008,direct,48.669026,19.699024,55.378051,-3.435973
Lithium,SVK,PER,Slovakia,Peru,253090,Raw,865376.168,direct,48.669026,19.699024,-9.189967,-75.015152
Lithium,SVK,SWE,Slovakia,Sweden,253090,Raw,563305.424,direct,48.669026,19.699024,60.128161,18.643501
Lithium,SVK,EST,Slovakia,Estonia,253090,Raw,551581.08,direct,48.669026,19.699024,58.595272,25.013607
Lithium,SVK,USA,Slovakia,USA,253090,Raw,506779.192,direct,48.669026,19.699024,37.09024,-95.712891
Lithium,SVK,SMR,Slovakia,San Marino,253090,Raw,499739.384,direct,48.669026,19.699024,,
Lithium,SVK,NZL,Slovakia,New Zealand,253090,Raw,490673.368,direct,48.669026,19.699024,-40.900557,174.885971
Lithium,SVK,BGR,Slovakia,Bulgaria,253090,Raw,456435.512,direct,48.669026,19.699024,42.733883,25.48583
Lithium,SVK,ZAF,Slovakia,South Africa,253090,Raw,417227.36,direct,48.669026,19.699024,-30.559482,22.937506
Lithium,SVK,SVN,Slovakia,Slovenia,253090,Raw,385258.168,direct,48.669026,19.699024,46.151241,14.995463
Lithium,SVK,UKR,Slovakia,Ukraine,253090,Raw,367766.904,direct,48.669026,19.699024,48.379433,31.16558
Lithium,SVK,ROU,Slovakia,Romania,253090,Raw,333052.8,direct,48.669026,19.699024,45.943161,24.96676
Lithium,SVK,DNK,Slovakia,Denmark,253090,Raw,282726.432,direct,48.669026,19.699024,56.26392,9.501785
Lithium,SVK,BLR,Slovakia,Belarus,253090,Raw,258593.68,direct,48.669026,19.699024,53.709807,27.953389
Lithium,SVK,THA,Slovakia,Thailand,253090,Raw,221091.36,direct,48.669026,19.699024,15.870032,100.992541
Lithium,SVK,IND,Slovakia,India,253090,Raw,176990.852,direct,48.669026,19.699024,20.593684,78.96288
Lithium,SVK,JPN,Slovakia,Japan,253090,Raw,147080.287,mirror,48.669026,19.699024,36.204824,138.252924
Lithium,SVK,COL,Slovakia,Colombia,253090,Raw,141930.384,direct,48.669026,19.699024,4.570868,-74.297333
Lithium,SVK,CAN,Slovakia,Canada,253090,Raw,123864.79,mirror,48.669026,19.699024,56.130366,-106.346771
Lithium,SVK,NGA,Slovakia,Nigeria,253090,Raw,118923.304,direct,48.669026,19.699024,9.081999,8.675277
Lithium,SVK,CYP,Slovakia,Cyprus,253090,Raw,113468.112,direct,48.669026,19.699024,35.126413,33.429859
Lithium,SVK,EGY,Slovakia,Egypt,253090,Raw,109103.952,direct,48.669026,19.699024,26.820553,30.802498
Lithium,SVK,GUY,Slovakia,Guyana,253090,Raw,104358.792,direct,48.669026,19.699024,4.860416,-58.93018
Lithium,SVK,PHL,Slovakia,Philippines,253090,Raw,97206.424,direct,48.669026,19.699024,12.879721,121.774017
Lithium,SVK,LTU,Slovakia,Lithuania,253090,Raw,87750.752,direct,48.669026,19.699024,55.169438,23.881275
Lithium,SVK,JOR,Slovakia,Jordan,253090,Raw,56786.008,direct,48.669026,19.699024,30.585164,36.238414
Lithium,SVK,PAK,Slovakia,Pakistan,253090,Raw,53772.664,direct,48.669026,19.699024,30.375321,69.345116
Lithium,SVK,SVK,Slovakia,Slovakia,253090,Raw,48334.784,mirror,48.669026,19.699024,48.669026,19.699024
Lithium,SVK,GHA,Slovakia,Ghana,253090,Raw,43433.76,direct,48.669026,19.699024,7.946527,-1.023194
Lithium,SVK,IRL,Slovakia,Ireland,253090,Raw,42013.68,direct,48.669026,19.699024,53.41291,-8.24389
Lithium,SVK,KOR,Slovakia,Rep. of Korea,253090,Raw,27108.0,mirror,48.669026,19.699024,35.907757,127.766922
Lithium,SVK,ARG,Slovakia,Argentina,253090,Raw,21474.432,direct,48.669026,19.699024,-38.416097,-63.616672
Lithium,SVK,TUR,Slovakia,Türkiye,253090,Raw,21088.0,mirror,48.669026,19.699024,38.963745,35.243322
Lithium,SVK,BIH,Slovakia,Bosnia Herzegovina,253090,Raw,5801.56,direct,48.669026,19.699024,43.915886,17.679076
Lithium,SVK,MKD,Slovakia,North Macedonia,253090,Raw,1616.74,mirror,48.669026,19.699024,41.608635,21.745275
Lithium,SVK,NOR,Slovakia,Norway,253090,Raw,838.464,mirror,48.669026,19.699024,60.472024,8.468946
Lithium,SVK,KWT,Slovakia,Kuwait,253090,Raw,266.0,mirror,48.669026,19.699024,29.31166,47.481766
Lithium,SVK,LUX,Slovakia,Luxembourg,253090,Raw,106.073,mirror,48.669026,19.699024,49.815273,6.129583
Lithium,SVN,HRV,Slovenia,Croatia,253090,Raw,31791757.344,direct,46.151241,14.995463,45.1,15.2
Lithium,SVN,HUN,Slovenia,Hungary,253090,Raw,30218127.248,direct,46.151241,14.995463,47.162494,19.503304
Lithium,SVN,ROU,Slovenia,Romania,253090,Raw,23321921.364,direct,46.151241,14.995463,45.943161,24.96676
Lithium,SVN,ITA,Slovenia,Italy,253090,Raw,21222300.912,direct,46.151241,14.995463,41.87194,12.56738
Lithium,SVN,SVK,Slovenia,Slovakia,253090,Raw,15077683.056,direct,46.151241,14.995463,48.669026,19.699024
Lithium,SVN,BGR,Slovenia,Bulgaria,253090,Raw,11797694.184,direct,46.151241,14.995463,42.733883,25.48583
Lithium,SVN,DEU,Slovenia,Germany,253090,Raw,11748486.896,direct,46.151241,14.995463,51.165691,10.451526
Lithium,SVN,CZE,Slovenia,Czechia,253090,Raw,10051980.956,direct,46.151241,14.995463,49.817492,15.472962
Lithium,SVN,POL,Slovenia,Poland,253090,Raw,9350594.128,direct,46.151241,14.995463,51.919438,19.145136
Lithium,SVN,GRC,Slovenia,Greece,253090,Raw,7681122.056,direct,46.151241,14.995463,39.074208,21.824312
Lithium,SVN,SVN,Slovenia,Slovenia,253090,Raw,5290088.1,mirror,46.151241,14.995463,46.151241,14.995463
Lithium,SVN,FRA,Slovenia,France,253090,Raw,4753525.904,direct,46.151241,14.995463,46.227638,2.213749
Lithium,SVN,ESP,Slovenia,Spain,253090,Raw,4452397.208,direct,46.151241,14.995463,40.463667,-3.74922
Lithium,SVN,AUT,Slovenia,Austria,253090,Raw,3172238.684,direct,46.151241,14.995463,47.516231,14.550072
Lithium,SVN,USA,Slovenia,USA,253090,Raw,868711.996,direct,46.151241,14.995463,37.09024,-95.712891
Lithium,SVN,GBR,Slovenia,United Kingdom,253090,Raw,651783.088,direct,46.151241,14.995463,55.378051,-3.435973
Lithium,SVN,SRB,Slovenia,Serbia,253090,Raw,374565.36,direct,46.151241,14.995463,44.016521,21.005859
Lithium,SVN,BIH,Slovenia,Bosnia Herzegovina,253090,Raw,238770.152,direct,46.151241,14.995463,43.915886,17.679076
Lithium,SVN,CAN,Slovenia,Canada,253090,Raw,214346.448,direct,46.151241,14.995463,56.130366,-106.346771
Lithium,SVN,JPN,Slovenia,Japan,253090,Raw,31365.968,direct,46.151241,14.995463,36.204824,138.252924
Lithium,SVN,MNE,Slovenia,Montenegro,253090,Raw,17734.096,direct,46.151241,14.995463,42.708678,19.37439
Lithium,SVN,MYS,Slovenia,Malaysia,253090,Raw,17043.86,mirror,46.151241,14.995463,4.210484,101.975766
Lithium,SVN,UKR,Slovenia,Ukraine,253090,Raw,13829.096,direct,46.151241,14.995463,48.379433,31.16558
Lithium,SVN,NLD,Slovenia,Netherlands,253090,Raw,1498.176,direct,46.151241,14.995463,52.132633,5.291266
Lithium,SVN,IND,Slovenia,India,253090,Raw,1203.888,direct,46.151241,14.995463,20.593684,78.96288
Lithium,SVN,LTU,Slovenia,Lithuania,253090,Raw,1151.0,mirror,46.151241,14.995463,55.169438,23.881275
Lithium,SVN,BLR,Slovenia,Belarus,253090,Raw,976.088,direct,46.151241,14.995463,53.709807,27.953389
Lithium,SVN,BEL,Slovenia,Belgium,253090,Raw,604.488,direct,46.151241,14.995463,50.503887,4.469936
Lithium,SVN,SWE,Slovenia,Sweden,253090,Raw,603.976,direct,46.151241,14.995463,60.128161,18.643501
Lithium,SVN,PRT,Slovenia,Portugal,253090,Raw,401.984,direct,46.151241,14.995463,39.399872,-8.224454
Lithium,SVN,FIN,Slovenia,Finland,253090,Raw,196.36,direct,46.151241,14.995463,61.92411,25.748151
Lithium,SVN,CHE,Slovenia,Switzerland,253090,Raw,131.752,mirror,46.151241,14.995463,46.818188,8.227512
Lithium,SVN,IDN,Slovenia,Indonesia,253090,Raw,110.0,mirror,46.151241,14.995463,-0.789275,113.921327
Lithium,SVN,EGY,Slovenia,Egypt,253090,Raw,10.587,mirror,46.151241,14.995463,26.820553,30.802498
Lithium,SLB,CHN,Solomon Isds,China,253090,Raw,6342.0,mirror,,,35.86166,104.195397
Lithium,SLB,KOR,Solomon Isds,Rep. of Korea,253090,Raw,11.0,mirror,,,35.907757,127.766922
Lithium,SOM,CHN,Somalia,China,253090,Raw,138041.0,mirror,5.152149,46.199616,35.86166,104.195397
Lithium,SOM,IND,Somalia,India,253090,Raw,13368.798,mirror,5.152149,46.199616,20.593684,78.96288
Lithium,SOM,TUR,Somalia,Türkiye,253090,Raw,1984.0,mirror,5.152149,46.199616,38.963745,35.243322
Lithium,SOM,ZAF,Somalia,South Africa,253090,Raw,1629.796,mirror,5.152149,46.199616,-30.559482,22.937506
Lithium,SOM,KEN,Somalia,Kenya,253090,Raw,48.913,mirror,5.152149,46.199616,-0.023559,37.906193
Lithium,ZAF,CHN,South Africa,China,253090,Raw,236744535.964,direct,-30.559482,22.937506,35.86166,104.195397
Lithium,ZAF,KOR,South Africa,Rep. of Korea,253090,Raw,8014814.0,mirror,-30.559482,22.937506,35.907757,127.766922
Lithium,ZAF,JPN,South Africa,Japan,253090,Raw,2229135.43,mirror,-30.559482,22.937506,36.204824,138.252924
Lithium,ZAF,SVN,South Africa,Slovenia,253090,Raw,2011646.1979999999,mirror,-30.559482,22.937506,46.151241,14.995463
Lithium,ZAF,DEU,South Africa,Germany,253090,Raw,1331421.588,mirror,-30.559482,22.937506,51.165691,10.451526
Lithium,ZAF,TUR,South Africa,Türkiye,253090,Raw,1056768.0,mirror,-30.559482,22.937506,38.963745,35.243322
Lithium,ZAF,ZWE,South Africa,Zimbabwe,253090,Raw,606606.95,mirror,-30.559482,22.937506,-19.015438,29.154857
Lithium,ZAF,S19,South Africa,"Other Asia, nes",253090,Raw,235509.75,mirror,-30.559482,22.937506,,
Lithium,ZAF,MDG,South Africa,Madagascar,253090,Raw,95887.941,mirror,-30.559482,22.937506,-18.766947,46.869107
Lithium,ZAF,ARG,South Africa,Argentina,253090,Raw,92112.0,mirror,-30.559482,22.937506,-38.416097,-63.616672
Lithium,ZAF,FRA,South Africa,France,253090,Raw,83564.101,mirror,-30.559482,22.937506,46.227638,2.213749
Lithium,ZAF,MEX,South Africa,Mexico,253090,Raw,54607.0,mirror,-30.559482,22.937506,23.634501,-102.552784
Lithium,ZAF,CAN,South Africa,Canada,253090,Raw,44799.098,mirror,-30.559482,22.937506,56.130366,-106.346771
Lithium,ZAF,BWA,South Africa,Botswana,253090,Raw,25393.24,direct,-30.559482,22.937506,-22.328474,24.684866
Lithium,ZAF,MYS,South Africa,Malaysia,253090,Raw,25303.578,mirror,-30.559482,22.937506,4.210484,101.975766
Lithium,ZAF,LSO,South Africa,Lesotho,253090,Raw,25243.748,direct,-30.559482,22.937506,-29.609988,28.233608
Lithium,ZAF,AUS,South Africa,Australia,253090,Raw,22151.794,mirror,-30.559482,22.937506,-25.274398,133.775136
Lithium,ZAF,IND,South Africa,India,253090,Raw,21231.694,mirror,-30.559482,22.937506,20.593684,78.96288
Lithium,ZAF,NAM,South Africa,Namibia,253090,Raw,21116.221999999998,direct,-30.559482,22.937506,-22.95764,18.49041
Lithium,ZAF,GHA,South Africa,Ghana,253090,Raw,19663.632,direct,-30.559482,22.937506,7.946527,-1.023194
Lithium,ZAF,TZA,South Africa,United Rep. of Tanzania,253090,Raw,16782.082,mirror,-30.559482,22.937506,-6.369028,34.888822
Lithium,ZAF,ZMB,South Africa,Zambia,253090,Raw,14017.828,direct,-30.559482,22.937506,-13.133897,27.849332
Lithium,ZAF,GIN,South Africa,Guinea,253090,Raw,13448.884,direct,-30.559482,22.937506,9.945587,-9.696645
Lithium,ZAF,USA,South Africa,USA,253090,Raw,5382.0,mirror,-30.559482,22.937506,37.09024,-95.712891
Lithium,ZAF,ZAF,South Africa,South Africa,253090,Raw,5327.832,mirror,-30.559482,22.937506,-30.559482,22.937506
Lithium,ZAF,MOZ,South Africa,Mozambique,253090,Raw,5179.6,mirror,-30.559482,22.937506,-18.665695,35.529562
Lithium,ZAF,SWE,South Africa,Sweden,253090,Raw,4163.656,mirror,-30.559482,22.937506,60.128161,18.643501
Lithium,ZAF,IRL,South Africa,Ireland,253090,Raw,1648.465,mirror,-30.559482,22.937506,53.41291,-8.24389
Lithium,ZAF,SWZ,South Africa,Eswatini,253090,Raw,1589.86,direct,-30.559482,22.937506,-26.522503,31.465866
Lithium,ZAF,KEN,South Africa,Kenya,253090,Raw,1137.782,mirror,-30.559482,22.937506,-0.023559,37.906193
Lithium,ZAF,CHL,South Africa,Chile,253090,Raw,944.54,mirror,-30.559482,22.937506,-35.675147,-71.542969
Lithium,ZAF,NLD,South Africa,Netherlands,253090,Raw,558.508,mirror,-30.559482,22.937506,52.132633,5.291266
Lithium,ZAF,IDN,South Africa,Indonesia,253090,Raw,446.0,mirror,-30.559482,22.937506,-0.789275,113.921327
Lithium,ZAF,AUT,South Africa,Austria,253090,Raw,285.748,mirror,-30.559482,22.937506,47.516231,14.550072
Lithium,ZAF,CHE,South Africa,Switzerland,253090,Raw,258.962,mirror,-30.559482,22.937506,46.818188,8.227512
Lithium,ZAF,NGA,South Africa,Nigeria,253090,Raw,139.456,mirror,-30.559482,22.937506,9.081999,8.675277
Lithium,ZAF,NZL,South Africa,New Zealand,253090,Raw,108.333,mirror,-30.559482,22.937506,-40.900557,174.885971
Lithium,ZAF,GBR,South Africa,United Kingdom,253090,Raw,103.664,direct,-30.559482,22.937506,55.378051,-3.435973
Lithium,ZAF,HUN,South Africa,Hungary,253090,Raw,82.5,mirror,-30.559482,22.937506,47.162494,19.503304
Lithium,ZAF,UGA,South Africa,Uganda,253090,Raw,81.99,mirror,-30.559482,22.937506,1.373333,32.290275
Lithium,ZAF,AGO,South Africa,Angola,253090,Raw,64.78,mirror,-30.559482,22.937506,-11.202692,17.873887
Lithium,ZAF,POL,South Africa,Poland,253090,Raw,54.0,mirror,-30.559482,22.937506,51.919438,19.145136
Lithium,ZAF,FIN,South Africa,Finland,253090,Raw,39.82,mirror,-30.559482,22.937506,61.92411,25.748151
Lithium,ZAF,SGP,South Africa,Singapore,253090,Raw,10.477,mirror,-30.559482,22.937506,1.352083,103.819836
Lithium,ESP,MEX,Spain,Mexico,253090,Raw,106921603.736,direct,40.463667,-3.74922,23.634501,-102.552784
Lithium,ESP,ITA,Spain,Italy,253090,Raw,85988877.00400001,direct,40.463667,-3.74922,41.87194,12.56738
Lithium,ESP,DEU,Spain,Germany,253090,Raw,76040119.21599999,direct,40.463667,-3.74922,51.165691,10.451526
Lithium,ESP,BRA,Spain,Brazil,253090,Raw,51566387.632,direct,40.463667,-3.74922,-14.235004,-51.92528
Lithium,ESP,TUR,Spain,Türkiye,253090,Raw,40687925.552,direct,40.463667,-3.74922,38.963745,35.243322
Lithium,ESP,PRT,Spain,Portugal,253090,Raw,37127752.8,direct,40.463667,-3.74922,39.399872,-8.224454
Lithium,ESP,EGY,Spain,Egypt,253090,Raw,34524992.424,direct,40.463667,-3.74922,26.820553,30.802498
Lithium,ESP,COL,Spain,Colombia,253090,Raw,29122996.36,direct,40.463667,-3.74922,4.570868,-74.297333
Lithium,ESP,ARE,Spain,United Arab Emirates,253090,Raw,28874991.172,direct,40.463667,-3.74922,23.424076,53.847818
Lithium,ESP,POL,Spain,Poland,253090,Raw,26766888.064,direct,40.463667,-3.74922,51.919438,19.145136
Lithium,ESP,MAR,Spain,Morocco,253090,Raw,21835559.48,direct,40.463667,-3.74922,31.791702,-7.09262
Lithium,ESP,ZAF,Spain,South Africa,253090,Raw,13468754.008,direct,40.463667,-3.74922,-30.559482,22.937506
Lithium,ESP,RUS,Spain,Russian Federation,253090,Raw,12732500.608,direct,40.463667,-3.74922,61.52401,105.318756
Lithium,ESP,PER,Spain,Peru,253090,Raw,8068249.368,direct,40.463667,-3.74922,-9.189967,-75.015152
Lithium,ESP,CZE,Spain,Czechia,253090,Raw,7542020.88,direct,40.463667,-3.74922,49.817492,15.472962
Lithium,ESP,ARG,Spain,Argentina,253090,Raw,6438713.376,direct,40.463667,-3.74922,-38.416097,-63.616672
Lithium,ESP,BGR,Spain,Bulgaria,253090,Raw,6412429.648,direct,40.463667,-3.74922,42.733883,25.48583
Lithium,ESP,UKR,Spain,Ukraine,253090,Raw,6385953.368,direct,40.463667,-3.74922,48.379433,31.16558
Lithium,ESP,FRA,Spain,France,253090,Raw,6295966.472,direct,40.463667,-3.74922,46.227638,2.213749
Lithium,ESP,TUN,Spain,Tunisia,253090,Raw,5893889.376,direct,40.463667,-3.74922,33.886917,9.537499
Lithium,ESP,USA,Spain,USA,253090,Raw,5792300.496,direct,40.463667,-3.74922,37.09024,-95.712891
Lithium,ESP,GBR,Spain,United Kingdom,253090,Raw,4239694.032,direct,40.463667,-3.74922,55.378051,-3.435973
Lithium,ESP,JPN,Spain,Japan,253090,Raw,3285399.976,direct,40.463667,-3.74922,36.204824,138.252924
Lithium,ESP,LTU,Spain,Lithuania,253090,Raw,2849528.4,direct,40.463667,-3.74922,55.169438,23.881275
Lithium,ESP,AZE,Spain,Azerbaijan,253090,Raw,1945392.512,direct,40.463667,-3.74922,40.143105,47.576927
Lithium,ESP,GTM,Spain,Guatemala,253090,Raw,1842270.544,direct,40.463667,-3.74922,15.783471,-90.230759
Lithium,ESP,ISR,Spain,Israel,253090,Raw,1730388.096,direct,40.463667,-3.74922,31.046051,34.851612
Lithium,ESP,ECU,Spain,Ecuador,253090,Raw,1718619.032,direct,40.463667,-3.74922,-1.831239,-78.183406
Lithium,ESP,CHN,Spain,China,253090,Raw,1693039.312,direct,40.463667,-3.74922,35.86166,104.195397
Lithium,ESP,PAK,Spain,Pakistan,253090,Raw,1465671.144,direct,40.463667,-3.74922,30.375321,69.345116
Lithium,ESP,CMR,Spain,Cameroon,253090,Raw,1460788.048,direct,40.463667,-3.74922,3.848033,11.502075
Lithium,ESP,NGA,Spain,Nigeria,253090,Raw,1438332.928,direct,40.463667,-3.74922,9.081999,8.675277
Lithium,ESP,DZA,Spain,Algeria,253090,Raw,1119449.896,direct,40.463667,-3.74922,28.033886,1.659626
Lithium,ESP,CHE,Spain,Switzerland,253090,Raw,1074704.544,direct,40.463667,-3.74922,46.818188,8.227512
Lithium,ESP,SYR,Spain,Syria,253090,Raw,802672.248,direct,40.463667,-3.74922,34.802075,38.996815
Lithium,ESP,SRB,Spain,Serbia,253090,Raw,618061.824,direct,40.463667,-3.74922,44.016521,21.005859
Lithium,ESP,NLD,Spain,Netherlands,253090,Raw,614574.248,direct,40.463667,-3.74922,52.132633,5.291266
Lithium,ESP,VEN,Spain,Venezuela,253090,Raw,542193.912,direct,40.463667,-3.74922,6.42375,-66.58973
Lithium,ESP,BEN,Spain,Benin,253090,Raw,491615.248,direct,40.463667,-3.74922,9.30769,2.315834
Lithium,ESP,SVN,Spain,Slovenia,253090,Raw,437592.6,direct,40.463667,-3.74922,46.151241,14.995463
Lithium,ESP,THA,Spain,Thailand,253090,Raw,338984.376,direct,40.463667,-3.74922,15.870032,100.992541
Lithium,ESP,KOR,Spain,Rep. of Korea,253090,Raw,219528.0,mirror,40.463667,-3.74922,35.907757,127.766922
Lithium,ESP,IND,Spain,India,253090,Raw,193231.584,direct,40.463667,-3.74922,20.593684,78.96288
Lithium,ESP,AUS,Spain,Australia,253090,Raw,189246.224,direct,40.463667,-3.74922,-25.274398,133.775136
Lithium,ESP,BEL,Spain,Belgium,253090,Raw,182740.6,direct,40.463667,-3.74922,50.503887,4.469936
Lithium,ESP,HUN,Spain,Hungary,253090,Raw,157121.328,mirror,40.463667,-3.74922,47.162494,19.503304
Lithium,ESP,S19,Spain,"Other Asia, nes",253090,Raw,153205.946,mirror,40.463667,-3.74922,,
Lithium,ESP,FIN,Spain,Finland,253090,Raw,142091.848,direct,40.463667,-3.74922,61.92411,25.748151
Lithium,ESP,MYS,Spain,Malaysia,253090,Raw,131452.564,direct,40.463667,-3.74922,4.210484,101.975766
Lithium,ESP,IDN,Spain,Indonesia,253090,Raw,126272.0,mirror,40.463667,-3.74922,-0.789275,113.921327
Lithium,ESP,AUT,Spain,Austria,253090,Raw,94633.336,direct,40.463667,-3.74922,47.516231,14.550072
Lithium,ESP,BOL,Spain,Bolivia (Plurinational State of),253090,Raw,94299.864,direct,40.463667,-3.74922,-16.290154,-63.588653
Lithium,ESP,DNK,Spain,Denmark,253090,Raw,80543.864,direct,40.463667,-3.74922,56.26392,9.501785
Lithium,ESP,SEN,Spain,Senegal,253090,Raw,73722.368,direct,40.463667,-3.74922,14.497401,14.452362
Lithium,ESP,PAN,Spain,Panama,253090,Raw,71822.776,direct,40.463667,-3.74922,8.537981,-80.782127
Lithium,ESP,RWA,Spain,Rwanda,253090,Raw,50345.784,direct,40.463667,-3.74922,-1.940278,29.873888
Lithium,ESP,GRC,Spain,Greece,253090,Raw,45907.4,direct,40.463667,-3.74922,39.074208,21.824312
Lithium,ESP,JOR,Spain,Jordan,253090,Raw,44618.521,mirror,40.463667,-3.74922,30.585164,36.238414
Lithium,ESP,TKM,Spain,Turkmenistan,253090,Raw,35449.608,direct,40.463667,-3.74922,38.969719,59.556278
Lithium,ESP,LKA,Spain,Sri Lanka,253090,Raw,34099.36,direct,40.463667,-3.74922,7.873054,80.771797
Lithium,ESP,KWT,Spain,Kuwait,253090,Raw,32518.24,direct,40.463667,-3.74922,29.31166,47.481766
Lithium,ESP,CHL,Spain,Chile,253090,Raw,24659.768,direct,40.463667,-3.74922,-35.675147,-71.542969
Lithium,ESP,BGD,Spain,Bangladesh,253090,Raw,21879.632,direct,40.463667,-3.74922,23.684994,90.356331
Lithium,ESP,BLR,Spain,Belarus,253090,Raw,18627.024,direct,40.463667,-3.74922,53.709807,27.953389
Lithium,ESP,SAU,Spain,Saudi Arabia,253090,Raw,16483.832,direct,40.463667,-3.74922,23.885942,45.079162
Lithium,ESP,NZL,Spain,New Zealand,253090,Raw,16259.677,mirror,40.463667,-3.74922,-40.900557,174.885971
Lithium,ESP,ROU,Spain,Romania,253090,Raw,16119.92,direct,40.463667,-3.74922,45.943161,24.96676
Lithium,ESP,LVA,Spain,Latvia,253090,Raw,14477.44,mirror,40.463667,-3.74922,56.879635,24.603189
Lithium,ESP,GNQ,Spain,Equatorial Guinea,253090,Raw,10721.856,direct,40.463667,-3.74922,1.650801,10.267895
Lithium,ESP,IRN,Spain,Iran,253090,Raw,7754.272,direct,40.463667,-3.74922,32.427908,53.688046
Lithium,ESP,NOR,Spain,Norway,253090,Raw,7412.92,mirror,40.463667,-3.74922,60.472024,8.468946
Lithium,ESP,TTO,Spain,Trinidad and Tobago,253090,Raw,5717.822,mirror,40.463667,-3.74922,10.691803,-61.222503
Lithium,ESP,LBN,Spain,Lebanon,253090,Raw,5198.8,direct,40.463667,-3.74922,33.854721,35.862285
Lithium,ESP,FJI,Spain,Fiji,253090,Raw,4476.039,mirror,40.463667,-3.74922,-16.578193,179.414413
Lithium,ESP,HKG,Spain,"China, Hong Kong SAR",253090,Raw,4188.904,direct,40.463667,-3.74922,22.396428,114.109497
Lithium,ESP,OMN,Spain,Oman,253090,Raw,3149.328,direct,40.463667,-3.74922,21.512583,55.923255
Lithium,ESP,PRY,Spain,Paraguay,253090,Raw,2968.424,direct,40.463667,-3.74922,-23.442503,-58.443832
Lithium,ESP,KAZ,Spain,Kazakhstan,253090,Raw,2766.392,direct,40.463667,-3.74922,48.019573,66.923684
Lithium,ESP,IRL,Spain,Ireland,253090,Raw,1691.02,direct,40.463667,-3.74922,53.41291,-8.24389
Lithium,ESP,DOM,Spain,Dominican Rep.,253090,Raw,1653.8,direct,40.463667,-3.74922,18.735693,-70.162651
Lithium,ESP,UZB,Spain,Uzbekistan,253090,Raw,1634.688,direct,40.463667,-3.74922,41.377491,64.585262
Lithium,ESP,QAT,Spain,Qatar,253090,Raw,1306.32,direct,40.463667,-3.74922,25.354826,51.183884
Lithium,ESP,CAN,Spain,Canada,253090,Raw,1257.448,direct,40.463667,-3.74922,56.130366,-106.346771
Lithium,ESP,X1 ,Spain,Bunkers,253090,Raw,1122.48,direct,40.463667,-3.74922,,
Lithium,ESP,AND,Spain,Andorra,253090,Raw,829.08,direct,40.463667,-3.74922,,
Lithium,ESP,BHR,Spain,Bahrain,253090,Raw,653.12,direct,40.463667,-3.74922,26.0275,50.55
Lithium,ESP,SYC,Spain,Seychelles,253090,Raw,512.2,direct,40.463667,-3.74922,,
Lithium,ESP,ARM,Spain,Armenia,253090,Raw,368.64,mirror,40.463667,-3.74922,40.069099,45.038189
Lithium,ESP,EST,Spain,Estonia,253090,Raw,154.48,mirror,40.463667,-3.74922,58.595272,25.013607
Lithium,ESP,URY,Spain,Uruguay,253090,Raw,101.0,mirror,40.463667,-3.74922,-32.522779,-55.765835
Lithium,XX ,ZAF,Special Categories,South Africa,253090,Raw,2616.448,mirror,,,-30.559482,22.937506
Lithium,LKA,NOR,Sri Lanka,Norway,253090,Raw,37286.078,mirror,7.873054,80.771797,60.472024,8.468946
Lithium,LKA,URY,Sri Lanka,Uruguay,253090,Raw,1275.0,mirror,7.873054,80.771797,-32.522779,-55.765835
Lithium,LKA,CAN,Sri Lanka,Canada,253090,Raw,634.828,mirror,7.873054,80.771797,56.130366,-106.346771
Lithium,LKA,AUT,Sri Lanka,Austria,253090,Raw,408.057,mirror,7.873054,80.771797,47.516231,14.550072
Lithium,LKA,DNK,Sri Lanka,Denmark,253090,Raw,107.912,mirror,7.873054,80.771797,56.26392,9.501785
Lithium,LKA,MDV,Sri Lanka,Maldives,253090,Raw,82.576,mirror,7.873054,80.771797,3.202778,73.22068
Lithium,LKA,SGP,Sri Lanka,Singapore,253090,Raw,5.987,mirror,7.873054,80.771797,1.352083,103.819836
Lithium,LKA,HUN,Sri Lanka,Hungary,253090,Raw,5.28,mirror,7.873054,80.771797,47.162494,19.503304
Lithium,SDN,EGY,Sudan,Egypt,253090,Raw,246775.342,mirror,12.862807,30.217636,26.820553,30.802498
Lithium,SUR,_X ,Suriname,"Areas, nes",253090,Raw,9451.5,direct,3.919305,-56.027783,,
Lithium,SUR,MYS,Suriname,Malaysia,253090,Raw,4324.77,mirror,3.919305,-56.027783,4.210484,101.975766
Lithium,SUR,CZE,Suriname,Czechia,253090,Raw,1744.0,mirror,3.919305,-56.027783,49.817492,15.472962
Lithium,SUR,CAN,Suriname,Canada,253090,Raw,536.076,mirror,3.919305,-56.027783,56.130366,-106.346771
Lithium,SUR,NLD,Suriname,Netherlands,253090,Raw,89.838,mirror,3.919305,-56.027783,52.132633,5.291266
Lithium,SWE,NOR,Sweden,Norway,253090,Raw,11090842.23,direct,60.128161,18.643501,60.472024,8.468946
Lithium,SWE,DNK,Sweden,Denmark,253090,Raw,3371236.01,direct,60.128161,18.643501,56.26392,9.501785
Lithium,SWE,SRB,Sweden,Serbia,253090,Raw,290536.0,mirror,60.128161,18.643501,44.016521,21.005859
Lithium,SWE,NLD,Sweden,Netherlands,253090,Raw,51856.434,direct,60.128161,18.643501,52.132633,5.291266
Lithium,SWE,FIN,Sweden,Finland,253090,Raw,35580.328,direct,60.128161,18.643501,61.92411,25.748151
Lithium,SWE,GBR,Sweden,United Kingdom,253090,Raw,34823.299,direct,60.128161,18.643501,55.378051,-3.435973
Lithium,SWE,ZAF,Sweden,South Africa,253090,Raw,21953.819,direct,60.128161,18.643501,-30.559482,22.937506
Lithium,SWE,LVA,Sweden,Latvia,253090,Raw,15210.952,mirror,60.128161,18.643501,56.879635,24.603189
Lithium,SWE,USA,Sweden,USA,253090,Raw,8895.082,direct,60.128161,18.643501,37.09024,-95.712891
Lithium,SWE,CAN,Sweden,Canada,253090,Raw,6813.254,direct,60.128161,18.643501,56.130366,-106.346771
Lithium,SWE,SGP,Sweden,Singapore,253090,Raw,5677.712,direct,60.128161,18.643501,1.352083,103.819836
Lithium,SWE,DEU,Sweden,Germany,253090,Raw,3595.884,direct,60.128161,18.643501,51.165691,10.451526
Lithium,SWE,AUS,Sweden,Australia,253090,Raw,2956.952,mirror,60.128161,18.643501,-25.274398,133.775136
Lithium,SWE,ISL,Sweden,Iceland,253090,Raw,2271.084,direct,60.128161,18.643501,64.963051,-19.020835
Lithium,SWE,ARE,Sweden,United Arab Emirates,253090,Raw,1703.314,direct,60.128161,18.643501,23.424076,53.847818
Lithium,SWE,JPN,Sweden,Japan,253090,Raw,1611.984,mirror,60.128161,18.643501,36.204824,138.252924
Lithium,SWE,IDN,Sweden,Indonesia,253090,Raw,998.0,mirror,60.128161,18.643501,-0.789275,113.921327
Lithium,SWE,CHN,Sweden,China,253090,Raw,946.286,direct,60.128161,18.643501,35.86166,104.195397
Lithium,SWE,IRQ,Sweden,Iraq,253090,Raw,378.514,direct,60.128161,18.643501,33.223191,43.679291
Lithium,SWE,MKD,Sweden,North Macedonia,253090,Raw,189.258,direct,60.128161,18.643501,41.608635,21.745275
Lithium,SWE,POL,Sweden,Poland,253090,Raw,189.258,direct,60.128161,18.643501,51.919438,19.145136
Lithium,SWE,MAR,Sweden,Morocco,253090,Raw,167.364,mirror,60.128161,18.643501,31.791702,-7.09262
Lithium,SWE,S19,Sweden,"Other Asia, nes",253090,Raw,93.456,mirror,60.128161,18.643501,,
Lithium,SWE,CHE,Sweden,Switzerland,253090,Raw,36.344,mirror,60.128161,18.643501,46.818188,8.227512
Lithium,CHE,FRA,Switzerland,France,253090,Raw,106790048.978,direct,46.818188,8.227512,46.227638,2.213749
Lithium,CHE,ITA,Switzerland,Italy,253090,Raw,16671298.514,direct,46.818188,8.227512,41.87194,12.56738
Lithium,CHE,AUT,Switzerland,Austria,253090,Raw,3126547.392,direct,46.818188,8.227512,47.516231,14.550072
Lithium,CHE,DEU,Switzerland,Germany,253090,Raw,2330091.83,direct,46.818188,8.227512,51.165691,10.451526
Lithium,CHE,CAN,Switzerland,Canada,253090,Raw,2180103.332,direct,46.818188,8.227512,56.130366,-106.346771
Lithium,CHE,VNM,Switzerland,Viet Nam,253090,Raw,2079894.44,direct,46.818188,8.227512,14.058324,108.277199
Lithium,CHE,BGR,Switzerland,Bulgaria,253090,Raw,850923.728,direct,46.818188,8.227512,42.733883,25.48583
Lithium,CHE,POL,Switzerland,Poland,253090,Raw,415487.316,direct,46.818188,8.227512,51.919438,19.145136
Lithium,CHE,CHN,Switzerland,China,253090,Raw,261955.136,direct,46.818188,8.227512,35.86166,104.195397
Lithium,CHE,KOR,Switzerland,Rep. of Korea,253090,Raw,200681.288,direct,46.818188,8.227512,35.907757,127.766922
Lithium,CHE,NZL,Switzerland,New Zealand,253090,Raw,179887.16,direct,46.818188,8.227512,-40.900557,174.885971
Lithium,CHE,USA,Switzerland,USA,253090,Raw,159374.706,direct,46.818188,8.227512,37.09024,-95.712891
Lithium,CHE,CHL,Switzerland,Chile,253090,Raw,155999.124,direct,46.818188,8.227512,-35.675147,-71.542969
Lithium,CHE,ESP,Switzerland,Spain,253090,Raw,127157.368,mirror,46.818188,8.227512,40.463667,-3.74922
Lithium,CHE,IRL,Switzerland,Ireland,253090,Raw,124219.592,direct,46.818188,8.227512,53.41291,-8.24389
Lithium,CHE,NLD,Switzerland,Netherlands,253090,Raw,105106.43800000001,direct,46.818188,8.227512,52.132633,5.291266
Lithium,CHE,S19,Switzerland,"Other Asia, nes",253090,Raw,99177.588,direct,46.818188,8.227512,,
Lithium,CHE,IND,Switzerland,India,253090,Raw,49416.156,direct,46.818188,8.227512,20.593684,78.96288
Lithium,CHE,AUS,Switzerland,Australia,253090,Raw,40661.448000000004,direct,46.818188,8.227512,-25.274398,133.775136
Lithium,CHE,LTU,Switzerland,Lithuania,253090,Raw,39484.766,direct,46.818188,8.227512,55.169438,23.881275
Lithium,CHE,URY,Switzerland,Uruguay,253090,Raw,37708.384,direct,46.818188,8.227512,-32.522779,-55.765835
Lithium,CHE,CZE,Switzerland,Czechia,253090,Raw,26300.462,direct,46.818188,8.227512,49.817492,15.472962
Lithium,CHE,SVK,Switzerland,Slovakia,253090,Raw,18295.38,direct,46.818188,8.227512,48.669026,19.699024
Lithium,CHE,THA,Switzerland,Thailand,253090,Raw,14465.48,direct,46.818188,8.227512,15.870032,100.992541
Lithium,CHE,IOT,Switzerland,Br. Indian Ocean Terr.,253090,Raw,10104.028,direct,46.818188,8.227512,,
Lithium,CHE,BEL,Switzerland,Belgium,253090,Raw,9209.024,direct,46.818188,8.227512,50.503887,4.469936
Lithium,CHE,PRT,Switzerland,Portugal,253090,Raw,5638.084,direct,46.818188,8.227512,39.399872,-8.224454
Lithium,CHE,SVN,Switzerland,Slovenia,253090,Raw,2317.02,direct,46.818188,8.227512,46.151241,14.995463
Lithium,CHE,NAM,Switzerland,Namibia,253090,Raw,1473.504,mirror,46.818188,8.227512,-22.95764,18.49041
Lithium,CHE,HUN,Switzerland,Hungary,253090,Raw,1453.816,direct,46.818188,8.227512,47.162494,19.503304
Lithium,CHE,NOR,Switzerland,Norway,253090,Raw,1367.042,mirror,46.818188,8.227512,60.472024,8.468946
Lithium,CHE,GBR,Switzerland,United Kingdom,253090,Raw,1263.004,direct,46.818188,8.227512,55.378051,-3.435973
Lithium,CHE,DNK,Switzerland,Denmark,253090,Raw,850.535,mirror,46.818188,8.227512,56.26392,9.501785
Lithium,CHE,TUR,Switzerland,Türkiye,253090,Raw,576.0,mirror,46.818188,8.227512,38.963745,35.243322
Lithium,CHE,SWE,Switzerland,Sweden,253090,Raw,499.748,direct,46.818188,8.227512,60.128161,18.643501
Lithium,CHE,ZAF,Switzerland,South Africa,253090,Raw,454.316,direct,46.818188,8.227512,-30.559482,22.937506
Lithium,CHE,BRA,Switzerland,Brazil,253090,Raw,331.652,direct,46.818188,8.227512,-14.235004,-51.92528
Lithium,CHE,FIN,Switzerland,Finland,253090,Raw,149.924,direct,46.818188,8.227512,61.92411,25.748151
Lithium,CHE,RUS,Switzerland,Russian Federation,253090,Raw,90.864,direct,46.818188,8.227512,61.52401,105.318756
Lithium,CHE,ISL,Switzerland,Iceland,253090,Raw,14.838,mirror,46.818188,8.227512,64.963051,-19.020835
Lithium,CHE,PHL,Switzerland,Philippines,253090,Raw,4.544,direct,46.818188,8.227512,12.879721,121.774017
Lithium,SYR,KWT,Syria,Kuwait,253090,Raw,293.0,mirror,34.802075,38.996815,29.31166,47.481766
Lithium,TJK,UZB,Tajikistan,Uzbekistan,253090,Raw,92988.99,mirror,38.861034,71.276093,41.377491,64.585262
Lithium,TJK,CHN,Tajikistan,China,253090,Raw,5280.0,mirror,38.861034,71.276093,35.86166,104.195397
Lithium,TJK,IND,Tajikistan,India,253090,Raw,159.744,mirror,38.861034,71.276093,20.593684,78.96288
Lithium,THA,CHN,Thailand,China,253090,Raw,39845074.08,direct,15.870032,100.992541,35.86166,104.195397
Lithium,THA,S19,Thailand,"Other Asia, nes",253090,Raw,2359583.4,mirror,15.870032,100.992541,,
Lithium,THA,VNM,Thailand,Viet Nam,253090,Raw,1282868.08,direct,15.870032,100.992541,14.058324,108.277199
Lithium,THA,IDN,Thailand,Indonesia,253090,Raw,1176268.48,direct,15.870032,100.992541,-0.789275,113.921327
Lithium,THA,UZB,Thailand,Uzbekistan,253090,Raw,478251.0,mirror,15.870032,100.992541,41.377491,64.585262
Lithium,THA,LAO,Thailand,Lao People's Dem. Rep.,253090,Raw,386525.04,direct,15.870032,100.992541,19.85627,102.495496
Lithium,THA,PAK,Thailand,Pakistan,253090,Raw,309958.956,mirror,15.870032,100.992541,30.375321,69.345116
Lithium,THA,MYS,Thailand,Malaysia,253090,Raw,289790.32,direct,15.870032,100.992541,4.210484,101.975766
Lithium,THA,TUR,Thailand,Türkiye,253090,Raw,151616.0,mirror,15.870032,100.992541,38.963745,35.243322
Lithium,THA,BRA,Thailand,Brazil,253090,Raw,69056.0,mirror,15.870032,100.992541,-14.235004,-51.92528
Lithium,THA,JPN,Thailand,Japan,253090,Raw,41099.96,direct,15.870032,100.992541,36.204824,138.252924
Lithium,THA,MMR,Thailand,Myanmar,253090,Raw,17503.32,direct,15.870032,100.992541,21.913965,95.956223
Lithium,THA,SGP,Thailand,Singapore,253090,Raw,13933.195,mirror,15.870032,100.992541,1.352083,103.819836
Lithium,THA,SWE,Thailand,Sweden,253090,Raw,13626.508,mirror,15.870032,100.992541,60.128161,18.643501
Lithium,THA,USA,Thailand,USA,253090,Raw,9098.88,direct,15.870032,100.992541,37.09024,-95.712891
Lithium,THA,HUN,Thailand,Hungary,253090,Raw,3891.5519999999997,mirror,15.870032,100.992541,47.162494,19.503304
Lithium,THA,FRA,Thailand,France,253090,Raw,2870.472,mirror,15.870032,100.992541,46.227638,2.213749
Lithium,THA,ZAF,Thailand,South Africa,253090,Raw,1299.168,mirror,15.870032,100.992541,-30.559482,22.937506
Lithium,THA,CAN,Thailand,Canada,253090,Raw,510.684,mirror,15.870032,100.992541,56.130366,-106.346771
Lithium,THA,KOR,Thailand,Rep. of Korea,253090,Raw,497.92,direct,15.870032,100.992541,35.907757,127.766922
Lithium,THA,IND,Thailand,India,253090,Raw,496.44,direct,15.870032,100.992541,20.593684,78.96288
Lithium,THA,POL,Thailand,Poland,253090,Raw,464.0,mirror,15.870032,100.992541,51.919438,19.145136
Lithium,THA,AUT,Thailand,Austria,253090,Raw,187.252,mirror,15.870032,100.992541,47.516231,14.550072
Lithium,THA,BEL,Thailand,Belgium,253090,Raw,110.403,mirror,15.870032,100.992541,50.503887,4.469936
Lithium,THA,IRL,Thailand,Ireland,253090,Raw,70.355,mirror,15.870032,100.992541,53.41291,-8.24389
Lithium,THA,HKG,Thailand,"China, Hong Kong SAR",253090,Raw,53.16,direct,15.870032,100.992541,22.396428,114.109497
Lithium,THA,GBR,Thailand,United Kingdom,253090,Raw,42.76,direct,15.870032,100.992541,55.378051,-3.435973
Lithium,THA,NLD,Thailand,Netherlands,253090,Raw,9.741,mirror,15.870032,100.992541,52.132633,5.291266
Lithium,THA,DNK,Thailand,Denmark,253090,Raw,5.077,mirror,15.870032,100.992541,56.26392,9.501785
Lithium,THA,QAT,Thailand,Qatar,253090,Raw,3.92,direct,15.870032,100.992541,25.354826,51.183884
Lithium,TLS,IDN,Timor-Leste,Indonesia,253090,Raw,176.0,mirror,-8.874217,125.727539,-0.789275,113.921327
Lithium,TGO,DEU,Togo,Germany,253090,Raw,16.768,mirror,8.619543,0.824782,51.165691,10.451526
Lithium,TGO,KEN,Togo,Kenya,253090,Raw,6.522,mirror,8.619543,0.824782,-0.023559,37.906193
Lithium,TTO,VCT,Trinidad and Tobago,Saint Vincent and the Grenadines,253090,Raw,8871.542,direct,10.691803,-61.222503,,
Lithium,TTO,USA,Trinidad and Tobago,USA,253090,Raw,7109.796,direct,10.691803,-61.222503,37.09024,-95.712891
Lithium,TTO,GRD,Trinidad and Tobago,Grenada,253090,Raw,642.358,direct,10.691803,-61.222503,,
Lithium,TUN,USA,Tunisia,USA,253090,Raw,17645.336,direct,33.886917,9.537499,37.09024,-95.712891
Lithium,TUN,AUT,Tunisia,Austria,253090,Raw,1806.493,mirror,33.886917,9.537499,47.516231,14.550072
Lithium,TUN,FRA,Tunisia,France,253090,Raw,199.16,mirror,33.886917,9.537499,46.227638,2.213749
Lithium,TUN,IRL,Tunisia,Ireland,253090,Raw,89.838,mirror,33.886917,9.537499,53.41291,-8.24389
Lithium,TUN,MAR,Tunisia,Morocco,253090,Raw,0.202,mirror,33.886917,9.537499,31.791702,-7.09262
Lithium,TKM,ITA,Turkmenistan,Italy,253090,Raw,2107.277,mirror,38.969719,59.556278,41.87194,12.56738
Lithium,TUR,CHN,Türkiye,China,253090,Raw,64584560.0,direct,38.963745,35.243322,35.86166,104.195397
Lithium,TUR,USA,Türkiye,USA,253090,Raw,20867096.0,direct,38.963745,35.243322,37.09024,-95.712891
Lithium,TUR,ITA,Türkiye,Italy,253090,Raw,15107608.0,direct,38.963745,35.243322,41.87194,12.56738
Lithium,TUR,BEL,Türkiye,Belgium,253090,Raw,13244000.0,direct,38.963745,35.243322,50.503887,4.469936
Lithium,TUR,RUS,Türkiye,Russian Federation,253090,Raw,9822184.0,direct,38.963745,35.243322,61.52401,105.318756
Lithium,TUR,DZA,Türkiye,Algeria,253090,Raw,8633672.0,direct,38.963745,35.243322,28.033886,1.659626
Lithium,TUR,GIN,Türkiye,Guinea,253090,Raw,8165880.0,direct,38.963745,35.243322,9.945587,-9.696645
Lithium,TUR,UZB,Türkiye,Uzbekistan,253090,Raw,7650856.0,direct,38.963745,35.243322,41.377491,64.585262
Lithium,TUR,GBR,Türkiye,United Kingdom,253090,Raw,7192776.0,direct,38.963745,35.243322,55.378051,-3.435973
Lithium,TUR,KOR,Türkiye,Rep. of Korea,253090,Raw,6894528.0,direct,38.963745,35.243322,35.907757,127.766922
Lithium,TUR,ESP,Türkiye,Spain,253090,Raw,4172272.0,direct,38.963745,35.243322,40.463667,-3.74922
Lithium,TUR,IND,Türkiye,India,253090,Raw,3867992.0,direct,38.963745,35.243322,20.593684,78.96288
Lithium,TUR,VNM,Türkiye,Viet Nam,253090,Raw,3754192.0,direct,38.963745,35.243322,14.058324,108.277199
Lithium,TUR,FRA,Türkiye,France,253090,Raw,3618616.0,direct,38.963745,35.243322,46.227638,2.213749
Lithium,TUR,UKR,Türkiye,Ukraine,253090,Raw,2681064.0,direct,38.963745,35.243322,48.379433,31.16558
Lithium,TUR,NLD,Türkiye,Netherlands,253090,Raw,2483264.0,direct,38.963745,35.243322,52.132633,5.291266
Lithium,TUR,MYS,Türkiye,Malaysia,253090,Raw,2424264.0,direct,38.963745,35.243322,4.210484,101.975766
Lithium,TUR,IRN,Türkiye,Iran,253090,Raw,2306216.0,direct,38.963745,35.243322,32.427908,53.688046
Lithium,TUR,PHL,Türkiye,Philippines,253090,Raw,1867512.0,direct,38.963745,35.243322,12.879721,121.774017
Lithium,TUR,EGY,Türkiye,Egypt,253090,Raw,1856432.0,direct,38.963745,35.243322,26.820553,30.802498
Lithium,TUR,QAT,Türkiye,Qatar,253090,Raw,1558960.0,direct,38.963745,35.243322,25.354826,51.183884
Lithium,TUR,ISR,Türkiye,Israel,253090,Raw,1365064.0,direct,38.963745,35.243322,31.046051,34.851612
Lithium,TUR,GRC,Türkiye,Greece,253090,Raw,1148376.0,direct,38.963745,35.243322,39.074208,21.824312
Lithium,TUR,IRQ,Türkiye,Iraq,253090,Raw,1111448.0,direct,38.963745,35.243322,33.223191,43.679291
Lithium,TUR,SAU,Türkiye,Saudi Arabia,253090,Raw,1081208.0,direct,38.963745,35.243322,23.885942,45.079162
Lithium,TUR,DEU,Türkiye,Germany,253090,Raw,1077120.0,direct,38.963745,35.243322,51.165691,10.451526
Lithium,TUR,ARE,Türkiye,United Arab Emirates,253090,Raw,1045400.0,direct,38.963745,35.243322,23.424076,53.847818
Lithium,TUR,BHR,Türkiye,Bahrain,253090,Raw,1019832.0,direct,38.963745,35.243322,26.0275,50.55
Lithium,TUR,BRA,Türkiye,Brazil,253090,Raw,810664.0,direct,38.963745,35.243322,-14.235004,-51.92528
Lithium,TUR,GEO,Türkiye,Georgia,253090,Raw,509408.0,direct,38.963745,35.243322,42.315407,43.356892
Lithium,TUR,KGZ,Türkiye,Kyrgyzstan,253090,Raw,421080.0,direct,38.963745,35.243322,41.20438,74.766098
Lithium,TUR,JPN,Türkiye,Japan,253090,Raw,407304.0,direct,38.963745,35.243322,36.204824,138.252924
Lithium,TUR,PAK,Türkiye,Pakistan,253090,Raw,373432.0,direct,38.963745,35.243322,30.375321,69.345116
Lithium,TUR,AUS,Türkiye,Australia,253090,Raw,303200.0,direct,38.963745,35.243322,-25.274398,133.775136
Lithium,TUR,TKM,Türkiye,Turkmenistan,253090,Raw,280096.0,direct,38.963745,35.243322,38.969719,59.556278
Lithium,TUR,JAM,Türkiye,Jamaica,253090,Raw,268544.0,direct,38.963745,35.243322,18.109581,-77.297508
Lithium,TUR,SWE,Türkiye,Sweden,253090,Raw,238904.0,direct,38.963745,35.243322,60.128161,18.643501
Lithium,TUR,CAN,Türkiye,Canada,253090,Raw,224120.0,direct,38.963745,35.243322,56.130366,-106.346771
Lithium,TUR,THA,Türkiye,Thailand,253090,Raw,217568.0,direct,38.963745,35.243322,15.870032,100.992541
Lithium,TUR,PRT,Türkiye,Portugal,253090,Raw,208576.0,direct,38.963745,35.243322,39.399872,-8.224454
Lithium,TUR,MDA,Türkiye,Rep. of Moldova,253090,Raw,201288.0,direct,38.963745,35.243322,47.411631,28.369885
Lithium,TUR,LBY,Türkiye,Libya,253090,Raw,193520.0,direct,38.963745,35.243322,26.3351,17.228331
Lithium,TUR,AZE,Türkiye,Azerbaijan,253090,Raw,175992.0,direct,38.963745,35.243322,40.143105,47.576927
Lithium,TUR,BLR,Türkiye,Belarus,253090,Raw,166000.0,direct,38.963745,35.243322,53.709807,27.953389
Lithium,TUR,GUY,Türkiye,Guyana,253090,Raw,158072.0,direct,38.963745,35.243322,4.860416,-58.93018
Lithium,TUR,POL,Türkiye,Poland,253090,Raw,152224.0,direct,38.963745,35.243322,51.919438,19.145136
Lithium,TUR,S19,Türkiye,"Other Asia, nes",253090,Raw,145472.0,direct,38.963745,35.243322,,
Lithium,TUR,CZE,Türkiye,Czechia,253090,Raw,143480.0,direct,38.963745,35.243322,49.817492,15.472962
Lithium,TUR,AUT,Türkiye,Austria,253090,Raw,140176.0,direct,38.963745,35.243322,47.516231,14.550072
Lithium,TUR,JOR,Türkiye,Jordan,253090,Raw,133344.0,direct,38.963745,35.243322,30.585164,36.238414
Lithium,TUR,IRL,Türkiye,Ireland,253090,Raw,119408.0,direct,38.963745,35.243322,53.41291,-8.24389
Lithium,TUR,MDV,Türkiye,Maldives,253090,Raw,112974.576,mirror,38.963745,35.243322,3.202778,73.22068
Lithium,TUR,CHE,Türkiye,Switzerland,253090,Raw,93728.0,direct,38.963745,35.243322,46.818188,8.227512
Lithium,TUR,LBN,Türkiye,Lebanon,253090,Raw,69264.0,direct,38.963745,35.243322,33.854721,35.862285
Lithium,TUR,DNK,Türkiye,Denmark,253090,Raw,63208.0,direct,38.963745,35.243322,56.26392,9.501785
Lithium,TUR,KWT,Türkiye,Kuwait,253090,Raw,58808.0,direct,38.963745,35.243322,29.31166,47.481766
Lithium,TUR,PER,Türkiye,Peru,253090,Raw,58800.0,direct,38.963745,35.243322,-9.189967,-75.015152
Lithium,TUR,CYP,Türkiye,Cyprus,253090,Raw,58520.0,direct,38.963745,35.243322,35.126413,33.429859
Lithium,TUR,KEN,Türkiye,Kenya,253090,Raw,57600.0,direct,38.963745,35.243322,-0.023559,37.906193
Lithium,TUR,PSE,Türkiye,State of Palestine,253090,Raw,55912.0,direct,38.963745,35.243322,,
Lithium,TUR,ROU,Türkiye,Romania,253090,Raw,43688.0,direct,38.963745,35.243322,45.943161,24.96676
Lithium,TUR,ZAF,Türkiye,South Africa,253090,Raw,37208.0,direct,38.963745,35.243322,-30.559482,22.937506
Lithium,TUR,SRB,Türkiye,Serbia,253090,Raw,32064.0,direct,38.963745,35.243322,44.016521,21.005859
Lithium,TUR,LTU,Türkiye,Lithuania,253090,Raw,30008.0,direct,38.963745,35.243322,55.169438,23.881275
Lithium,TUR,BGR,Türkiye,Bulgaria,253090,Raw,27688.0,direct,38.963745,35.243322,42.733883,25.48583
Lithium,TUR,TUN,Türkiye,Tunisia,253090,Raw,22136.0,direct,38.963745,35.243322,33.886917,9.537499
Lithium,TUR,SYR,Türkiye,Syria,253090,Raw,21416.0,direct,38.963745,35.243322,34.802075,38.996815
Lithium,TUR,NOR,Türkiye,Norway,253090,Raw,20600.0,direct,38.963745,35.243322,60.472024,8.468946
Lithium,TUR,MKD,Türkiye,North Macedonia,253090,Raw,14024.0,direct,38.963745,35.243322,41.608635,21.745275
Lithium,TUR,HRV,Türkiye,Croatia,253090,Raw,9792.0,direct,38.963745,35.243322,45.1,15.2
Lithium,TUR,SVN,Türkiye,Slovenia,253090,Raw,9576.0,direct,38.963745,35.243322,46.151241,14.995463
Lithium,TUR,SVK,Türkiye,Slovakia,253090,Raw,3944.0,direct,38.963745,35.243322,48.669026,19.699024
Lithium,TUR,URY,Türkiye,Uruguay,253090,Raw,3825.0,mirror,38.963745,35.243322,-32.522779,-55.765835
Lithium,TUR,MEX,Türkiye,Mexico,253090,Raw,3600.0,direct,38.963745,35.243322,23.634501,-102.552784
Lithium,TUR,MOZ,Türkiye,Mozambique,253090,Raw,2400.0,direct,38.963745,35.243322,-18.665695,35.529562
Lithium,TUR,FIN,Türkiye,Finland,253090,Raw,2224.0,direct,38.963745,35.243322,61.92411,25.748151
Lithium,TUR,_X ,Türkiye,"Areas, nes",253090,Raw,2160.0,direct,38.963745,35.243322,,
Lithium,TUR,HKG,Türkiye,"China, Hong Kong SAR",253090,Raw,2080.0,direct,38.963745,35.243322,22.396428,114.109497
Lithium,TUR,SGP,Türkiye,Singapore,253090,Raw,2080.0,direct,38.963745,35.243322,1.352083,103.819836
Lithium,TUR,AGO,Türkiye,Angola,253090,Raw,1776.0,direct,38.963745,35.243322,-11.202692,17.873887
Lithium,TUR,MLT,Türkiye,Malta,253090,Raw,1624.0,direct,38.963745,35.243322,35.937496,14.375416
Lithium,TUR,OMN,Türkiye,Oman,253090,Raw,1560.0,direct,38.963745,35.243322,21.512583,55.923255
Lithium,TUR,KAZ,Türkiye,Kazakhstan,253090,Raw,1472.0,direct,38.963745,35.243322,48.019573,66.923684
Lithium,TUR,KHM,Türkiye,Cambodia,253090,Raw,1320.0,direct,38.963745,35.243322,12.565679,104.990963
Lithium,TUR,PAN,Türkiye,Panama,253090,Raw,1296.0,direct,38.963745,35.243322,8.537981,-80.782127
Lithium,TUR,BWA,Türkiye,Botswana,253090,Raw,960.0,direct,38.963745,35.243322,-22.328474,24.684866
Lithium,TUR,ECU,Türkiye,Ecuador,253090,Raw,720.0,direct,38.963745,35.243322,-1.831239,-78.183406
Lithium,TUR,TTO,Türkiye,Trinidad and Tobago,253090,Raw,720.0,direct,38.963745,35.243322,10.691803,-61.222503
Lithium,TUR,BHS,Türkiye,Bahamas,253090,Raw,640.0,direct,38.963745,35.243322,25.03428,-77.39628
Lithium,TUR,NZL,Türkiye,New Zealand,253090,Raw,544.0,direct,38.963745,35.243322,-40.900557,174.885971
Lithium,TUR,GUM,Türkiye,Guam,253090,Raw,416.0,direct,38.963745,35.243322,,
Lithium,TUR,HUN,Türkiye,Hungary,253090,Raw,416.0,direct,38.963745,35.243322,47.162494,19.503304
Lithium,TUR,LVA,Türkiye,Latvia,253090,Raw,408.0,direct,38.963745,35.243322,56.879635,24.603189
Lithium,TUR,TZA,Türkiye,United Rep. of Tanzania,253090,Raw,400.0,direct,38.963745,35.243322,-6.369028,34.888822
Lithium,TUR,GTM,Türkiye,Guatemala,253090,Raw,360.0,direct,38.963745,35.243322,15.783471,-90.230759
Lithium,TUR,PRY,Türkiye,Paraguay,253090,Raw,256.0,direct,38.963745,35.243322,-23.442503,-58.443832
Lithium,TUR,COG,Türkiye,Congo,253090,Raw,248.0,direct,38.963745,35.243322,-0.228021,15.827659
Lithium,TUR,SUR,Türkiye,Suriname,253090,Raw,240.0,direct,38.963745,35.243322,3.919305,-56.027783
Lithium,TUR,ALB,Türkiye,Albania,253090,Raw,224.0,direct,38.963745,35.243322,41.153332,20.168331
Lithium,TUR,BRN,Türkiye,Brunei Darussalam,253090,Raw,224.0,direct,38.963745,35.243322,4.535277,114.727669
Lithium,TUR,BGD,Türkiye,Bangladesh,253090,Raw,176.0,direct,38.963745,35.243322,23.684994,90.356331
Lithium,TUR,CHL,Türkiye,Chile,253090,Raw,120.0,direct,38.963745,35.243322,-35.675147,-71.542969
Lithium,TUR,IDN,Türkiye,Indonesia,253090,Raw,112.0,direct,38.963745,35.243322,-0.789275,113.921327
Lithium,TUR,MAR,Türkiye,Morocco,253090,Raw,88.0,direct,38.963745,35.243322,31.791702,-7.09262
Lithium,TUR,SEN,Türkiye,Senegal,253090,Raw,48.0,direct,38.963745,35.243322,14.497401,14.452362
Lithium,TUR,CIV,Türkiye,Côte d'Ivoire,253090,Raw,32.0,direct,38.963745,35.243322,7.539989,-5.54708
Lithium,TUR,LKA,Türkiye,Sri Lanka,253090,Raw,32.0,direct,38.963745,35.243322,7.873054,80.771797
Lithium,USA,NLD,USA,Netherlands,253090,Raw,33952120.0,direct,37.09024,-95.712891,52.132633,5.291266
Lithium,USA,CAN,USA,Canada,253090,Raw,15448629.0,direct,37.09024,-95.712891,56.130366,-106.346771
Lithium,USA,JPN,USA,Japan,253090,Raw,14086459.0,direct,37.09024,-95.712891,36.204824,138.252924
Lithium,USA,GBR,USA,United Kingdom,253090,Raw,12504700.0,direct,37.09024,-95.712891,55.378051,-3.435973
Lithium,USA,MEX,USA,Mexico,253090,Raw,9847621.0,direct,37.09024,-95.712891,23.634501,-102.552784
Lithium,USA,KOR,USA,Rep. of Korea,253090,Raw,8953316.0,direct,37.09024,-95.712891,35.907757,127.766922
Lithium,USA,CHN,USA,China,253090,Raw,5931251.0,direct,37.09024,-95.712891,35.86166,104.195397
Lithium,USA,ITA,USA,Italy,253090,Raw,5894220.0,direct,37.09024,-95.712891,41.87194,12.56738
Lithium,USA,IND,USA,India,253090,Raw,2750035.0,direct,37.09024,-95.712891,20.593684,78.96288
Lithium,USA,DEU,USA,Germany,253090,Raw,2542908.0,direct,37.09024,-95.712891,51.165691,10.451526
Lithium,USA,BHS,USA,Bahamas,253090,Raw,2013740.0,direct,37.09024,-95.712891,25.03428,-77.39628
Lithium,USA,FRA,USA,France,253090,Raw,1871296.0,direct,37.09024,-95.712891,46.227638,2.213749
Lithium,USA,BIH,USA,Bosnia Herzegovina,253090,Raw,1863218.536,mirror,37.09024,-95.712891,43.915886,17.679076
Lithium,USA,BEL,USA,Belgium,253090,Raw,1422270.0,direct,37.09024,-95.712891,50.503887,4.469936
Lithium,USA,AUS,USA,Australia,253090,Raw,1326009.0,direct,37.09024,-95.712891,-25.274398,133.775136
Lithium,USA,DOM,USA,Dominican Rep.,253090,Raw,1315912.0,direct,37.09024,-95.712891,18.735693,-70.162651
Lithium,USA,VNM,USA,Viet Nam,253090,Raw,959566.0,direct,37.09024,-95.712891,14.058324,108.277199
Lithium,USA,TUR,USA,Türkiye,253090,Raw,804900.0,direct,37.09024,-95.712891,38.963745,35.243322
Lithium,USA,ESP,USA,Spain,253090,Raw,784656.0,direct,37.09024,-95.712891,40.463667,-3.74922
Lithium,USA,TCA,USA,Turks and Caicos Isds,253090,Raw,704546.0,direct,37.09024,-95.712891,,
Lithium,USA,CHE,USA,Switzerland,253090,Raw,571940.0,direct,37.09024,-95.712891,46.818188,8.227512
Lithium,USA,CYM,USA,Cayman Isds,253090,Raw,534776.0,direct,37.09024,-95.712891,,
Lithium,USA,SAU,USA,Saudi Arabia,253090,Raw,465466.0,direct,37.09024,-95.712891,23.885942,45.079162
Lithium,USA,ECU,USA,Ecuador,253090,Raw,429400.0,direct,37.09024,-95.712891,-1.831239,-78.183406
Lithium,USA,S19,USA,"Other Asia, nes",253090,Raw,408715.0,direct,37.09024,-95.712891,,
Lithium,USA,SGP,USA,Singapore,253090,Raw,406117.0,direct,37.09024,-95.712891,1.352083,103.819836
Lithium,USA,BRA,USA,Brazil,253090,Raw,389163.0,direct,37.09024,-95.712891,-14.235004,-51.92528
Lithium,USA,THA,USA,Thailand,253090,Raw,386779.0,direct,37.09024,-95.712891,15.870032,100.992541
Lithium,USA,PER,USA,Peru,253090,Raw,373187.0,direct,37.09024,-95.712891,-9.189967,-75.015152
Lithium,USA,ZAF,USA,South Africa,253090,Raw,308106.0,direct,37.09024,-95.712891,-30.559482,22.937506
Lithium,USA,EST,USA,Estonia,253090,Raw,296373.0,direct,37.09024,-95.712891,58.595272,25.013607
Lithium,USA,IRL,USA,Ireland,253090,Raw,225837.0,direct,37.09024,-95.712891,53.41291,-8.24389
Lithium,USA,CZE,USA,Czechia,253090,Raw,200480.0,direct,37.09024,-95.712891,49.817492,15.472962
Lithium,USA,GUY,USA,Guyana,253090,Raw,190909.0,direct,37.09024,-95.712891,4.860416,-58.93018
Lithium,USA,BMU,USA,Bermuda,253090,Raw,176770.0,direct,37.09024,-95.712891,,
Lithium,USA,BRB,USA,Barbados,253090,Raw,172883.0,direct,37.09024,-95.712891,,
Lithium,USA,SRB,USA,Serbia,253090,Raw,160800.0,mirror,37.09024,-95.712891,44.016521,21.005859
Lithium,USA,HND,USA,Honduras,253090,Raw,152180.0,direct,37.09024,-95.712891,15.199999,-86.241905
Lithium,USA,COL,USA,Colombia,253090,Raw,136673.0,direct,37.09024,-95.712891,4.570868,-74.297333
Lithium,USA,CHL,USA,Chile,253090,Raw,131646.0,direct,37.09024,-95.712891,-35.675147,-71.542969
Lithium,USA,NZL,USA,New Zealand,253090,Raw,117778.0,direct,37.09024,-95.712891,-40.900557,174.885971
Lithium,USA,KWT,USA,Kuwait,253090,Raw,102941.0,mirror,37.09024,-95.712891,29.31166,47.481766
Lithium,USA,SWE,USA,Sweden,253090,Raw,90633.0,direct,37.09024,-95.712891,60.128161,18.643501
Lithium,USA,CRI,USA,Costa Rica,253090,Raw,89770.0,direct,37.09024,-95.712891,9.748917,-83.753428
Lithium,USA,GTM,USA,Guatemala,253090,Raw,89047.0,direct,37.09024,-95.712891,15.783471,-90.230759
Lithium,USA,IDN,USA,Indonesia,253090,Raw,82030.0,direct,37.09024,-95.712891,-0.789275,113.921327
Lithium,USA,KNA,USA,Saint Kitts and Nevis,253090,Raw,76795.0,direct,37.09024,-95.712891,,
Lithium,USA,BHR,USA,Bahrain,253090,Raw,75265.0,direct,37.09024,-95.712891,26.0275,50.55
Lithium,USA,ABW,USA,Aruba,253090,Raw,72332.0,direct,37.09024,-95.712891,,
Lithium,USA,SVN,USA,Slovenia,253090,Raw,68855.406,mirror,37.09024,-95.712891,46.151241,14.995463
Lithium,USA,POL,USA,Poland,253090,Raw,68225.0,direct,37.09024,-95.712891,51.919438,19.145136
Lithium,USA,BLZ,USA,Belize,253090,Raw,65833.0,direct,37.09024,-95.712891,17.189877,-88.49765
Lithium,USA,ARE,USA,United Arab Emirates,253090,Raw,61853.0,direct,37.09024,-95.712891,23.424076,53.847818
Lithium,USA,SLV,USA,El Salvador,253090,Raw,57555.0,direct,37.09024,-95.712891,13.794185,-88.89653
Lithium,USA,MYS,USA,Malaysia,253090,Raw,53432.0,direct,37.09024,-95.712891,4.210484,101.975766
Lithium,USA,ARG,USA,Argentina,253090,Raw,53073.0,direct,37.09024,-95.712891,-38.416097,-63.616672
Lithium,USA,VCT,USA,Saint Vincent and the Grenadines,253090,Raw,49391.0,direct,37.09024,-95.712891,,
Lithium,USA,ATG,USA,Antigua and Barbuda,253090,Raw,49244.0,direct,37.09024,-95.712891,,
Lithium,USA,AIA,USA,Anguilla,253090,Raw,48811.0,direct,37.09024,-95.712891,,
Lithium,USA,PHL,USA,Philippines,253090,Raw,46821.0,direct,37.09024,-95.712891,12.879721,121.774017
Lithium,USA,VEN,USA,Venezuela,253090,Raw,45910.0,direct,37.09024,-95.712891,6.42375,-66.58973
Lithium,USA,FIN,USA,Finland,253090,Raw,39762.664,mirror,37.09024,-95.712891,61.92411,25.748151
Lithium,USA,FSM,USA,FS Micronesia,253090,Raw,38657.0,direct,37.09024,-95.712891,,
Lithium,USA,VGB,USA,Br. Virgin Isds,253090,Raw,35226.0,direct,37.09024,-95.712891,,
Lithium,USA,DNK,USA,Denmark,253090,Raw,32430.0,direct,37.09024,-95.712891,56.26392,9.501785
Lithium,USA,LCA,USA,Saint Lucia,253090,Raw,32334.0,direct,37.09024,-95.712891,,
Lithium,USA,HRV,USA,Croatia,253090,Raw,30827.0,mirror,37.09024,-95.712891,45.1,15.2
Lithium,USA,JAM,USA,Jamaica,253090,Raw,28810.0,direct,37.09024,-95.712891,18.109581,-77.297508
Lithium,USA,NIC,USA,Nicaragua,253090,Raw,27745.0,direct,37.09024,-95.712891,12.865416,-85.207229
Lithium,USA,PRT,USA,Portugal,253090,Raw,25797.0,direct,37.09024,-95.712891,39.399872,-8.224454
Lithium,USA,BOL,USA,Bolivia (Plurinational State of),253090,Raw,24934.0,mirror,37.09024,-95.712891,-16.290154,-63.588653
Lithium,USA,LTU,USA,Lithuania,253090,Raw,23422.0,direct,37.09024,-95.712891,55.169438,23.881275
Lithium,USA,SVK,USA,Slovakia,253090,Raw,20201.546,mirror,37.09024,-95.712891,48.669026,19.699024
Lithium,USA,PAN,USA,Panama,253090,Raw,19899.0,direct,37.09024,-95.712891,8.537981,-80.782127
Lithium,USA,UKR,USA,Ukraine,253090,Raw,19694.0,direct,37.09024,-95.712891,48.379433,31.16558
Lithium,USA,TTO,USA,Trinidad and Tobago,253090,Raw,19213.0,direct,37.09024,-95.712891,10.691803,-61.222503
Lithium,USA,NOR,USA,Norway,253090,Raw,17985.0,direct,37.09024,-95.712891,60.472024,8.468946
Lithium,USA,MHL,USA,Marshall Isds,253090,Raw,17420.0,direct,37.09024,-95.712891,,
Lithium,USA,LKA,USA,Sri Lanka,253090,Raw,16632.0,direct,37.09024,-95.712891,7.873054,80.771797
Lithium,USA,GRC,USA,Greece,253090,Raw,16378.582,mirror,37.09024,-95.712891,39.074208,21.824312
Lithium,USA,HUN,USA,Hungary,253090,Raw,14475.0,direct,37.09024,-95.712891,47.162494,19.503304
Lithium,USA,SXM,USA,Sint Maarten,253090,Raw,13075.0,direct,37.09024,-95.712891,,
Lithium,USA,CUB,USA,Cuba,253090,Raw,12331.0,direct,37.09024,-95.712891,21.521757,-77.781167
Lithium,USA,LBN,USA,Lebanon,253090,Raw,11761.0,direct,37.09024,-95.712891,33.854721,35.862285
Lithium,USA,AUT,USA,Austria,253090,Raw,11301.0,direct,37.09024,-95.712891,47.516231,14.550072
Lithium,USA,MAR,USA,Morocco,253090,Raw,10837.87,mirror,37.09024,-95.712891,31.791702,-7.09262
Lithium,USA,GNQ,USA,Equatorial Guinea,253090,Raw,9943.0,direct,37.09024,-95.712891,1.650801,10.267895
Lithium,USA,EGY,USA,Egypt,253090,Raw,9671.0,direct,37.09024,-95.712891,26.820553,30.802498
Lithium,USA,ISL,USA,Iceland,253090,Raw,9582.0,direct,37.09024,-95.712891,64.963051,-19.020835
Lithium,USA,HKG,USA,"China, Hong Kong SAR",253090,Raw,9356.0,direct,37.09024,-95.712891,22.396428,114.109497
Lithium,USA,QAT,USA,Qatar,253090,Raw,9136.0,direct,37.09024,-95.712891,25.354826,51.183884
Lithium,USA,ISR,USA,Israel,253090,Raw,7857.0,direct,37.09024,-95.712891,31.046051,34.851612
Lithium,USA,BRN,USA,Brunei Darussalam,253090,Raw,6691.0,direct,37.09024,-95.712891,4.535277,114.727669
Lithium,USA,AGO,USA,Angola,253090,Raw,6643.0,direct,37.09024,-95.712891,-11.202692,17.873887
Lithium,USA,SEN,USA,Senegal,253090,Raw,5700.0,direct,37.09024,-95.712891,14.497401,14.452362
Lithium,USA,BGR,USA,Bulgaria,253090,Raw,5588.9839999999995,mirror,37.09024,-95.712891,42.733883,25.48583
Lithium,USA,PRY,USA,Paraguay,253090,Raw,4523.5,mirror,37.09024,-95.712891,-23.442503,-58.443832
Lithium,USA,IRQ,USA,Iraq,253090,Raw,4000.0,direct,37.09024,-95.712891,33.223191,43.679291
Lithium,USA,SUR,USA,Suriname,253090,Raw,3485.0,direct,37.09024,-95.712891,3.919305,-56.027783
Lithium,USA,MSR,USA,Montserrat,253090,Raw,3429.0,direct,37.09024,-95.712891,,
Lithium,USA,CYP,USA,Cyprus,253090,Raw,3255.8,mirror,37.09024,-95.712891,35.126413,33.429859
Lithium,USA,PAK,USA,Pakistan,253090,Raw,3015.32,mirror,37.09024,-95.712891,30.375321,69.345116
Lithium,USA,NAM,USA,Namibia,253090,Raw,2828.0,direct,37.09024,-95.712891,-22.95764,18.49041
Lithium,USA,MAC,USA,"China, Macao SAR",253090,Raw,2800.0,direct,37.09024,-95.712891,22.198745,113.543873
Lithium,USA,PYF,USA,French Polynesia,253090,Raw,2594.0,direct,37.09024,-95.712891,,
Lithium,USA,MDA,USA,Rep. of Moldova,253090,Raw,1948.0,mirror,37.09024,-95.712891,47.411631,28.369885
Lithium,USA,MUS,USA,Mauritius,253090,Raw,1745.996,mirror,37.09024,-95.712891,-20.348404,57.552152
Lithium,USA,MKD,USA,North Macedonia,253090,Raw,1398.9,mirror,37.09024,-95.712891,41.608635,21.745275
Lithium,USA,MLT,USA,Malta,253090,Raw,930.848,mirror,37.09024,-95.712891,35.937496,14.375416
Lithium,USA,NGA,USA,Nigeria,253090,Raw,778.26,mirror,37.09024,-95.712891,9.081999,8.675277
Lithium,USA,FJI,USA,Fiji,253090,Raw,619.407,mirror,37.09024,-95.712891,-16.578193,179.414413
Lithium,USA,KEN,USA,Kenya,253090,Raw,582.281,mirror,37.09024,-95.712891,-0.023559,37.906193
Lithium,USA,KAZ,USA,Kazakhstan,253090,Raw,501.05,mirror,37.09024,-95.712891,48.019573,66.923684
Lithium,USA,AZE,USA,Azerbaijan,253090,Raw,240.96,mirror,37.09024,-95.712891,40.143105,47.576927
Lithium,USA,ARM,USA,Armenia,253090,Raw,92.28,mirror,37.09024,-95.712891,40.069099,45.038189
Lithium,USA,LUX,USA,Luxembourg,253090,Raw,36.379,mirror,37.09024,-95.712891,49.815273,6.129583
Lithium,USA,SYC,USA,Seychelles,253090,Raw,21.973,mirror,37.09024,-95.712891,,
Lithium,USA,URY,USA,Uruguay,253090,Raw,2.0,mirror,37.09024,-95.712891,-32.522779,-55.765835
Lithium,UGA,JPN,Uganda,Japan,253090,Raw,199767.045,mirror,1.373333,32.290275,36.204824,138.252924
Lithium,UGA,ZAF,Uganda,South Africa,253090,Raw,768.632,mirror,1.373333,32.290275,-30.559482,22.937506
Lithium,UGA,CAN,Uganda,Canada,253090,Raw,397.824,mirror,1.373333,32.290275,56.130366,-106.346771
Lithium,UGA,CHN,Uganda,China,253090,Raw,323.01,direct,1.373333,32.290275,35.86166,104.195397
Lithium,UGA,NLD,Uganda,Netherlands,253090,Raw,280.337,mirror,1.373333,32.290275,52.132633,5.291266
Lithium,UGA,AUS,Uganda,Australia,253090,Raw,149.19,direct,1.373333,32.290275,-25.274398,133.775136
Lithium,UGA,CHE,Uganda,Switzerland,253090,Raw,148.38,direct,1.373333,32.290275,46.818188,8.227512
Lithium,UGA,KEN,Uganda,Kenya,253090,Raw,89.84,direct,1.373333,32.290275,-0.023559,37.906193
Lithium,UGA,ZWE,Uganda,Zimbabwe,253090,Raw,19.79,direct,1.373333,32.290275,-19.015438,29.154857
Lithium,UGA,NGA,Uganda,Nigeria,253090,Raw,13.98,direct,1.373333,32.290275,9.081999,8.675277
Lithium,UKR,CHN,Ukraine,China,253090,Raw,11108368.56,direct,48.379433,31.16558,35.86166,104.195397
Lithium,UKR,POL,Ukraine,Poland,253090,Raw,6443962.44,direct,48.379433,31.16558,51.919438,19.145136
Lithium,UKR,CZE,Ukraine,Czechia,253090,Raw,1127404.0,mirror,48.379433,31.16558,49.817492,15.472962
Lithium,UKR,LVA,Ukraine,Latvia,253090,Raw,582492.62,direct,48.379433,31.16558,56.879635,24.603189
Lithium,UKR,AUT,Ukraine,Austria,253090,Raw,323688.84,direct,48.379433,31.16558,47.516231,14.550072
Lithium,UKR,HKG,Ukraine,"China, Hong Kong SAR",253090,Raw,240733.94,direct,48.379433,31.16558,22.396428,114.109497
Lithium,UKR,LTU,Ukraine,Lithuania,253090,Raw,184988.88,direct,48.379433,31.16558,55.169438,23.881275
Lithium,UKR,ARE,Ukraine,United Arab Emirates,253090,Raw,108699.84,direct,48.379433,31.16558,23.424076,53.847818
Lithium,UKR,DEU,Ukraine,Germany,253090,Raw,45244.9,direct,48.379433,31.16558,51.165691,10.451526
Lithium,UKR,GBR,Ukraine,United Kingdom,253090,Raw,11744.46,mirror,48.379433,31.16558,55.378051,-3.435973
Lithium,UKR,COL,Ukraine,Colombia,253090,Raw,9595.29,mirror,48.379433,31.16558,4.570868,-74.297333
Lithium,UKR,KOR,Ukraine,Rep. of Korea,253090,Raw,7502.86,direct,48.379433,31.16558,35.907757,127.766922
Lithium,UKR,SVK,Ukraine,Slovakia,253090,Raw,5368.608,mirror,48.379433,31.16558,48.669026,19.699024
Lithium,UKR,MDA,Ukraine,Rep. of Moldova,253090,Raw,5153.28,direct,48.379433,31.16558,47.411631,28.369885
Lithium,UKR,ROU,Ukraine,Romania,253090,Raw,4475.5,direct,48.379433,31.16558,45.943161,24.96676
Lithium,UKR,AUS,Ukraine,Australia,253090,Raw,3803.28,direct,48.379433,31.16558,-25.274398,133.775136
Lithium,UKR,ITA,Ukraine,Italy,253090,Raw,958.06,direct,48.379433,31.16558,41.87194,12.56738
Lithium,UKR,EST,Ukraine,Estonia,253090,Raw,168.32,mirror,48.379433,31.16558,58.595272,25.013607
Lithium,UKR,NLD,Ukraine,Netherlands,253090,Raw,166.687,mirror,48.379433,31.16558,52.132633,5.291266
Lithium,UKR,CAN,Ukraine,Canada,253090,Raw,101.572,mirror,48.379433,31.16558,56.130366,-106.346771
Lithium,UKR,HUN,Ukraine,Hungary,253090,Raw,30.792,mirror,48.379433,31.16558,47.162494,19.503304
Lithium,UKR,MLT,Ukraine,Malta,253090,Raw,30.308,mirror,48.379433,31.16558,35.937496,14.375416
Lithium,ARE,IND,United Arab Emirates,India,253090,Raw,79715271.594,mirror,23.424076,53.847818,20.593684,78.96288
Lithium,ARE,CHN,United Arab Emirates,China,253090,Raw,23344249.0,mirror,23.424076,53.847818,35.86166,104.195397
Lithium,ARE,AUT,United Arab Emirates,Austria,253090,Raw,443493.487,mirror,23.424076,53.847818,47.516231,14.550072
Lithium,ARE,UKR,United Arab Emirates,Ukraine,253090,Raw,109765.02,mirror,23.424076,53.847818,48.379433,31.16558
Lithium,ARE,SVK,United Arab Emirates,Slovakia,253090,Raw,69887.144,mirror,23.424076,53.847818,48.669026,19.699024
Lithium,ARE,ZWE,United Arab Emirates,Zimbabwe,253090,Raw,45992.0,mirror,23.424076,53.847818,-19.015438,29.154857
Lithium,ARE,SAU,United Arab Emirates,Saudi Arabia,253090,Raw,36968.266,mirror,23.424076,53.847818,23.885942,45.079162
Lithium,ARE,GBR,United Arab Emirates,United Kingdom,253090,Raw,32732.288,mirror,23.424076,53.847818,55.378051,-3.435973
Lithium,ARE,TUR,United Arab Emirates,Türkiye,253090,Raw,19400.0,mirror,23.424076,53.847818,38.963745,35.243322
Lithium,ARE,NLD,United Arab Emirates,Netherlands,253090,Raw,17268.298,mirror,23.424076,53.847818,52.132633,5.291266
Lithium,ARE,ITA,United Arab Emirates,Italy,253090,Raw,16920.038,mirror,23.424076,53.847818,41.87194,12.56738
Lithium,ARE,PAK,United Arab Emirates,Pakistan,253090,Raw,1506.238,mirror,23.424076,53.847818,30.375321,69.345116
Lithium,ARE,KWT,United Arab Emirates,Kuwait,253090,Raw,1495.0,mirror,23.424076,53.847818,29.31166,47.481766
Lithium,ARE,SGP,United Arab Emirates,Singapore,253090,Raw,984.11,mirror,23.424076,53.847818,1.352083,103.819836
Lithium,ARE,FRA,United Arab Emirates,France,253090,Raw,515.212,mirror,23.424076,53.847818,46.227638,2.213749
Lithium,ARE,CAN,United Arab Emirates,Canada,253090,Raw,485.29200000000003,mirror,23.424076,53.847818,56.130366,-106.346771
Lithium,ARE,AZE,United Arab Emirates,Azerbaijan,253090,Raw,400.0,mirror,23.424076,53.847818,40.143105,47.576927
Lithium,ARE,BEL,United Arab Emirates,Belgium,253090,Raw,381.485,mirror,23.424076,53.847818,50.503887,4.469936
Lithium,ARE,SWE,United Arab Emirates,Sweden,253090,Raw,378.516,mirror,23.424076,53.847818,60.128161,18.643501
Lithium,ARE,CHE,United Arab Emirates,Switzerland,253090,Raw,172.64,mirror,23.424076,53.847818,46.818188,8.227512
Lithium,ARE,IRL,United Arab Emirates,Ireland,253090,Raw,14.071,mirror,23.424076,53.847818,53.41291,-8.24389
Lithium,ARE,ZAF,United Arab Emirates,South Africa,253090,Raw,11.348,mirror,23.424076,53.847818,-30.559482,22.937506
Lithium,ARE,HUN,United Arab Emirates,Hungary,253090,Raw,4.368,mirror,23.424076,53.847818,47.162494,19.503304
Lithium,GBR,USA,United Kingdom,USA,253090,Raw,8704231.291,direct,55.378051,-3.435973,37.09024,-95.712891
Lithium,GBR,CHN,United Kingdom,China,253090,Raw,7796306.052,direct,55.378051,-3.435973,35.86166,104.195397
Lithium,GBR,NLD,United Kingdom,Netherlands,253090,Raw,6942912.64,direct,55.378051,-3.435973,52.132633,5.291266
Lithium,GBR,DEU,United Kingdom,Germany,253090,Raw,6801360.215,direct,55.378051,-3.435973,51.165691,10.451526
Lithium,GBR,_X ,United Kingdom,"Areas, nes",253090,Raw,5849120.574,direct,55.378051,-3.435973,,
Lithium,GBR,BEL,United Kingdom,Belgium,253090,Raw,5192415.1280000005,direct,55.378051,-3.435973,50.503887,4.469936
Lithium,GBR,SGP,United Kingdom,Singapore,253090,Raw,4628209.336,direct,55.378051,-3.435973,1.352083,103.819836
Lithium,GBR,BRA,United Kingdom,Brazil,253090,Raw,4133232.432,direct,55.378051,-3.435973,-14.235004,-51.92528
Lithium,GBR,IRL,United Kingdom,Ireland,253090,Raw,3576149.41,direct,55.378051,-3.435973,53.41291,-8.24389
Lithium,GBR,DNK,United Kingdom,Denmark,253090,Raw,2673079.228,direct,55.378051,-3.435973,56.26392,9.501785
Lithium,GBR,SWE,United Kingdom,Sweden,253090,Raw,2429149.624,direct,55.378051,-3.435973,60.128161,18.643501
Lithium,GBR,ESP,United Kingdom,Spain,253090,Raw,2064939.524,direct,55.378051,-3.435973,40.463667,-3.74922
Lithium,GBR,IND,United Kingdom,India,253090,Raw,1475895.344,direct,55.378051,-3.435973,20.593684,78.96288
Lithium,GBR,KOR,United Kingdom,Rep. of Korea,253090,Raw,1463739.956,direct,55.378051,-3.435973,35.907757,127.766922
Lithium,GBR,FRA,United Kingdom,France,253090,Raw,1401562.818,direct,55.378051,-3.435973,46.227638,2.213749
Lithium,GBR,LKA,United Kingdom,Sri Lanka,253090,Raw,1392263.64,direct,55.378051,-3.435973,7.873054,80.771797
Lithium,GBR,THA,United Kingdom,Thailand,253090,Raw,1218709.468,direct,55.378051,-3.435973,15.870032,100.992541
Lithium,GBR,MEX,United Kingdom,Mexico,253090,Raw,995006.716,direct,55.378051,-3.435973,23.634501,-102.552784
Lithium,GBR,POL,United Kingdom,Poland,253090,Raw,682198.276,direct,55.378051,-3.435973,51.919438,19.145136
Lithium,GBR,ITA,United Kingdom,Italy,253090,Raw,590490.04,direct,55.378051,-3.435973,41.87194,12.56738
Lithium,GBR,SVN,United Kingdom,Slovenia,253090,Raw,545361.42,mirror,55.378051,-3.435973,46.151241,14.995463
Lithium,GBR,JPN,United Kingdom,Japan,253090,Raw,388231.70200000005,direct,55.378051,-3.435973,36.204824,138.252924
Lithium,GBR,CAN,United Kingdom,Canada,253090,Raw,354550.728,direct,55.378051,-3.435973,56.130366,-106.346771
Lithium,GBR,GBR,United Kingdom,United Kingdom,253090,Raw,324431.14,mirror,55.378051,-3.435973,55.378051,-3.435973
Lithium,GBR,CHE,United Kingdom,Switzerland,253090,Raw,313883.958,direct,55.378051,-3.435973,46.818188,8.227512
Lithium,GBR,MYS,United Kingdom,Malaysia,253090,Raw,305680.592,direct,55.378051,-3.435973,4.210484,101.975766
Lithium,GBR,S19,United Kingdom,"Other Asia, nes",253090,Raw,278148.336,direct,55.378051,-3.435973,,
Lithium,GBR,FIN,United Kingdom,Finland,253090,Raw,265191.384,direct,55.378051,-3.435973,61.92411,25.748151
Lithium,GBR,KHM,United Kingdom,Cambodia,253090,Raw,221577.084,direct,55.378051,-3.435973,12.565679,104.990963
Lithium,GBR,PHL,United Kingdom,Philippines,253090,Raw,194181.804,direct,55.378051,-3.435973,12.879721,121.774017
Lithium,GBR,AUS,United Kingdom,Australia,253090,Raw,193263.552,direct,55.378051,-3.435973,-25.274398,133.775136
Lithium,GBR,HUN,United Kingdom,Hungary,253090,Raw,134439.8,direct,55.378051,-3.435973,47.162494,19.503304
Lithium,GBR,HRV,United Kingdom,Croatia,253090,Raw,130832.756,direct,55.378051,-3.435973,45.1,15.2
Lithium,GBR,SVK,United Kingdom,Slovakia,253090,Raw,120782.744,direct,55.378051,-3.435973,48.669026,19.699024
Lithium,GBR,AUT,United Kingdom,Austria,253090,Raw,105329.78,direct,55.378051,-3.435973,47.516231,14.550072
Lithium,GBR,NOR,United Kingdom,Norway,253090,Raw,103315.718,direct,55.378051,-3.435973,60.472024,8.468946
Lithium,GBR,SAU,United Kingdom,Saudi Arabia,253090,Raw,66002.332,direct,55.378051,-3.435973,23.885942,45.079162
Lithium,GBR,TUR,United Kingdom,Türkiye,253090,Raw,58910.0,direct,55.378051,-3.435973,38.963745,35.243322
Lithium,GBR,MSR,United Kingdom,Montserrat,253090,Raw,46749.54,direct,55.378051,-3.435973,,
Lithium,GBR,VNM,United Kingdom,Viet Nam,253090,Raw,46024.072,direct,55.378051,-3.435973,14.058324,108.277199
Lithium,GBR,UKR,United Kingdom,Ukraine,253090,Raw,39576.032,direct,55.378051,-3.435973,48.379433,31.16558
Lithium,GBR,GRC,United Kingdom,Greece,253090,Raw,38170.756,direct,55.378051,-3.435973,39.074208,21.824312
Lithium,GBR,LTU,United Kingdom,Lithuania,253090,Raw,37409.776,direct,55.378051,-3.435973,55.169438,23.881275
Lithium,GBR,PAK,United Kingdom,Pakistan,253090,Raw,29640.753,mirror,55.378051,-3.435973,30.375321,69.345116
Lithium,GBR,ARE,United Kingdom,United Arab Emirates,253090,Raw,28019.284,direct,55.378051,-3.435973,23.424076,53.847818
Lithium,GBR,ZAF,United Kingdom,South Africa,253090,Raw,22306.86,direct,55.378051,-3.435973,-30.559482,22.937506
Lithium,GBR,GUM,United Kingdom,Guam,253090,Raw,21322.66,direct,55.378051,-3.435973,,
Lithium,GBR,GUY,United Kingdom,Guyana,253090,Raw,19313.672,direct,55.378051,-3.435973,4.860416,-58.93018
Lithium,GBR,IRQ,United Kingdom,Iraq,253090,Raw,13601.248,direct,55.378051,-3.435973,33.223191,43.679291
Lithium,GBR,PRT,United Kingdom,Portugal,253090,Raw,11764.752,direct,55.378051,-3.435973,39.399872,-8.224454
Lithium,GBR,ROU,United Kingdom,Romania,253090,Raw,10648.648,direct,55.378051,-3.435973,45.943161,24.96676
Lithium,GBR,BRB,United Kingdom,Barbados,253090,Raw,10472.5,mirror,55.378051,-3.435973,,
Lithium,GBR,LBY,United Kingdom,Libya,253090,Raw,8117.12,direct,55.378051,-3.435973,26.3351,17.228331
Lithium,GBR,GTM,United Kingdom,Guatemala,253090,Raw,7908.0,mirror,55.378051,-3.435973,15.783471,-90.230759
Lithium,GBR,PER,United Kingdom,Peru,253090,Raw,5590.34,mirror,55.378051,-3.435973,-9.189967,-75.015152
Lithium,GBR,BIH,United Kingdom,Bosnia Herzegovina,253090,Raw,5149.296,direct,55.378051,-3.435973,43.915886,17.679076
Lithium,GBR,EST,United Kingdom,Estonia,253090,Raw,4844.904,direct,55.378051,-3.435973,58.595272,25.013607
Lithium,GBR,CZE,United Kingdom,Czechia,253090,Raw,3320.0,mirror,55.378051,-3.435973,49.817492,15.472962
Lithium,GBR,TZA,United Kingdom,United Rep. of Tanzania,253090,Raw,2762.7,mirror,55.378051,-3.435973,-6.369028,34.888822
Lithium,GBR,BGR,United Kingdom,Bulgaria,253090,Raw,2121.868,mirror,55.378051,-3.435973,42.733883,25.48583
Lithium,GBR,MLT,United Kingdom,Malta,253090,Raw,2112.808,mirror,55.378051,-3.435973,35.937496,14.375416
Lithium,GBR,ISR,United Kingdom,Israel,253090,Raw,2000.0,mirror,55.378051,-3.435973,31.046051,34.851612
Lithium,GBR,MRT,United Kingdom,Mauritania,253090,Raw,1430.644,direct,55.378051,-3.435973,21.00789,-10.940835
Lithium,GBR,CYP,United Kingdom,Cyprus,253090,Raw,1004.492,direct,55.378051,-3.435973,35.126413,33.429859
Lithium,GBR,MAR,United Kingdom,Morocco,253090,Raw,582.76,mirror,55.378051,-3.435973,31.791702,-7.09262
Lithium,GBR,SRB,United Kingdom,Serbia,253090,Raw,504.0,mirror,55.378051,-3.435973,44.016521,21.005859
Lithium,GBR,NZL,United Kingdom,New Zealand,253090,Raw,433.333,mirror,55.378051,-3.435973,-40.900557,174.885971
Lithium,GBR,CHL,United Kingdom,Chile,253090,Raw,383.62,mirror,55.378051,-3.435973,-35.675147,-71.542969
Lithium,GBR,GEO,United Kingdom,Georgia,253090,Raw,277.784,mirror,55.378051,-3.435973,42.315407,43.356892
Lithium,GBR,ISL,United Kingdom,Iceland,253090,Raw,122.088,mirror,55.378051,-3.435973,64.963051,-19.020835
Lithium,GBR,CRI,United Kingdom,Costa Rica,253090,Raw,116.85,mirror,55.378051,-3.435973,9.748917,-83.753428
Lithium,GBR,UZB,United Kingdom,Uzbekistan,253090,Raw,75.0,mirror,55.378051,-3.435973,41.377491,64.585262
Lithium,GBR,COL,United Kingdom,Colombia,253090,Raw,49.45,mirror,55.378051,-3.435973,4.570868,-74.297333
Lithium,GBR,LVA,United Kingdom,Latvia,253090,Raw,33.532,mirror,55.378051,-3.435973,56.879635,24.603189
Lithium,GBR,AGO,United Kingdom,Angola,253090,Raw,32.91,mirror,55.378051,-3.435973,-11.202692,17.873887
Lithium,GBR,LUX,United Kingdom,Luxembourg,253090,Raw,18.422,mirror,55.378051,-3.435973,49.815273,6.129583
Lithium,TZA,TUR,United Rep. of Tanzania,Türkiye,253090,Raw,46741.0,direct,-6.369028,34.888822,38.963745,35.243322
Lithium,TZA,ARE,United Rep. of Tanzania,United Arab Emirates,253090,Raw,38947.6,direct,-6.369028,34.888822,23.424076,53.847818
Lithium,TZA,POL,United Rep. of Tanzania,Poland,253090,Raw,3316.0,mirror,-6.369028,34.888822,51.919438,19.145136
Lithium,TZA,RWA,United Rep. of Tanzania,Rwanda,253090,Raw,2286.068,direct,-6.369028,34.888822,-1.940278,29.873888
Lithium,TZA,NLD,United Rep. of Tanzania,Netherlands,253090,Raw,1720.985,mirror,-6.369028,34.888822,52.132633,5.291266
Lithium,TZA,ZAF,United Rep. of Tanzania,South Africa,253090,Raw,762.02,direct,-6.369028,34.888822,-30.559482,22.937506
Lithium,TZA,AUS,United Rep. of Tanzania,Australia,253090,Raw,696.04,direct,-6.369028,34.888822,-25.274398,133.775136
Lithium,TZA,IRL,United Rep. of Tanzania,Ireland,253090,Raw,347.444,mirror,-6.369028,34.888822,53.41291,-8.24389
Lithium,TZA,MWI,United Rep. of Tanzania,Malawi,253090,Raw,240.0,direct,-6.369028,34.888822,-13.254308,34.301525
Lithium,TZA,GBR,United Rep. of Tanzania,United Kingdom,253090,Raw,202.0,direct,-6.369028,34.888822,55.378051,-3.435973
Lithium,TZA,USA,United Rep. of Tanzania,USA,253090,Raw,143.78,direct,-6.369028,34.888822,37.09024,-95.712891
Lithium,TZA,S19,United Rep. of Tanzania,"Other Asia, nes",253090,Raw,62.304,mirror,-6.369028,34.888822,,
Lithium,TZA,CHN,United Rep. of Tanzania,China,253090,Raw,22.296,direct,-6.369028,34.888822,35.86166,104.195397
Lithium,TZA,ESP,United Rep. of Tanzania,Spain,253090,Raw,10.15,direct,-6.369028,34.888822,40.463667,-3.74922
Lithium,TZA,FRA,United Rep. of Tanzania,France,253090,Raw,10.0,direct,-6.369028,34.888822,46.227638,2.213749
Lithium,TZA,LVA,United Rep. of Tanzania,Latvia,253090,Raw,10.0,direct,-6.369028,34.888822,56.879635,24.603189
Lithium,TZA,CAN,United Rep. of Tanzania,Canada,253090,Raw,4.06,direct,-6.369028,34.888822,56.130366,-106.346771
Lithium,TZA,MEX,United Rep. of Tanzania,Mexico,253090,Raw,2.03,direct,-6.369028,34.888822,23.634501,-102.552784
Lithium,TZA,ISR,United Rep. of Tanzania,Israel,253090,Raw,2.0,direct,-6.369028,34.888822,31.046051,34.851612
Lithium,URY,USA,Uruguay,USA,253090,Raw,62382.0,mirror,-32.522779,-55.765835,37.09024,-95.712891
Lithium,URY,CAN,Uruguay,Canada,253090,Raw,16071.02,mirror,-32.522779,-55.765835,56.130366,-106.346771
Lithium,URY,CHE,Uruguay,Switzerland,253090,Raw,5074.732,mirror,-32.522779,-55.765835,46.818188,8.227512
Lithium,URY,ESP,Uruguay,Spain,253090,Raw,3151.336,mirror,-32.522779,-55.765835,40.463667,-3.74922
Lithium,URY,CHN,Uruguay,China,253090,Raw,1566.0,mirror,-32.522779,-55.765835,35.86166,104.195397
Lithium,URY,AUT,Uruguay,Austria,253090,Raw,707.877,mirror,-32.522779,-55.765835,47.516231,14.550072
Lithium,URY,ARG,Uruguay,Argentina,253090,Raw,443.0,direct,-32.522779,-55.765835,-38.416097,-63.616672
Lithium,URY,ZAF,Uruguay,South Africa,253090,Raw,79.0,direct,-32.522779,-55.765835,-30.559482,22.937506
Lithium,UZB,TJK,Uzbekistan,Tajikistan,253090,Raw,16360.0,direct,41.377491,64.585262,38.861034,71.276093
Lithium,UZB,TUR,Uzbekistan,Türkiye,253090,Raw,13072.0,mirror,41.377491,64.585262,38.963745,35.243322
Lithium,UZB,LVA,Uzbekistan,Latvia,253090,Raw,10443.0,direct,41.377491,64.585262,56.879635,24.603189
Lithium,UZB,IRL,Uzbekistan,Ireland,253090,Raw,1588.935,mirror,41.377491,64.585262,53.41291,-8.24389
Lithium,UZB,CHN,Uzbekistan,China,253090,Raw,942.0,mirror,41.377491,64.585262,35.86166,104.195397
Lithium,UZB,AZE,Uzbekistan,Azerbaijan,253090,Raw,888.0,direct,41.377491,64.585262,40.143105,47.576927
Lithium,VEN,MYS,Venezuela,Malaysia,253090,Raw,456.252,mirror,6.42375,-66.58973,4.210484,101.975766
Lithium,VNM,CHN,Viet Nam,China,253090,Raw,19048267.0,mirror,14.058324,108.277199,35.86166,104.195397
Lithium,VNM,IND,Viet Nam,India,253090,Raw,13776562.788,mirror,14.058324,108.277199,20.593684,78.96288
Lithium,VNM,KOR,Viet Nam,Rep. of Korea,253090,Raw,8030232.0,mirror,14.058324,108.277199,35.907757,127.766922
Lithium,VNM,TUR,Viet Nam,Türkiye,253090,Raw,4180160.0,mirror,14.058324,108.277199,38.963745,35.243322
Lithium,VNM,S19,Viet Nam,"Other Asia, nes",253090,Raw,4096623.567,mirror,14.058324,108.277199,,
Lithium,VNM,IDN,Viet Nam,Indonesia,253090,Raw,2329206.0,mirror,14.058324,108.277199,-0.789275,113.921327
Lithium,VNM,JPN,Viet Nam,Japan,253090,Raw,2248016.778,mirror,14.058324,108.277199,36.204824,138.252924
Lithium,VNM,THA,Viet Nam,Thailand,253090,Raw,1705025.88,mirror,14.058324,108.277199,15.870032,100.992541
Lithium,VNM,ZAF,Viet Nam,South Africa,253090,Raw,1319161.98,mirror,14.058324,108.277199,-30.559482,22.937506
Lithium,VNM,MYS,Viet Nam,Malaysia,253090,Raw,761113.686,mirror,14.058324,108.277199,4.210484,101.975766
Lithium,VNM,PAK,Viet Nam,Pakistan,253090,Raw,176365.47,mirror,14.058324,108.277199,30.375321,69.345116
Lithium,VNM,ITA,Viet Nam,Italy,253090,Raw,56224.781,mirror,14.058324,108.277199,41.87194,12.56738
Lithium,VNM,AUS,Viet Nam,Australia,253090,Raw,38719.19,mirror,14.058324,108.277199,-25.274398,133.775136
Lithium,VNM,CAN,Viet Nam,Canada,253090,Raw,28200.464,mirror,14.058324,108.277199,56.130366,-106.346771
Lithium,VNM,SAU,Viet Nam,Saudi Arabia,253090,Raw,1655.2,mirror,14.058324,108.277199,23.885942,45.079162
Lithium,VNM,NLD,Viet Nam,Netherlands,253090,Raw,86.59,mirror,14.058324,108.277199,52.132633,5.291266
Lithium,VNM,FRA,Viet Nam,France,253090,Raw,73.6,mirror,14.058324,108.277199,46.227638,2.213749
Lithium,VNM,LUX,Viet Nam,Luxembourg,253090,Raw,43.382,mirror,14.058324,108.277199,49.815273,6.129583
Lithium,YEM,CHN,Yemen,China,253090,Raw,31152.0,mirror,15.552727,48.516388,35.86166,104.195397
Lithium,ZMB,IRL,Zambia,Ireland,253090,Raw,19523.979,mirror,-13.133897,27.849332,53.41291,-8.24389
Lithium,ZMB,ITA,Zambia,Italy,253090,Raw,2453.075,mirror,-13.133897,27.849332,41.87194,12.56738
Lithium,ZMB,CHN,Zambia,China,253090,Raw,2295.467,direct,-13.133897,27.849332,35.86166,104.195397
Lithium,ZMB,CAN,Zambia,Canada,253090,Raw,1012.904,mirror,-13.133897,27.849332,56.130366,-106.346771
Lithium,ZMB,MWI,Zambia,Malawi,253090,Raw,246.783,mirror,-13.133897,27.849332,-13.254308,34.301525
Lithium,ZMB,S19,Zambia,"Other Asia, nes",253090,Raw,62.304,mirror,-13.133897,27.849332,,
Lithium,ZMB,ZAF,Zambia,South Africa,253090,Raw,8.271,direct,-13.133897,27.849332,-30.559482,22.937506
Lithium,ZWE,CHN,Zimbabwe,China,253090,Raw,221027790.762,direct,-19.015438,29.154857,35.86166,104.195397
Lithium,ZWE,ARE,Zimbabwe,United Arab Emirates,253090,Raw,29477257.313,direct,-19.015438,29.154857,23.424076,53.847818
Lithium,ZWE,ZAF,Zimbabwe,South Africa,253090,Raw,15966982.504,direct,-19.015438,29.154857,-30.559482,22.937506
Lithium,ZWE,MOZ,Zimbabwe,Mozambique,253090,Raw,15371928.5,direct,-19.015438,29.154857,-18.665695,35.529562
Lithium,ZWE,KOR,Zimbabwe,Rep. of Korea,253090,Raw,1162056.0,mirror,-19.015438,29.154857,35.907757,127.766922
Lithium,ZWE,CZE,Zimbabwe,Czechia,253090,Raw,412340.0,mirror,-19.015438,29.154857,49.817492,15.472962
Lithium,ZWE,IND,Zimbabwe,India,253090,Raw,239289.585,direct,-19.015438,29.154857,20.593684,78.96288
Lithium,ZWE,HKG,Zimbabwe,"China, Hong Kong SAR",253090,Raw,79994.026,direct,-19.015438,29.154857,22.396428,114.109497
Lithium,ZWE,_X ,Zimbabwe,"Areas, nes",253090,Raw,74038.604,direct,-19.015438,29.154857,,
Lithium,ZWE,CAN,Zimbabwe,Canada,253090,Raw,914.152,mirror,-19.015438,29.154857,56.130366,-106.346771
Lithium,ZWE,FRA,Zimbabwe,France,253090,Raw,233.796,mirror,-19.015438,29.154857,46.227638,2.213749
Lithium,ZWE,THA,Zimbabwe,Thailand,253090,Raw,32.68,mirror,-19.015438,29.154857,15.870032,100.992541
Lithium,ZWE,ITA,Zimbabwe,Italy,253090,Raw,25.331,direct,-19.015438,29.154857,41.87194,12.56738
Lithium,ZWE,AUS,Zimbabwe,Australia,253090,Raw,20.066,direct,-19.015438,29.154857,-25.274398,133.775136
Lithium,ZWE,DEU,Zimbabwe,Germany,253090,Raw,10.132,direct,-19.015438,29.154857,51.165691,10.451526
Lithium,ZWE,USA,Zimbabwe,USA,253090,Raw,9.971,direct,-19.015438,29.154857,37.09024,-95.712891
Lithium,ZWE,JPN,Zimbabwe,Japan,253090,Raw,1.644,direct,-19.015438,29.154857,36.204824,138.252924
