Mineral,reporterISO,partnerISO,Exporter,Importer,hs_codes,stage,trade_value_usd,mirror,source_lat,source_lng,target_lat,target_lng
Nickel,AFG,SAU,Afghanistan,Saudi Arabia,750610,Processed,25088.533,mirror,33.93911,67.709953,23.885942,45.079162
Nickel,AFG,DNK,Afghanistan,Denmark,750711,Processed,21016.664,mirror,33.93911,67.709953,56.26392,9.501785
Nickel,DZA,FRA,Algeria,France,750620,Processed,64548.84,mirror,28.033886,1.659626,46.227638,2.213749
Nickel,AGO,IND,Angola,India,750300,Processed,1154995.353,mirror,-11.202692,17.873887,20.593684,78.96288
Nickel,AGO,ITA,Angola,Italy,750620,Processed,350,direct,-11.202692,17.873887,41.87194,12.56738
Nickel,AGO,CHN,Angola,China,750712,Processed,162.66,direct,-11.202692,17.873887,35.86166,104.195397
Nickel,ARG,ESP,Argentina,Spain,750300,Processed,879425.488,mirror,-38.416097,-63.616672,40.463667,-3.74922
Nickel,ARG,PRY,Argentina,Paraguay,282735|283324|750522|750610|750620,Processed,106375.6,mirror,-38.416097,-63.616672,-23.442503,-58.443832
Nickel,ARG,ZAF,Argentina,South Africa,283324,Processed,23888.276,mirror,-38.416097,-63.616672,-30.559482,22.937506
Nickel,ARG,GBR,Argentina,United Kingdom,750120,Processed,4697.784,mirror,-38.416097,-63.616672,55.378051,-3.435973
Nickel,ARG,SGP,Argentina,Singapore,282735|750512,Processed,418.341,mirror,-38.416097,-63.616672,1.352083,103.819836
Nickel,ARG,HND,Argentina,Honduras,750620,Processed,190.94,mirror,-38.416097,-63.616672,15.199999,-86.241905
Nickel,ARM,DEU,Armenia,Germany,750210,Processed,364300.032,mirror,40.069099,45.038189,51.165691,10.451526
Nickel,ARM,FRA,Armenia,France,750220,Processed,327883.348,mirror,40.069099,45.038189,46.227638,2.213749
Nickel,ARM,RUS,Armenia,Russian Federation,282540,Processed,4718.94,direct,40.069099,45.038189,61.52401,105.318756
Nickel,ARM,ARE,Armenia,United Arab Emirates,750522,Processed,203.04,direct,40.069099,45.038189,23.424076,53.847818
Nickel,ABW,JOR,Aruba,Jordan,750300,Processed,302330.985,mirror,,,30.585164,36.238414
Nickel,AUS,DEU,Australia,Germany,750110|750210|750220|750400|750511|750512|750522,Processed,694100487.8,direct,-25.274398,133.775136,51.165691,10.451526
Nickel,AUS,SWE,Australia,Sweden,283324|750210|750220|750300|750400,Processed,461002945.1,mirror,-25.274398,133.775136,60.128161,18.643501
Nickel,AUS,JPN,Australia,Japan,283324|750110|750210|750300|750400|750522|750620,Processed,329038004.4,direct,-25.274398,133.775136,36.204824,138.252924
Nickel,AUS,CHN,Australia,China,283324|750110|750120|750210|750220|750300|750400|750512,Processed,255970412,direct,-25.274398,133.775136,35.86166,104.195397
Nickel,AUS,MYS,Australia,Malaysia,750120|750210|750220|750400|750512|750522|750712,Processed,249158574.8,direct,-25.274398,133.775136,4.210484,101.975766
Nickel,AUS,USA,Australia,USA,282540|283324|750120|750210|750220|750300|750400|750512|750522|750610|750620,Processed,233461700.9,direct,-25.274398,133.775136,37.09024,-95.712891
Nickel,AUS,NOR,Australia,Norway,283324|750110|750400|750512|750522|750620,Processed,221264776.1,direct,-25.274398,133.775136,60.472024,8.468946
Nickel,AUS,ESP,Australia,Spain,750120|750210|750512|750620,Processed,161338892.8,mirror,-25.274398,133.775136,40.463667,-3.74922
Nickel,AUS,KOR,Australia,Rep. of Korea,282735|750110|750120|750210|750220|750300|750400|750610|750620,Processed,152880448.4,direct,-25.274398,133.775136,35.907757,127.766922
Nickel,AUS,FRA,Australia,France,750210|750300|750400|750512|750522,Processed,85104581.11,direct,-25.274398,133.775136,46.227638,2.213749
Nickel,AUS,GBR,Australia,United Kingdom,750210|750220|750300|750400|750512|750610|750712,Processed,69236447.7,direct,-25.274398,133.775136,55.378051,-3.435973
Nickel,AUS,S19,Australia,"Other Asia, nes",750210|750220|750400|750512|750610,Processed,58449766.5,direct,-25.274398,133.775136,,
Nickel,AUS,MAR,Australia,Morocco,283324|750210,Processed,44978754.82,mirror,-25.274398,133.775136,31.791702,-7.09262
Nickel,AUS,SGP,Australia,Singapore,283324|750210|750220|750300|750512|750522|750620|750712,Processed,35682538.11,direct,-25.274398,133.775136,1.352083,103.819836
Nickel,AUS,CAN,Australia,Canada,750110|750120|750210|750300|750400|750512|750712,Processed,31851603.36,direct,-25.274398,133.775136,56.130366,-106.346771
Nickel,AUS,TUR,Australia,Türkiye,282540|750210|750220|750400|750712,Processed,23430529.16,direct,-25.274398,133.775136,38.963745,35.243322
Nickel,AUS,NLD,Australia,Netherlands,750210|750300|750400|750712,Processed,23263764.01,direct,-25.274398,133.775136,52.132633,5.291266
Nickel,AUS,AUT,Australia,Austria,750210|750220|750620,Processed,19908260.6,mirror,-25.274398,133.775136,47.516231,14.550072
Nickel,AUS,SVN,Australia,Slovenia,750210|750512,Processed,19159938.17,mirror,-25.274398,133.775136,46.151241,14.995463
Nickel,AUS,FIN,Australia,Finland,283324|750110|750400,Processed,17312949.69,direct,-25.274398,133.775136,61.92411,25.748151
Nickel,AUS,IND,Australia,India,282540|750210|750300|750512,Processed,9035774.43,direct,-25.274398,133.775136,20.593684,78.96288
Nickel,AUS,AUS,Australia,Australia,750210|750220,Processed,8275204.782,mirror,-25.274398,133.775136,-25.274398,133.775136
Nickel,AUS,ITA,Australia,Italy,750210|750220|750300|750512,Processed,7282681.19,direct,-25.274398,133.775136,41.87194,12.56738
Nickel,AUS,BEL,Australia,Belgium,750400|750512,Processed,6899425.245,mirror,-25.274398,133.775136,50.503887,4.469936
Nickel,AUS,BRA,Australia,Brazil,750210|750512,Processed,5333218,mirror,-25.274398,133.775136,-14.235004,-51.92528
Nickel,AUS,ARE,Australia,United Arab Emirates,750512,Processed,4796825.442,direct,-25.274398,133.775136,23.424076,53.847818
Nickel,AUS,SAU,Australia,Saudi Arabia,750210|750220|750400|750512,Processed,4143651.363,mirror,-25.274398,133.775136,23.885942,45.079162
Nickel,AUS,SRB,Australia,Serbia,750210,Processed,4018288,mirror,-25.274398,133.775136,44.016521,21.005859
Nickel,AUS,ARG,Australia,Argentina,750210,Processed,3706793.94,mirror,-25.274398,133.775136,-38.416097,-63.616672
Nickel,AUS,CZE,Australia,Czechia,750210|750220|750512,Processed,3207292,mirror,-25.274398,133.775136,49.817492,15.472962
Nickel,AUS,BGR,Australia,Bulgaria,750210|750610,Processed,3176309.1,mirror,-25.274398,133.775136,42.733883,25.48583
Nickel,AUS,MKD,Australia,North Macedonia,750210,Processed,1776839.98,mirror,-25.274398,133.775136,41.608635,21.745275
Nickel,AUS,POL,Australia,Poland,750210|750400,Processed,1682465,mirror,-25.274398,133.775136,51.919438,19.145136
Nickel,AUS,THA,Australia,Thailand,283324|750220|750300|750620,Processed,1374963.63,direct,-25.274398,133.775136,15.870032,100.992541
Nickel,AUS,SVK,Australia,Slovakia,750210,Processed,879187.344,mirror,-25.274398,133.775136,48.669026,19.699024
Nickel,AUS,ISR,Australia,Israel,750220,Processed,573000,mirror,-25.274398,133.775136,31.046051,34.851612
Nickel,AUS,NZL,Australia,New Zealand,282540|282735|750210|750220|750300|750400|750512|750521|750522|750620|750712,Processed,559647.92,direct,-25.274398,133.775136,-40.900557,174.885971
Nickel,AUS,PER,Australia,Peru,283324|750400,Processed,155683.9,mirror,-25.274398,133.775136,-9.189967,-75.015152
Nickel,AUS,COL,Australia,Colombia,283324|750210|750400,Processed,105528.57,mirror,-25.274398,133.775136,4.570868,-74.297333
Nickel,AUS,CHE,Australia,Switzerland,283324|750512|750620,Processed,65303.436,direct,-25.274398,133.775136,46.818188,8.227512
Nickel,AUS,ROU,Australia,Romania,750512,Processed,53884.6,mirror,-25.274398,133.775136,45.943161,24.96676
Nickel,AUS,IDN,Australia,Indonesia,750400|750521|750522|750620|750712,Processed,46200.504,direct,-25.274398,133.775136,-0.789275,113.921327
Nickel,AUS,QAT,Australia,Qatar,750512,Processed,26908.535,mirror,-25.274398,133.775136,25.354826,51.183884
Nickel,AUS,IRL,Australia,Ireland,750400|750511|750512,Processed,20929.992,mirror,-25.274398,133.775136,53.41291,-8.24389
Nickel,AUS,EGY,Australia,Egypt,283324,Processed,14535,mirror,-25.274398,133.775136,26.820553,30.802498
Nickel,AUS,PHL,Australia,Philippines,750522,Processed,5691.064,direct,-25.274398,133.775136,12.879721,121.774017
Nickel,AUS,KAZ,Australia,Kazakhstan,750712,Processed,5361.3,mirror,-25.274398,133.775136,48.019573,66.923684
Nickel,AUS,PNG,Australia,Papua New Guinea,750712,Processed,3989.816,direct,-25.274398,133.775136,-6.314993,143.95555
Nickel,AUS,NCL,Australia,New Caledonia,750620,Processed,3365.542,direct,-25.274398,133.775136,,
Nickel,AUS,UKR,Australia,Ukraine,282540,Processed,27.62,mirror,-25.274398,133.775136,48.379433,31.16558
Nickel,AUS,PRT,Australia,Portugal,750712,Processed,25.152,mirror,-25.274398,133.775136,39.399872,-8.224454
Nickel,AUS,FJI,Australia,Fiji,750522,Processed,14.989,mirror,-25.274398,133.775136,-16.578193,179.414413
Nickel,AUT,DEU,Austria,Germany,282735|283324|750210|750220|750300|750400|750511|750512|750521|750522|750610|750620|750712,Processed,215434906.9,direct,47.516231,14.550072,51.165691,10.451526
Nickel,AUT,GBR,Austria,United Kingdom,283324|750120|750220|750400|750511|750512|750521|750522|750610|750620|750712,Processed,72808069.98,direct,47.516231,14.550072,55.378051,-3.435973
Nickel,AUT,FRA,Austria,France,283324|750210|750300|750400|750511|750512|750521|750522|750610|750620|750712,Processed,50419929.33,direct,47.516231,14.550072,46.227638,2.213749
Nickel,AUT,USA,Austria,USA,283324|750220|750300|750400|750512|750521|750522|750610|750620|750712,Processed,36505162.19,direct,47.516231,14.550072,37.09024,-95.712891
Nickel,AUT,SWE,Austria,Sweden,750210|750300|750512|750521|750522|750620|750712,Processed,26325279.23,direct,47.516231,14.550072,60.128161,18.643501
Nickel,AUT,ITA,Austria,Italy,283324|750210|750300|750400|750512|750521|750522|750620|750712,Processed,24837787.06,direct,47.516231,14.550072,41.87194,12.56738
Nickel,AUT,SGP,Austria,Singapore,750220|750512|750522|750620|750712,Processed,17184683.47,direct,47.516231,14.550072,1.352083,103.819836
Nickel,AUT,IND,Austria,India,750220|750511|750512|750522|750620|750712,Processed,12008011.35,direct,47.516231,14.550072,20.593684,78.96288
Nickel,AUT,CHN,Austria,China,282735|750512|750521|750522|750620|750712,Processed,9778362.538,direct,47.516231,14.550072,35.86166,104.195397
Nickel,AUT,KOR,Austria,Rep. of Korea,283324|750300|750400|750512|750521|750522|750620|750712,Processed,5384226.135,direct,47.516231,14.550072,35.907757,127.766922
Nickel,AUT,ESP,Austria,Spain,283324|750400|750512|750522|750610|750620|750712,Processed,4780778.262,direct,47.516231,14.550072,40.463667,-3.74922
Nickel,AUT,SVN,Austria,Slovenia,282735|283324|750210|750300|750400|750512|750521|750522|750620|750712,Processed,4223096.625,direct,47.516231,14.550072,46.151241,14.995463
Nickel,AUT,ARE,Austria,United Arab Emirates,750512|750522|750712,Processed,3003027.785,direct,47.516231,14.550072,23.424076,53.847818
Nickel,AUT,TUN,Austria,Tunisia,283324|750512,Processed,2900783.192,mirror,47.516231,14.550072,33.886917,9.537499
Nickel,AUT,CAN,Austria,Canada,750220|750400|750511|750512|750521|750522|750610|750620|750712,Processed,2761502.48,direct,47.516231,14.550072,56.130366,-106.346771
Nickel,AUT,SVK,Austria,Slovakia,283324|750400|750512|750521|750522|750620|750712,Processed,2585196.455,direct,47.516231,14.550072,48.669026,19.699024
Nickel,AUT,TUR,Austria,Türkiye,283324|750511|750512|750521|750522|750620|750712,Processed,2448102.841,direct,47.516231,14.550072,38.963745,35.243322
Nickel,AUT,CHE,Austria,Switzerland,283324|750210|750300|750400|750511|750512|750521|750522|750610|750620|750711,Processed,1811580.358,direct,47.516231,14.550072,46.818188,8.227512
Nickel,AUT,NOR,Austria,Norway,750400|750512|750521|750522|750610|750620|750712,Processed,1509092.326,direct,47.516231,14.550072,60.472024,8.468946
Nickel,AUT,CZE,Austria,Czechia,283324|750400|750511|750512|750521|750522|750610|750620|750712,Processed,1360533.011,direct,47.516231,14.550072,49.817492,15.472962
Nickel,AUT,BRA,Austria,Brazil,283324|750512|750521|750522|750610|750620|750712,Processed,1234469.677,direct,47.516231,14.550072,-14.235004,-51.92528
Nickel,AUT,AZE,Austria,Azerbaijan,750512|750522,Processed,1213185.36,mirror,47.516231,14.550072,40.143105,47.576927
Nickel,AUT,POL,Austria,Poland,283324|750210|750220|750400|750512|750522|750610|750620|750712,Processed,1207379.39,direct,47.516231,14.550072,51.919438,19.145136
Nickel,AUT,IRL,Austria,Ireland,750512|750521|750522|750610|750620,Processed,1144248.245,direct,47.516231,14.550072,53.41291,-8.24389
Nickel,AUT,PHL,Austria,Philippines,750521|750522|750620,Processed,1069619.61,direct,47.516231,14.550072,12.879721,121.774017
Nickel,AUT,ROU,Austria,Romania,282735|750210|750220|750400|750511|750512|750521|750522|750610|750620,Processed,928867.089,direct,47.516231,14.550072,45.943161,24.96676
Nickel,AUT,HRV,Austria,Croatia,282735|283324|750210|750400|750512|750522|750610|750620|750712,Processed,927147.251,direct,47.516231,14.550072,45.1,15.2
Nickel,AUT,SAU,Austria,Saudi Arabia,750210|750512|750522|750610|750620|750712,Processed,826924.154,direct,47.516231,14.550072,23.885942,45.079162
Nickel,AUT,HUN,Austria,Hungary,283324|750512|750521|750522|750610|750620|750712,Processed,815222.342,direct,47.516231,14.550072,47.162494,19.503304
Nickel,AUT,THA,Austria,Thailand,750512|750620|750712,Processed,785430.285,direct,47.516231,14.550072,15.870032,100.992541
Nickel,AUT,MEX,Austria,Mexico,750512|750522|750610|750620|750712,Processed,736862.969,direct,47.516231,14.550072,23.634501,-102.552784
Nickel,AUT,MLT,Austria,Malta,282735|750210|750620,Processed,658189.063,direct,47.516231,14.550072,35.937496,14.375416
Nickel,AUT,IDN,Austria,Indonesia,750512|750521|750522|750620,Processed,579581.422,direct,47.516231,14.550072,-0.789275,113.921327
Nickel,AUT,SRB,Austria,Serbia,282735|283324|750512|750522|750620,Processed,469001.836,direct,47.516231,14.550072,44.016521,21.005859
Nickel,AUT,MAR,Austria,Morocco,283324|750512|750610|750620,Processed,402469.233,direct,47.516231,14.550072,31.791702,-7.09262
Nickel,AUT,BEL,Austria,Belgium,750110|750400|750512|750521|750522|750610|750620|750712,Processed,359566.182,direct,47.516231,14.550072,50.503887,4.469936
Nickel,AUT,KAZ,Austria,Kazakhstan,283324|750400|750512|750522|750711|750712,Processed,359498.726,direct,47.516231,14.550072,48.019573,66.923684
Nickel,AUT,BIH,Austria,Bosnia Herzegovina,282735|283324|750400|750512|750522|750620,Processed,325127.738,direct,47.516231,14.550072,43.915886,17.679076
Nickel,AUT,PRT,Austria,Portugal,283324|750400|750521|750522|750712,Processed,279923.07,direct,47.516231,14.550072,39.399872,-8.224454
Nickel,AUT,MYS,Austria,Malaysia,750512|750522|750712,Processed,239893.298,direct,47.516231,14.550072,4.210484,101.975766
Nickel,AUT,LTU,Austria,Lithuania,282735|750512|750522|750610,Processed,229926.835,direct,47.516231,14.550072,55.169438,23.881275
Nickel,AUT,JPN,Austria,Japan,750512|750521|750522|750610|750712,Processed,226737.059,direct,47.516231,14.550072,36.204824,138.252924
Nickel,AUT,PER,Austria,Peru,283324|750210|750521,Processed,225463.818,direct,47.516231,14.550072,-9.189967,-75.015152
Nickel,AUT,NLD,Austria,Netherlands,283324|750210|750220|750300|750400|750512|750522|750610|750620|750712,Processed,173473.116,direct,47.516231,14.550072,52.132633,5.291266
Nickel,AUT,S19,Austria,"Other Asia, nes",750400|750512|750521|750522|750620|750712,Processed,159820.813,direct,47.516231,14.550072,,
Nickel,AUT,LVA,Austria,Latvia,750512|750522,Processed,157425.744,direct,47.516231,14.550072,56.879635,24.603189
Nickel,AUT,EGY,Austria,Egypt,283324|750512|750522|750712,Processed,137563.152,direct,47.516231,14.550072,26.820553,30.802498
Nickel,AUT,ISR,Austria,Israel,750521|750620|750712,Processed,87950.292,direct,47.516231,14.550072,31.046051,34.851612
Nickel,AUT,QAT,Austria,Qatar,750512|750522|750712,Processed,85237.462,direct,47.516231,14.550072,25.354826,51.183884
Nickel,AUT,LBN,Austria,Lebanon,750512|750522,Processed,72573.61,direct,47.516231,14.550072,33.854721,35.862285
Nickel,AUT,BGR,Austria,Bulgaria,750400|750512|750522|750712,Processed,57996.094,direct,47.516231,14.550072,42.733883,25.48583
Nickel,AUT,ZAF,Austria,South Africa,283324|750512|750521|750522,Processed,57881.164,mirror,47.516231,14.550072,-30.559482,22.937506
Nickel,AUT,COL,Austria,Colombia,283324|750712,Processed,53819.343,direct,47.516231,14.550072,4.570868,-74.297333
Nickel,AUT,GRC,Austria,Greece,750400|750521|750522|750620|750712,Processed,48638.931,direct,47.516231,14.550072,39.074208,21.824312
Nickel,AUT,ECU,Austria,Ecuador,283324,Processed,45360,mirror,47.516231,14.550072,-1.831239,-78.183406
Nickel,AUT,ARG,Austria,Argentina,283324|750522|750712,Processed,34880.941,direct,47.516231,14.550072,-38.416097,-63.616672
Nickel,AUT,UKR,Austria,Ukraine,283324|750512,Processed,34434.65,direct,47.516231,14.550072,48.379433,31.16558
Nickel,AUT,FIN,Austria,Finland,750400|750512|750610|750620,Processed,30989.754,direct,47.516231,14.550072,61.92411,25.748151
Nickel,AUT,EST,Austria,Estonia,750512|750522|750620,Processed,19678.759,direct,47.516231,14.550072,58.595272,25.013607
Nickel,AUT,RUS,Austria,Russian Federation,750220,Processed,14660.843,direct,47.516231,14.550072,61.52401,105.318756
Nickel,AUT,UZB,Austria,Uzbekistan,750400|750512,Processed,12825.126,direct,47.516231,14.550072,41.377491,64.585262
Nickel,AUT,GTM,Austria,Guatemala,750400,Processed,11521,mirror,47.516231,14.550072,15.783471,-90.230759
Nickel,AUT,BHR,Austria,Bahrain,750512,Processed,9908.111,direct,47.516231,14.550072,26.0275,50.55
Nickel,AUT,MNE,Austria,Montenegro,750522,Processed,9784.719,direct,47.516231,14.550072,42.708678,19.37439
Nickel,AUT,URY,Austria,Uruguay,750620,Processed,5879.491,direct,47.516231,14.550072,-32.522779,-55.765835
Nickel,AUT,NZL,Austria,New Zealand,750512|750522|750712,Processed,5333.601,direct,47.516231,14.550072,-40.900557,174.885971
Nickel,AUT,CHL,Austria,Chile,750512|750522,Processed,4872.106,direct,47.516231,14.550072,-35.675147,-71.542969
Nickel,AUT,ISL,Austria,Iceland,750512,Processed,4693.202,direct,47.516231,14.550072,64.963051,-19.020835
Nickel,AUT,DNK,Austria,Denmark,750512|750712,Processed,4546.762,direct,47.516231,14.550072,56.26392,9.501785
Nickel,AUT,AUS,Austria,Australia,750512|750522|750712,Processed,1618.159,direct,47.516231,14.550072,-25.274398,133.775136
Nickel,AUT,KWT,Austria,Kuwait,750522,Processed,1590,mirror,47.516231,14.550072,29.31166,47.481766
Nickel,AUT,LUX,Austria,Luxembourg,750512|750620,Processed,1290.468,direct,47.516231,14.550072,49.815273,6.129583
Nickel,AUT,GEO,Austria,Georgia,750712,Processed,295.49,direct,47.516231,14.550072,42.315407,43.356892
Nickel,AUT,CRI,Austria,Costa Rica,750522,Processed,161.61,mirror,47.516231,14.550072,9.748917,-83.753428
Nickel,AUT,VNM,Austria,Viet Nam,750712,Processed,106.073,direct,47.516231,14.550072,14.058324,108.277199
Nickel,AUT,RWA,Austria,Rwanda,750620,Processed,10.824,direct,47.516231,14.550072,-1.940278,29.873888
Nickel,AUT,IRQ,Austria,Iraq,750522,Processed,2.165,direct,47.516231,14.550072,33.223191,43.679291
Nickel,AZE,ESP,Azerbaijan,Spain,750300,Processed,389604.536,mirror,40.143105,47.576927,40.463667,-3.74922
Nickel,AZE,DNK,Azerbaijan,Denmark,750511,Processed,9.863,mirror,40.143105,47.576927,56.26392,9.501785
Nickel,BHR,KOR,Bahrain,Rep. of Korea,750300,Processed,5520490,mirror,26.0275,50.55,35.907757,127.766922
Nickel,BHR,IND,Bahrain,India,750300|750620|750712,Processed,1625248.759,direct,26.0275,50.55,20.593684,78.96288
Nickel,BHR,SAU,Bahrain,Saudi Arabia,750220|750512|750522|750610|750620|750712,Processed,355059.684,direct,26.0275,50.55,23.885942,45.079162
Nickel,BHR,SGP,Bahrain,Singapore,750300,Processed,131768.617,direct,26.0275,50.55,1.352083,103.819836
Nickel,BHR,CHN,Bahrain,China,750620,Processed,14013.769,direct,26.0275,50.55,35.86166,104.195397
Nickel,BHR,QAT,Bahrain,Qatar,750712,Processed,8596.851,direct,26.0275,50.55,25.354826,51.183884
Nickel,BHR,ESP,Bahrain,Spain,750400,Processed,5287.072,mirror,26.0275,50.55,40.463667,-3.74922
Nickel,BHR,ARE,Bahrain,United Arab Emirates,750521,Processed,13.003,direct,26.0275,50.55,23.424076,53.847818
Nickel,BGD,IND,Bangladesh,India,750300,Processed,3504715.288,mirror,23.684994,90.356331,20.593684,78.96288
Nickel,BGD,THA,Bangladesh,Thailand,750300,Processed,2349801.24,mirror,23.684994,90.356331,15.870032,100.992541
Nickel,BGD,JPN,Bangladesh,Japan,750300,Processed,397030.23,mirror,23.684994,90.356331,36.204824,138.252924
Nickel,BGD,MYS,Bangladesh,Malaysia,750300,Processed,68732.208,mirror,23.684994,90.356331,4.210484,101.975766
Nickel,BGD,KOR,Bangladesh,Rep. of Korea,750300,Processed,20700,mirror,23.684994,90.356331,35.907757,127.766922
Nickel,BGD,IRL,Bangladesh,Ireland,750511,Processed,366.927,mirror,23.684994,90.356331,53.41291,-8.24389
Nickel,BGD,DNK,Bangladesh,Denmark,750511,Processed,174.052,mirror,23.684994,90.356331,56.26392,9.501785
Nickel,BLR,DEU,Belarus,Germany,750220,Processed,9245837.04,mirror,53.709807,27.953389,51.165691,10.451526
Nickel,BEL,FRA,Belgium,France,282540|282735|283324|750110|750120|750210|750220|750300|750400|750511|750512|750522|750610|750620|750711|750712,Processed,45203951.25,direct,50.503887,4.469936,46.227638,2.213749
Nickel,BEL,DEU,Belgium,Germany,282540|282735|283324|750210|750220|750300|750400|750511|750512|750522|750610|750620|750712,Processed,43507771.15,direct,50.503887,4.469936,51.165691,10.451526
Nickel,BEL,NLD,Belgium,Netherlands,282540|282735|283324|750120|750210|750220|750300|750400|750511|750512|750522|750610|750620|750711|750712,Processed,32898185.35,direct,50.503887,4.469936,52.132633,5.291266
Nickel,BEL,USA,Belgium,USA,282540|282735|283324|750110|750210|750220|750300|750400|750512|750521|750522|750610|750620|750712,Processed,31826558.26,direct,50.503887,4.469936,37.09024,-95.712891
Nickel,BEL,SWE,Belgium,Sweden,282540|282735|283324|750210|750220|750400|750512|750712,Processed,31043022.61,direct,50.503887,4.469936,60.128161,18.643501
Nickel,BEL,PHL,Belgium,Philippines,282540|282735|283324|750210|750400|750610|750712,Processed,21107984.5,direct,50.503887,4.469936,12.879721,121.774017
Nickel,BEL,JPN,Belgium,Japan,282540|283324|750210|750220|750400|750512|750521|750712,Processed,18465762.69,direct,50.503887,4.469936,36.204824,138.252924
Nickel,BEL,ITA,Belgium,Italy,282540|282735|283324|750210|750220|750300|750400|750512|750522|750620|750712,Processed,18026125.7,direct,50.503887,4.469936,41.87194,12.56738
Nickel,BEL,GBR,Belgium,United Kingdom,282540|282735|283324|750120|750210|750220|750300|750400|750512|750521|750522|750610|750620|750712,Processed,14561838.4,direct,50.503887,4.469936,55.378051,-3.435973
Nickel,BEL,KOR,Belgium,Rep. of Korea,282540|282735|283324|750210|750220|750400|750522|750610|750620,Processed,9440125.727,direct,50.503887,4.469936,35.907757,127.766922
Nickel,BEL,IND,Belgium,India,282540|282735|283324|750120|750210|750220|750300|750400|750512|750522|750610|750620|750712,Processed,8658818.514,direct,50.503887,4.469936,20.593684,78.96288
Nickel,BEL,TUR,Belgium,Türkiye,282540|282735|283324|750120|750210|750220|750400|750512|750522|750712,Processed,8463227.4,direct,50.503887,4.469936,38.963745,35.243322
Nickel,BEL,CHN,Belgium,China,282540|282735|283324|750120|750210|750220|750400|750512|750521|750522|750610|750620|750712,Processed,8159241.719,direct,50.503887,4.469936,35.86166,104.195397
Nickel,BEL,BRA,Belgium,Brazil,282540|282735|283324|750120|750220|750400|750512|750522|750712,Processed,6621356.097,direct,50.503887,4.469936,-14.235004,-51.92528
Nickel,BEL,CAN,Belgium,Canada,282540|283324|750120|750220|750400|750620|750712,Processed,4163461.494,direct,50.503887,4.469936,56.130366,-106.346771
Nickel,BEL,MYS,Belgium,Malaysia,282735|283324|750210|750400|750512|750521|750610|750620|750712,Processed,4106410.279,direct,50.503887,4.469936,4.210484,101.975766
Nickel,BEL,SGP,Belgium,Singapore,283324|750210|750300|750400|750521|750522|750712,Processed,3431895.719,direct,50.503887,4.469936,1.352083,103.819836
Nickel,BEL,NOR,Belgium,Norway,282540|283324|750110|750120|750210|750400|750620|750712,Processed,3249348.781,direct,50.503887,4.469936,60.472024,8.468946
Nickel,BEL,ESP,Belgium,Spain,282540|282735|283324|750120|750210|750220|750300|750400|750620|750712,Processed,2909631.672,direct,50.503887,4.469936,40.463667,-3.74922
Nickel,BEL,CZE,Belgium,Czechia,282540|282735|283324|750210|750220|750400|750620,Processed,2878531.734,direct,50.503887,4.469936,49.817492,15.472962
Nickel,BEL,MEX,Belgium,Mexico,282540|282735|283324|750210|750220,Processed,2861050.869,direct,50.503887,4.469936,23.634501,-102.552784
Nickel,BEL,S19,Belgium,"Other Asia, nes",282540|282735|283324|750210|750220|750400|750521|750522,Processed,2548507.732,direct,50.503887,4.469936,,
Nickel,BEL,POL,Belgium,Poland,282540|282735|283324|750210|750220|750300|750400|750522|750712,Processed,1444855.563,direct,50.503887,4.469936,51.919438,19.145136
Nickel,BEL,THA,Belgium,Thailand,282540|282735|283324|750220|750300|750400,Processed,1279997.707,direct,50.503887,4.469936,15.870032,100.992541
Nickel,BEL,LUX,Belgium,Luxembourg,282735|283324|750400|750511|750512|750522|750620|750712,Processed,1268678.054,direct,50.503887,4.469936,49.815273,6.129583
Nickel,BEL,CHE,Belgium,Switzerland,282735|283324|750220|750400|750511|750512|750521|750610|750620|750712,Processed,984166.025,direct,50.503887,4.469936,46.818188,8.227512
Nickel,BEL,ROU,Belgium,Romania,282540|282735|283324|750210|750400|750512|750620|750711|750712,Processed,954742.83,direct,50.503887,4.469936,45.943161,24.96676
Nickel,BEL,AUS,Belgium,Australia,282735|283324|750220|750400|750512|750521|750610|750712,Processed,933008.57,direct,50.503887,4.469936,-25.274398,133.775136
Nickel,BEL,HUN,Belgium,Hungary,282735|283324|750120|750400|750511|750512,Processed,923375.874,direct,50.503887,4.469936,47.162494,19.503304
Nickel,BEL,HRV,Belgium,Croatia,750400,Processed,843365.029,direct,50.503887,4.469936,45.1,15.2
Nickel,BEL,EGY,Belgium,Egypt,282735|283324|750210|750522|750610|750620|750712,Processed,773864.923,direct,50.503887,4.469936,26.820553,30.802498
Nickel,BEL,SVN,Belgium,Slovenia,282735|283324|750210|750220|750400|750522,Processed,660309.33,direct,50.503887,4.469936,46.151241,14.995463
Nickel,BEL,IDN,Belgium,Indonesia,283324|750210|750400|750521|750620|750711|750712,Processed,590225.21,direct,50.503887,4.469936,-0.789275,113.921327
Nickel,BEL,VNM,Belgium,Viet Nam,282735|283324|750210|750300|750400|750610,Processed,588022.018,direct,50.503887,4.469936,14.058324,108.277199
Nickel,BEL,AUT,Belgium,Austria,282540|282735|283324|750210|750220|750300|750400|750620,Processed,537387.849,direct,50.503887,4.469936,47.516231,14.550072
Nickel,BEL,ARG,Belgium,Argentina,282735|283324|750210|750400|750512|750620|750712,Processed,530735.073,direct,50.503887,4.469936,-38.416097,-63.616672
Nickel,BEL,DNK,Belgium,Denmark,282735|750210|750400|750521,Processed,472398.593,direct,50.503887,4.469936,56.26392,9.501785
Nickel,BEL,IRL,Belgium,Ireland,282735|283324|750400|750512|750712,Processed,389651.879,direct,50.503887,4.469936,53.41291,-8.24389
Nickel,BEL,ARE,Belgium,United Arab Emirates,282735|283324|750220|750400|750512|750522|750620|750712,Processed,350570.172,direct,50.503887,4.469936,23.424076,53.847818
Nickel,BEL,UKR,Belgium,Ukraine,282540|283324|750220,Processed,320283.922,direct,50.503887,4.469936,48.379433,31.16558
Nickel,BEL,CRI,Belgium,Costa Rica,750712,Processed,316124.57,mirror,50.503887,4.469936,9.748917,-83.753428
Nickel,BEL,PAK,Belgium,Pakistan,750210|750400,Processed,301688.507,direct,50.503887,4.469936,30.375321,69.345116
Nickel,BEL,ISR,Belgium,Israel,282540|282735|283324|750210|750400|750512|750522|750620|750712,Processed,233987.74,direct,50.503887,4.469936,31.046051,34.851612
Nickel,BEL,AZE,Belgium,Azerbaijan,283324|750210|750220,Processed,223764.121,direct,50.503887,4.469936,40.143105,47.576927
Nickel,BEL,SVK,Belgium,Slovakia,282540|283324|750210|750220|750400|750620,Processed,223637.492,direct,50.503887,4.469936,48.669026,19.699024
Nickel,BEL,GRC,Belgium,Greece,282735|283324|750400|750522|750620,Processed,208511.222,direct,50.503887,4.469936,39.074208,21.824312
Nickel,BEL,FIN,Belgium,Finland,282540|282735|283324|750210|750400|750522,Processed,160594.585,direct,50.503887,4.469936,61.92411,25.748151
Nickel,BEL,ECU,Belgium,Ecuador,750210|750220|750400,Processed,143533.68,mirror,50.503887,4.469936,-1.831239,-78.183406
Nickel,BEL,SAU,Belgium,Saudi Arabia,282540|282735|283324|750120|750220|750400|750512|750610|750620,Processed,127689.251,direct,50.503887,4.469936,23.885942,45.079162
Nickel,BEL,COL,Belgium,Colombia,283324|750110|750210,Processed,116320.061,direct,50.503887,4.469936,4.570868,-74.297333
Nickel,BEL,QAT,Belgium,Qatar,282735|750400|750512|750522|750712,Processed,114198.411,direct,50.503887,4.469936,25.354826,51.183884
Nickel,BEL,PRT,Belgium,Portugal,282735|283324|750210|750400,Processed,91268.822,direct,50.503887,4.469936,39.399872,-8.224454
Nickel,BEL,JOR,Belgium,Jordan,283324|750620,Processed,61314.104,direct,50.503887,4.469936,30.585164,36.238414
Nickel,BEL,URY,Belgium,Uruguay,283324|750400|750620,Processed,56366.874,direct,50.503887,4.469936,-32.522779,-55.765835
Nickel,BEL,E19,Belgium,"Other Europe, nes",750712,Processed,51703.788,direct,50.503887,4.469936,,
Nickel,BEL,AGO,Belgium,Angola,750712,Processed,45433,mirror,50.503887,4.469936,-11.202692,17.873887
Nickel,BEL,CHL,Belgium,Chile,750210|750400,Processed,36896.11,direct,50.503887,4.469936,-35.675147,-71.542969
Nickel,BEL,NZL,Belgium,New Zealand,283324|750400,Processed,34607.319,direct,50.503887,4.469936,-40.900557,174.885971
Nickel,BEL,DZA,Belgium,Algeria,283324,Processed,33337.318,direct,50.503887,4.469936,28.033886,1.659626
Nickel,BEL,TUN,Belgium,Tunisia,283324|750220|750620,Processed,33145.672,direct,50.503887,4.469936,33.886917,9.537499
Nickel,BEL,COD,Belgium,Dem. Rep. of the Congo,750712,Processed,20965.71,direct,50.503887,4.469936,-4.038333,21.758664
Nickel,BEL,MAR,Belgium,Morocco,282540|282735|283324|750512,Processed,19392.906,direct,50.503887,4.469936,31.791702,-7.09262
Nickel,BEL,EST,Belgium,Estonia,283324|750400,Processed,19347.172,direct,50.503887,4.469936,58.595272,25.013607
Nickel,BEL,ZAF,Belgium,South Africa,282540|750220|750400|750512|750522|750620,Processed,16067.892,direct,50.503887,4.469936,-30.559482,22.937506
Nickel,BEL,KWT,Belgium,Kuwait,750400,Processed,11500.292,direct,50.503887,4.469936,29.31166,47.481766
Nickel,BEL,MLT,Belgium,Malta,750400,Processed,11294.759,direct,50.503887,4.469936,35.937496,14.375416
Nickel,BEL,PER,Belgium,Peru,282735|283324|750210,Processed,10096.531,direct,50.503887,4.469936,-9.189967,-75.015152
Nickel,BEL,GUY,Belgium,Guyana,750711,Processed,7346.048,mirror,50.503887,4.469936,4.860416,-58.93018
Nickel,BEL,MUS,Belgium,Mauritius,283324|750110,Processed,5877.529,direct,50.503887,4.469936,-20.348404,57.552152
Nickel,BEL,CYP,Belgium,Cyprus,750110,Processed,3694.846,direct,50.503887,4.469936,35.126413,33.429859
Nickel,BEL,GTM,Belgium,Guatemala,283324|750210,Processed,3144,mirror,50.503887,4.469936,15.783471,-90.230759
Nickel,BEL,LVA,Belgium,Latvia,283324|750400,Processed,2473.228,direct,50.503887,4.469936,56.879635,24.603189
Nickel,BEL,DOM,Belgium,Dominican Rep.,283324,Processed,2137.92,mirror,50.503887,4.469936,18.735693,-70.162651
Nickel,BEL,SEN,Belgium,Senegal,750300,Processed,1676.91,direct,50.503887,4.469936,14.497401,14.452362
Nickel,BEL,SRB,Belgium,Serbia,282735|283324|750210|750400|750610,Processed,1209.455,direct,50.503887,4.469936,44.016521,21.005859
Nickel,BEL,MDA,Belgium,Rep. of Moldova,283324,Processed,444,mirror,50.503887,4.469936,47.411631,28.369885
Nickel,BEL,CIV,Belgium,Côte d'Ivoire,283324,Processed,411.579,mirror,50.503887,4.469936,7.539989,-5.54708
Nickel,BEL,PRY,Belgium,Paraguay,283324,Processed,241.98,mirror,50.503887,4.469936,-23.442503,-58.443832
Nickel,BEL,BGR,Belgium,Bulgaria,750210,Processed,104.482,direct,50.503887,4.469936,42.733883,25.48583
Nickel,BEL,OMN,Belgium,Oman,282735,Processed,99.568,direct,50.503887,4.469936,21.512583,55.923255
Nickel,BEL,LTU,Belgium,Lithuania,283324,Processed,73.829,direct,50.503887,4.469936,55.169438,23.881275
Nickel,BEL,LKA,Belgium,Sri Lanka,282735,Processed,69.294,direct,50.503887,4.469936,7.873054,80.771797
Nickel,BEL,LBN,Belgium,Lebanon,282735,Processed,46.64,direct,50.503887,4.469936,33.854721,35.862285
Nickel,BEL,MKD,Belgium,North Macedonia,282735,Processed,29.776,direct,50.503887,4.469936,41.608635,21.745275
Nickel,BEL,ISL,Belgium,Iceland,750620,Processed,10.924,mirror,50.503887,4.469936,64.963051,-19.020835
Nickel,BOL,CHN,Bolivia (Plurinational State of),China,750300,Processed,1369652,direct,-16.290154,-63.588653,35.86166,104.195397
Nickel,BOL,KOR,Bolivia (Plurinational State of),Rep. of Korea,750300,Processed,457641.5,direct,-16.290154,-63.588653,35.907757,127.766922
Nickel,BOL,BEL,Bolivia (Plurinational State of),Belgium,750300,Processed,337340.5,direct,-16.290154,-63.588653,50.503887,4.469936
Nickel,BOL,ECU,Bolivia (Plurinational State of),Ecuador,750300,Processed,201885,direct,-16.290154,-63.588653,-1.831239,-78.183406
Nickel,BOL,THA,Bolivia (Plurinational State of),Thailand,750300,Processed,173147,direct,-16.290154,-63.588653,15.870032,100.992541
Nickel,BOL,NLD,Bolivia (Plurinational State of),Netherlands,750300,Processed,106465,direct,-16.290154,-63.588653,52.132633,5.291266
Nickel,BOL,MYS,Bolivia (Plurinational State of),Malaysia,750300,Processed,105663,direct,-16.290154,-63.588653,4.210484,101.975766
Nickel,BOL,ESP,Bolivia (Plurinational State of),Spain,750300,Processed,93938,direct,-16.290154,-63.588653,40.463667,-3.74922
Nickel,BOL,IND,Bolivia (Plurinational State of),India,750300,Processed,93915.5,direct,-16.290154,-63.588653,20.593684,78.96288
Nickel,BOL,BRA,Bolivia (Plurinational State of),Brazil,750300,Processed,62040,direct,-16.290154,-63.588653,-14.235004,-51.92528
Nickel,BOL,USA,Bolivia (Plurinational State of),USA,750300,Processed,22455,direct,-16.290154,-63.588653,37.09024,-95.712891
Nickel,BOL,JPN,Bolivia (Plurinational State of),Japan,750300,Processed,11396,direct,-16.290154,-63.588653,36.204824,138.252924
Nickel,BIH,DEU,Bosnia Herzegovina,Germany,750300|750400,Processed,88153.048,direct,43.915886,17.679076,51.165691,10.451526
Nickel,BWA,CAN,Botswana,Canada,750120|750300,Processed,10011105.58,mirror,-22.328474,24.684866,56.130366,-106.346771
Nickel,BWA,CHN,Botswana,China,750110,Processed,1222392,mirror,-22.328474,24.684866,35.86166,104.195397
Nickel,VGB,S19,Br. Virgin Isds,"Other Asia, nes",750620,Processed,16853.277,mirror,,,,
Nickel,BRA,FRA,Brazil,France,750210|750220|750512,Processed,131449438,direct,-14.235004,-51.92528,46.227638,2.213749
Nickel,BRA,SWE,Brazil,Sweden,750210,Processed,28592578.11,mirror,-14.235004,-51.92528,60.128161,18.643501
Nickel,BRA,IND,Brazil,India,750300|750511|750512|750712,Processed,19790276.09,direct,-14.235004,-51.92528,20.593684,78.96288
Nickel,BRA,USA,Brazil,USA,750210|750220|750300|750400|750512|750522|750610|750620|750712,Processed,16469816,direct,-14.235004,-51.92528,37.09024,-95.712891
Nickel,BRA,ARG,Brazil,Argentina,282540|283324|750210|750400|750511|750512|750522|750712,Processed,14153376,direct,-14.235004,-51.92528,-38.416097,-63.616672
Nickel,BRA,NLD,Brazil,Netherlands,750300|750512|750522,Processed,13695119.08,direct,-14.235004,-51.92528,52.132633,5.291266
Nickel,BRA,MEX,Brazil,Mexico,750512|750522|750620,Processed,7112648,direct,-14.235004,-51.92528,23.634501,-102.552784
Nickel,BRA,BEL,Brazil,Belgium,750220,Processed,7027320,direct,-14.235004,-51.92528,50.503887,4.469936
Nickel,BRA,NOR,Brazil,Norway,282540|750110|750120|750712,Processed,4960144.196,direct,-14.235004,-51.92528,60.472024,8.468946
Nickel,BRA,SGP,Brazil,Singapore,750210|750300|750522|750712,Processed,3943288.256,direct,-14.235004,-51.92528,1.352083,103.819836
Nickel,BRA,AUS,Brazil,Australia,750220,Processed,3626072.502,mirror,-14.235004,-51.92528,-25.274398,133.775136
Nickel,BRA,CHN,Brazil,China,750120|750512|750522|750712,Processed,1726518,direct,-14.235004,-51.92528,35.86166,104.195397
Nickel,BRA,ITA,Brazil,Italy,750400|750512|750712,Processed,615566,direct,-14.235004,-51.92528,41.87194,12.56738
Nickel,BRA,CZE,Brazil,Czechia,750512,Processed,603264,mirror,-14.235004,-51.92528,49.817492,15.472962
Nickel,BRA,GBR,Brazil,United Kingdom,750220|750300|750400|750512|750522|750610|750620|750712,Processed,576653.86,direct,-14.235004,-51.92528,55.378051,-3.435973
Nickel,BRA,CYP,Brazil,Cyprus,282540|750120,Processed,560510.672,direct,-14.235004,-51.92528,35.126413,33.429859
Nickel,BRA,AUT,Brazil,Austria,750210|750512|750620,Processed,401237.901,direct,-14.235004,-51.92528,47.516231,14.550072
Nickel,BRA,MYS,Brazil,Malaysia,750512|750712,Processed,392484,direct,-14.235004,-51.92528,4.210484,101.975766
Nickel,BRA,PRY,Brazil,Paraguay,282735|283324|750210|750220|750400|750522|750610|750620|750712,Processed,334412,direct,-14.235004,-51.92528,-23.442503,-58.443832
Nickel,BRA,DEU,Brazil,Germany,750512|750522,Processed,322114,direct,-14.235004,-51.92528,51.165691,10.451526
Nickel,BRA,URY,Brazil,Uruguay,283324|750210|750400|750522,Processed,300672,direct,-14.235004,-51.92528,-32.522779,-55.765835
Nickel,BRA,ISR,Brazil,Israel,750512,Processed,298178,direct,-14.235004,-51.92528,31.046051,34.851612
Nickel,BRA,CRI,Brazil,Costa Rica,750512|750522,Processed,297510,direct,-14.235004,-51.92528,9.748917,-83.753428
Nickel,BRA,FIN,Brazil,Finland,750512,Processed,221028.274,mirror,-14.235004,-51.92528,61.92411,25.748151
Nickel,BRA,SAU,Brazil,Saudi Arabia,750512|750522|750610,Processed,209585.595,mirror,-14.235004,-51.92528,23.885942,45.079162
Nickel,BRA,CAN,Brazil,Canada,750120|750512,Processed,176050.94,direct,-14.235004,-51.92528,56.130366,-106.346771
Nickel,BRA,BRA,Brazil,Brazil,750712,Processed,152426,mirror,-14.235004,-51.92528,-14.235004,-51.92528
Nickel,BRA,POL,Brazil,Poland,750210|750512,Processed,75908,direct,-14.235004,-51.92528,51.919438,19.145136
Nickel,BRA,CHE,Brazil,Switzerland,750512,Processed,75000,direct,-14.235004,-51.92528,46.818188,8.227512
Nickel,BRA,HRV,Brazil,Croatia,750512,Processed,71076,mirror,-14.235004,-51.92528,45.1,15.2
Nickel,BRA,COL,Brazil,Colombia,750210|750400|750511|750512|750521|750522|750620|750711|750712,Processed,69014,direct,-14.235004,-51.92528,4.570868,-74.297333
Nickel,BRA,S19,Brazil,"Other Asia, nes",750300,Processed,44516.327,mirror,-14.235004,-51.92528,,
Nickel,BRA,CHL,Brazil,Chile,750512|750522|750620|750711|750712,Processed,42876,direct,-14.235004,-51.92528,-35.675147,-71.542969
Nickel,BRA,PER,Brazil,Peru,750120|750210|750512|750522|750620,Processed,37070.032,direct,-14.235004,-51.92528,-9.189967,-75.015152
Nickel,BRA,ROU,Brazil,Romania,750512,Processed,34208,direct,-14.235004,-51.92528,45.943161,24.96676
Nickel,BRA,ECU,Brazil,Ecuador,282735|750220|750512|750521|750522|750620|750711|750712,Processed,33306.48,direct,-14.235004,-51.92528,-1.831239,-78.183406
Nickel,BRA,HND,Brazil,Honduras,750522|750620,Processed,17880,direct,-14.235004,-51.92528,15.199999,-86.241905
Nickel,BRA,SLV,Brazil,El Salvador,750400|750522,Processed,13260,direct,-14.235004,-51.92528,13.794185,-88.89653
Nickel,BRA,JPN,Brazil,Japan,750300,Processed,13179.948,mirror,-14.235004,-51.92528,36.204824,138.252924
Nickel,BRA,GTM,Brazil,Guatemala,750522|750712,Processed,12568,direct,-14.235004,-51.92528,15.783471,-90.230759
Nickel,BRA,ZMB,Brazil,Zambia,750522,Processed,8100,direct,-14.235004,-51.92528,-13.133897,27.849332
Nickel,BRA,KOR,Brazil,Rep. of Korea,750120|750512,Processed,6500,direct,-14.235004,-51.92528,35.907757,127.766922
Nickel,BRA,VEN,Brazil,Venezuela,750512|750712,Processed,3798,direct,-14.235004,-51.92528,6.42375,-66.58973
Nickel,BRA,TTO,Brazil,Trinidad and Tobago,750512|750522,Processed,3704.308,direct,-14.235004,-51.92528,10.691803,-61.222503
Nickel,BRA,BOL,Brazil,Bolivia (Plurinational State of),750210,Processed,2886,direct,-14.235004,-51.92528,-16.290154,-63.588653
Nickel,BRA,DOM,Brazil,Dominican Rep.,750522,Processed,1788,direct,-14.235004,-51.92528,18.735693,-70.162651
Nickel,BRA,KEN,Brazil,Kenya,750522,Processed,1586,direct,-14.235004,-51.92528,-0.023559,37.906193
Nickel,BRA,BLZ,Brazil,Belize,750522,Processed,1282,direct,-14.235004,-51.92528,17.189877,-88.49765
Nickel,BRA,ESP,Brazil,Spain,750712,Processed,1188,direct,-14.235004,-51.92528,40.463667,-3.74922
Nickel,BRA,JAM,Brazil,Jamaica,750522,Processed,544,direct,-14.235004,-51.92528,18.109581,-77.297508
Nickel,BRA,PRT,Brazil,Portugal,750522|750712,Processed,420.424,direct,-14.235004,-51.92528,39.399872,-8.224454
Nickel,BRA,PAN,Brazil,Panama,750522,Processed,362,direct,-14.235004,-51.92528,8.537981,-80.782127
Nickel,BRA,NIC,Brazil,Nicaragua,750522,Processed,284,direct,-14.235004,-51.92528,12.865416,-85.207229
Nickel,BRA,ARE,Brazil,United Arab Emirates,750522,Processed,254,direct,-14.235004,-51.92528,23.424076,53.847818
Nickel,BRA,THA,Brazil,Thailand,750522,Processed,64,direct,-14.235004,-51.92528,15.870032,100.992541
Nickel,BRA,IRL,Brazil,Ireland,750511,Processed,59.531,mirror,-14.235004,-51.92528,53.41291,-8.24389
Nickel,BRN,MYS,Brunei Darussalam,Malaysia,750300,Processed,216988.174,direct,4.535277,114.727669,4.210484,101.975766
Nickel,BGR,ITA,Bulgaria,Italy,750210|750300,Processed,9474869.468,direct,42.733883,25.48583,41.87194,12.56738
Nickel,BGR,OMN,Bulgaria,Oman,750620,Processed,3365810.204,direct,42.733883,25.48583,21.512583,55.923255
Nickel,BGR,BEL,Bulgaria,Belgium,283324,Processed,3042582.788,direct,42.733883,25.48583,50.503887,4.469936
Nickel,BGR,SWE,Bulgaria,Sweden,750210,Processed,1587866.732,mirror,42.733883,25.48583,60.128161,18.643501
Nickel,BGR,DEU,Bulgaria,Germany,750300|750712,Processed,1469543.916,direct,42.733883,25.48583,51.165691,10.451526
Nickel,BGR,BRA,Bulgaria,Brazil,750712,Processed,319096,mirror,42.733883,25.48583,-14.235004,-51.92528
Nickel,BGR,GBR,Bulgaria,United Kingdom,750300,Processed,226701.016,mirror,42.733883,25.48583,55.378051,-3.435973
Nickel,BGR,IND,Bulgaria,India,750220|750300|750522,Processed,140139.874,direct,42.733883,25.48583,20.593684,78.96288
Nickel,BGR,CHN,Bulgaria,China,750120|750620|750712,Processed,91507.124,direct,42.733883,25.48583,35.86166,104.195397
Nickel,BGR,TUR,Bulgaria,Türkiye,750512|750610,Processed,22165.32,direct,42.733883,25.48583,38.963745,35.243322
Nickel,BGR,ARM,Bulgaria,Armenia,750210,Processed,20375.676,direct,42.733883,25.48583,40.069099,45.038189
Nickel,BGR,ROU,Bulgaria,Romania,750300|750712,Processed,11271.56,mirror,42.733883,25.48583,45.943161,24.96676
Nickel,BGR,GRC,Bulgaria,Greece,750400|750522,Processed,9094.128,direct,42.733883,25.48583,39.074208,21.824312
Nickel,BGR,NLD,Bulgaria,Netherlands,283324|750210|750220|750300|750400|750512|750522|750610|750620|750712,Processed,3568.608,mirror,42.733883,25.48583,52.132633,5.291266
Nickel,BGR,SAU,Bulgaria,Saudi Arabia,750400,Processed,2608.533,mirror,42.733883,25.48583,23.885942,45.079162
Nickel,BGR,SVN,Bulgaria,Slovenia,750522,Processed,1441.32,mirror,42.733883,25.48583,46.151241,14.995463
Nickel,BGR,MKD,Bulgaria,North Macedonia,750511,Processed,325.248,direct,42.733883,25.48583,41.608635,21.745275
Nickel,BGR,GTM,Bulgaria,Guatemala,283324,Processed,274,mirror,42.733883,25.48583,15.783471,-90.230759
Nickel,BGR,AUT,Bulgaria,Austria,750712,Processed,157.092,direct,42.733883,25.48583,47.516231,14.550072
Nickel,BGR,ISL,Bulgaria,Iceland,750610,Processed,39.28,mirror,42.733883,25.48583,64.963051,-19.020835
Nickel,X1 ,TUN,Bunkers,Tunisia,282735|750220|750512|750620,Processed,14560056.85,mirror,,,33.886917,9.537499
Nickel,BFA,GIN,Burkina Faso,Guinea,750711,Processed,62347.324,direct,12.364566,-1.561593,9.945587,-9.696645
Nickel,CPV,PRT,Cabo Verde,Portugal,750712,Processed,259.872,mirror,16.002082,-24.013197,39.399872,-8.224454
Nickel,KHM,CHN,Cambodia,China,750220,Processed,514500,direct,12.565679,104.990963,35.86166,104.195397
Nickel,KHM,CAN,Cambodia,Canada,750512,Processed,9773.528,mirror,12.565679,104.990963,56.130366,-106.346771
Nickel,KHM,FRA,Cambodia,France,750511,Processed,226.95,direct,12.565679,104.990963,46.227638,2.213749
Nickel,KHM,JPN,Cambodia,Japan,750511,Processed,142.67,direct,12.565679,104.990963,36.204824,138.252924
Nickel,KHM,SGP,Cambodia,Singapore,750511,Processed,98.57,direct,12.565679,104.990963,1.352083,103.819836
Nickel,KHM,IDN,Cambodia,Indonesia,750511,Processed,58.95,direct,12.565679,104.990963,-0.789275,113.921327
Nickel,KHM,KOR,Cambodia,Rep. of Korea,750511,Processed,54.12,direct,12.565679,104.990963,35.907757,127.766922
Nickel,KHM,KAZ,Cambodia,Kazakhstan,750511,Processed,29.43,direct,12.565679,104.990963,48.019573,66.923684
Nickel,KHM,IRL,Cambodia,Ireland,750511,Processed,18.4,mirror,12.565679,104.990963,53.41291,-8.24389
Nickel,KHM,USA,Cambodia,USA,750511,Processed,9.81,direct,12.565679,104.990963,37.09024,-95.712891
Nickel,CMR,DEU,Cameroon,Germany,750522,Processed,12901.44,mirror,3.848033,11.502075,51.165691,10.451526
Nickel,CAN,USA,Canada,USA,282540|282735|283324|750120|750210|750220|750300|750400|750512|750521|750522|750610|750620|750712,Processed,3716970812,direct,56.130366,-106.346771,37.09024,-95.712891
Nickel,CAN,NOR,Canada,Norway,750110|750220|750400|750512,Processed,3560804154,direct,56.130366,-106.346771,60.472024,8.468946
Nickel,CAN,NLD,Canada,Netherlands,750120|750210|750220|750300|750400|750512|750522|750620|750712,Processed,972731802.9,direct,56.130366,-106.346771,52.132633,5.291266
Nickel,CAN,BEL,Canada,Belgium,750120|750210|750300|750400,Processed,637071668.9,direct,56.130366,-106.346771,50.503887,4.469936
Nickel,CAN,JPN,Canada,Japan,750210|750220|750300|750400|750522,Processed,601553326.7,direct,56.130366,-106.346771,36.204824,138.252924
Nickel,CAN,CHN,Canada,China,750120|750210|750220|750400|750512|750522|750610|750712,Processed,581392213.1,direct,56.130366,-106.346771,35.86166,104.195397
Nickel,CAN,S19,Canada,"Other Asia, nes",750210|750400|750522,Processed,444167868,direct,56.130366,-106.346771,,
Nickel,CAN,KOR,Canada,Rep. of Korea,282540|282735|283324|750120|750210|750400|750512|750522|750712,Processed,419544669.8,direct,56.130366,-106.346771,35.907757,127.766922
Nickel,CAN,SWE,Canada,Sweden,750210|750400|750522|750620|750712,Processed,324397770.8,direct,56.130366,-106.346771,60.128161,18.643501
Nickel,CAN,DEU,Canada,Germany,282735|750120|750210|750220|750300|750400|750511|750512|750522|750610|750620|750712,Processed,319024579.9,direct,56.130366,-106.346771,51.165691,10.451526
Nickel,CAN,IND,Canada,India,750120|750210|750300|750400|750511|750512|750521|750522|750620,Processed,276245625.1,direct,56.130366,-106.346771,20.593684,78.96288
Nickel,CAN,FRA,Canada,France,750120|750210|750400|750512|750521|750522|750620|750712,Processed,157896326.2,direct,56.130366,-106.346771,46.227638,2.213749
Nickel,CAN,GBR,Canada,United Kingdom,282540|750120|750210|750220|750300|750400|750511|750512|750522|750620|750712,Processed,141261096.5,direct,56.130366,-106.346771,55.378051,-3.435973
Nickel,CAN,BRA,Canada,Brazil,282540|750210|750300|750400|750522|750620,Processed,113770407.4,direct,56.130366,-106.346771,-14.235004,-51.92528
Nickel,CAN,SGP,Canada,Singapore,282540|750210|750220|750300|750400|750512|750522|750712,Processed,83905006.16,direct,56.130366,-106.346771,1.352083,103.819836
Nickel,CAN,SVN,Canada,Slovenia,282540|750210|750400|750512,Processed,79970842.93,direct,56.130366,-106.346771,46.151241,14.995463
Nickel,CAN,AUS,Canada,Australia,750210|750220|750400|750512|750522,Processed,66553492.21,direct,56.130366,-106.346771,-25.274398,133.775136
Nickel,CAN,FIN,Canada,Finland,750110|750120|750210|750511,Processed,64994744.44,direct,56.130366,-106.346771,61.92411,25.748151
Nickel,CAN,ITA,Canada,Italy,750120|750210|750400|750522,Processed,52601291.13,direct,56.130366,-106.346771,41.87194,12.56738
Nickel,CAN,ESP,Canada,Spain,282540|750210|750220|750400|750512|750712,Processed,33125360.76,direct,56.130366,-106.346771,40.463667,-3.74922
Nickel,CAN,THA,Canada,Thailand,282540|750120|750210|750400|750512|750522|750620,Processed,31475161.29,direct,56.130366,-106.346771,15.870032,100.992541
Nickel,CAN,CAN,Canada,Canada,282540|750120|750210|750220|750300|750400|750512|750522|750711|750712,Processed,25307237.75,mirror,56.130366,-106.346771,56.130366,-106.346771
Nickel,CAN,MEX,Canada,Mexico,750210|750400|750512|750522|750620,Processed,20154509.41,direct,56.130366,-106.346771,23.634501,-102.552784
Nickel,CAN,CUB,Canada,Cuba,750120|750512|750712,Processed,11407698.66,direct,56.130366,-106.346771,21.521757,-77.781167
Nickel,CAN,MYS,Canada,Malaysia,283324|750210|750400|750521|750522,Processed,11198584.12,direct,56.130366,-106.346771,4.210484,101.975766
Nickel,CAN,AUT,Canada,Austria,750210|750400|750512|750712,Processed,10881869.98,mirror,56.130366,-106.346771,47.516231,14.550072
Nickel,CAN,IDN,Canada,Indonesia,282540|750210|750400,Processed,10111659.72,direct,56.130366,-106.346771,-0.789275,113.921327
Nickel,CAN,CRI,Canada,Costa Rica,750712,Processed,4321778.292,direct,56.130366,-106.346771,9.748917,-83.753428
Nickel,CAN,UKR,Canada,Ukraine,750210|750400,Processed,3790351.82,mirror,56.130366,-106.346771,48.379433,31.16558
Nickel,CAN,ARE,Canada,United Arab Emirates,750400|750512|750522|750620,Processed,3489355.32,direct,56.130366,-106.346771,23.424076,53.847818
Nickel,CAN,CHL,Canada,Chile,750210|750400,Processed,3415207.428,direct,56.130366,-106.346771,-35.675147,-71.542969
Nickel,CAN,CZE,Canada,Czechia,750210|750400|750620,Processed,3023755.12,direct,56.130366,-106.346771,49.817492,15.472962
Nickel,CAN,TUR,Canada,Türkiye,282540|750210|750300|750400,Processed,2362853.22,direct,56.130366,-106.346771,38.963745,35.243322
Nickel,CAN,ZAF,Canada,South Africa,282540|750400|750512|750522,Processed,1384324.808,direct,56.130366,-106.346771,-30.559482,22.937506
Nickel,CAN,SRB,Canada,Serbia,750210|750400,Processed,1334872,mirror,56.130366,-106.346771,44.016521,21.005859
Nickel,CAN,MKD,Canada,North Macedonia,750210,Processed,1281923.26,mirror,56.130366,-106.346771,41.608635,21.745275
Nickel,CAN,ARG,Canada,Argentina,750210|750400|750522,Processed,897333.06,direct,56.130366,-106.346771,-38.416097,-63.616672
Nickel,CAN,CHE,Canada,Switzerland,282735|750210|750300|750400|750521,Processed,634093.116,direct,56.130366,-106.346771,46.818188,8.227512
Nickel,CAN,VNM,Canada,Viet Nam,750400,Processed,598148.916,direct,56.130366,-106.346771,14.058324,108.277199
Nickel,CAN,POL,Canada,Poland,283324|750210|750400|750512|750620|750712,Processed,558541.236,direct,56.130366,-106.346771,51.919438,19.145136
Nickel,CAN,EGY,Canada,Egypt,750210|750400|750522,Processed,506048.172,direct,56.130366,-106.346771,26.820553,30.802498
Nickel,CAN,ECU,Canada,Ecuador,750210|750512,Processed,408501.2,mirror,56.130366,-106.346771,-1.831239,-78.183406
Nickel,CAN,SAU,Canada,Saudi Arabia,750120|750400|750512|750712,Processed,275325.598,direct,56.130366,-106.346771,23.885942,45.079162
Nickel,CAN,PAK,Canada,Pakistan,750210|750400|750512,Processed,203388.768,mirror,56.130366,-106.346771,30.375321,69.345116
Nickel,CAN,IRL,Canada,Ireland,750400|750522,Processed,164313.548,direct,56.130366,-106.346771,53.41291,-8.24389
Nickel,CAN,EST,Canada,Estonia,750400|750620,Processed,155049.68,mirror,56.130366,-106.346771,58.595272,25.013607
Nickel,CAN,NZL,Canada,New Zealand,750400|750522,Processed,150814.22,direct,56.130366,-106.346771,-40.900557,174.885971
Nickel,CAN,COL,Canada,Colombia,750220|750400,Processed,127903.348,direct,56.130366,-106.346771,4.570868,-74.297333
Nickel,CAN,HUN,Canada,Hungary,750620|750712,Processed,113690.616,direct,56.130366,-106.346771,47.162494,19.503304
Nickel,CAN,MAR,Canada,Morocco,750210|750512,Processed,75456.296,direct,56.130366,-106.346771,31.791702,-7.09262
Nickel,CAN,TTO,Canada,Trinidad and Tobago,750210|750400,Processed,71881.058,mirror,56.130366,-106.346771,10.691803,-61.222503
Nickel,CAN,OMN,Canada,Oman,750620,Processed,39585.044,direct,56.130366,-106.346771,21.512583,55.923255
Nickel,CAN,SLV,Canada,El Salvador,750210,Processed,24555.01,mirror,56.130366,-106.346771,13.794185,-88.89653
Nickel,CAN,NER,Canada,Niger,750400,Processed,20288.951,mirror,56.130366,-106.346771,17.607789,8.081666
Nickel,CAN,ISR,Canada,Israel,283324|750400|750522,Processed,15792.9,direct,56.130366,-106.346771,31.046051,34.851612
Nickel,CAN,KWT,Canada,Kuwait,750400|750512,Processed,10879,mirror,56.130366,-106.346771,29.31166,47.481766
Nickel,CAN,PHL,Canada,Philippines,750400|750522,Processed,9335.432,direct,56.130366,-106.346771,12.879721,121.774017
Nickel,CAN,PRT,Canada,Portugal,282540|750120|750620,Processed,8701.552,mirror,56.130366,-106.346771,39.399872,-8.224454
Nickel,CAN,ROU,Canada,Romania,750522,Processed,7281.52,mirror,56.130366,-106.346771,45.943161,24.96676
Nickel,CAN,BHR,Canada,Bahrain,750512,Processed,2307.309,mirror,56.130366,-106.346771,26.0275,50.55
Nickel,CAN,SVK,Canada,Slovakia,750512,Processed,1974.264,mirror,56.130366,-106.346771,48.669026,19.699024
Nickel,CAN,BOL,Canada,Bolivia (Plurinational State of),750712,Processed,1354.3,direct,56.130366,-106.346771,-16.290154,-63.588653
Nickel,CAN,JOR,Canada,Jordan,750400,Processed,1056.338,mirror,56.130366,-106.346771,30.585164,36.238414
Nickel,CAN,BGR,Canada,Bulgaria,282540,Processed,387.204,mirror,56.130366,-106.346771,42.733883,25.48583
Nickel,CAN,URY,Canada,Uruguay,750512,Processed,345,mirror,56.130366,-106.346771,-32.522779,-55.765835
Nickel,CHL,BOL,Chile,Bolivia (Plurinational State of),750210,Processed,54555,direct,-35.675147,-71.542969,-16.290154,-63.588653
Nickel,CHL,GBR,Chile,United Kingdom,750300,Processed,46566.904,mirror,-35.675147,-71.542969,55.378051,-3.435973
Nickel,CHL,IND,Chile,India,750300,Processed,40791.802,mirror,-35.675147,-71.542969,20.593684,78.96288
Nickel,CHL,KOR,Chile,Rep. of Korea,750620,Processed,5782,mirror,-35.675147,-71.542969,35.907757,127.766922
Nickel,CHL,NLD,Chile,Netherlands,750300,Processed,3278.62,direct,-35.675147,-71.542969,52.132633,5.291266
Nickel,CHL,FRA,Chile,France,750400,Processed,506.556,mirror,-35.675147,-71.542969,46.227638,2.213749
Nickel,CHL,BEL,Chile,Belgium,750300,Processed,423.319,mirror,-35.675147,-71.542969,50.503887,4.469936
Nickel,CHL,ARG,Chile,Argentina,750522,Processed,385.22,direct,-35.675147,-71.542969,-38.416097,-63.616672
Nickel,CHL,IRL,Chile,Ireland,750511,Processed,11.906,mirror,-35.675147,-71.542969,53.41291,-8.24389
Nickel,CHN,KOR,China,Rep. of Korea,282540|282735|283324|750110|750120|750210|750220|750300|750400|750511|750512|750521|750522|750610|750620|750711|750712,Processed,1451957283,direct,35.86166,104.195397,35.907757,127.766922
Nickel,CHN,S19,China,"Other Asia, nes",282540|282735|283324|750120|750210|750220|750300|750400|750511|750512|750521|750522|750610|750620|750711|750712,Processed,738337786.9,direct,35.86166,104.195397,,
Nickel,CHN,SGP,China,Singapore,282540|282735|283324|750120|750210|750220|750300|750400|750511|750512|750521|750522|750610|750620|750711|750712,Processed,362211243.8,direct,35.86166,104.195397,1.352083,103.819836
Nickel,CHN,IND,China,India,282540|283324|750120|750210|750220|750400|750511|750512|750521|750522|750610|750620|750711|750712,Processed,277353548,direct,35.86166,104.195397,20.593684,78.96288
Nickel,CHN,JPN,China,Japan,282540|283324|750120|750210|750220|750300|750400|750511|750512|750521|750522|750610|750620|750711|750712,Processed,100164372,direct,35.86166,104.195397,36.204824,138.252924
Nickel,CHN,USA,China,USA,282540|282735|750110|750120|750210|750220|750300|750400|750511|750512|750521|750522|750610|750620|750711|750712,Processed,91935988,direct,35.86166,104.195397,37.09024,-95.712891
Nickel,CHN,NLD,China,Netherlands,282540|282735|283324|750210|750220|750300|750400|750511|750512|750521|750522|750610|750620|750711|750712,Processed,83104045.29,direct,35.86166,104.195397,52.132633,5.291266
Nickel,CHN,MYS,China,Malaysia,282540|282735|283324|750110|750120|750210|750220|750300|750400|750511|750512|750521|750522|750610|750620|750711|750712,Processed,53794285.98,direct,35.86166,104.195397,4.210484,101.975766
Nickel,CHN,ARE,China,United Arab Emirates,282540|750210|750400|750511|750512|750521|750522|750610|750620|750712,Processed,51443705,direct,35.86166,104.195397,23.424076,53.847818
Nickel,CHN,ITA,China,Italy,282540|750110|750120|750210|750220|750300|750400|750511|750512|750521|750522|750610|750620|750712,Processed,45328040.43,direct,35.86166,104.195397,41.87194,12.56738
Nickel,CHN,GBR,China,United Kingdom,282540|750120|750210|750220|750300|750400|750511|750512|750521|750522|750610|750620|750711|750712,Processed,42642017.2,direct,35.86166,104.195397,55.378051,-3.435973
Nickel,CHN,RUS,China,Russian Federation,282540|282735|283324|750220|750400|750511|750512|750521|750522|750610|750620|750711|750712,Processed,40900258,direct,35.86166,104.195397,61.52401,105.318756
Nickel,CHN,SAU,China,Saudi Arabia,750120|750210|750220|750300|750400|750511|750512|750521|750522|750610|750620|750711|750712,Processed,32922354.12,direct,35.86166,104.195397,23.885942,45.079162
Nickel,CHN,SRB,China,Serbia,282735|750210|750400|750511|750512|750521|750522|750610|750620,Processed,28335571,direct,35.86166,104.195397,44.016521,21.005859
Nickel,CHN,VNM,China,Viet Nam,282540|282735|283324|750210|750400|750511|750512|750521|750522|750610|750620|750711|750712,Processed,19163943,direct,35.86166,104.195397,14.058324,108.277199
Nickel,CHN,THA,China,Thailand,282540|282735|283324|750110|750210|750220|750400|750511|750512|750521|750522|750610|750620|750711|750712,Processed,15653630.4,direct,35.86166,104.195397,15.870032,100.992541
Nickel,CHN,IDN,China,Indonesia,282540|283324|750110|750210|750220|750400|750511|750512|750521|750522|750610|750620|750712,Processed,15618625,direct,35.86166,104.195397,-0.789275,113.921327
Nickel,CHN,DEU,China,Germany,282540|750110|750120|750210|750220|750300|750400|750511|750512|750521|750522|750610|750620|750711|750712,Processed,13972839.67,direct,35.86166,104.195397,51.165691,10.451526
Nickel,CHN,CAN,China,Canada,282540|282735|283324|750110|750220|750300|750400|750511|750512|750521|750522|750610|750620|750711|750712,Processed,13594014.3,direct,35.86166,104.195397,56.130366,-106.346771
Nickel,CHN,BRA,China,Brazil,282540|282735|283324|750210|750220|750400|750511|750512|750521|750522|750610|750620|750711|750712,Processed,12232684,direct,35.86166,104.195397,-14.235004,-51.92528
Nickel,CHN,FRA,China,France,282540|283324|750110|750120|750210|750300|750400|750511|750512|750521|750522|750610|750620|750711|750712,Processed,8110873.272,direct,35.86166,104.195397,46.227638,2.213749
Nickel,CHN,AUS,China,Australia,282540|283324|750210|750220|750300|750400|750511|750512|750521|750522|750610|750620|750712,Processed,7994866.944,direct,35.86166,104.195397,-25.274398,133.775136
Nickel,CHN,BEL,China,Belgium,282540|282735|750210|750220|750400|750511|750512|750521|750522|750610|750620|750712,Processed,7055446.658,direct,35.86166,104.195397,50.503887,4.469936
Nickel,CHN,TUR,China,Türkiye,282540|282735|750120|750210|750220|750400|750511|750512|750521|750522|750610|750620|750711|750712,Processed,6862226,direct,35.86166,104.195397,38.963745,35.243322
Nickel,CHN,POL,China,Poland,282540|750210|750400|750511|750512|750521|750522|750610|750620|750711|750712,Processed,6296611,direct,35.86166,104.195397,51.919438,19.145136
Nickel,CHN,MEX,China,Mexico,750210|750400|750512|750521|750522|750610|750620|750712,Processed,5993005,direct,35.86166,104.195397,23.634501,-102.552784
Nickel,CHN,AZE,China,Azerbaijan,282540|283324|750400|750522|750712,Processed,4700530.4,mirror,35.86166,104.195397,40.143105,47.576927
Nickel,CHN,MAR,China,Morocco,282540|282735|750110|750511|750512|750521|750522|750610|750620|750712,Processed,4641198.42,direct,35.86166,104.195397,31.791702,-7.09262
Nickel,CHN,PAK,China,Pakistan,282735|283324|750210|750220|750400|750511|750512|750521|750522|750610|750620|750711|750712,Processed,4422968.586,direct,35.86166,104.195397,30.375321,69.345116
Nickel,CHN,ESP,China,Spain,282540|283324|750120|750210|750220|750400|750511|750512|750521|750522|750610|750620|750711|750712,Processed,4336773.74,direct,35.86166,104.195397,40.463667,-3.74922
Nickel,CHN,UZB,China,Uzbekistan,282735|283324|750400|750511|750512|750522|750610|750620|750712,Processed,4304457,direct,35.86166,104.195397,41.377491,64.585262
Nickel,CHN,SWE,China,Sweden,282540|750400|750511|750512|750521|750522|750610|750620|750712,Processed,3657648.346,direct,35.86166,104.195397,60.128161,18.643501
Nickel,CHN,IRN,China,Iran,750400|750511|750512|750522|750610|750620|750711|750712,Processed,3609487,direct,35.86166,104.195397,32.427908,53.688046
Nickel,CHN,LAO,China,Lao People's Dem. Rep.,750512|750522|750610|750712,Processed,3378781,direct,35.86166,104.195397,19.85627,102.495496
Nickel,CHN,HRV,China,Croatia,750210|750522|750610|750620,Processed,3146952,direct,35.86166,104.195397,45.1,15.2
Nickel,CHN,KAZ,China,Kazakhstan,750220|750400|750512|750521|750522|750610|750620|750711|750712,Processed,3044271.62,direct,35.86166,104.195397,48.019573,66.923684
Nickel,CHN,AUT,China,Austria,750210|750400|750511|750512|750521|750522|750610|750620|750711|750712,Processed,2871465.089,direct,35.86166,104.195397,47.516231,14.550072
Nickel,CHN,ARG,China,Argentina,282540|282735|283324|750210|750220|750400|750512|750521|750522|750610|750620|750711|750712,Processed,2852874.32,direct,35.86166,104.195397,-38.416097,-63.616672
Nickel,CHN,UKR,China,Ukraine,282540|750220|750400|750511|750512|750521|750522|750610|750620|750711|750712,Processed,2782281.48,direct,35.86166,104.195397,48.379433,31.16558
Nickel,CHN,QAT,China,Qatar,750512|750521|750522|750610|750711|750712,Processed,2416822.187,direct,35.86166,104.195397,25.354826,51.183884
Nickel,CHN,OMN,China,Oman,750512|750522|750610|750712,Processed,1986144,direct,35.86166,104.195397,21.512583,55.923255
Nickel,CHN,CHN,China,China,282540|750400|750512|750521|750522|750610|750620|750711|750712,Processed,1741630,mirror,35.86166,104.195397,35.86166,104.195397
Nickel,CHN,BLR,China,Belarus,750400|750511|750512|750521|750522|750610|750620|750711|750712,Processed,1655012,direct,35.86166,104.195397,53.709807,27.953389
Nickel,CHN,SVN,China,Slovenia,750120|750210|750400|750512|750522|750610|750620|750712,Processed,1563962.64,direct,35.86166,104.195397,46.151241,14.995463
Nickel,CHN,ZAF,China,South Africa,282540|282735|750210|750220|750300|750400|750511|750512|750521|750522|750610|750620|750712,Processed,1557186.12,direct,35.86166,104.195397,-30.559482,22.937506
Nickel,CHN,IRQ,China,Iraq,750511|750512|750522|750610|750620|750712,Processed,1487096,direct,35.86166,104.195397,33.223191,43.679291
Nickel,CHN,CZE,China,Czechia,282540|282735|750220|750400|750511|750512|750521|750522|750610|750620|750712,Processed,1478065,direct,35.86166,104.195397,49.817492,15.472962
Nickel,CHN,EGY,China,Egypt,282540|282735|283324|750210|750220|750400|750511|750512|750521|750522|750610|750620|750711|750712,Processed,1469884.461,direct,35.86166,104.195397,26.820553,30.802498
Nickel,CHN,CHE,China,Switzerland,282540|750210|750220|750300|750400|750511|750512|750521|750522|750610|750620|750711|750712,Processed,1406219.384,direct,35.86166,104.195397,46.818188,8.227512
Nickel,CHN,ISR,China,Israel,282540|282735|283324|750400|750511|750512|750521|750522|750610|750620|750711|750712,Processed,1091429,direct,35.86166,104.195397,31.046051,34.851612
Nickel,CHN,PHL,China,Philippines,282735|283324|750110|750400|750511|750512|750521|750522|750610|750620|750711|750712,Processed,1050114,direct,35.86166,104.195397,12.879721,121.774017
Nickel,CHN,CYP,China,Cyprus,282540|750522|750712,Processed,962496,mirror,35.86166,104.195397,35.126413,33.429859
Nickel,CHN,DZA,China,Algeria,750512|750521|750522|750610|750620|750712,Processed,946264,direct,35.86166,104.195397,28.033886,1.659626
Nickel,CHN,FIN,China,Finland,282735|283324|750400|750511|750512|750522|750610|750620|750712,Processed,828044.685,direct,35.86166,104.195397,61.92411,25.748151
Nickel,CHN,BGR,China,Bulgaria,750400|750512|750522|750610|750620|750712,Processed,747817.556,direct,35.86166,104.195397,42.733883,25.48583
Nickel,CHN,DOM,China,Dominican Rep.,283324|750512|750522|750712,Processed,722532.168,direct,35.86166,104.195397,18.735693,-70.162651
Nickel,CHN,KWT,China,Kuwait,750512|750522|750610|750620|750712,Processed,655135,direct,35.86166,104.195397,29.31166,47.481766
Nickel,CHN,BGD,China,Bangladesh,282735|283324|750400|750511|750512|750521|750522|750610|750711|750712,Processed,653768,direct,35.86166,104.195397,23.684994,90.356331
Nickel,CHN,BHR,China,Bahrain,750511|750512|750521|750620|750712,Processed,614914.17,direct,35.86166,104.195397,26.0275,50.55
Nickel,CHN,ROU,China,Romania,750400|750512|750521|750522|750610|750620|750711|750712,Processed,586928.12,direct,35.86166,104.195397,45.943161,24.96676
Nickel,CHN,CHL,China,Chile,282540|750220|750400|750511|750512|750521|750522|750610|750620|750712,Processed,545846.31,direct,35.86166,104.195397,-35.675147,-71.542969
Nickel,CHN,IRL,China,Ireland,282540|283324|750120|750210|750400|750511|750512|750521|750522|750610|750620|750712,Processed,517358.535,direct,35.86166,104.195397,53.41291,-8.24389
Nickel,CHN,SYR,China,Syria,750620,Processed,448535,direct,35.86166,104.195397,34.802075,38.996815
Nickel,CHN,NGA,China,Nigeria,282540|750511|750512|750521|750522|750610|750620|750711|750712,Processed,423615.292,direct,35.86166,104.195397,9.081999,8.675277
Nickel,CHN,ARM,China,Armenia,283324|750220|750522|750610|750620,Processed,389314,mirror,35.86166,104.195397,40.069099,45.038189
Nickel,CHN,KGZ,China,Kyrgyzstan,750400|750512|750522|750712,Processed,248287,direct,35.86166,104.195397,41.20438,74.766098
Nickel,CHN,MDG,China,Madagascar,750522|750620|750712,Processed,245819,direct,35.86166,104.195397,-18.766947,46.869107
Nickel,CHN,PER,China,Peru,750220|750512|750521|750522|750610|750620|750712,Processed,238302.776,direct,35.86166,104.195397,-9.189967,-75.015152
Nickel,CHN,TZA,China,United Rep. of Tanzania,282540|750512|750522|750610|750620|750712,Processed,233222,direct,35.86166,104.195397,-6.369028,34.888822
Nickel,CHN,PRY,China,Paraguay,282735|283324|750220|750400|750512|750522|750610|750712,Processed,208266.04,direct,35.86166,104.195397,-23.442503,-58.443832
Nickel,CHN,COL,China,Colombia,282735|750210|750220|750400|750512|750521|750522|750610|750620,Processed,203278.22,direct,35.86166,104.195397,4.570868,-74.297333
Nickel,CHN,HUN,China,Hungary,750400|750511|750512|750522|750610|750620|750711,Processed,192478.16,direct,35.86166,104.195397,47.162494,19.503304
Nickel,CHN,ECU,China,Ecuador,750511|750512|750521|750522|750610|750620|750711|750712,Processed,191432.128,direct,35.86166,104.195397,-1.831239,-78.183406
Nickel,CHN,CRI,China,Costa Rica,750512|750521|750522|750610|750620|750712,Processed,156541.84,direct,35.86166,104.195397,9.748917,-83.753428
Nickel,CHN,_X ,China,"Areas, nes",750400|750512|750522|750610|750712,Processed,139468,direct,35.86166,104.195397,,
Nickel,CHN,SVK,China,Slovakia,282540|282735|750400|750522|750610|750620|750712,Processed,98990.391,direct,35.86166,104.195397,48.669026,19.699024
Nickel,CHN,CUB,China,Cuba,750712,Processed,88275,direct,35.86166,104.195397,21.521757,-77.781167
Nickel,CHN,BRN,China,Brunei Darussalam,750400|750712,Processed,82283,direct,35.86166,104.195397,4.535277,114.727669
Nickel,CHN,URY,China,Uruguay,282735|283324|750400|750511|750512|750522|750610|750620,Processed,69931,direct,35.86166,104.195397,-32.522779,-55.765835
Nickel,CHN,LTU,China,Lithuania,750210|750400|750512|750521|750522|750610|750620,Processed,61156,direct,35.86166,104.195397,55.169438,23.881275
Nickel,CHN,EST,China,Estonia,750220|750511|750512|750522|750610|750620|750712,Processed,58818.96,direct,35.86166,104.195397,58.595272,25.013607
Nickel,CHN,NOR,China,Norway,750210|750400|750512|750522|750610|750620|750712,Processed,58572.879,direct,35.86166,104.195397,60.472024,8.468946
Nickel,CHN,LBY,China,Libya,750610|750620|750712,Processed,52238,direct,35.86166,104.195397,26.3351,17.228331
Nickel,CHN,GRC,China,Greece,750400|750512|750522|750610|750620,Processed,45805.13,direct,35.86166,104.195397,39.074208,21.824312
Nickel,CHN,CIV,China,Côte d'Ivoire,282735|283324|750110|750521|750522|750610|750711,Processed,43415.215,direct,35.86166,104.195397,7.539989,-5.54708
Nickel,CHN,DNK,China,Denmark,282735|750220|750300|750511|750512|750521|750522|750610|750620|750711|750712,Processed,37116.135,direct,35.86166,104.195397,56.26392,9.501785
Nickel,CHN,BOL,China,Bolivia (Plurinational State of),750512|750522|750610|750620,Processed,35167,direct,35.86166,104.195397,-16.290154,-63.588653
Nickel,CHN,BFA,China,Burkina Faso,750210,Processed,33524.004,mirror,35.86166,104.195397,12.364566,-1.561593
Nickel,CHN,PRT,China,Portugal,750400|750512|750522|750610|750620|750712,Processed,32529.704,direct,35.86166,104.195397,39.399872,-8.224454
Nickel,CHN,LBN,China,Lebanon,750512|750521|750522|750610,Processed,28752,direct,35.86166,104.195397,33.854721,35.862285
Nickel,CHN,LKA,China,Sri Lanka,282540|282735|283324|750400|750512|750521|750522|750610|750620,Processed,26206.516,direct,35.86166,104.195397,7.873054,80.771797
Nickel,CHN,GEO,China,Georgia,750522|750620|750712,Processed,25275.412,mirror,35.86166,104.195397,42.315407,43.356892
Nickel,CHN,NZL,China,New Zealand,282540|750210|750400|750512|750522|750610|750620,Processed,25187.947,direct,35.86166,104.195397,-40.900557,174.885971
Nickel,CHN,JOR,China,Jordan,750512|750521|750522|750712,Processed,24149.38,direct,35.86166,104.195397,30.585164,36.238414
Nickel,CHN,GUY,China,Guyana,750400|750512,Processed,22579,direct,35.86166,104.195397,4.860416,-58.93018
Nickel,CHN,LUX,China,Luxembourg,750522|750610|750620,Processed,22160.401,direct,35.86166,104.195397,49.815273,6.129583
Nickel,CHN,MHL,China,Marshall Isds,750712,Processed,22000,direct,35.86166,104.195397,,
Nickel,CHN,LVA,China,Latvia,750522|750610|750620|750712,Processed,21477.608,direct,35.86166,104.195397,56.879635,24.603189
Nickel,CHN,TUN,China,Tunisia,750220|750400|750512|750521|750522|750610|750620,Processed,19368.648,direct,35.86166,104.195397,33.886917,9.537499
Nickel,CHN,GMB,China,Gambia,750120|750610|750620,Processed,18220.055,direct,35.86166,104.195397,13.443182,-15.310139
Nickel,CHN,KEN,China,Kenya,750220|750512|750522|750610|750620|750711,Processed,16023.616,direct,35.86166,104.195397,-0.023559,37.906193
Nickel,CHN,MLT,China,Malta,750511|750610|750620|750712,Processed,15617.12,direct,35.86166,104.195397,35.937496,14.375416
Nickel,CHN,MMR,China,Myanmar,750522,Processed,15503,direct,35.86166,104.195397,21.913965,95.956223
Nickel,CHN,UGA,China,Uganda,750400|750511|750522|750610|750620,Processed,14291.75,direct,35.86166,104.195397,1.373333,32.290275
Nickel,CHN,GTM,China,Guatemala,750400|750512|750522,Processed,13519,direct,35.86166,104.195397,15.783471,-90.230759
Nickel,CHN,VEN,China,Venezuela,750512|750712,Processed,12267,direct,35.86166,104.195397,6.42375,-66.58973
Nickel,CHN,GHA,China,Ghana,750522|750610,Processed,11589,direct,35.86166,104.195397,7.946527,-1.023194
Nickel,CHN,MOZ,China,Mozambique,750110|750511|750512|750522|750610,Processed,10962,direct,35.86166,104.195397,-18.665695,35.529562
Nickel,CHN,SLV,China,El Salvador,283324|750522|750610|750620,Processed,10816.69,mirror,35.86166,104.195397,13.794185,-88.89653
Nickel,CHN,TKM,China,Turkmenistan,750512,Processed,9000,direct,35.86166,104.195397,38.969719,59.556278
Nickel,CHN,ETH,China,Ethiopia,282540|750512|750522|750610,Processed,6619,direct,35.86166,104.195397,9.145,40.489673
Nickel,CHN,COD,China,Dem. Rep. of the Congo,750522|750712,Processed,6583,direct,35.86166,104.195397,-4.038333,21.758664
Nickel,CHN,TTO,China,Trinidad and Tobago,750522|750620|750712,Processed,6246,direct,35.86166,104.195397,10.691803,-61.222503
Nickel,CHN,ZMB,China,Zambia,750512|750610|750711,Processed,6059.689,mirror,35.86166,104.195397,-13.133897,27.849332
Nickel,CHN,MNG,China,Mongolia,750522|750610|750620,Processed,5494,direct,35.86166,104.195397,46.862496,103.846656
Nickel,CHN,DJI,China,Djibouti,750610,Processed,4620,direct,35.86166,104.195397,11.825138,42.590275
Nickel,CHN,KHM,China,Cambodia,282540|750512|750522|750610,Processed,4272,direct,35.86166,104.195397,12.565679,104.990963
Nickel,CHN,AGO,China,Angola,750512|750522|750610|750712,Processed,4271.69,direct,35.86166,104.195397,-11.202692,17.873887
Nickel,CHN,LBR,China,Liberia,750712,Processed,4172,direct,35.86166,104.195397,6.428055,-9.429499
Nickel,CHN,NAM,China,Namibia,750522|750610|750620|750711,Processed,3757.78,direct,35.86166,104.195397,-22.95764,18.49041
Nickel,CHN,BIH,China,Bosnia Herzegovina,750512|750522|750610,Processed,3629.16,direct,35.86166,104.195397,43.915886,17.679076
Nickel,CHN,TJK,China,Tajikistan,750522,Processed,2961,direct,35.86166,104.195397,38.861034,71.276093
Nickel,CHN,MKD,China,North Macedonia,750610,Processed,2470,direct,35.86166,104.195397,41.608635,21.745275
Nickel,CHN,SSD,China,South Sudan,750610,Processed,1447,direct,35.86166,104.195397,6.876991,31.306978
Nickel,CHN,PAN,China,Panama,750522|750610|750712,Processed,1373,direct,35.86166,104.195397,8.537981,-80.782127
Nickel,CHN,NIC,China,Nicaragua,750511|750512|750522,Processed,1295.1,direct,35.86166,104.195397,12.865416,-85.207229
Nickel,CHN,PNG,China,Papua New Guinea,750712,Processed,1247,direct,35.86166,104.195397,-6.314993,143.95555
Nickel,CHN,HND,China,Honduras,750522|750711,Processed,1137.79,direct,35.86166,104.195397,15.199999,-86.241905
Nickel,CHN,SEN,China,Senegal,750220,Processed,989.536,mirror,35.86166,104.195397,14.497401,14.452362
Nickel,CHN,ISL,China,Iceland,750120|750522|750610,Processed,853.908,direct,35.86166,104.195397,64.963051,-19.020835
Nickel,CHN,YEM,China,Yemen,750512|750522,Processed,823,direct,35.86166,104.195397,15.552727,48.516388
Nickel,CHN,RWA,China,Rwanda,750610,Processed,669,direct,35.86166,104.195397,-1.940278,29.873888
Nickel,CHN,NPL,China,Nepal,750610,Processed,415,direct,35.86166,104.195397,28.394857,84.124008
Nickel,CHN,ZWE,China,Zimbabwe,750512|750522,Processed,377,direct,35.86166,104.195397,-19.015438,29.154857
Nickel,CHN,MDA,China,Rep. of Moldova,750522|750610,Processed,91,direct,35.86166,104.195397,47.411631,28.369885
Nickel,CHN,NER,China,Niger,750522,Processed,66.032,mirror,35.86166,104.195397,17.607789,8.081666
Nickel,CHN,MUS,China,Mauritius,750610,Processed,49,direct,35.86166,104.195397,-20.348404,57.552152
Nickel,CHN,SDN,China,Sudan,750522,Processed,21,direct,35.86166,104.195397,12.862807,30.217636
Nickel,CHN,MWI,China,Malawi,750610,Processed,9.069,mirror,35.86166,104.195397,-13.254308,34.301525
Nickel,CHN,A79,China,"Rest of America, nes",750610,Processed,9,direct,35.86166,104.195397,,
Nickel,CHN,SLE,China,Sierra Leone,750610,Processed,8,direct,35.86166,104.195397,8.460555,-11.779889
Nickel,COL,USA,Colombia,USA,750300,Processed,4543645,mirror,4.570868,-74.297333,37.09024,-95.712891
Nickel,COL,CAN,Colombia,Canada,750300,Processed,85069.756,mirror,4.570868,-74.297333,56.130366,-106.346771
Nickel,COL,CHE,Colombia,Switzerland,282540,Processed,51600,direct,4.570868,-74.297333,46.818188,8.227512
Nickel,COL,AGO,Colombia,Angola,750712,Processed,30000,mirror,4.570868,-74.297333,-11.202692,17.873887
Nickel,COL,POL,Colombia,Poland,750210,Processed,16303,mirror,4.570868,-74.297333,51.919438,19.145136
Nickel,COL,DEU,Colombia,Germany,750300,Processed,15827.104,mirror,4.570868,-74.297333,51.165691,10.451526
Nickel,COL,ECU,Colombia,Ecuador,282735|750220|750512,Processed,7121.04,direct,4.570868,-74.297333,-1.831239,-78.183406
Nickel,COL,CUB,Colombia,Cuba,750512,Processed,7014,direct,4.570868,-74.297333,21.521757,-77.781167
Nickel,COL,ESP,Colombia,Spain,750300|750512,Processed,4459.84,direct,4.570868,-74.297333,40.463667,-3.74922
Nickel,COL,NLD,Colombia,Netherlands,750300,Processed,686.229,mirror,4.570868,-74.297333,52.132633,5.291266
Nickel,COL,SLV,Colombia,El Salvador,750512,Processed,412.55,direct,4.570868,-74.297333,13.794185,-88.89653
Nickel,COL,CRI,Colombia,Costa Rica,750522,Processed,49.69,direct,4.570868,-74.297333,9.748917,-83.753428
Nickel,COG,IND,Congo,India,750300,Processed,70616.934,mirror,-0.228021,15.827659,20.593684,78.96288
Nickel,CRI,USA,Costa Rica,USA,750300|750512|750521|750522|750711|750712,Processed,27475376.7,direct,9.748917,-83.753428,37.09024,-95.712891
Nickel,CRI,ISR,Costa Rica,Israel,750220,Processed,1290513,direct,9.748917,-83.753428,31.046051,34.851612
Nickel,CRI,CAN,Costa Rica,Canada,750712,Processed,928507.692,mirror,9.748917,-83.753428,56.130366,-106.346771
Nickel,CRI,DEU,Costa Rica,Germany,750522|750711|750712,Processed,780202.06,direct,9.748917,-83.753428,51.165691,10.451526
Nickel,CRI,CHN,Costa Rica,China,750522,Processed,107993.34,direct,9.748917,-83.753428,35.86166,104.195397
Nickel,CRI,NLD,Costa Rica,Netherlands,750522,Processed,61214.027,mirror,9.748917,-83.753428,52.132633,5.291266
Nickel,CRI,SGP,Costa Rica,Singapore,750522,Processed,53211.16,direct,9.748917,-83.753428,1.352083,103.819836
Nickel,CRI,IRL,Costa Rica,Ireland,750521|750522|750712,Processed,51353.715,direct,9.748917,-83.753428,53.41291,-8.24389
Nickel,CRI,S19,Costa Rica,"Other Asia, nes",750522|750712,Processed,42103.045,direct,9.748917,-83.753428,,
Nickel,CRI,IND,Costa Rica,India,750522,Processed,16206.24,direct,9.748917,-83.753428,20.593684,78.96288
Nickel,CRI,GAB,Costa Rica,Gabon,750712,Processed,11466.84,direct,9.748917,-83.753428,-0.803689,11.609444
Nickel,CRI,DNK,Costa Rica,Denmark,750511,Processed,2.901,mirror,9.748917,-83.753428,56.26392,9.501785
Nickel,CRI,MEX,Costa Rica,Mexico,750522,Processed,1.5,direct,9.748917,-83.753428,23.634501,-102.552784
Nickel,HRV,DEU,Croatia,Germany,750300|750400|750511|750512|750522|750620,Processed,525851,direct,45.1,15.2,51.165691,10.451526
Nickel,HRV,AUT,Croatia,Austria,750512|750620,Processed,400227.493,mirror,45.1,15.2,47.516231,14.550072
Nickel,HRV,TUR,Croatia,Türkiye,750400|750712,Processed,306150,direct,45.1,15.2,38.963745,35.243322
Nickel,HRV,ITA,Croatia,Italy,750210,Processed,259283.046,mirror,45.1,15.2,41.87194,12.56738
Nickel,HRV,NLD,Croatia,Netherlands,282735|750210|750300|750400|750512|750522|750620|750712,Processed,179257.05,direct,45.1,15.2,52.132633,5.291266
Nickel,HRV,SVN,Croatia,Slovenia,750110|750210|750220|750300|750512|750522|750620,Processed,96273.904,direct,45.1,15.2,46.151241,14.995463
Nickel,HRV,ROU,Croatia,Romania,750400,Processed,72522,direct,45.1,15.2,45.943161,24.96676
Nickel,HRV,CHE,Croatia,Switzerland,750620,Processed,26500,direct,45.1,15.2,46.818188,8.227512
Nickel,HRV,ZAF,Croatia,South Africa,750400,Processed,24725,direct,45.1,15.2,-30.559482,22.937506
Nickel,HRV,BEL,Croatia,Belgium,750300,Processed,24181,direct,45.1,15.2,50.503887,4.469936
Nickel,HRV,GBR,Croatia,United Kingdom,750400,Processed,12317.728,mirror,45.1,15.2,55.378051,-3.435973
Nickel,HRV,HUN,Croatia,Hungary,750400,Processed,10078,direct,45.1,15.2,47.162494,19.503304
Nickel,HRV,FRA,Croatia,France,750512|750711,Processed,9348.92,direct,45.1,15.2,46.227638,2.213749
Nickel,HRV,BIH,Croatia,Bosnia Herzegovina,750210|750512|750522,Processed,8140,direct,45.1,15.2,43.915886,17.679076
Nickel,HRV,USA,Croatia,USA,750400,Processed,7887,direct,45.1,15.2,37.09024,-95.712891
Nickel,HRV,SRB,Croatia,Serbia,750522,Processed,3538,direct,45.1,15.2,44.016521,21.005859
Nickel,HRV,IRL,Croatia,Ireland,750712,Processed,1561.875,mirror,45.1,15.2,53.41291,-8.24389
Nickel,HRV,BRA,Croatia,Brazil,750512,Processed,206,mirror,45.1,15.2,-14.235004,-51.92528
Nickel,CUB,SVN,Cuba,Slovenia,750210,Processed,70500133.36,mirror,21.521757,-77.781167,46.151241,14.995463
Nickel,CUB,CHN,Cuba,China,282540|750120,Processed,54771494,mirror,21.521757,-77.781167,35.86166,104.195397
Nickel,CUB,NLD,Cuba,Netherlands,282540|750120,Processed,35970716.27,mirror,21.521757,-77.781167,52.132633,5.291266
Nickel,CUB,ESP,Cuba,Spain,282540,Processed,4269772.072,mirror,21.521757,-77.781167,40.463667,-3.74922
Nickel,CUW,ARM,Curaçao,Armenia,750512|750610,Processed,13369.8,mirror,,,40.069099,45.038189
Nickel,CUW,NLD,Curaçao,Netherlands,750210,Processed,2381.237,mirror,,,52.132633,5.291266
Nickel,CUW,SAU,Curaçao,Saudi Arabia,750610,Processed,621.867,mirror,,,23.885942,45.079162
Nickel,CYP,KOR,Cyprus,Rep. of Korea,283324,Processed,1068377,mirror,35.126413,33.429859,35.907757,127.766922
Nickel,CYP,GRC,Cyprus,Greece,750400,Processed,1703.666,mirror,35.126413,33.429859,39.074208,21.824312
Nickel,CYP,NLD,Cyprus,Netherlands,750210|750400|750512|750712,Processed,20.565,mirror,35.126413,33.429859,52.132633,5.291266
Nickel,CZE,ITA,Czechia,Italy,750210|750300|750400|750512|750522|750620|750712,Processed,92509299.2,direct,49.817492,15.472962,41.87194,12.56738
Nickel,CZE,FRA,Czechia,France,750210|750220|750300|750400|750512|750522|750712,Processed,63791850.87,direct,49.817492,15.472962,46.227638,2.213749
Nickel,CZE,CHN,Czechia,China,750400|750512|750522|750620|750712,Processed,27904936,direct,49.817492,15.472962,35.86166,104.195397
Nickel,CZE,DEU,Czechia,Germany,282540|750210|750220|750300|750400|750512|750521|750522|750610|750620|750712,Processed,19225644,direct,49.817492,15.472962,51.165691,10.451526
Nickel,CZE,GBR,Czechia,United Kingdom,750210|750220|750300|750512|750522|750610|750620|750712,Processed,16469960,direct,49.817492,15.472962,55.378051,-3.435973
Nickel,CZE,SWE,Czechia,Sweden,750300|750512|750522|750712,Processed,11780760,direct,49.817492,15.472962,60.128161,18.643501
Nickel,CZE,JPN,Czechia,Japan,750300|750610,Processed,6957416,direct,49.817492,15.472962,36.204824,138.252924
Nickel,CZE,POL,Czechia,Poland,282735|283324|750210|750220|750300|750512|750522|750610|750620,Processed,5940713,direct,49.817492,15.472962,51.919438,19.145136
Nickel,CZE,SVK,Czechia,Slovakia,282735|283324|750110|750210|750300|750400|750511|750512|750521|750522|750610|750620|750711|750712,Processed,3389027.296,direct,49.817492,15.472962,48.669026,19.699024
Nickel,CZE,USA,Czechia,USA,282540|283324|750300|750400|750512|750522|750620|750712,Processed,3078092,direct,49.817492,15.472962,37.09024,-95.712891
Nickel,CZE,SAU,Czechia,Saudi Arabia,750110|750512|750522,Processed,2360282.8,direct,49.817492,15.472962,23.885942,45.079162
Nickel,CZE,SGP,Czechia,Singapore,750512|750522|750712,Processed,1657350.504,direct,49.817492,15.472962,1.352083,103.819836
Nickel,CZE,TUR,Czechia,Türkiye,750400|750512|750522|750610|750620,Processed,1560324,direct,49.817492,15.472962,38.963745,35.243322
Nickel,CZE,ARE,Czechia,United Arab Emirates,750512|750522|750620,Processed,1410902,direct,49.817492,15.472962,23.424076,53.847818
Nickel,CZE,IND,Czechia,India,750512|750522|750620|750712,Processed,1080385.964,direct,49.817492,15.472962,20.593684,78.96288
Nickel,CZE,AUT,Czechia,Austria,750210|750300|750512|750521|750522|750620,Processed,984051.612,direct,49.817492,15.472962,47.516231,14.550072
Nickel,CZE,MYS,Czechia,Malaysia,750300|750522|750620,Processed,973163.69,direct,49.817492,15.472962,4.210484,101.975766
Nickel,CZE,DNK,Czechia,Denmark,750512|750522|750620|750712,Processed,971456.523,direct,49.817492,15.472962,56.26392,9.501785
Nickel,CZE,ROU,Czechia,Romania,282735|750511|750512|750522|750610|750620|750711|750712,Processed,779812.12,direct,49.817492,15.472962,45.943161,24.96676
Nickel,CZE,MEX,Czechia,Mexico,750712,Processed,525714,direct,49.817492,15.472962,23.634501,-102.552784
Nickel,CZE,DZA,Czechia,Algeria,750512|750522,Processed,427620,direct,49.817492,15.472962,28.033886,1.659626
Nickel,CZE,BEL,Czechia,Belgium,750210|750400|750512|750522|750712,Processed,402612.188,direct,49.817492,15.472962,50.503887,4.469936
Nickel,CZE,LTU,Czechia,Lithuania,750512|750522|750620,Processed,393688,direct,49.817492,15.472962,55.169438,23.881275
Nickel,CZE,THA,Czechia,Thailand,750400,Processed,376076,direct,49.817492,15.472962,15.870032,100.992541
Nickel,CZE,BGR,Czechia,Bulgaria,750210|750512|750521|750522|750620,Processed,369784,direct,49.817492,15.472962,42.733883,25.48583
Nickel,CZE,NLD,Czechia,Netherlands,282540|282735|283324|750210|750300|750400|750511|750512|750521|750522|750610|750620|750711,Processed,365604.451,direct,49.817492,15.472962,52.132633,5.291266
Nickel,CZE,BRA,Czechia,Brazil,750512|750522,Processed,336300,direct,49.817492,15.472962,-14.235004,-51.92528
Nickel,CZE,FIN,Czechia,Finland,750210|750512|750522,Processed,242476,direct,49.817492,15.472962,61.92411,25.748151
Nickel,CZE,QAT,Czechia,Qatar,750512|750712,Processed,223451.558,direct,49.817492,15.472962,25.354826,51.183884
Nickel,CZE,CAN,Czechia,Canada,283324|750300,Processed,222448,direct,49.817492,15.472962,56.130366,-106.346771
Nickel,CZE,EST,Czechia,Estonia,750512|750522|750620,Processed,184732,direct,49.817492,15.472962,58.595272,25.013607
Nickel,CZE,NOR,Czechia,Norway,750511|750512|750522|750712,Processed,184717.74,direct,49.817492,15.472962,60.472024,8.468946
Nickel,CZE,BIH,Czechia,Bosnia Herzegovina,750210|750400,Processed,184370.528,direct,49.817492,15.472962,43.915886,17.679076
Nickel,CZE,KOR,Czechia,Rep. of Korea,750300|750400|750512|750522|750620,Processed,178748,direct,49.817492,15.472962,35.907757,127.766922
Nickel,CZE,ISR,Czechia,Israel,750220|750522,Processed,178238,direct,49.817492,15.472962,31.046051,34.851612
Nickel,CZE,AZE,Czechia,Azerbaijan,750512|750522,Processed,168092,direct,49.817492,15.472962,40.143105,47.576927
Nickel,CZE,ESP,Czechia,Spain,750512|750522|750712,Processed,165522.528,direct,49.817492,15.472962,40.463667,-3.74922
Nickel,CZE,IDN,Czechia,Indonesia,750512|750522|750711|750712,Processed,164656,direct,49.817492,15.472962,-0.789275,113.921327
Nickel,CZE,SVN,Czechia,Slovenia,750210|750300,Processed,114746.28,direct,49.817492,15.472962,46.151241,14.995463
Nickel,CZE,HUN,Czechia,Hungary,282735|750210|750512|750522|750620,Processed,111856.364,direct,49.817492,15.472962,47.162494,19.503304
Nickel,CZE,KAZ,Czechia,Kazakhstan,750512|750522,Processed,95304,direct,49.817492,15.472962,48.019573,66.923684
Nickel,CZE,ARM,Czechia,Armenia,750521,Processed,74750,direct,49.817492,15.472962,40.069099,45.038189
Nickel,CZE,COL,Czechia,Colombia,750512|750522,Processed,71070,direct,49.817492,15.472962,4.570868,-74.297333
Nickel,CZE,OMN,Czechia,Oman,750522,Processed,64936,direct,49.817492,15.472962,21.512583,55.923255
Nickel,CZE,ZAF,Czechia,South Africa,750512|750522|750620,Processed,60932.74,direct,49.817492,15.472962,-30.559482,22.937506
Nickel,CZE,SRB,Czechia,Serbia,750210|750522|750620,Processed,46554,direct,49.817492,15.472962,44.016521,21.005859
Nickel,CZE,BHR,Czechia,Bahrain,750522,Processed,40090,direct,49.817492,15.472962,26.0275,50.55
Nickel,CZE,UKR,Czechia,Ukraine,750512|750610,Processed,36346,direct,49.817492,15.472962,48.379433,31.16558
Nickel,CZE,VNM,Czechia,Viet Nam,750400|750512,Processed,35884,direct,49.817492,15.472962,14.058324,108.277199
Nickel,CZE,MDA,Czechia,Rep. of Moldova,750522,Processed,25492,mirror,49.817492,15.472962,47.411631,28.369885
Nickel,CZE,HRV,Czechia,Croatia,750522,Processed,25214,direct,49.817492,15.472962,45.1,15.2
Nickel,CZE,GRC,Czechia,Greece,283324|750400|750512|750522,Processed,25179.082,direct,49.817492,15.472962,39.074208,21.824312
Nickel,CZE,PRT,Czechia,Portugal,750512,Processed,22110,direct,49.817492,15.472962,39.399872,-8.224454
Nickel,CZE,GEO,Czechia,Georgia,750400,Processed,21716,direct,49.817492,15.472962,42.315407,43.356892
Nickel,CZE,PER,Czechia,Peru,750512|750522,Processed,11924.212,direct,49.817492,15.472962,-9.189967,-75.015152
Nickel,CZE,JOR,Czechia,Jordan,750512|750712,Processed,9918,direct,49.817492,15.472962,30.585164,36.238414
Nickel,CZE,IRL,Czechia,Ireland,750522|750620,Processed,9377.005,direct,49.817492,15.472962,53.41291,-8.24389
Nickel,CZE,AGO,Czechia,Angola,750712,Processed,7356.27,mirror,49.817492,15.472962,-11.202692,17.873887
Nickel,CZE,MAR,Czechia,Morocco,750620,Processed,5319.662,mirror,49.817492,15.472962,31.791702,-7.09262
Nickel,CZE,LUX,Czechia,Luxembourg,750512,Processed,3742,direct,49.817492,15.472962,49.815273,6.129583
Nickel,CZE,NGA,Czechia,Nigeria,750512,Processed,3218,direct,49.817492,15.472962,9.081999,8.675277
Nickel,CZE,UZB,Czechia,Uzbekistan,750220,Processed,2938,direct,49.817492,15.472962,41.377491,64.585262
Nickel,CZE,CHE,Czechia,Switzerland,750512|750521|750522,Processed,2883.108,direct,49.817492,15.472962,46.818188,8.227512
Nickel,CZE,S19,Czechia,"Other Asia, nes",750220|750620,Processed,1456.323,direct,49.817492,15.472962,,
Nickel,CZE,CYP,Czechia,Cyprus,750522,Processed,732,direct,49.817492,15.472962,35.126413,33.429859
Nickel,CZE,TUN,Czechia,Tunisia,750610,Processed,229.127,mirror,49.817492,15.472962,33.886917,9.537499
Nickel,CZE,BOL,Czechia,Bolivia (Plurinational State of),750522,Processed,4,mirror,49.817492,15.472962,-16.290154,-63.588653
Nickel,CIV,NLD,Côte d'Ivoire,Netherlands,750300,Processed,41120.716,mirror,7.539989,-5.54708,52.132633,5.291266
Nickel,CIV,ZAF,Côte d'Ivoire,South Africa,750220,Processed,37.498,direct,7.539989,-5.54708,-30.559482,22.937506
Nickel,COD,CHN,Dem. Rep. of the Congo,China,750120,Processed,6514544,mirror,-4.038333,21.758664,35.86166,104.195397
Nickel,DNK,FRA,Denmark,France,750120|750300|750400|750620,Processed,20527050.23,direct,56.26392,9.501785,46.227638,2.213749
Nickel,DNK,CHN,Denmark,China,282540|750400|750511|750521|750522|750620|750711|750712,Processed,5021026.583,direct,56.26392,9.501785,35.86166,104.195397
Nickel,DNK,NLD,Denmark,Netherlands,283324|750120|750210|750300|750512|750522|750620|750712,Processed,2567782.805,direct,56.26392,9.501785,52.132633,5.291266
Nickel,DNK,DEU,Denmark,Germany,750120|750300|750512|750620|750712,Processed,1958424.051,direct,56.26392,9.501785,51.165691,10.451526
Nickel,DNK,MYS,Denmark,Malaysia,750400|750620,Processed,1496961.38,mirror,56.26392,9.501785,4.210484,101.975766
Nickel,DNK,ZAF,Denmark,South Africa,750512,Processed,1173981.688,direct,56.26392,9.501785,-30.559482,22.937506
Nickel,DNK,POL,Denmark,Poland,750300|750512|750522|750620|750712,Processed,1061198.597,direct,56.26392,9.501785,51.919438,19.145136
Nickel,DNK,NGA,Denmark,Nigeria,750512,Processed,766630.386,direct,56.26392,9.501785,9.081999,8.675277
Nickel,DNK,NOR,Denmark,Norway,282735|283324|750110|750300|750400|750512|750522|750610|750620|750712,Processed,726809.646,direct,56.26392,9.501785,60.472024,8.468946
Nickel,DNK,IRL,Denmark,Ireland,750610|750712,Processed,625943.867,mirror,56.26392,9.501785,53.41291,-8.24389
Nickel,DNK,SWE,Denmark,Sweden,283324|750110|750210|750300|750522|750620,Processed,484779.19,direct,56.26392,9.501785,60.128161,18.643501
Nickel,DNK,USA,Denmark,USA,750400|750512|750522|750620|750712,Processed,406437.168,direct,56.26392,9.501785,37.09024,-95.712891
Nickel,DNK,ITA,Denmark,Italy,750300|750512,Processed,340516.253,direct,56.26392,9.501785,41.87194,12.56738
Nickel,DNK,QAT,Denmark,Qatar,750512|750620,Processed,284860.581,direct,56.26392,9.501785,25.354826,51.183884
Nickel,DNK,ARE,Denmark,United Arab Emirates,750300|750512,Processed,169929.385,direct,56.26392,9.501785,23.424076,53.847818
Nickel,DNK,LTU,Denmark,Lithuania,750300|750512,Processed,48749.569,direct,56.26392,9.501785,55.169438,23.881275
Nickel,DNK,GRC,Denmark,Greece,750300|750512|750522,Processed,40632.434,direct,56.26392,9.501785,39.074208,21.824312
Nickel,DNK,ARG,Denmark,Argentina,750522|750620,Processed,40042.75,direct,56.26392,9.501785,-38.416097,-63.616672
Nickel,DNK,GBR,Denmark,United Kingdom,750300|750400|750521|750522|750620,Processed,37711.03,direct,56.26392,9.501785,55.378051,-3.435973
Nickel,DNK,AUS,Denmark,Australia,750620,Processed,29082.39,direct,56.26392,9.501785,-25.274398,133.775136
Nickel,DNK,BRA,Denmark,Brazil,750610|750712,Processed,20037.04,direct,56.26392,9.501785,-14.235004,-51.92528
Nickel,DNK,ROU,Denmark,Romania,750300|750512|750522|750712,Processed,17737.385,direct,56.26392,9.501785,45.943161,24.96676
Nickel,DNK,CZE,Denmark,Czechia,750300|750512,Processed,14706.98,direct,56.26392,9.501785,49.817492,15.472962
Nickel,DNK,FRO,Denmark,Faroe Isds,750511,Processed,10625.165,direct,56.26392,9.501785,,
Nickel,DNK,LVA,Denmark,Latvia,750300|750512|750712,Processed,7501.516,direct,56.26392,9.501785,56.879635,24.603189
Nickel,DNK,BGR,Denmark,Bulgaria,750300|750512,Processed,2494.604,direct,56.26392,9.501785,42.733883,25.48583
Nickel,DNK,CHE,Denmark,Switzerland,750110|750712,Processed,1868.438,direct,56.26392,9.501785,46.818188,8.227512
Nickel,DNK,HUN,Denmark,Hungary,750300|750512,Processed,1645.809,direct,56.26392,9.501785,47.162494,19.503304
Nickel,DNK,SVN,Denmark,Slovenia,750712,Processed,1441.443,direct,56.26392,9.501785,46.151241,14.995463
Nickel,DNK,SVK,Denmark,Slovakia,750300|750712,Processed,987.311,direct,56.26392,9.501785,48.669026,19.699024
Nickel,DNK,HRV,Denmark,Croatia,750300|750512,Processed,842.703,direct,56.26392,9.501785,45.1,15.2
Nickel,DNK,ESP,Denmark,Spain,750300,Processed,589.892,direct,56.26392,9.501785,40.463667,-3.74922
Nickel,DNK,AUT,Denmark,Austria,750300|750610,Processed,505.332,direct,56.26392,9.501785,47.516231,14.550072
Nickel,DNK,MAR,Denmark,Morocco,750522,Processed,498.071,mirror,56.26392,9.501785,31.791702,-7.09262
Nickel,DNK,LUX,Denmark,Luxembourg,750300|750512,Processed,464.429,direct,56.26392,9.501785,49.815273,6.129583
Nickel,DNK,EST,Denmark,Estonia,750300,Processed,431.505,direct,56.26392,9.501785,58.595272,25.013607
Nickel,DNK,FIN,Denmark,Finland,750120|750711,Processed,394.945,direct,56.26392,9.501785,61.92411,25.748151
Nickel,DNK,SAU,Denmark,Saudi Arabia,750521,Processed,237.001,direct,56.26392,9.501785,23.885942,45.079162
Nickel,DNK,UKR,Denmark,Ukraine,750610,Processed,150.845,direct,56.26392,9.501785,48.379433,31.16558
Nickel,DNK,SGP,Denmark,Singapore,750610,Processed,16.39,direct,56.26392,9.501785,1.352083,103.819836
Nickel,DNK,IND,Denmark,India,750711,Processed,11.313,direct,56.26392,9.501785,20.593684,78.96288
Nickel,DNK,BEL,Denmark,Belgium,750300,Processed,7.832,direct,56.26392,9.501785,50.503887,4.469936
Nickel,DMA,ITA,Dominica,Italy,750512,Processed,282382.403,mirror,,,41.87194,12.56738
Nickel,DOM,DEU,Dominican Rep.,Germany,750210,Processed,12317980.2,mirror,18.735693,-70.162651,51.165691,10.451526
Nickel,DOM,NLD,Dominican Rep.,Netherlands,750300,Processed,1049833.6,direct,18.735693,-70.162651,52.132633,5.291266
Nickel,DOM,IND,Dominican Rep.,India,750300,Processed,651328,direct,18.735693,-70.162651,20.593684,78.96288
Nickel,DOM,ESP,Dominican Rep.,Spain,750300,Processed,613740,direct,18.735693,-70.162651,40.463667,-3.74922
Nickel,DOM,CHN,Dominican Rep.,China,750300,Processed,44800,direct,18.735693,-70.162651,35.86166,104.195397
Nickel,DOM,ITA,Dominican Rep.,Italy,750512,Processed,25444.501,mirror,18.735693,-70.162651,41.87194,12.56738
Nickel,DOM,DOM,Dominican Rep.,Dominican Rep.,283324,Processed,518.72,mirror,18.735693,-70.162651,18.735693,-70.162651
Nickel,DOM,USA,Dominican Rep.,USA,283324,Processed,464,direct,18.735693,-70.162651,37.09024,-95.712891
Nickel,DOM,CUB,Dominican Rep.,Cuba,750521,Processed,129.92,direct,18.735693,-70.162651,21.521757,-77.781167
Nickel,ECU,COL,Ecuador,Colombia,750511,Processed,64017.04,direct,-1.831239,-78.183406,4.570868,-74.297333
Nickel,ECU,IND,Ecuador,India,750300,Processed,62013.424,mirror,-1.831239,-78.183406,20.593684,78.96288
Nickel,ECU,GBR,Ecuador,United Kingdom,750610,Processed,28014.212,mirror,-1.831239,-78.183406,55.378051,-3.435973
Nickel,ECU,NLD,Ecuador,Netherlands,750300,Processed,10980.75,mirror,-1.831239,-78.183406,52.132633,5.291266
Nickel,ECU,CAN,Ecuador,Canada,750120,Processed,8616.732,mirror,-1.831239,-78.183406,56.130366,-106.346771
Nickel,EGY,NLD,Egypt,Netherlands,750220|750300,Processed,474011.204,mirror,26.820553,30.802498,52.132633,5.291266
Nickel,EGY,GBR,Egypt,United Kingdom,750300,Processed,330356.636,mirror,26.820553,30.802498,55.378051,-3.435973
Nickel,EGY,SGP,Egypt,Singapore,750712,Processed,60058.373,mirror,26.820553,30.802498,1.352083,103.819836
Nickel,EGY,IND,Egypt,India,750300,Processed,28463.994,mirror,26.820553,30.802498,20.593684,78.96288
Nickel,SLV,NLD,El Salvador,Netherlands,750300,Processed,21594.573,mirror,13.794185,-88.89653,52.132633,5.291266
Nickel,SLV,USA,El Salvador,USA,283324,Processed,680.9,direct,13.794185,-88.89653,37.09024,-95.712891
Nickel,SLV,HND,El Salvador,Honduras,750522,Processed,133.1,mirror,13.794185,-88.89653,15.199999,-86.241905
Nickel,EST,DEU,Estonia,Germany,750210|750300,Processed,39650297.88,direct,58.595272,25.013607,51.165691,10.451526
Nickel,EST,ESP,Estonia,Spain,750210|750522,Processed,28238853.14,direct,58.595272,25.013607,40.463667,-3.74922
Nickel,EST,USA,Estonia,USA,750300|750522,Processed,8644933.36,direct,58.595272,25.013607,37.09024,-95.712891
Nickel,EST,GBR,Estonia,United Kingdom,750210|750300,Processed,5678936.656,direct,58.595272,25.013607,55.378051,-3.435973
Nickel,EST,LVA,Estonia,Latvia,750300,Processed,3933298.64,direct,58.595272,25.013607,56.879635,24.603189
Nickel,EST,ITA,Estonia,Italy,750210|750522,Processed,3404086.309,direct,58.595272,25.013607,41.87194,12.56738
Nickel,EST,POL,Estonia,Poland,750210|750300,Processed,2097116,mirror,58.595272,25.013607,51.919438,19.145136
Nickel,EST,AUT,Estonia,Austria,750210,Processed,1785320.544,mirror,58.595272,25.013607,47.516231,14.550072
Nickel,EST,ARE,Estonia,United Arab Emirates,750522,Processed,1604835.52,direct,58.595272,25.013607,23.424076,53.847818
Nickel,EST,FRA,Estonia,France,750210,Processed,1580253.824,mirror,58.595272,25.013607,46.227638,2.213749
Nickel,EST,CZE,Estonia,Czechia,750400,Processed,227356,mirror,58.595272,25.013607,49.817492,15.472962
Nickel,EST,UKR,Estonia,Ukraine,750620,Processed,41872.72,direct,58.595272,25.013607,48.379433,31.16558
Nickel,EST,LTU,Estonia,Lithuania,750110|750300|750620|750712,Processed,21276,mirror,58.595272,25.013607,55.169438,23.881275
Nickel,EST,NLD,Estonia,Netherlands,750300|750400|750512|750522|750620|750712,Processed,17109.668,direct,58.595272,25.013607,52.132633,5.291266
Nickel,EST,TUR,Estonia,Türkiye,750522,Processed,2843.12,direct,58.595272,25.013607,38.963745,35.243322
Nickel,EST,ROU,Estonia,Romania,750522,Processed,2232.48,direct,58.595272,25.013607,45.943161,24.96676
Nickel,EST,ZAF,Estonia,South Africa,750522|750711,Processed,476.412,mirror,58.595272,25.013607,-30.559482,22.937506
Nickel,EST,EST,Estonia,Estonia,750620,Processed,138.88,mirror,58.595272,25.013607,58.595272,25.013607
Nickel,EST,NOR,Estonia,Norway,750522,Processed,26.16,direct,58.595272,25.013607,60.472024,8.468946
Nickel,EST,ISL,Estonia,Iceland,750620,Processed,10.061,mirror,58.595272,25.013607,64.963051,-19.020835
Nickel,SWZ,IND,Eswatini,India,750522,Processed,17618.804,mirror,-26.522503,31.465866,20.593684,78.96288
Nickel,SWZ,SWE,Eswatini,Sweden,750512,Processed,10219.88,mirror,-26.522503,31.465866,60.128161,18.643501
Nickel,SWZ,CHN,Eswatini,China,750512,Processed,4972,mirror,-26.522503,31.465866,35.86166,104.195397
Nickel,FSM,IDN,FS Micronesia,Indonesia,750522,Processed,6224,mirror,,,-0.789275,113.921327
Nickel,FIN,NOR,Finland,Norway,283324|750110|750120|750210|750220|750400|750522|750620,Processed,814881833.1,direct,61.92411,25.748151,60.472024,8.468946
Nickel,FIN,NLD,Finland,Netherlands,283324|750120|750210|750300|750400|750512|750522|750620|750712,Processed,751881204.1,direct,61.92411,25.748151,52.132633,5.291266
Nickel,FIN,CHN,Finland,China,283324|750110|750120|750210|750521|750522,Processed,340254838.2,direct,61.92411,25.748151,35.86166,104.195397
Nickel,FIN,FRA,Finland,France,283324|750110|750210|750400|750512,Processed,293468022.5,direct,61.92411,25.748151,46.227638,2.213749
Nickel,FIN,CAN,Finland,Canada,283324|750110|750210|750220|750300|750512|750521,Processed,215341474.4,direct,61.92411,25.748151,56.130366,-106.346771
Nickel,FIN,USA,Finland,USA,282540|283324|750110|750210|750220|750400|750512|750522|750620,Processed,201198238,direct,61.92411,25.748151,37.09024,-95.712891
Nickel,FIN,JPN,Finland,Japan,283324|750110|750120|750210|750220|750400|750620,Processed,152446041.9,direct,61.92411,25.748151,36.204824,138.252924
Nickel,FIN,BEL,Finland,Belgium,282540|750210|750400,Processed,88978392.63,direct,61.92411,25.748151,50.503887,4.469936
Nickel,FIN,KOR,Finland,Rep. of Korea,283324|750110|750210|750400|750620,Processed,86262822.95,direct,61.92411,25.748151,35.907757,127.766922
Nickel,FIN,GBR,Finland,United Kingdom,282540|750120|750210|750220|750300|750400|750511|750620|750711,Processed,67281896.09,direct,61.92411,25.748151,55.378051,-3.435973
Nickel,FIN,IND,Finland,India,283324|750210|750400|750512,Processed,57798458.89,direct,61.92411,25.748151,20.593684,78.96288
Nickel,FIN,TUR,Finland,Türkiye,283324|750210|750400,Processed,52568944,mirror,61.92411,25.748151,38.963745,35.243322
Nickel,FIN,BRA,Finland,Brazil,283324|750210|750400,Processed,29216324.2,direct,61.92411,25.748151,-14.235004,-51.92528
Nickel,FIN,MYS,Finland,Malaysia,283324|750210,Processed,24941887.74,direct,61.92411,25.748151,4.210484,101.975766
Nickel,FIN,DEU,Finland,Germany,282540|283324|750210|750300|750400|750522|750620,Processed,18903941.64,direct,61.92411,25.748151,51.165691,10.451526
Nickel,FIN,AUS,Finland,Australia,283324,Processed,17665363.03,mirror,61.92411,25.748151,-25.274398,133.775136
Nickel,FIN,S19,Finland,"Other Asia, nes",283324|750210|750400|750620,Processed,13002913.92,direct,61.92411,25.748151,,
Nickel,FIN,CZE,Finland,Czechia,283324|750210,Processed,11329812,mirror,61.92411,25.748151,49.817492,15.472962
Nickel,FIN,SWE,Finland,Sweden,283324|750210|750300|750512|750610|750620,Processed,6715467.957,direct,61.92411,25.748151,60.128161,18.643501
Nickel,FIN,ESP,Finland,Spain,750120|750210|750512,Processed,6481835.858,direct,61.92411,25.748151,40.463667,-3.74922
Nickel,FIN,POL,Finland,Poland,750210|750522,Processed,6354475.371,direct,61.92411,25.748151,51.919438,19.145136
Nickel,FIN,MEX,Finland,Mexico,750210,Processed,4163400.184,direct,61.92411,25.748151,23.634501,-102.552784
Nickel,FIN,EST,Finland,Estonia,283324|750210|750300|750610,Processed,2046155.686,direct,61.92411,25.748151,58.595272,25.013607
Nickel,FIN,AZE,Finland,Azerbaijan,750210|750512,Processed,2027825.12,mirror,61.92411,25.748151,40.143105,47.576927
Nickel,FIN,BIH,Finland,Bosnia Herzegovina,750210,Processed,1650221.296,mirror,61.92411,25.748151,43.915886,17.679076
Nickel,FIN,ARG,Finland,Argentina,283324|750210|750512,Processed,1524257.618,direct,61.92411,25.748151,-38.416097,-63.616672
Nickel,FIN,COL,Finland,Colombia,750210|750220,Processed,1342250.29,mirror,61.92411,25.748151,4.570868,-74.297333
Nickel,FIN,THA,Finland,Thailand,283324|750210,Processed,1310565.64,mirror,61.92411,25.748151,15.870032,100.992541
Nickel,FIN,ECU,Finland,Ecuador,750210,Processed,1192372.72,mirror,61.92411,25.748151,-1.831239,-78.183406
Nickel,FIN,SRB,Finland,Serbia,750210,Processed,1096712,mirror,61.92411,25.748151,44.016521,21.005859
Nickel,FIN,EGY,Finland,Egypt,283324|750210|750220,Processed,969146.846,direct,61.92411,25.748151,26.820553,30.802498
Nickel,FIN,MKD,Finland,North Macedonia,750210,Processed,925051.34,mirror,61.92411,25.748151,41.608635,21.745275
Nickel,FIN,ITA,Finland,Italy,750210|750220,Processed,881945.042,direct,61.92411,25.748151,41.87194,12.56738
Nickel,FIN,KWT,Finland,Kuwait,750210,Processed,708128,mirror,61.92411,25.748151,29.31166,47.481766
Nickel,FIN,IDN,Finland,Indonesia,750210,Processed,566240,mirror,61.92411,25.748151,-0.789275,113.921327
Nickel,FIN,SGP,Finland,Singapore,283324|750400,Processed,560402.125,mirror,61.92411,25.748151,1.352083,103.819836
Nickel,FIN,AUT,Finland,Austria,283324|750210|750220,Processed,552543.319,mirror,61.92411,25.748151,47.516231,14.550072
Nickel,FIN,CHE,Finland,Switzerland,750110|750210|750400|750620,Processed,374439.116,direct,61.92411,25.748151,46.818188,8.227512
Nickel,FIN,MAR,Finland,Morocco,283324|750210,Processed,64996.842,mirror,61.92411,25.748151,31.791702,-7.09262
Nickel,FIN,LUX,Finland,Luxembourg,750210,Processed,64562.912,mirror,61.92411,25.748151,49.815273,6.129583
Nickel,FIN,PHL,Finland,Philippines,750210|750711,Processed,62170,mirror,61.92411,25.748151,12.879721,121.774017
Nickel,FIN,LVA,Finland,Latvia,750300,Processed,47020.248,mirror,61.92411,25.748151,56.879635,24.603189
Nickel,FIN,TUN,Finland,Tunisia,750210,Processed,44154.209,mirror,61.92411,25.748151,33.886917,9.537499
Nickel,FIN,BOL,Finland,Bolivia (Plurinational State of),750210,Processed,31030,mirror,61.92411,25.748151,-16.290154,-63.588653
Nickel,FIN,DNK,Finland,Denmark,282735|750610,Processed,18709.601,mirror,61.92411,25.748151,56.26392,9.501785
Nickel,FIN,URY,Finland,Uruguay,750512|750522,Processed,16147.754,direct,61.92411,25.748151,-32.522779,-55.765835
Nickel,FIN,PAK,Finland,Pakistan,750210,Processed,15771.35,mirror,61.92411,25.748151,30.375321,69.345116
Nickel,FIN,UZB,Finland,Uzbekistan,283324,Processed,14739,mirror,61.92411,25.748151,41.377491,64.585262
Nickel,FIN,LTU,Finland,Lithuania,750512|750522,Processed,9814,mirror,61.92411,25.748151,55.169438,23.881275
Nickel,FIN,BGR,Finland,Bulgaria,750210,Processed,5597.748,direct,61.92411,25.748151,42.733883,25.48583
Nickel,FIN,IRL,Finland,Ireland,750620,Processed,4845.374,direct,61.92411,25.748151,53.41291,-8.24389
Nickel,FIN,KAZ,Finland,Kazakhstan,750400,Processed,4696.65,mirror,61.92411,25.748151,48.019573,66.923684
Nickel,FIN,ZAF,Finland,South Africa,750620,Processed,3723.132,mirror,61.92411,25.748151,-30.559482,22.937506
Nickel,FIN,SVK,Finland,Slovakia,750210,Processed,2138.784,mirror,61.92411,25.748151,48.669026,19.699024
Nickel,FIN,NZL,Finland,New Zealand,750522,Processed,574.236,direct,61.92411,25.748151,-40.900557,174.885971
Nickel,FIN,SVN,Finland,Slovenia,750210,Processed,557.47,direct,61.92411,25.748151,46.151241,14.995463
Nickel,FIN,ISR,Finland,Israel,750620,Processed,230.532,direct,61.92411,25.748151,31.046051,34.851612
Nickel,FRA,DEU,France,Germany,282540|282735|283324|750210|750220|750300|750400|750511|750512|750521|750522|750610|750620|750711|750712,Processed,820765050.4,direct,46.227638,2.213749,51.165691,10.451526
Nickel,FRA,USA,France,USA,282540|282735|750110|750120|750210|750220|750300|750400|750511|750512|750521|750522|750610|750620|750711|750712,Processed,754188594.4,direct,46.227638,2.213749,37.09024,-95.712891
Nickel,FRA,ITA,France,Italy,282540|282735|283324|750110|750210|750220|750300|750400|750511|750512|750521|750522|750610|750620|750712,Processed,359454974.3,direct,46.227638,2.213749,41.87194,12.56738
Nickel,FRA,CHE,France,Switzerland,282540|282735|283324|750210|750220|750300|750400|750512|750521|750522|750610|750620|750711|750712,Processed,338319458.8,direct,46.227638,2.213749,46.818188,8.227512
Nickel,FRA,NLD,France,Netherlands,282540|282735|283324|750210|750220|750300|750400|750511|750512|750522|750610|750620|750711|750712,Processed,306031071.5,direct,46.227638,2.213749,52.132633,5.291266
Nickel,FRA,GBR,France,United Kingdom,282540|282735|283324|750110|750210|750220|750300|750400|750512|750521|750522|750610|750620|750711|750712,Processed,210501741.5,direct,46.227638,2.213749,55.378051,-3.435973
Nickel,FRA,BEL,France,Belgium,282540|282735|283324|750110|750120|750210|750220|750300|750400|750511|750512|750521|750522|750610|750620|750712,Processed,130166700.6,direct,46.227638,2.213749,50.503887,4.469936
Nickel,FRA,ESP,France,Spain,282540|282735|283324|750110|750210|750220|750300|750400|750511|750512|750521|750522|750610|750620|750711|750712,Processed,120017172.6,direct,46.227638,2.213749,40.463667,-3.74922
Nickel,FRA,IND,France,India,282735|750120|750210|750220|750300|750400|750511|750512|750521|750522|750610|750620|750711|750712,Processed,116082622.8,direct,46.227638,2.213749,20.593684,78.96288
Nickel,FRA,KOR,France,Rep. of Korea,282735|750400|750512|750521|750522|750610|750620|750711|750712,Processed,82519438.27,direct,46.227638,2.213749,35.907757,127.766922
Nickel,FRA,CHN,France,China,282735|750210|750220|750400|750512|750521|750522|750610|750620|750711|750712,Processed,68875821.13,direct,46.227638,2.213749,35.86166,104.195397
Nickel,FRA,CZE,France,Czechia,282540|282735|283324|750210|750220|750400|750511|750512|750521|750522|750610|750620|750712,Processed,68745351.31,direct,46.227638,2.213749,49.817492,15.472962
Nickel,FRA,JPN,France,Japan,282735|283324|750220|750300|750400|750512|750522|750620|750712,Processed,61285260.54,direct,46.227638,2.213749,36.204824,138.252924
Nickel,FRA,POL,France,Poland,282735|283324|750110|750210|750220|750300|750400|750512|750522|750610|750620|750712,Processed,55759243.04,direct,46.227638,2.213749,51.919438,19.145136
Nickel,FRA,ROU,France,Romania,282540|282735|283324|750210|750220|750400|750511|750512|750521|750522|750620|750712,Processed,46675080.12,direct,46.227638,2.213749,45.943161,24.96676
Nickel,FRA,SWE,France,Sweden,282735|283324|750210|750220|750300|750400|750512|750522|750610|750620|750712,Processed,46114363.8,direct,46.227638,2.213749,60.128161,18.643501
Nickel,FRA,TUR,France,Türkiye,282540|282735|283324|750210|750220|750400|750511|750512|750521|750522|750620|750712,Processed,43440395.93,direct,46.227638,2.213749,38.963745,35.243322
Nickel,FRA,CAN,France,Canada,282735|750210|750300|750400|750511|750512|750521|750522|750610|750620|750712,Processed,40803386.72,direct,46.227638,2.213749,56.130366,-106.346771
Nickel,FRA,AUT,France,Austria,282735|750210|750220|750300|750400|750512|750521|750522|750610|750620|750711|750712,Processed,39950625.98,direct,46.227638,2.213749,47.516231,14.550072
Nickel,FRA,FRA,France,France,282735|750210|750220|750400|750512|750522|750610|750620|750712,Processed,36222927.16,mirror,46.227638,2.213749,46.227638,2.213749
Nickel,FRA,VNM,France,Viet Nam,283324|750210|750522|750620|750712,Processed,28579411.79,direct,46.227638,2.213749,14.058324,108.277199
Nickel,FRA,MEX,France,Mexico,282735|750220|750400|750512|750521|750522|750620|750712,Processed,24073441.63,direct,46.227638,2.213749,23.634501,-102.552784
Nickel,FRA,IRL,France,Ireland,750210|750400|750512|750712,Processed,14649056.21,direct,46.227638,2.213749,53.41291,-8.24389
Nickel,FRA,UKR,France,Ukraine,282735|750210|750400|750620,Processed,11914737.93,direct,46.227638,2.213749,48.379433,31.16558
Nickel,FRA,S19,France,"Other Asia, nes",282735|283324|750512|750522|750610|750620|750712,Processed,11221735.29,direct,46.227638,2.213749,,
Nickel,FRA,MAR,France,Morocco,282540|282735|283324|750120|750210|750220|750300|750400|750511|750512|750521|750522|750620|750712,Processed,8995520.03,direct,46.227638,2.213749,31.791702,-7.09262
Nickel,FRA,NOR,France,Norway,282735|283324|750110|750210|750220|750522|750620|750712,Processed,8526768.511,direct,46.227638,2.213749,60.472024,8.468946
Nickel,FRA,THA,France,Thailand,282735|750210|750220|750400|750512|750522|750620|750712,Processed,7988755.594,direct,46.227638,2.213749,15.870032,100.992541
Nickel,FRA,MYS,France,Malaysia,282735|750220|750400|750512|750522|750620|750712,Processed,7873856.244,direct,46.227638,2.213749,4.210484,101.975766
Nickel,FRA,ARE,France,United Arab Emirates,282540|282735|283324|750210|750400|750512|750522|750620|750711|750712,Processed,7208701.49,direct,46.227638,2.213749,23.424076,53.847818
Nickel,FRA,PRT,France,Portugal,282735|283324|750110|750210|750220|750300|750400|750511|750512|750522|750610|750620|750712,Processed,7191252.09,direct,46.227638,2.213749,39.399872,-8.224454
Nickel,FRA,SAU,France,Saudi Arabia,282735|283324|750110|750210|750400|750511|750512|750521|750522|750610|750620|750712,Processed,6928541.037,direct,46.227638,2.213749,23.885942,45.079162
Nickel,FRA,EGY,France,Egypt,282735|283324|750210|750220|750511|750522|750712,Processed,5511906.511,direct,46.227638,2.213749,26.820553,30.802498
Nickel,FRA,TUN,France,Tunisia,282540|282735|283324|750210|750220|750300|750400|750512|750521|750522|750610|750620|750712,Processed,5472201.435,direct,46.227638,2.213749,33.886917,9.537499
Nickel,FRA,COL,France,Colombia,282735|283324|750210|750512|750712,Processed,5375271.152,direct,46.227638,2.213749,4.570868,-74.297333
Nickel,FRA,SVN,France,Slovenia,282735|750210|750400|750512|750522|750610|750620|750712,Processed,4890282.012,direct,46.227638,2.213749,46.151241,14.995463
Nickel,FRA,BRA,France,Brazil,282735|750210|750220|750400|750512|750521|750522|750620|750712,Processed,4435965.656,direct,46.227638,2.213749,-14.235004,-51.92528
Nickel,FRA,DNK,France,Denmark,750210|750220|750400|750511|750512|750522|750610|750620|750712,Processed,4360139.26,direct,46.227638,2.213749,56.26392,9.501785
Nickel,FRA,SGP,France,Singapore,282735|283324|750210|750400|750512|750522|750610|750620|750712,Processed,3917882.63,direct,46.227638,2.213749,1.352083,103.819836
Nickel,FRA,HUN,France,Hungary,282735|283324|750210|750400|750512|750522|750610|750620|750712,Processed,3759890.14,direct,46.227638,2.213749,47.162494,19.503304
Nickel,FRA,AUS,France,Australia,283324|750210|750400|750512|750521|750522|750620|750712,Processed,3704584.89,direct,46.227638,2.213749,-25.274398,133.775136
Nickel,FRA,ISR,France,Israel,282735|750210|750220|750511|750512|750521|750522|750620|750712,Processed,3625671.478,direct,46.227638,2.213749,31.046051,34.851612
Nickel,FRA,SVK,France,Slovakia,282735|750110|750210|750220|750400|750521|750610|750620,Processed,3192446.538,direct,46.227638,2.213749,48.669026,19.699024
Nickel,FRA,BGR,France,Bulgaria,750110|750210|750400|750522|750610,Processed,2599415.22,direct,46.227638,2.213749,42.733883,25.48583
Nickel,FRA,FIN,France,Finland,282735|283324|750210|750400|750512|750522|750620|750712,Processed,2587694.59,direct,46.227638,2.213749,61.92411,25.748151
Nickel,FRA,NGA,France,Nigeria,750210|750220|750712,Processed,2503724.18,direct,46.227638,2.213749,9.081999,8.675277
Nickel,FRA,HRV,France,Croatia,750400|750522|750620|750712,Processed,2370747.512,direct,46.227638,2.213749,45.1,15.2
Nickel,FRA,LUX,France,Luxembourg,750120|750210|750220|750300|750400|750512|750521|750522|750620|750712,Processed,2271281.109,direct,46.227638,2.213749,49.815273,6.129583
Nickel,FRA,ARG,France,Argentina,282735|283324|750210|750220|750400|750522|750620,Processed,1861877.612,direct,46.227638,2.213749,-38.416097,-63.616672
Nickel,FRA,PER,France,Peru,282735|283324|750210|750400|750521|750522|750712,Processed,1814789.956,direct,46.227638,2.213749,-9.189967,-75.015152
Nickel,FRA,DZA,France,Algeria,282735|283324|750210|750400|750512|750522|750610,Processed,1747559.54,direct,46.227638,2.213749,28.033886,1.659626
Nickel,FRA,PHL,France,Philippines,750210|750712,Processed,1403137.416,direct,46.227638,2.213749,12.879721,121.774017
Nickel,FRA,ZAF,France,South Africa,282735|283324|750210|750511|750522|750620|750712,Processed,1378518.692,direct,46.227638,2.213749,-30.559482,22.937506
Nickel,FRA,LVA,France,Latvia,750220|750521|750522,Processed,1309996.412,direct,46.227638,2.213749,56.879635,24.603189
Nickel,FRA,ECU,France,Ecuador,282735|283324|750210,Processed,1259345.332,direct,46.227638,2.213749,-1.831239,-78.183406
Nickel,FRA,GAB,France,Gabon,750620|750712,Processed,1220786.614,direct,46.227638,2.213749,-0.803689,11.609444
Nickel,FRA,MLT,France,Malta,750210,Processed,1157497.664,direct,46.227638,2.213749,35.937496,14.375416
Nickel,FRA,IDN,France,Indonesia,750400|750512|750522|750620|750712,Processed,1114510.62,direct,46.227638,2.213749,-0.789275,113.921327
Nickel,FRA,AGO,France,Angola,750400|750512|750522|750620,Processed,1091306.892,direct,46.227638,2.213749,-11.202692,17.873887
Nickel,FRA,QAT,France,Qatar,283324|750620|750712,Processed,996898.38,direct,46.227638,2.213749,25.354826,51.183884
Nickel,FRA,JOR,France,Jordan,750620|750712,Processed,961474.232,direct,46.227638,2.213749,30.585164,36.238414
Nickel,FRA,KAZ,France,Kazakhstan,283324|750620|750712,Processed,603237.34,direct,46.227638,2.213749,48.019573,66.923684
Nickel,FRA,NZL,France,New Zealand,750400|750522|750620|750712,Processed,478279.989,direct,46.227638,2.213749,-40.900557,174.885971
Nickel,FRA,GRC,France,Greece,283324|750210|750220|750400|750522|750620|750712,Processed,464157.21,direct,46.227638,2.213749,39.074208,21.824312
Nickel,FRA,LBN,France,Lebanon,282735|283324|750210|750712,Processed,460899.248,direct,46.227638,2.213749,33.854721,35.862285
Nickel,FRA,SRB,France,Serbia,282735|750210|750400|750522|750620,Processed,450997.78,direct,46.227638,2.213749,44.016521,21.005859
Nickel,FRA,CHL,France,Chile,750400|750610|750620|750712,Processed,450151.364,direct,46.227638,2.213749,-35.675147,-71.542969
Nickel,FRA,BHR,France,Bahrain,750400|750512|750522|750712,Processed,389832.611,direct,46.227638,2.213749,26.0275,50.55
Nickel,FRA,PAK,France,Pakistan,750210|750512|750712,Processed,382897.626,direct,46.227638,2.213749,30.375321,69.345116
Nickel,FRA,KWT,France,Kuwait,750400|750522|750712,Processed,343020.436,direct,46.227638,2.213749,29.31166,47.481766
Nickel,FRA,ETH,France,Ethiopia,750712,Processed,314297.308,direct,46.227638,2.213749,9.145,40.489673
Nickel,FRA,BGD,France,Bangladesh,283324|750210,Processed,247293.628,direct,46.227638,2.213749,23.684994,90.356331
Nickel,FRA,OMN,France,Oman,750620|750712,Processed,206396.964,direct,46.227638,2.213749,21.512583,55.923255
Nickel,FRA,BIH,France,Bosnia Herzegovina,282735,Processed,147132.9,mirror,46.227638,2.213749,43.915886,17.679076
Nickel,FRA,KGZ,France,Kyrgyzstan,750400,Processed,144346.26,direct,46.227638,2.213749,41.20438,74.766098
Nickel,FRA,BRN,France,Brunei Darussalam,750712,Processed,128188.484,direct,46.227638,2.213749,4.535277,114.727669
Nickel,FRA,LKA,France,Sri Lanka,750620|750712,Processed,106452.403,direct,46.227638,2.213749,7.873054,80.771797
Nickel,FRA,NER,France,Niger,750400,Processed,94842.504,direct,46.227638,2.213749,17.607789,8.081666
Nickel,FRA,CIV,France,Côte d'Ivoire,283324|750511|750522|750620,Processed,93963.612,direct,46.227638,2.213749,7.539989,-5.54708
Nickel,FRA,MUS,France,Mauritius,282735|283324|750210|750522|750620|750712,Processed,91734.924,direct,46.227638,2.213749,-20.348404,57.552152
Nickel,FRA,MDG,France,Madagascar,750400|750512|750522|750610,Processed,90085.147,direct,46.227638,2.213749,-18.766947,46.869107
Nickel,FRA,TTO,France,Trinidad and Tobago,282735|750620,Processed,57782.648,mirror,46.227638,2.213749,10.691803,-61.222503
Nickel,FRA,LBY,France,Libya,282735|283324|750712,Processed,57214.628,direct,46.227638,2.213749,26.3351,17.228331
Nickel,FRA,LAO,France,Lao People's Dem. Rep.,750712,Processed,57028.46,direct,46.227638,2.213749,19.85627,102.495496
Nickel,FRA,YEM,France,Yemen,750712,Processed,54296.532,direct,46.227638,2.213749,15.552727,48.516388
Nickel,FRA,UZB,France,Uzbekistan,282735|750712,Processed,50068.108,direct,46.227638,2.213749,41.377491,64.585262
Nickel,FRA,ISL,France,Iceland,282735|750712,Processed,38210.864,direct,46.227638,2.213749,64.963051,-19.020835
Nickel,FRA,GHA,France,Ghana,750512,Processed,24210.688,direct,46.227638,2.213749,7.946527,-1.023194
Nickel,FRA,CMR,France,Cameroon,750400,Processed,22526.504,direct,46.227638,2.213749,3.848033,11.502075
Nickel,FRA,MRT,France,Mauritania,750400,Processed,21821.474,mirror,46.227638,2.213749,21.00789,-10.940835
Nickel,FRA,BOL,France,Bolivia (Plurinational State of),750512,Processed,21502,mirror,46.227638,2.213749,-16.290154,-63.588653
Nickel,FRA,NAM,France,Namibia,750712,Processed,20968.656,mirror,46.227638,2.213749,-22.95764,18.49041
Nickel,FRA,BTN,France,Bhutan,750712,Processed,17538.892,direct,46.227638,2.213749,27.514162,90.433601
Nickel,FRA,GUY,France,Guyana,750400,Processed,10961.872,mirror,46.227638,2.213749,4.860416,-58.93018
Nickel,FRA,EST,France,Estonia,282735|283324|750620,Processed,9138.192,direct,46.227638,2.213749,58.595272,25.013607
Nickel,FRA,AZE,France,Azerbaijan,750210,Processed,8932.96,mirror,46.227638,2.213749,40.143105,47.576927
Nickel,FRA,SEN,France,Senegal,282735|750711,Processed,8654.716,direct,46.227638,2.213749,14.497401,14.452362
Nickel,FRA,MNE,France,Montenegro,750522,Processed,8017.028,mirror,46.227638,2.213749,42.708678,19.37439
Nickel,FRA,SYC,France,Seychelles,750712,Processed,5254.08,mirror,46.227638,2.213749,,
Nickel,FRA,CYP,France,Cyprus,750400|750512,Processed,4948.64,direct,46.227638,2.213749,35.126413,33.429859
Nickel,FRA,MDA,France,Rep. of Moldova,750522,Processed,4203.964,direct,46.227638,2.213749,47.411631,28.369885
Nickel,FRA,MKD,France,North Macedonia,282735|750522,Processed,2523.86,mirror,46.227638,2.213749,41.608635,21.745275
Nickel,FRA,GMB,France,Gambia,750220,Processed,1350.812,direct,46.227638,2.213749,13.443182,-15.310139
Nickel,FRA,TCD,France,Chad,750220,Processed,1013.108,direct,46.227638,2.213749,15.454166,18.732207
Nickel,FRA,BFA,France,Burkina Faso,282735|750521,Processed,915.772,mirror,46.227638,2.213749,12.364566,-1.561593
Nickel,FRA,URY,France,Uruguay,282735,Processed,112.568,direct,46.227638,2.213749,-32.522779,-55.765835
Nickel,GAB,USA,Gabon,USA,750712,Processed,212055,mirror,-0.803689,11.609444,37.09024,-95.712891
Nickel,GAB,GBR,Gabon,United Kingdom,750712,Processed,4910.856,mirror,-0.803689,11.609444,55.378051,-3.435973
Nickel,GAB,NLD,Gabon,Netherlands,750512,Processed,2429.944,mirror,-0.803689,11.609444,52.132633,5.291266
Nickel,GEO,TUR,Georgia,Türkiye,750300,Processed,107272,mirror,42.315407,43.356892,38.963745,35.243322
Nickel,GEO,DEU,Georgia,Germany,750300,Processed,85885.988,direct,42.315407,43.356892,51.165691,10.451526
Nickel,GEO,FRA,Georgia,France,750522,Processed,3403.004,mirror,42.315407,43.356892,46.227638,2.213749
Nickel,GEO,BEL,Georgia,Belgium,750300,Processed,520.852,mirror,42.315407,43.356892,50.503887,4.469936
Nickel,GEO,UKR,Georgia,Ukraine,750400,Processed,79.86,mirror,42.315407,43.356892,48.379433,31.16558
Nickel,GEO,NLD,Georgia,Netherlands,750400,Processed,19.3,direct,42.315407,43.356892,52.132633,5.291266
Nickel,DEU,AUT,Germany,Austria,282540|282735|283324|750210|750220|750300|750400|750511|750512|750521|750522|750610|750620|750711|750712,Processed,2325191235,direct,51.165691,10.451526,47.516231,14.550072
Nickel,DEU,USA,Germany,USA,282540|282735|283324|750120|750210|750220|750300|750400|750511|750512|750521|750522|750610|750620|750711|750712,Processed,1904215551,direct,51.165691,10.451526,37.09024,-95.712891
Nickel,DEU,ITA,Germany,Italy,282540|282735|283324|750110|750120|750210|750220|750300|750400|750511|750512|750521|750522|750610|750620|750711|750712,Processed,1669603684,direct,51.165691,10.451526,41.87194,12.56738
Nickel,DEU,FRA,Germany,France,282540|282735|283324|750110|750210|750220|750300|750400|750511|750512|750521|750522|750610|750620|750711|750712,Processed,1341818223,direct,51.165691,10.451526,46.227638,2.213749
Nickel,DEU,GBR,Germany,United Kingdom,282540|282735|283324|750210|750220|750300|750400|750511|750512|750521|750522|750610|750620|750711|750712,Processed,1255539755,direct,51.165691,10.451526,55.378051,-3.435973
Nickel,DEU,CHN,Germany,China,282540|282735|283324|750220|750300|750400|750511|750512|750521|750522|750610|750620|750711|750712,Processed,880554073,direct,51.165691,10.451526,35.86166,104.195397
Nickel,DEU,ESP,Germany,Spain,282540|282735|283324|750210|750220|750300|750400|750511|750512|750521|750522|750610|750620|750711|750712,Processed,793636541.2,direct,51.165691,10.451526,40.463667,-3.74922
Nickel,DEU,CAN,Germany,Canada,282735|283324|750110|750120|750210|750220|750300|750400|750511|750512|750521|750522|750610|750620|750712,Processed,431950300.8,direct,51.165691,10.451526,56.130366,-106.346771
Nickel,DEU,IND,Germany,India,282540|282735|283324|750120|750210|750220|750300|750400|750511|750512|750521|750522|750610|750620|750711|750712,Processed,422220548.7,direct,51.165691,10.451526,20.593684,78.96288
Nickel,DEU,KOR,Germany,Rep. of Korea,282540|282735|283324|750120|750210|750220|750300|750400|750511|750512|750521|750522|750610|750620|750711|750712,Processed,387288766.6,direct,51.165691,10.451526,35.907757,127.766922
Nickel,DEU,JPN,Germany,Japan,282540|282735|750220|750300|750400|750511|750512|750521|750522|750610|750620|750711|750712,Processed,384022539,direct,51.165691,10.451526,36.204824,138.252924
Nickel,DEU,SWE,Germany,Sweden,282540|282735|283324|750110|750120|750210|750220|750300|750400|750511|750512|750521|750522|750610|750620|750711|750712,Processed,368131953.2,direct,51.165691,10.451526,60.128161,18.643501
Nickel,DEU,NLD,Germany,Netherlands,282540|282735|283324|750120|750210|750220|750300|750400|750511|750512|750521|750522|750610|750620|750711|750712,Processed,263286807.9,direct,51.165691,10.451526,52.132633,5.291266
Nickel,DEU,CHE,Germany,Switzerland,282540|282735|283324|750120|750210|750220|750300|750400|750511|750512|750521|750522|750610|750620|750711|750712,Processed,218510842.1,direct,51.165691,10.451526,46.818188,8.227512
Nickel,DEU,BEL,Germany,Belgium,282540|282735|283324|750110|750120|750210|750220|750300|750400|750511|750512|750521|750522|750610|750620|750711|750712,Processed,207455508.8,direct,51.165691,10.451526,50.503887,4.469936
Nickel,DEU,BRA,Germany,Brazil,282735|283324|750210|750220|750400|750511|750512|750522|750610|750620|750711|750712,Processed,171139484,direct,51.165691,10.451526,-14.235004,-51.92528
Nickel,DEU,POL,Germany,Poland,282540|282735|283324|750210|750220|750300|750400|750511|750512|750521|750522|750610|750620|750711|750712,Processed,169962793.3,direct,51.165691,10.451526,51.919438,19.145136
Nickel,DEU,SGP,Germany,Singapore,282540|282735|283324|750120|750220|750300|750400|750511|750512|750521|750522|750610|750620|750711|750712,Processed,151315316,direct,51.165691,10.451526,1.352083,103.819836
Nickel,DEU,CZE,Germany,Czechia,282540|282735|283324|750110|750210|750220|750300|750400|750511|750512|750521|750522|750610|750620|750711|750712,Processed,136375466.6,direct,51.165691,10.451526,49.817492,15.472962
Nickel,DEU,TUR,Germany,Türkiye,282540|282735|283324|750210|750220|750300|750400|750511|750512|750521|750522|750610|750620|750711|750712,Processed,127063704.6,direct,51.165691,10.451526,38.963745,35.243322
Nickel,DEU,MEX,Germany,Mexico,282735|283324|750220|750400|750512|750521|750522|750610|750620|750711|750712,Processed,125637404.2,direct,51.165691,10.451526,23.634501,-102.552784
Nickel,DEU,ARE,Germany,United Arab Emirates,282735|283324|750210|750400|750512|750522|750610|750620|750712,Processed,114854619.5,direct,51.165691,10.451526,23.424076,53.847818
Nickel,DEU,S19,Germany,"Other Asia, nes",282735|283324|750220|750300|750400|750511|750512|750521|750522|750610|750620|750712,Processed,107108251.4,direct,51.165691,10.451526,,
Nickel,DEU,ROU,Germany,Romania,282540|282735|283324|750210|750220|750400|750511|750512|750521|750522|750610|750620|750711|750712,Processed,103934821.1,direct,51.165691,10.451526,45.943161,24.96676
Nickel,DEU,HUN,Germany,Hungary,282735|283324|750210|750220|750300|750400|750511|750512|750521|750522|750610|750620|750711|750712,Processed,91586165.45,direct,51.165691,10.451526,47.162494,19.503304
Nickel,DEU,THA,Germany,Thailand,282540|282735|283324|750400|750511|750512|750521|750522|750610|750620|750711|750712,Processed,65492363.53,direct,51.165691,10.451526,15.870032,100.992541
Nickel,DEU,SVN,Germany,Slovenia,282540|282735|283324|750110|750120|750210|750220|750300|750400|750511|750512|750521|750522|750610|750620|750711|750712,Processed,61975019.14,direct,51.165691,10.451526,46.151241,14.995463
Nickel,DEU,PRT,Germany,Portugal,282540|282735|283324|750210|750220|750300|750400|750511|750512|750521|750522|750610|750620|750711|750712,Processed,57414647.24,direct,51.165691,10.451526,39.399872,-8.224454
Nickel,DEU,BGR,Germany,Bulgaria,282540|282735|283324|750210|750300|750400|750511|750512|750521|750522|750610|750620|750711|750712,Processed,48443059,direct,51.165691,10.451526,42.733883,25.48583
Nickel,DEU,DNK,Germany,Denmark,282540|282735|283324|750210|750300|750400|750511|750512|750521|750522|750610|750620|750711|750712,Processed,41901603.96,direct,51.165691,10.451526,56.26392,9.501785
Nickel,DEU,SAU,Germany,Saudi Arabia,282540|282735|283324|750210|750300|750400|750511|750512|750521|750522|750610|750620|750712,Processed,39242858.24,direct,51.165691,10.451526,23.885942,45.079162
Nickel,DEU,ZAF,Germany,South Africa,282735|283324|750120|750220|750400|750512|750521|750522|750610|750620|750711|750712,Processed,38325671.88,direct,51.165691,10.451526,-30.559482,22.937506
Nickel,DEU,HRV,Germany,Croatia,282540|282735|283324|750210|750220|750400|750511|750512|750521|750522|750610|750620|750711|750712,Processed,37739263.47,direct,51.165691,10.451526,45.1,15.2
Nickel,DEU,MYS,Germany,Malaysia,282540|282735|283324|750120|750210|750220|750400|750511|750512|750521|750522|750610|750620|750711|750712,Processed,35123295.33,direct,51.165691,10.451526,4.210484,101.975766
Nickel,DEU,SVK,Germany,Slovakia,282540|282735|283324|750210|750220|750300|750400|750511|750512|750521|750522|750610|750620|750712,Processed,34193264.75,direct,51.165691,10.451526,48.669026,19.699024
Nickel,DEU,FIN,Germany,Finland,282540|282735|283324|750220|750400|750511|750512|750521|750522|750610|750620|750712,Processed,33368313.54,direct,51.165691,10.451526,61.92411,25.748151
Nickel,DEU,CRI,Germany,Costa Rica,750511|750512|750522|750620|750712,Processed,33033650.62,direct,51.165691,10.451526,9.748917,-83.753428
Nickel,DEU,NOR,Germany,Norway,282540|282735|283324|750110|750120|750220|750300|750400|750512|750521|750522|750610|750620|750711|750712,Processed,30277995.93,direct,51.165691,10.451526,60.472024,8.468946
Nickel,DEU,ISR,Germany,Israel,282540|282735|283324|750220|750400|750511|750512|750521|750522|750610|750620|750711|750712,Processed,26281808.06,direct,51.165691,10.451526,31.046051,34.851612
Nickel,DEU,VNM,Germany,Viet Nam,282735|283324|750210|750220|750400|750512|750522|750620|750711,Processed,25144439.64,direct,51.165691,10.451526,14.058324,108.277199
Nickel,DEU,RUS,Germany,Russian Federation,750300|750400|750512|750522|750712,Processed,24128051.18,direct,51.165691,10.451526,61.52401,105.318756
Nickel,DEU,IRL,Germany,Ireland,282735|283324|750110|750210|750400|750511|750512|750521|750522|750610|750620|750712,Processed,23912584.77,direct,51.165691,10.451526,53.41291,-8.24389
Nickel,DEU,OMN,Germany,Oman,282735|750400|750512|750522|750620|750712,Processed,22425975.26,direct,51.165691,10.451526,21.512583,55.923255
Nickel,DEU,PHL,Germany,Philippines,282735|283324|750300|750400|750511|750512|750521|750522|750620|750711,Processed,21497897.35,direct,51.165691,10.451526,12.879721,121.774017
Nickel,DEU,LUX,Germany,Luxembourg,282540|750120|750210|750220|750300|750400|750511|750512|750521|750522|750610|750620|750711|750712,Processed,11197664.38,direct,51.165691,10.451526,49.815273,6.129583
Nickel,DEU,QAT,Germany,Qatar,750400|750512|750522|750610|750620|750712,Processed,10888846.36,direct,51.165691,10.451526,25.354826,51.183884
Nickel,DEU,AUS,Germany,Australia,282735|283324|750400|750511|750512|750522|750610|750620|750712,Processed,10231183.24,direct,51.165691,10.451526,-25.274398,133.775136
Nickel,DEU,JOR,Germany,Jordan,282735|283324|750210|750220|750400|750512|750522|750610|750620|750712,Processed,10128634.78,direct,51.165691,10.451526,30.585164,36.238414
Nickel,DEU,EGY,Germany,Egypt,282735|283324|750400|750512|750522|750610|750620|750711|750712,Processed,9904271.39,direct,51.165691,10.451526,26.820553,30.802498
Nickel,DEU,SRB,Germany,Serbia,282540|282735|283324|750210|750220|750400|750511|750512|750522|750610|750620|750711|750712,Processed,9706992.252,direct,51.165691,10.451526,44.016521,21.005859
Nickel,DEU,EST,Germany,Estonia,282540|282735|283324|750210|750220|750300|750400|750512|750521|750522|750610|750620|750712,Processed,8197258.616,direct,51.165691,10.451526,58.595272,25.013607
Nickel,DEU,IDN,Germany,Indonesia,282540|282735|283324|750210|750220|750400|750511|750512|750521|750522|750610|750620|750711|750712,Processed,6877084.036,direct,51.165691,10.451526,-0.789275,113.921327
Nickel,DEU,AZE,Germany,Azerbaijan,750400|750512|750522|750711|750712,Processed,4305254.688,direct,51.165691,10.451526,40.143105,47.576927
Nickel,DEU,BIH,Germany,Bosnia Herzegovina,282735|283324|750110|750210|750220|750300|750400|750511|750512|750522|750610|750620|750712,Processed,4219547.964,direct,51.165691,10.451526,43.915886,17.679076
Nickel,DEU,TUN,Germany,Tunisia,282735|283324|750220|750400|750512|750522|750620|750711|750712,Processed,4148401.711,direct,51.165691,10.451526,33.886917,9.537499
Nickel,DEU,GRC,Germany,Greece,282540|282735|750110|750220|750400|750511|750512|750522|750610|750712,Processed,3857937.044,direct,51.165691,10.451526,39.074208,21.824312
Nickel,DEU,ARG,Germany,Argentina,282735|283324|750220|750400|750511|750512|750521|750522|750610|750620|750712,Processed,3323584.2,direct,51.165691,10.451526,-38.416097,-63.616672
Nickel,DEU,COL,Germany,Colombia,282735|283324|750220|750400|750512|750522,Processed,2978085.892,direct,51.165691,10.451526,4.570868,-74.297333
Nickel,DEU,IRN,Germany,Iran,750400|750512|750522|750620|750712,Processed,2755953.16,direct,51.165691,10.451526,32.427908,53.688046
Nickel,DEU,UKR,Germany,Ukraine,282735|283324|750210|750220|750400|750512|750521|750522|750610|750620,Processed,2241532.964,direct,51.165691,10.451526,48.379433,31.16558
Nickel,DEU,MLT,Germany,Malta,750512|750521|750522|750620|750711|750712,Processed,2197339.44,direct,51.165691,10.451526,35.937496,14.375416
Nickel,DEU,URY,Germany,Uruguay,283324|750220|750512|750522|750620,Processed,1677086.208,direct,51.165691,10.451526,-32.522779,-55.765835
Nickel,DEU,BHR,Germany,Bahrain,750220|750512|750522|750620|750712,Processed,1266371.112,direct,51.165691,10.451526,26.0275,50.55
Nickel,DEU,PER,Germany,Peru,283324|750220|750512|750522|750711|750712,Processed,1262782.916,direct,51.165691,10.451526,-9.189967,-75.015152
Nickel,DEU,BLR,Germany,Belarus,750400,Processed,1257450,direct,51.165691,10.451526,53.709807,27.953389
Nickel,DEU,KWT,Germany,Kuwait,750220|750400|750511|750512|750522|750610|750620,Processed,1257380.74,direct,51.165691,10.451526,29.31166,47.481766
Nickel,DEU,LBN,Germany,Lebanon,750220|750512|750522,Processed,1228738.608,direct,51.165691,10.451526,33.854721,35.862285
Nickel,DEU,CHL,Germany,Chile,282735|283324|750220|750400|750512|750522|750610|750620|750711|750712,Processed,1206105.113,direct,51.165691,10.451526,-35.675147,-71.542969
Nickel,DEU,IRQ,Germany,Iraq,750512|750522|750620|750712,Processed,965629.384,direct,51.165691,10.451526,33.223191,43.679291
Nickel,DEU,MAR,Germany,Morocco,282540|282735|283324|750220|750512|750522|750610|750711,Processed,858438.962,direct,51.165691,10.451526,31.791702,-7.09262
Nickel,DEU,DZA,Germany,Algeria,750400|750512|750610,Processed,751401.812,direct,51.165691,10.451526,28.033886,1.659626
Nickel,DEU,TTO,Germany,Trinidad and Tobago,750512|750620,Processed,728729.246,direct,51.165691,10.451526,10.691803,-61.222503
Nickel,DEU,PAK,Germany,Pakistan,282735|283324|750220|750400|750512|750522|750620,Processed,719517.182,direct,51.165691,10.451526,30.375321,69.345116
Nickel,DEU,GUY,Germany,Guyana,750512|750522,Processed,585429.448,direct,51.165691,10.451526,4.860416,-58.93018
Nickel,DEU,NZL,Germany,New Zealand,750400|750512|750522|750610|750620,Processed,543828.918,direct,51.165691,10.451526,-40.900557,174.885971
Nickel,DEU,LBY,Germany,Libya,750512|750522|750712,Processed,501236.344,direct,51.165691,10.451526,26.3351,17.228331
Nickel,DEU,LTU,Germany,Lithuania,282735|283324|750210|750220|750400|750511|750512|750521|750522|750610|750620|750712,Processed,400918.264,direct,51.165691,10.451526,55.169438,23.881275
Nickel,DEU,KGZ,Germany,Kyrgyzstan,750512,Processed,356386.48,direct,51.165691,10.451526,41.20438,74.766098
Nickel,DEU,KAZ,Germany,Kazakhstan,282735|283324|750210|750220|750511|750512|750521|750522|750620|750711|750712,Processed,349279.428,direct,51.165691,10.451526,48.019573,66.923684
Nickel,DEU,NGA,Germany,Nigeria,283324|750400|750512,Processed,343703.672,direct,51.165691,10.451526,9.081999,8.675277
Nickel,DEU,MNG,Germany,Mongolia,750522,Processed,309114.744,direct,51.165691,10.451526,46.862496,103.846656
Nickel,DEU,ECU,Germany,Ecuador,283324|750220|750400|750512|750522,Processed,292005.304,direct,51.165691,10.451526,-1.831239,-78.183406
Nickel,DEU,LKA,Germany,Sri Lanka,750512|750522|750620,Processed,281823.303,direct,51.165691,10.451526,7.873054,80.771797
Nickel,DEU,MKD,Germany,North Macedonia,750210|750220|750400|750511|750512|750522|750610,Processed,223677.824,direct,51.165691,10.451526,41.608635,21.745275
Nickel,DEU,GHA,Germany,Ghana,750210|750522,Processed,205282.904,direct,51.165691,10.451526,7.946527,-1.023194
Nickel,DEU,DOM,Germany,Dominican Rep.,283324|750512|750522|750712,Processed,189799.056,direct,51.165691,10.451526,18.735693,-70.162651
Nickel,DEU,TJK,Germany,Tajikistan,750512,Processed,155085.496,direct,51.165691,10.451526,38.861034,71.276093
Nickel,DEU,LVA,Germany,Latvia,282735|283324|750220|750400|750512|750522|750610|750620,Processed,131575.372,direct,51.165691,10.451526,56.879635,24.603189
Nickel,DEU,UZB,Germany,Uzbekistan,282735|283324|750220|750300|750400|750512|750522|750711|750712,Processed,100924.816,direct,51.165691,10.451526,41.377491,64.585262
Nickel,DEU,SLV,Germany,El Salvador,750220|750512,Processed,93680.024,direct,51.165691,10.451526,13.794185,-88.89653
Nickel,DEU,GEO,Germany,Georgia,750511|750512,Processed,87564.054,direct,51.165691,10.451526,42.315407,43.356892
Nickel,DEU,PSE,Germany,State of Palestine,750220|750512,Processed,76017.04,direct,51.165691,10.451526,,
Nickel,DEU,BOL,Germany,Bolivia (Plurinational State of),750512|750522,Processed,75924.832,direct,51.165691,10.451526,-16.290154,-63.588653
Nickel,DEU,VEN,Germany,Venezuela,283324,Processed,61539.6,direct,51.165691,10.451526,6.42375,-66.58973
Nickel,DEU,AGO,Germany,Angola,750512|750522|750620,Processed,61534.58,direct,51.165691,10.451526,-11.202692,17.873887
Nickel,DEU,ARM,Germany,Armenia,750220|750400|750512,Processed,51354.248,direct,51.165691,10.451526,40.069099,45.038189
Nickel,DEU,ALB,Germany,Albania,750512,Processed,48302.844,direct,51.165691,10.451526,41.153332,20.168331
Nickel,DEU,PRY,Germany,Paraguay,750220|750512|750522,Processed,46986.604,direct,51.165691,10.451526,-23.442503,-58.443832
Nickel,DEU,BRN,Germany,Brunei Darussalam,750712,Processed,45930.508,mirror,51.165691,10.451526,4.535277,114.727669
Nickel,DEU,GTM,Germany,Guatemala,283324|750522,Processed,35344.432,direct,51.165691,10.451526,15.783471,-90.230759
Nickel,DEU,KEN,Germany,Kenya,750400|750512|750522,Processed,34415.219,direct,51.165691,10.451526,-0.023559,37.906193
Nickel,DEU,MDG,Germany,Madagascar,750400|750512|750522,Processed,31758.717,direct,51.165691,10.451526,-18.766947,46.869107
Nickel,DEU,CIV,Germany,Côte d'Ivoire,750522|750712,Processed,30187.184,direct,51.165691,10.451526,7.539989,-5.54708
Nickel,DEU,NIC,Germany,Nicaragua,750512|750522,Processed,28275.86,direct,51.165691,10.451526,12.865416,-85.207229
Nickel,DEU,DJI,Germany,Djibouti,750512,Processed,26406.448,direct,51.165691,10.451526,11.825138,42.590275
Nickel,DEU,HND,Germany,Honduras,750512|750522,Processed,23996.24,direct,51.165691,10.451526,15.199999,-86.241905
Nickel,DEU,MDA,Germany,Rep. of Moldova,750120|750512|750522,Processed,13723.584,direct,51.165691,10.451526,47.411631,28.369885
Nickel,DEU,PAN,Germany,Panama,750512,Processed,10252.408,direct,51.165691,10.451526,8.537981,-80.782127
Nickel,DEU,CYP,Germany,Cyprus,750400|750522,Processed,5766.928,mirror,51.165691,10.451526,35.126413,33.429859
Nickel,DEU,ISL,Germany,Iceland,282735|283324|750512|750522,Processed,4238.43,direct,51.165691,10.451526,64.963051,-19.020835
Nickel,DEU,MUS,Germany,Mauritius,750522|750620,Processed,2714.468,direct,51.165691,10.451526,-20.348404,57.552152
Nickel,DEU,BHS,Germany,Bahamas,282735,Processed,2559,mirror,51.165691,10.451526,25.03428,-77.39628
Nickel,DEU,GNQ,Germany,Equatorial Guinea,750522,Processed,1877.792,direct,51.165691,10.451526,1.650801,10.267895
Nickel,DEU,ZWE,Germany,Zimbabwe,750610,Processed,1584.769,mirror,51.165691,10.451526,-19.015438,29.154857
Nickel,DEU,NAM,Germany,Namibia,750522,Processed,553.28,direct,51.165691,10.451526,-22.95764,18.49041
Nickel,DEU,NER,Germany,Niger,750511,Processed,472.523,mirror,51.165691,10.451526,17.607789,8.081666
Nickel,DEU,PYF,Germany,French Polynesia,750522,Processed,134.128,direct,51.165691,10.451526,,
Nickel,DEU,UGA,Germany,Uganda,750400,Processed,100,mirror,51.165691,10.451526,1.373333,32.290275
Nickel,GHA,IND,Ghana,India,750300|750522,Processed,175266.244,mirror,7.946527,-1.023194,20.593684,78.96288
Nickel,GHA,NLD,Ghana,Netherlands,750300,Processed,22139.01,mirror,7.946527,-1.023194,52.132633,5.291266
Nickel,GHA,DEU,Ghana,Germany,750300,Processed,16942.04,mirror,7.946527,-1.023194,51.165691,10.451526
Nickel,GRC,TUR,Greece,Türkiye,750300,Processed,154641.862,direct,39.074208,21.824312,38.963745,35.243322
Nickel,GRC,ITA,Greece,Italy,750300|750620,Processed,67629.166,direct,39.074208,21.824312,41.87194,12.56738
Nickel,GRC,SAU,Greece,Saudi Arabia,750620,Processed,47339.199,mirror,39.074208,21.824312,23.885942,45.079162
Nickel,GRC,DEU,Greece,Germany,750300|750512|750620,Processed,23375.088,direct,39.074208,21.824312,51.165691,10.451526
Nickel,GRC,GBR,Greece,United Kingdom,750300,Processed,22139.444,mirror,39.074208,21.824312,55.378051,-3.435973
Nickel,GRC,NLD,Greece,Netherlands,282735|750210|750220|750300|750400|750512|750522|750620|750712,Processed,15872.025,direct,39.074208,21.824312,52.132633,5.291266
Nickel,GRC,BEL,Greece,Belgium,750620,Processed,14848.096,direct,39.074208,21.824312,50.503887,4.469936
Nickel,GRC,ROU,Greece,Romania,750400|750511|750512|750712,Processed,9654.106,direct,39.074208,21.824312,45.943161,24.96676
Nickel,GRC,BGR,Greece,Bulgaria,750711,Processed,6925.07,direct,39.074208,21.824312,42.733883,25.48583
Nickel,GRC,MLT,Greece,Malta,750712,Processed,3188.692,direct,39.074208,21.824312,35.937496,14.375416
Nickel,GRC,CHE,Greece,Switzerland,750620,Processed,436.144,mirror,39.074208,21.824312,46.818188,8.227512
Nickel,GRC,CYP,Greece,Cyprus,750522,Processed,93.084,direct,39.074208,21.824312,35.126413,33.429859
Nickel,GRL,DNK,Greenland,Denmark,750512,Processed,217.565,mirror,,,56.26392,9.501785
Nickel,GTM,SLV,Guatemala,El Salvador,750400,Processed,6500,direct,15.783471,-90.230759,13.794185,-88.89653
Nickel,HND,USA,Honduras,USA,750300,Processed,35829,mirror,15.199999,-86.241905,37.09024,-95.712891
Nickel,HUN,POL,Hungary,Poland,750512|750620,Processed,10900944.2,direct,47.162494,19.503304,51.919438,19.145136
Nickel,HUN,MYS,Hungary,Malaysia,282540|750300,Processed,10735372.98,direct,47.162494,19.503304,4.210484,101.975766
Nickel,HUN,THA,Hungary,Thailand,282540|750300,Processed,10309895.39,direct,47.162494,19.503304,15.870032,100.992541
Nickel,HUN,SGP,Hungary,Singapore,282540,Processed,9266840.928,direct,47.162494,19.503304,1.352083,103.819836
Nickel,HUN,KOR,Hungary,Rep. of Korea,750300|750400|750620,Processed,4172412.436,direct,47.162494,19.503304,35.907757,127.766922
Nickel,HUN,GBR,Hungary,United Kingdom,750300|750400|750512,Processed,3970510.576,direct,47.162494,19.503304,55.378051,-3.435973
Nickel,HUN,KAZ,Hungary,Kazakhstan,750300,Processed,3064987.968,direct,47.162494,19.503304,48.019573,66.923684
Nickel,HUN,CZE,Hungary,Czechia,750300|750512|750610,Processed,3029252.28,direct,47.162494,19.503304,49.817492,15.472962
Nickel,HUN,USA,Hungary,USA,750220|750511|750512|750620|750712,Processed,2024943.152,direct,47.162494,19.503304,37.09024,-95.712891
Nickel,HUN,ROU,Hungary,Romania,750400|750512|750522|750620,Processed,1454376.812,direct,47.162494,19.503304,45.943161,24.96676
Nickel,HUN,SVK,Hungary,Slovakia,282540|750110|750210,Processed,1431277.556,direct,47.162494,19.503304,48.669026,19.699024
Nickel,HUN,ITA,Hungary,Italy,750210|750300,Processed,853930.751,direct,47.162494,19.503304,41.87194,12.56738
Nickel,HUN,FRA,Hungary,France,750512,Processed,540079.732,direct,47.162494,19.503304,46.227638,2.213749
Nickel,HUN,CHE,Hungary,Switzerland,750400|750620,Processed,291487.232,direct,47.162494,19.503304,46.818188,8.227512
Nickel,HUN,TUR,Hungary,Türkiye,750400|750610|750712,Processed,248620.788,direct,47.162494,19.503304,38.963745,35.243322
Nickel,HUN,JPN,Hungary,Japan,750300,Processed,177371.044,mirror,47.162494,19.503304,36.204824,138.252924
Nickel,HUN,HRV,Hungary,Croatia,750300|750400,Processed,155685.548,direct,47.162494,19.503304,45.1,15.2
Nickel,HUN,NOR,Hungary,Norway,750110,Processed,111682.164,mirror,47.162494,19.503304,60.472024,8.468946
Nickel,HUN,CHN,Hungary,China,750522|750610,Processed,60147.66,direct,47.162494,19.503304,35.86166,104.195397
Nickel,HUN,ESP,Hungary,Spain,282735|750712,Processed,58903.512,direct,47.162494,19.503304,40.463667,-3.74922
Nickel,HUN,NLD,Hungary,Netherlands,282735|750210|750220|750300|750400|750512|750522|750610|750620|750712,Processed,39191.649,direct,47.162494,19.503304,52.132633,5.291266
Nickel,HUN,UKR,Hungary,Ukraine,750400|750512,Processed,36870.548,direct,47.162494,19.503304,48.379433,31.16558
Nickel,HUN,SRB,Hungary,Serbia,750522,Processed,28670.464,direct,47.162494,19.503304,44.016521,21.005859
Nickel,HUN,AUT,Hungary,Austria,750300,Processed,26450.131,mirror,47.162494,19.503304,47.516231,14.550072
Nickel,HUN,DZA,Hungary,Algeria,750620,Processed,23126.024,direct,47.162494,19.503304,28.033886,1.659626
Nickel,HUN,DEU,Hungary,Germany,750300|750512|750610|750620|750712,Processed,18566.824,direct,47.162494,19.503304,51.165691,10.451526
Nickel,HUN,SVN,Hungary,Slovenia,750610,Processed,16083.416,direct,47.162494,19.503304,46.151241,14.995463
Nickel,HUN,MEX,Hungary,Mexico,750620,Processed,4715.864,direct,47.162494,19.503304,23.634501,-102.552784
Nickel,HUN,SAU,Hungary,Saudi Arabia,750120|750712,Processed,3137.867,mirror,47.162494,19.503304,23.885942,45.079162
Nickel,HUN,IDN,Hungary,Indonesia,750620,Processed,614.532,direct,47.162494,19.503304,-0.789275,113.921327
Nickel,HUN,GEO,Hungary,Georgia,750522,Processed,468.76,direct,47.162494,19.503304,42.315407,43.356892
Nickel,HUN,IRL,Hungary,Ireland,750712,Processed,334.456,mirror,47.162494,19.503304,53.41291,-8.24389
Nickel,HUN,BGR,Hungary,Bulgaria,750522,Processed,203.66,direct,47.162494,19.503304,42.733883,25.48583
Nickel,HUN,CAN,Hungary,Canada,750712,Processed,8.464,mirror,47.162494,19.503304,56.130366,-106.346771
Nickel,ISL,FRA,Iceland,France,750210,Processed,169401.2,mirror,64.963051,-19.020835,46.227638,2.213749
Nickel,ISL,BEL,Iceland,Belgium,750210,Processed,56773.106,mirror,64.963051,-19.020835,50.503887,4.469936
Nickel,ISL,DEU,Iceland,Germany,750512,Processed,12.917,direct,64.963051,-19.020835,51.165691,10.451526
Nickel,IND,USA,India,USA,282540|282735|283324|750110|750120|750220|750300|750400|750511|750512|750521|750522|750610|750620|750712,Processed,39398418.38,direct,20.593684,78.96288,37.09024,-95.712891
Nickel,IND,SGP,India,Singapore,282540|282735|750210|750300|750400|750511|750512|750522|750620|750711|750712,Processed,35732190.34,direct,20.593684,78.96288,1.352083,103.819836
Nickel,IND,KOR,India,Rep. of Korea,282540|282735|283324|750120|750210|750220|750300|750400|750512|750521|750522|750620|750711|750712,Processed,35001909.13,direct,20.593684,78.96288,35.907757,127.766922
Nickel,IND,GBR,India,United Kingdom,282540|283324|750110|750210|750220|750300|750400|750511|750512|750521|750522|750620|750711|750712,Processed,29366020.24,direct,20.593684,78.96288,55.378051,-3.435973
Nickel,IND,SAU,India,Saudi Arabia,282735|283324|750210|750220|750300|750400|750511|750512|750521|750522|750610|750620|750711|750712,Processed,28820959.26,direct,20.593684,78.96288,23.885942,45.079162
Nickel,IND,MEX,India,Mexico,750400|750511|750512|750521|750522|750610|750712,Processed,22041263.23,direct,20.593684,78.96288,23.634501,-102.552784
Nickel,IND,CHN,India,China,750400|750512|750521|750522|750610|750711|750712,Processed,19576497.39,direct,20.593684,78.96288,35.86166,104.195397
Nickel,IND,ARE,India,United Arab Emirates,282540|282735|283324|750210|750220|750300|750400|750511|750512|750521|750522|750610|750620|750711|750712,Processed,16458860.94,direct,20.593684,78.96288,23.424076,53.847818
Nickel,IND,DEU,India,Germany,282540|283324|750210|750220|750300|750400|750511|750512|750521|750522|750620|750712,Processed,15641134.04,direct,20.593684,78.96288,51.165691,10.451526
Nickel,IND,TUR,India,Türkiye,282540|282735|283324|750210|750220|750400|750511|750512|750521|750522|750610|750620|750712,Processed,13611476.12,direct,20.593684,78.96288,38.963745,35.243322
Nickel,IND,JPN,India,Japan,282540|283324|750210|750220|750300|750400|750512|750521|750522|750620|750712,Processed,12671773.34,direct,20.593684,78.96288,36.204824,138.252924
Nickel,IND,NLD,India,Netherlands,282735|750120|750210|750300|750400|750512|750522|750620|750712,Processed,12636137.17,direct,20.593684,78.96288,52.132633,5.291266
Nickel,IND,BRA,India,Brazil,282735|283324|750210|750220|750511|750512|750521|750522|750610|750620|750712,Processed,11735800.06,direct,20.593684,78.96288,-14.235004,-51.92528
Nickel,IND,ITA,India,Italy,750220|750511|750512|750521|750522|750610|750620|750712,Processed,10835482.31,direct,20.593684,78.96288,41.87194,12.56738
Nickel,IND,SWE,India,Sweden,750300|750400|750511|750512|750522|750620|750712,Processed,8226716.85,direct,20.593684,78.96288,60.128161,18.643501
Nickel,IND,THA,India,Thailand,750210|750300|750400|750512|750521|750522|750610|750620|750712,Processed,6308589.286,direct,20.593684,78.96288,15.870032,100.992541
Nickel,IND,MYS,India,Malaysia,282540|283324|750120|750210|750220|750300|750400|750511|750512|750522|750610|750620|750712,Processed,5163554.456,direct,20.593684,78.96288,4.210484,101.975766
Nickel,IND,FRA,India,France,283324|750300|750400|750511|750512|750521|750522|750620|750712,Processed,4966268.264,direct,20.593684,78.96288,46.227638,2.213749
Nickel,IND,CAN,India,Canada,282540|282735|283324|750120|750300|750512|750521|750522|750610|750620|750712,Processed,3661514.51,direct,20.593684,78.96288,56.130366,-106.346771
Nickel,IND,IND,India,India,750300|750400|750512|750521|750522|750610|750620|750712,Processed,2809333.981,mirror,20.593684,78.96288,20.593684,78.96288
Nickel,IND,IDN,India,Indonesia,282735|283324|750400|750512|750522|750620|750712,Processed,2206525.114,direct,20.593684,78.96288,-0.789275,113.921327
Nickel,IND,ESP,India,Spain,282540|750210|750300|750512|750522|750610|750620|750712,Processed,2066758.854,direct,20.593684,78.96288,40.463667,-3.74922
Nickel,IND,CHE,India,Switzerland,282540|750512|750521|750522|750712,Processed,1948822.896,direct,20.593684,78.96288,46.818188,8.227512
Nickel,IND,PHL,India,Philippines,282735|283324|750220|750400|750511|750512|750521|750522|750610|750620|750711|750712,Processed,1888286.328,direct,20.593684,78.96288,12.879721,121.774017
Nickel,IND,BEL,India,Belgium,282540|283324|750300|750400|750511|750512|750522|750620|750711|750712,Processed,1691369.045,direct,20.593684,78.96288,50.503887,4.469936
Nickel,IND,_X ,India,"Areas, nes",750210,Processed,1676195.036,direct,20.593684,78.96288,,
Nickel,IND,COL,India,Colombia,282540|282735|283324|750400|750511|750512|750522|750712,Processed,1297459.384,direct,20.593684,78.96288,4.570868,-74.297333
Nickel,IND,ROU,India,Romania,750400|750511|750512|750522|750620|750712,Processed,1280784.914,direct,20.593684,78.96288,45.943161,24.96676
Nickel,IND,ARG,India,Argentina,750511|750512|750522|750610|750620|750712,Processed,1280059.992,direct,20.593684,78.96288,-38.416097,-63.616672
Nickel,IND,ZAF,India,South Africa,282540|282735|283324|750400|750511|750512|750521|750522|750610|750620,Processed,1114144.892,direct,20.593684,78.96288,-30.559482,22.937506
Nickel,IND,QAT,India,Qatar,282735|750210|750400|750512|750521|750522|750620|750712,Processed,1106207.668,direct,20.593684,78.96288,25.354826,51.183884
Nickel,IND,OMN,India,Oman,282540|282735|750300|750400|750512|750522|750620|750712,Processed,1003573.698,direct,20.593684,78.96288,21.512583,55.923255
Nickel,IND,BGD,India,Bangladesh,282735|283324|750210|750400|750522,Processed,1002785.216,direct,20.593684,78.96288,23.684994,90.356331
Nickel,IND,RUS,India,Russian Federation,282735|283324|750220|750400|750512|750522|750610|750620|750712,Processed,809696.368,direct,20.593684,78.96288,61.52401,105.318756
Nickel,IND,KWT,India,Kuwait,282540|282735|750220|750512|750522|750620|750712,Processed,769759.932,direct,20.593684,78.96288,29.31166,47.481766
Nickel,IND,S19,India,"Other Asia, nes",282540|283324|750512|750521|750522|750620|750712,Processed,755926.523,direct,20.593684,78.96288,,
Nickel,IND,POL,India,Poland,282540|750400|750511|750512|750521|750522|750610|750620|750712,Processed,699691.596,direct,20.593684,78.96288,51.919438,19.145136
Nickel,IND,PER,India,Peru,282735|283324|750400|750511|750512|750522,Processed,671596.354,direct,20.593684,78.96288,-9.189967,-75.015152
Nickel,IND,HUN,India,Hungary,750522|750620|750712,Processed,592489.85,direct,20.593684,78.96288,47.162494,19.503304
Nickel,IND,AUT,India,Austria,750210|750220|750400|750512,Processed,507309.967,direct,20.593684,78.96288,47.516231,14.550072
Nickel,IND,ISR,India,Israel,750511|750512|750521|750522|750620|750712,Processed,477692.95,direct,20.593684,78.96288,31.046051,34.851612
Nickel,IND,EGY,India,Egypt,750210|750220|750400|750512|750521|750522|750620|750711|750712,Processed,477402.848,direct,20.593684,78.96288,26.820553,30.802498
Nickel,IND,KEN,India,Kenya,750210|750400|750511|750512|750521|750522|750610|750620|750712,Processed,454516.515,direct,20.593684,78.96288,-0.023559,37.906193
Nickel,IND,AUS,India,Australia,282540|283324|750512|750521|750522|750610|750712,Processed,374379.012,direct,20.593684,78.96288,-25.274398,133.775136
Nickel,IND,BHR,India,Bahrain,282735|283324|750210|750511|750512|750522|750620|750712,Processed,276418.733,direct,20.593684,78.96288,26.0275,50.55
Nickel,IND,UGA,India,Uganda,282735|283324|750210|750521|750522|750610|750620,Processed,201668.928,direct,20.593684,78.96288,1.373333,32.290275
Nickel,IND,UKR,India,Ukraine,282540|283324|750512|750522,Processed,192006.83,direct,20.593684,78.96288,48.379433,31.16558
Nickel,IND,NPL,India,Nepal,282735|283324|750210|750220|750400|750512|750521|750522|750610|750620|750712,Processed,183015.006,direct,20.593684,78.96288,28.394857,84.124008
Nickel,IND,PRT,India,Portugal,750511|750712,Processed,161455.258,direct,20.593684,78.96288,39.399872,-8.224454
Nickel,IND,NGA,India,Nigeria,282735|750210|750400|750512|750522|750620|750712,Processed,135385.72,direct,20.593684,78.96288,9.081999,8.675277
Nickel,IND,AGO,India,Angola,750220|750522|750620,Processed,125223.066,direct,20.593684,78.96288,-11.202692,17.873887
Nickel,IND,CZE,India,Czechia,750511|750512|750522|750712,Processed,116761.608,direct,20.593684,78.96288,49.817492,15.472962
Nickel,IND,VNM,India,Viet Nam,283324|750400|750512|750522|750620|750712,Processed,111562.598,direct,20.593684,78.96288,14.058324,108.277199
Nickel,IND,KAZ,India,Kazakhstan,750522|750712,Processed,91007.692,direct,20.593684,78.96288,48.019573,66.923684
Nickel,IND,LBY,India,Libya,750522|750712,Processed,90286.212,direct,20.593684,78.96288,26.3351,17.228331
Nickel,IND,FIN,India,Finland,282735|750512,Processed,85932.036,mirror,20.593684,78.96288,61.92411,25.748151
Nickel,IND,SYR,India,Syria,282735|283324,Processed,71137.912,direct,20.593684,78.96288,34.802075,38.996815
Nickel,IND,CHL,India,Chile,750400|750712,Processed,63976.988,direct,20.593684,78.96288,-35.675147,-71.542969
Nickel,IND,LKA,India,Sri Lanka,282540|282735|283324|750210|750512|750522|750610|750620|750712,Processed,56628.207,direct,20.593684,78.96288,7.873054,80.771797
Nickel,IND,IRL,India,Ireland,750511|750512|750522|750610,Processed,40593.561,direct,20.593684,78.96288,53.41291,-8.24389
Nickel,IND,JOR,India,Jordan,750210|750620|750712,Processed,39750.15,direct,20.593684,78.96288,30.585164,36.238414
Nickel,IND,SEN,India,Senegal,750512|750620,Processed,37937.738,direct,20.593684,78.96288,14.497401,14.452362
Nickel,IND,UZB,India,Uzbekistan,282735|283324|750300|750400|750522,Processed,36991.206,direct,20.593684,78.96288,41.377491,64.585262
Nickel,IND,NOR,India,Norway,282735|750110|750400|750512,Processed,34946.382,mirror,20.593684,78.96288,60.472024,8.468946
Nickel,IND,MAR,India,Morocco,282540|282735|750210,Processed,19201.802,direct,20.593684,78.96288,31.791702,-7.09262
Nickel,IND,ETH,India,Ethiopia,282735|750522|750620,Processed,18816.858,direct,20.593684,78.96288,9.145,40.489673
Nickel,IND,NZL,India,New Zealand,283324|750400|750512|750522,Processed,16447.819,direct,20.593684,78.96288,-40.900557,174.885971
Nickel,IND,IRQ,India,Iraq,750620,Processed,14046.508,direct,20.593684,78.96288,33.223191,43.679291
Nickel,IND,SVN,India,Slovenia,282540|750522|750620|750712,Processed,13215.664,direct,20.593684,78.96288,46.151241,14.995463
Nickel,IND,LVA,India,Latvia,750220,Processed,12440.602,direct,20.593684,78.96288,56.879635,24.603189
Nickel,IND,DJI,India,Djibouti,750522,Processed,8220.366,direct,20.593684,78.96288,11.825138,42.590275
Nickel,IND,ZMB,India,Zambia,750210|750512|750522,Processed,7644.177,direct,20.593684,78.96288,-13.133897,27.849332
Nickel,IND,YEM,India,Yemen,750712,Processed,7361.498,direct,20.593684,78.96288,15.552727,48.516388
Nickel,IND,KGZ,India,Kyrgyzstan,750522,Processed,6496.58,direct,20.593684,78.96288,41.20438,74.766098
Nickel,IND,DNK,India,Denmark,750220|750711|750712,Processed,5231.565,direct,20.593684,78.96288,56.26392,9.501785
Nickel,IND,BTN,India,Bhutan,750220|750522|750610,Processed,4885.19,direct,20.593684,78.96288,27.514162,90.433601
Nickel,IND,ARM,India,Armenia,283324,Processed,4474.32,mirror,20.593684,78.96288,40.069099,45.038189
Nickel,IND,BLR,India,Belarus,750512|750712,Processed,4259.488,direct,20.593684,78.96288,53.709807,27.953389
Nickel,IND,MUS,India,Mauritius,283324|750712,Processed,4158.976,direct,20.593684,78.96288,-20.348404,57.552152
Nickel,IND,CIV,India,Côte d'Ivoire,750400|750610|750620,Processed,3163.951,direct,20.593684,78.96288,7.539989,-5.54708
Nickel,IND,COD,India,Dem. Rep. of the Congo,750522,Processed,2943.158,direct,20.593684,78.96288,-4.038333,21.758664
Nickel,IND,TZA,India,United Rep. of Tanzania,282735|283324|750220|750511|750522,Processed,1902.502,direct,20.593684,78.96288,-6.369028,34.888822
Nickel,IND,BGR,India,Bulgaria,750400,Processed,1703.946,direct,20.593684,78.96288,42.733883,25.48583
Nickel,IND,ECU,India,Ecuador,750400|750512|750522,Processed,1451.928,mirror,20.593684,78.96288,-1.831239,-78.183406
Nickel,IND,BEN,India,Benin,750620,Processed,1051.316,mirror,20.593684,78.96288,9.30769,2.315834
Nickel,IND,DOM,India,Dominican Rep.,283324,Processed,1038.664,mirror,20.593684,78.96288,18.735693,-70.162651
Nickel,IND,PAK,India,Pakistan,750712,Processed,853.103,mirror,20.593684,78.96288,30.375321,69.345116
Nickel,IND,RWA,India,Rwanda,750220,Processed,796.294,direct,20.593684,78.96288,-1.940278,29.873888
Nickel,IND,MWI,India,Malawi,282735|750522,Processed,778.943,mirror,20.593684,78.96288,-13.254308,34.301525
Nickel,IND,GIN,India,Guinea,750522,Processed,715.974,direct,20.593684,78.96288,9.945587,-9.696645
Nickel,IND,LBR,India,Liberia,750220,Processed,601.816,direct,20.593684,78.96288,6.428055,-9.429499
Nickel,IND,MLT,India,Malta,750512|750521,Processed,580.156,mirror,20.593684,78.96288,35.937496,14.375416
Nickel,IND,LBN,India,Lebanon,750220,Processed,492.032,direct,20.593684,78.96288,33.854721,35.862285
Nickel,IND,ZWE,India,Zimbabwe,750512|750522,Processed,399.26,direct,20.593684,78.96288,-19.015438,29.154857
Nickel,IND,MOZ,India,Mozambique,750522,Processed,396.864,direct,20.593684,78.96288,-18.665695,35.529562
Nickel,IND,SLV,India,El Salvador,750521,Processed,337.03,mirror,20.593684,78.96288,13.794185,-88.89653
Nickel,IND,AZE,India,Azerbaijan,750522,Processed,244,mirror,20.593684,78.96288,40.143105,47.576927
Nickel,IND,MDV,India,Maldives,282735|750522,Processed,225.988,direct,20.593684,78.96288,3.202778,73.22068
Nickel,IND,BWA,India,Botswana,282735|750522,Processed,153.13,direct,20.593684,78.96288,-22.328474,24.684866
Nickel,IND,LUX,India,Luxembourg,750512,Processed,150.862,mirror,20.593684,78.96288,49.815273,6.129583
Nickel,IND,TUN,India,Tunisia,282540|283324,Processed,102.179,direct,20.593684,78.96288,33.886917,9.537499
Nickel,IND,SLE,India,Sierra Leone,750120,Processed,91.026,direct,20.593684,78.96288,8.460555,-11.779889
Nickel,IND,GHA,India,Ghana,750522,Processed,56.362,direct,20.593684,78.96288,7.946527,-1.023194
Nickel,IND,MDG,India,Madagascar,750522,Processed,53.712,mirror,20.593684,78.96288,-18.766947,46.869107
Nickel,IND,CMR,India,Cameroon,750620,Processed,19.956,direct,20.593684,78.96288,3.848033,11.502075
Nickel,IND,URY,India,Uruguay,750522,Processed,15,mirror,20.593684,78.96288,-32.522779,-55.765835
Nickel,IDN,CHN,Indonesia,China,282540|283324|750110|750120|750210|750300|750511|750512|750522|750610,Processed,13575776438,direct,-0.789275,113.921327,35.86166,104.195397
Nickel,IDN,JPN,Indonesia,Japan,750110|750120|750210|750300|750512|750620|750712,Processed,2099679677,direct,-0.789275,113.921327,36.204824,138.252924
Nickel,IDN,GBR,Indonesia,United Kingdom,750120|750210|750512,Processed,1428476002,mirror,-0.789275,113.921327,55.378051,-3.435973
Nickel,IDN,SGP,Indonesia,Singapore,750210|750300|750512|750522|750610|750620|750712,Processed,388216167.9,direct,-0.789275,113.921327,1.352083,103.819836
Nickel,IDN,NLD,Indonesia,Netherlands,750110|750120|750210,Processed,287532486.5,direct,-0.789275,113.921327,52.132633,5.291266
Nickel,IDN,S19,Indonesia,"Other Asia, nes",750120|750210|750220|750300,Processed,221733037.3,direct,-0.789275,113.921327,,
Nickel,IDN,KOR,Indonesia,Rep. of Korea,282540|750110|750120|750210|750300|750610,Processed,212509988.4,direct,-0.789275,113.921327,35.907757,127.766922
Nickel,IDN,NOR,Indonesia,Norway,750110,Processed,127776504,direct,-0.789275,113.921327,60.472024,8.468946
Nickel,IDN,ESP,Indonesia,Spain,750120|750210|750220,Processed,89226862.15,mirror,-0.789275,113.921327,40.463667,-3.74922
Nickel,IDN,IND,Indonesia,India,282540|750120|750210|750300|750522|750610|750620,Processed,61424409.84,direct,-0.789275,113.921327,20.593684,78.96288
Nickel,IDN,MYS,Indonesia,Malaysia,282540|750210|750220|750300|750522|750610,Processed,41442691.8,direct,-0.789275,113.921327,4.210484,101.975766
Nickel,IDN,SWE,Indonesia,Sweden,750120|750300,Processed,13363891.16,direct,-0.789275,113.921327,60.128161,18.643501
Nickel,IDN,AUT,Indonesia,Austria,750210,Processed,12805102.03,mirror,-0.789275,113.921327,47.516231,14.550072
Nickel,IDN,SVN,Indonesia,Slovenia,750210,Processed,11339192.35,mirror,-0.789275,113.921327,46.151241,14.995463
Nickel,IDN,TUR,Indonesia,Türkiye,750210|750610,Processed,9557209.96,direct,-0.789275,113.921327,38.963745,35.243322
Nickel,IDN,BRA,Indonesia,Brazil,750210,Processed,9497730.44,direct,-0.789275,113.921327,-14.235004,-51.92528
Nickel,IDN,ITA,Indonesia,Italy,750120|750210,Processed,8360828.013,mirror,-0.789275,113.921327,41.87194,12.56738
Nickel,IDN,USA,Indonesia,USA,750120|750210|750300|750620|750712,Processed,7511162.38,direct,-0.789275,113.921327,37.09024,-95.712891
Nickel,IDN,FRA,Indonesia,France,750210,Processed,4280217.244,mirror,-0.789275,113.921327,46.227638,2.213749
Nickel,IDN,DEU,Indonesia,Germany,750210|750220|750400,Processed,4095357.828,direct,-0.789275,113.921327,51.165691,10.451526
Nickel,IDN,POL,Indonesia,Poland,750210,Processed,2403444,mirror,-0.789275,113.921327,51.919438,19.145136
Nickel,IDN,SVK,Indonesia,Slovakia,750210,Processed,1868794.808,mirror,-0.789275,113.921327,48.669026,19.699024
Nickel,IDN,BEL,Indonesia,Belgium,750120|750210,Processed,1221681.32,mirror,-0.789275,113.921327,50.503887,4.469936
Nickel,IDN,UKR,Indonesia,Ukraine,750210|750610,Processed,1192303.32,mirror,-0.789275,113.921327,48.379433,31.16558
Nickel,IDN,CHE,Indonesia,Switzerland,750210,Processed,415655.412,mirror,-0.789275,113.921327,46.818188,8.227512
Nickel,IDN,THA,Indonesia,Thailand,282540|750512|750522|750712,Processed,300899.56,direct,-0.789275,113.921327,15.870032,100.992541
Nickel,IDN,PER,Indonesia,Peru,750522,Processed,288742.96,direct,-0.789275,113.921327,-9.189967,-75.015152
Nickel,IDN,AZE,Indonesia,Azerbaijan,750210,Processed,63094.8,mirror,-0.789275,113.921327,40.143105,47.576927
Nickel,IDN,VNM,Indonesia,Viet Nam,750521,Processed,62324.36,direct,-0.789275,113.921327,14.058324,108.277199
Nickel,IDN,SAU,Indonesia,Saudi Arabia,750210,Processed,36810.132,mirror,-0.789275,113.921327,23.885942,45.079162
Nickel,IDN,NZL,Indonesia,New Zealand,750512,Processed,7329.746,mirror,-0.789275,113.921327,-40.900557,174.885971
Nickel,IRN,MYS,Iran,Malaysia,750300,Processed,466829.586,mirror,32.427908,53.688046,4.210484,101.975766
Nickel,IRN,TUR,Iran,Türkiye,750300,Processed,99440,mirror,32.427908,53.688046,38.963745,35.243322
Nickel,IRN,IDN,Iran,Indonesia,750400,Processed,81560,mirror,32.427908,53.688046,-0.789275,113.921327
Nickel,IRN,CZE,Iran,Czechia,750400|750712,Processed,62952,mirror,32.427908,53.688046,49.817492,15.472962
Nickel,IRN,AUS,Iran,Australia,750400,Processed,5467.21,mirror,32.427908,53.688046,-25.274398,133.775136
Nickel,IRN,CHN,Iran,China,750512,Processed,420,mirror,32.427908,53.688046,35.86166,104.195397
Nickel,IRN,SVK,Iran,Slovakia,750522,Processed,277.088,mirror,32.427908,53.688046,48.669026,19.699024
Nickel,IRL,DEU,Ireland,Germany,750300|750400|750512|750521|750522|750620|750711|750712,Processed,8605484.971,direct,53.41291,-8.24389,51.165691,10.451526
Nickel,IRL,USA,Ireland,USA,283324|750120|750220|750300|750400|750511|750512|750521|750522|750620|750712,Processed,5210022.109,direct,53.41291,-8.24389,37.09024,-95.712891
Nickel,IRL,GBR,Ireland,United Kingdom,282735|283324|750120|750220|750300|750400|750511|750512|750521|750522|750610|750620|750711|750712,Processed,5137480.971,direct,53.41291,-8.24389,55.378051,-3.435973
Nickel,IRL,FRA,Ireland,France,750220|750400|750512|750522|750610|750712,Processed,2341576.427,direct,53.41291,-8.24389,46.227638,2.213749
Nickel,IRL,CAN,Ireland,Canada,750400|750522,Processed,2166035.969,direct,53.41291,-8.24389,56.130366,-106.346771
Nickel,IRL,ESP,Ireland,Spain,750400|750521|750522|750712,Processed,1641910.15,direct,53.41291,-8.24389,40.463667,-3.74922
Nickel,IRL,CHN,Ireland,China,750400|750512|750522|750610|750620|750712,Processed,1344669.223,direct,53.41291,-8.24389,35.86166,104.195397
Nickel,IRL,HRV,Ireland,Croatia,750400,Processed,1338759.59,direct,53.41291,-8.24389,45.1,15.2
Nickel,IRL,POL,Ireland,Poland,750400|750512|750522,Processed,915089.901,direct,53.41291,-8.24389,51.919438,19.145136
Nickel,IRL,THA,Ireland,Thailand,750400,Processed,899969.56,mirror,53.41291,-8.24389,15.870032,100.992541
Nickel,IRL,IND,Ireland,India,750400|750512|750522,Processed,857035.925,direct,53.41291,-8.24389,20.593684,78.96288
Nickel,IRL,TUR,Ireland,Türkiye,750400|750522|750712,Processed,786946.629,direct,53.41291,-8.24389,38.963745,35.243322
Nickel,IRL,NLD,Ireland,Netherlands,750210|750220|750300|750400|750512|750522|750610|750620|750712,Processed,766944.488,direct,53.41291,-8.24389,52.132633,5.291266
Nickel,IRL,AUT,Ireland,Austria,750400|750522,Processed,399284.74,direct,53.41291,-8.24389,47.516231,14.550072
Nickel,IRL,SGP,Ireland,Singapore,750400|750512|750522|750712,Processed,348664.498,direct,53.41291,-8.24389,1.352083,103.819836
Nickel,IRL,ISR,Ireland,Israel,283324|750400|750522|750712,Processed,338031.008,direct,53.41291,-8.24389,31.046051,34.851612
Nickel,IRL,JPN,Ireland,Japan,750400,Processed,267752.784,direct,53.41291,-8.24389,36.204824,138.252924
Nickel,IRL,BEL,Ireland,Belgium,282540|750400|750512|750522,Processed,263399.504,direct,53.41291,-8.24389,50.503887,4.469936
Nickel,IRL,ROU,Ireland,Romania,750400,Processed,255946.178,direct,53.41291,-8.24389,45.943161,24.96676
Nickel,IRL,E19,Ireland,"Other Europe, nes",750522,Processed,203005.867,direct,53.41291,-8.24389,,
Nickel,IRL,AZE,Ireland,Azerbaijan,750400,Processed,138184.88,mirror,53.41291,-8.24389,40.143105,47.576927
Nickel,IRL,ITA,Ireland,Italy,750400|750522,Processed,138018.662,direct,53.41291,-8.24389,41.87194,12.56738
Nickel,IRL,HUN,Ireland,Hungary,750400|750610,Processed,112127.08,direct,53.41291,-8.24389,47.162494,19.503304
Nickel,IRL,KOR,Ireland,Rep. of Korea,750400|750512|750522,Processed,102985.254,direct,53.41291,-8.24389,35.907757,127.766922
Nickel,IRL,CHE,Ireland,Switzerland,750400|750512|750522|750620,Processed,98361.097,direct,53.41291,-8.24389,46.818188,8.227512
Nickel,IRL,BRA,Ireland,Brazil,750400|750712,Processed,91752,mirror,53.41291,-8.24389,-14.235004,-51.92528
Nickel,IRL,NOR,Ireland,Norway,750400|750522|750620,Processed,90479.744,direct,53.41291,-8.24389,60.472024,8.468946
Nickel,IRL,SVN,Ireland,Slovenia,750400,Processed,86814.736,mirror,53.41291,-8.24389,46.151241,14.995463
Nickel,IRL,SAU,Ireland,Saudi Arabia,750400|750610,Processed,66045.773,direct,53.41291,-8.24389,23.885942,45.079162
Nickel,IRL,PER,Ireland,Peru,750400,Processed,58244.088,mirror,53.41291,-8.24389,-9.189967,-75.015152
Nickel,IRL,JOR,Ireland,Jordan,750400,Processed,56012.436,mirror,53.41291,-8.24389,30.585164,36.238414
Nickel,IRL,S19,Ireland,"Other Asia, nes",750400|750522,Processed,55056.496,direct,53.41291,-8.24389,,
Nickel,IRL,CZE,Ireland,Czechia,750522|750620,Processed,54954.756,direct,53.41291,-8.24389,49.817492,15.472962
Nickel,IRL,PRT,Ireland,Portugal,750400,Processed,50697.618,direct,53.41291,-8.24389,39.399872,-8.224454
Nickel,IRL,MYS,Ireland,Malaysia,750512|750522,Processed,36781.453,direct,53.41291,-8.24389,4.210484,101.975766
Nickel,IRL,MEX,Ireland,Mexico,750512|750522,Processed,35492.337,direct,53.41291,-8.24389,23.634501,-102.552784
Nickel,IRL,SEN,Ireland,Senegal,750400,Processed,28865.885,mirror,53.41291,-8.24389,14.497401,14.452362
Nickel,IRL,SWE,Ireland,Sweden,750400|750522,Processed,27482.723,direct,53.41291,-8.24389,60.128161,18.643501
Nickel,IRL,NGA,Ireland,Nigeria,750400,Processed,25775.312,mirror,53.41291,-8.24389,9.081999,8.675277
Nickel,IRL,COL,Ireland,Colombia,750400,Processed,22580.83,mirror,53.41291,-8.24389,4.570868,-74.297333
Nickel,IRL,FIN,Ireland,Finland,750400|750522,Processed,22503.605,direct,53.41291,-8.24389,61.92411,25.748151
Nickel,IRL,ARE,Ireland,United Arab Emirates,750400|750512,Processed,21886.815,direct,53.41291,-8.24389,23.424076,53.847818
Nickel,IRL,EGY,Ireland,Egypt,750400,Processed,10436.161,mirror,53.41291,-8.24389,26.820553,30.802498
Nickel,IRL,MAR,Ireland,Morocco,750400,Processed,9991.19,mirror,53.41291,-8.24389,31.791702,-7.09262
Nickel,IRL,SWZ,Ireland,Eswatini,750512|750620,Processed,8442.568,direct,53.41291,-8.24389,-26.522503,31.465866
Nickel,IRL,ZAF,Ireland,South Africa,750712,Processed,8182.796,direct,53.41291,-8.24389,-30.559482,22.937506
Nickel,IRL,QAT,Ireland,Qatar,750400,Processed,6085.799,mirror,53.41291,-8.24389,25.354826,51.183884
Nickel,IRL,KEN,Ireland,Kenya,750400,Processed,5932.636,mirror,53.41291,-8.24389,-0.023559,37.906193
Nickel,IRL,SRB,Ireland,Serbia,750400,Processed,4264,mirror,53.41291,-8.24389,44.016521,21.005859
Nickel,IRL,IDN,Ireland,Indonesia,750400|750512,Processed,3809.221,direct,53.41291,-8.24389,-0.789275,113.921327
Nickel,IRL,MDG,Ireland,Madagascar,750400,Processed,3669.86,mirror,53.41291,-8.24389,-18.766947,46.869107
Nickel,IRL,AGO,Ireland,Angola,750400,Processed,3066.68,mirror,53.41291,-8.24389,-11.202692,17.873887
Nickel,IRL,LBN,Ireland,Lebanon,750400,Processed,2269,mirror,53.41291,-8.24389,33.854721,35.862285
Nickel,IRL,MUS,Ireland,Mauritius,750400,Processed,1892.848,mirror,53.41291,-8.24389,-20.348404,57.552152
Nickel,IRL,TUN,Ireland,Tunisia,750400,Processed,1048.126,mirror,53.41291,-8.24389,33.886917,9.537499
Nickel,IRL,AUS,Ireland,Australia,750400,Processed,227.3,direct,53.41291,-8.24389,-25.274398,133.775136
Nickel,IRL,BIH,Ireland,Bosnia Herzegovina,750522,Processed,216.476,direct,53.41291,-8.24389,43.915886,17.679076
Nickel,IRL,CRI,Ireland,Costa Rica,750522,Processed,83.12,mirror,53.41291,-8.24389,9.748917,-83.753428
Nickel,ISR,USA,Israel,USA,750210|750220|750300|750522|750620|750712,Processed,4090000,direct,31.046051,34.851612,37.09024,-95.712891
Nickel,ISR,GBR,Israel,United Kingdom,750220|750300|750512,Processed,3816269.772,direct,31.046051,34.851612,55.378051,-3.435973
Nickel,ISR,ESP,Israel,Spain,750512,Processed,2285067.064,mirror,31.046051,34.851612,40.463667,-3.74922
Nickel,ISR,SGP,Israel,Singapore,750210|750300,Processed,1412000,direct,31.046051,34.851612,1.352083,103.819836
Nickel,ISR,CHN,Israel,China,750512|750522|750610|750712,Processed,1058513,direct,31.046051,34.851612,35.86166,104.195397
Nickel,ISR,SVN,Israel,Slovenia,750210|750511|750512,Processed,1005000,direct,31.046051,34.851612,46.151241,14.995463
Nickel,ISR,DEU,Israel,Germany,750300|750522|750610|750620|750712,Processed,853000,direct,31.046051,34.851612,51.165691,10.451526
Nickel,ISR,TUR,Israel,Türkiye,750210|750400,Processed,787000,direct,31.046051,34.851612,38.963745,35.243322
Nickel,ISR,IND,Israel,India,750210|750522,Processed,582741.95,direct,31.046051,34.851612,20.593684,78.96288
Nickel,ISR,CRI,Israel,Costa Rica,750712,Processed,494000,direct,31.046051,34.851612,9.748917,-83.753428
Nickel,ISR,VNM,Israel,Viet Nam,750511|750512,Processed,415000,direct,31.046051,34.851612,14.058324,108.277199
Nickel,ISR,JPN,Israel,Japan,750712,Processed,252000,direct,31.046051,34.851612,36.204824,138.252924
Nickel,ISR,CZE,Israel,Czechia,750220|750522|750712,Processed,244536,direct,31.046051,34.851612,49.817492,15.472962
Nickel,ISR,AUS,Israel,Australia,750210|750220|750300,Processed,201000,direct,31.046051,34.851612,-25.274398,133.775136
Nickel,ISR,SRB,Israel,Serbia,750220|750511|750512,Processed,161456,direct,31.046051,34.851612,44.016521,21.005859
Nickel,ISR,ZAF,Israel,South Africa,750210|750400|750620,Processed,56172.844,direct,31.046051,34.851612,-30.559482,22.937506
Nickel,ISR,IRL,Israel,Ireland,750512|750522|750712,Processed,52170.738,mirror,31.046051,34.851612,53.41291,-8.24389
Nickel,ISR,NLD,Israel,Netherlands,750300,Processed,26275.868,mirror,31.046051,34.851612,52.132633,5.291266
Nickel,ISR,MLT,Israel,Malta,750511|750512,Processed,23288.02,direct,31.046051,34.851612,35.937496,14.375416
Nickel,ISR,CHE,Israel,Switzerland,750220|750522|750712,Processed,20340.74,direct,31.046051,34.851612,46.818188,8.227512
Nickel,ISR,ALB,Israel,Albania,750511|750512,Processed,15000,direct,31.046051,34.851612,41.153332,20.168331
Nickel,ISR,KOR,Israel,Rep. of Korea,750712,Processed,9000,direct,31.046051,34.851612,35.907757,127.766922
Nickel,ISR,ITA,Israel,Italy,750210|750620,Processed,7682.887,direct,31.046051,34.851612,41.87194,12.56738
Nickel,ISR,PRT,Israel,Portugal,750712,Processed,2246.64,mirror,31.046051,34.851612,39.399872,-8.224454
Nickel,ITA,CZE,Italy,Czechia,750210|750220|750300|750400|750511|750512|750522|750610|750620|750711|750712,Processed,165334639.3,direct,41.87194,12.56738,49.817492,15.472962
Nickel,ITA,USA,Italy,USA,282735|750110|750120|750210|750220|750300|750400|750511|750512|750521|750522|750610|750620|750712,Processed,112484839.9,direct,41.87194,12.56738,37.09024,-95.712891
Nickel,ITA,GBR,Italy,United Kingdom,750110|750120|750210|750220|750300|750400|750511|750512|750522|750610|750620|750711|750712,Processed,106843762.4,direct,41.87194,12.56738,55.378051,-3.435973
Nickel,ITA,DEU,Italy,Germany,282540|282735|283324|750120|750210|750220|750300|750400|750511|750512|750521|750522|750610|750620|750711|750712,Processed,86044634.56,direct,41.87194,12.56738,51.165691,10.451526
Nickel,ITA,CHE,Italy,Switzerland,282735|283324|750120|750210|750220|750300|750400|750511|750512|750522|750610|750620|750711|750712,Processed,58650057.54,direct,41.87194,12.56738,46.818188,8.227512
Nickel,ITA,ARE,Italy,United Arab Emirates,282735|283324|750110|750210|750400|750512|750521|750522|750610|750620|750712,Processed,51645002.45,direct,41.87194,12.56738,23.424076,53.847818
Nickel,ITA,SGP,Italy,Singapore,282735|283324|750110|750220|750512|750521|750522|750620|750712,Processed,40367249.74,direct,41.87194,12.56738,1.352083,103.819836
Nickel,ITA,FRA,Italy,France,282540|282735|283324|750110|750210|750220|750300|750400|750511|750512|750521|750522|750610|750620|750711|750712,Processed,23836059.78,direct,41.87194,12.56738,46.227638,2.213749
Nickel,ITA,QAT,Italy,Qatar,750512|750522|750620|750711|750712,Processed,21523451.74,direct,41.87194,12.56738,25.354826,51.183884
Nickel,ITA,NOR,Italy,Norway,750210|750220|750400|750512|750521|750522|750610|750620|750711|750712,Processed,12440709.88,direct,41.87194,12.56738,60.472024,8.468946
Nickel,ITA,CAN,Italy,Canada,750110|750210|750400|750511|750512|750522|750610|750620|750712,Processed,11635822.63,direct,41.87194,12.56738,56.130366,-106.346771
Nickel,ITA,IND,Italy,India,283324|750120|750210|750220|750300|750400|750511|750512|750522|750610|750620|750711|750712,Processed,10195634.48,direct,41.87194,12.56738,20.593684,78.96288
Nickel,ITA,NLD,Italy,Netherlands,282735|283324|750210|750300|750400|750511|750512|750521|750522|750610|750620|750711|750712,Processed,8011325.616,direct,41.87194,12.56738,52.132633,5.291266
Nickel,ITA,SVN,Italy,Slovenia,282540|282735|283324|750210|750300|750400|750512|750521|750522|750610|750620|750712,Processed,7852818.819,direct,41.87194,12.56738,46.151241,14.995463
Nickel,ITA,CHN,Italy,China,750210|750220|750400|750511|750512|750522|750610|750620|750711|750712,Processed,7294197.053,direct,41.87194,12.56738,35.86166,104.195397
Nickel,ITA,BGR,Italy,Bulgaria,282735|283324|750210|750400|750522|750620|750712,Processed,6899789.458,direct,41.87194,12.56738,42.733883,25.48583
Nickel,ITA,TUR,Italy,Türkiye,750210|750220|750400|750511|750512|750521|750522|750620|750711|750712,Processed,6633657.514,direct,41.87194,12.56738,38.963745,35.243322
Nickel,ITA,IDN,Italy,Indonesia,750110|750512|750522|750620|750711|750712,Processed,5742534.093,direct,41.87194,12.56738,-0.789275,113.921327
Nickel,ITA,EGY,Italy,Egypt,282735|283324|750210|750512|750522|750610|750620|750712,Processed,5530406.776,direct,41.87194,12.56738,26.820553,30.802498
Nickel,ITA,ESP,Italy,Spain,282735|283324|750110|750210|750220|750300|750400|750512|750522|750610|750620|750712,Processed,5083170.453,direct,41.87194,12.56738,40.463667,-3.74922
Nickel,ITA,SAU,Italy,Saudi Arabia,750110|750220|750300|750511|750512|750522|750610|750620|750712,Processed,4738983.577,direct,41.87194,12.56738,23.885942,45.079162
Nickel,ITA,AUS,Italy,Australia,750110|750220|750300|750512|750522|750610|750620|750712,Processed,4402508.573,direct,41.87194,12.56738,-25.274398,133.775136
Nickel,ITA,POL,Italy,Poland,282540|282735|283324|750210|750400|750512|750522|750610|750620|750711|750712,Processed,4016374.862,direct,41.87194,12.56738,51.919438,19.145136
Nickel,ITA,SWE,Italy,Sweden,282735|283324|750210|750400|750512|750522|750610|750620|750711|750712,Processed,3814221.572,direct,41.87194,12.56738,60.128161,18.643501
Nickel,ITA,BRA,Italy,Brazil,282540|750210|750220|750400|750512|750521|750522|750610|750620|750711|750712,Processed,3279235.465,direct,41.87194,12.56738,-14.235004,-51.92528
Nickel,ITA,AUT,Italy,Austria,282735|283324|750210|750300|750400|750511|750512|750521|750522|750610|750620|750712,Processed,3025092.199,direct,41.87194,12.56738,47.516231,14.550072
Nickel,ITA,ROU,Italy,Romania,282735|283324|750120|750210|750220|750400|750511|750512|750521|750522|750610|750620|750712,Processed,2873071.001,direct,41.87194,12.56738,45.943161,24.96676
Nickel,ITA,MYS,Italy,Malaysia,750220|750511|750512|750522|750620|750711,Processed,2508220.448,direct,41.87194,12.56738,4.210484,101.975766
Nickel,ITA,PRT,Italy,Portugal,282540|750210|750400|750512|750522|750610|750620|750712,Processed,2168619.229,direct,41.87194,12.56738,39.399872,-8.224454
Nickel,ITA,KOR,Italy,Rep. of Korea,283324|750400|750512|750522|750620|750711|750712,Processed,2158837.692,direct,41.87194,12.56738,35.907757,127.766922
Nickel,ITA,DNK,Italy,Denmark,750210|750512|750522|750610|750620|750711|750712,Processed,1976774.12,direct,41.87194,12.56738,56.26392,9.501785
Nickel,ITA,JPN,Italy,Japan,282735|750300|750400|750511|750512|750610|750711,Processed,1964113.001,direct,41.87194,12.56738,36.204824,138.252924
Nickel,ITA,PAK,Italy,Pakistan,750210,Processed,1800961.805,direct,41.87194,12.56738,30.375321,69.345116
Nickel,ITA,S19,Italy,"Other Asia, nes",750300|750511|750512|750620|750712,Processed,1472918.968,direct,41.87194,12.56738,,
Nickel,ITA,TUN,Italy,Tunisia,282735|283324|750210|750512|750522|750620|750712,Processed,1398269.919,direct,41.87194,12.56738,33.886917,9.537499
Nickel,ITA,BEL,Italy,Belgium,282735|283324|750210|750400|750512|750522|750610|750620|750711|750712,Processed,1281239.198,direct,41.87194,12.56738,50.503887,4.469936
Nickel,ITA,MEX,Italy,Mexico,283324|750220|750512|750522|750620|750712,Processed,1113085.305,direct,41.87194,12.56738,23.634501,-102.552784
Nickel,ITA,HUN,Italy,Hungary,750210|750220|750400|750512|750522|750610|750620|750712,Processed,1058639.619,direct,41.87194,12.56738,47.162494,19.503304
Nickel,ITA,FIN,Italy,Finland,283324|750210|750400|750512|750522|750610|750620|750712,Processed,1012028.245,direct,41.87194,12.56738,61.92411,25.748151
Nickel,ITA,AZE,Italy,Azerbaijan,750220|750512|750712,Processed,977096.336,direct,41.87194,12.56738,40.143105,47.576927
Nickel,ITA,ARG,Italy,Argentina,282540|282735|283324|750210|750400|750512|750522|750620|750712,Processed,796440.471,direct,41.87194,12.56738,-38.416097,-63.616672
Nickel,ITA,GRC,Italy,Greece,282735|283324|750210|750220|750400|750511|750512|750521|750522|750610|750620|750712,Processed,676520.721,direct,41.87194,12.56738,39.074208,21.824312
Nickel,ITA,TKM,Italy,Turkmenistan,750712,Processed,662623.756,direct,41.87194,12.56738,38.969719,59.556278
Nickel,ITA,AGO,Italy,Angola,750522|750712,Processed,580732.325,direct,41.87194,12.56738,-11.202692,17.873887
Nickel,ITA,ISR,Italy,Israel,282540|282735|283324|750120|750210|750400|750512|750522|750712,Processed,476169.779,direct,41.87194,12.56738,31.046051,34.851612
Nickel,ITA,ZAF,Italy,South Africa,283324|750512|750522|750620|750712,Processed,432365.212,direct,41.87194,12.56738,-30.559482,22.937506
Nickel,ITA,SVK,Italy,Slovakia,282735|750210|750400|750512|750522|750610|750620|750711|750712,Processed,405020.483,direct,41.87194,12.56738,48.669026,19.699024
Nickel,ITA,DOM,Italy,Dominican Rep.,283324,Processed,396325.616,mirror,41.87194,12.56738,18.735693,-70.162651
Nickel,ITA,KAZ,Italy,Kazakhstan,750400|750512|750522|750620|750711|750712,Processed,379664.765,direct,41.87194,12.56738,48.019573,66.923684
Nickel,ITA,NZL,Italy,New Zealand,750300|750511|750522,Processed,355854.727,direct,41.87194,12.56738,-40.900557,174.885971
Nickel,ITA,HRV,Italy,Croatia,283324|750210|750400|750511|750512|750522|750620|750712,Processed,299813.567,direct,41.87194,12.56738,45.1,15.2
Nickel,ITA,THA,Italy,Thailand,750210|750400|750511|750512|750522|750610|750711|750712,Processed,285612.593,direct,41.87194,12.56738,15.870032,100.992541
Nickel,ITA,ALB,Italy,Albania,750712,Processed,282668.473,direct,41.87194,12.56738,41.153332,20.168331
Nickel,ITA,EST,Italy,Estonia,283324|750210|750522|750620|750712,Processed,212812.933,direct,41.87194,12.56738,58.595272,25.013607
Nickel,ITA,SRB,Italy,Serbia,750210|750220|750512|750522|750712,Processed,173418.013,direct,41.87194,12.56738,44.016521,21.005859
Nickel,ITA,LUX,Italy,Luxembourg,750300|750512|750522|750620|750712,Processed,154446.014,direct,41.87194,12.56738,49.815273,6.129583
Nickel,ITA,IRL,Italy,Ireland,282735|750210|750400|750512|750522|750620|750712,Processed,142247.612,direct,41.87194,12.56738,53.41291,-8.24389
Nickel,ITA,DZA,Italy,Algeria,282735|283324|750210|750522|750620,Processed,126191.395,direct,41.87194,12.56738,28.033886,1.659626
Nickel,ITA,VNM,Italy,Viet Nam,750400|750512|750522,Processed,79990.586,direct,41.87194,12.56738,14.058324,108.277199
Nickel,ITA,BHR,Italy,Bahrain,750512|750620|750712,Processed,67463.483,direct,41.87194,12.56738,26.0275,50.55
Nickel,ITA,KWT,Italy,Kuwait,750110|750512|750522|750712,Processed,66401.758,direct,41.87194,12.56738,29.31166,47.481766
Nickel,ITA,CHL,Italy,Chile,750220|750512|750522|750620|750712,Processed,65627.976,direct,41.87194,12.56738,-35.675147,-71.542969
Nickel,ITA,IRN,Italy,Iran,750522|750620,Processed,48134.138,direct,41.87194,12.56738,32.427908,53.688046
Nickel,ITA,BLR,Italy,Belarus,283324,Processed,41532.526,direct,41.87194,12.56738,53.709807,27.953389
Nickel,ITA,UZB,Italy,Uzbekistan,750210|750220|750620,Processed,40476.773,direct,41.87194,12.56738,41.377491,64.585262
Nickel,ITA,JOR,Italy,Jordan,283324|750220|750712,Processed,33826.738,direct,41.87194,12.56738,30.585164,36.238414
Nickel,ITA,MAR,Italy,Morocco,282735|750210|750522,Processed,31951.805,direct,41.87194,12.56738,31.791702,-7.09262
Nickel,ITA,COL,Italy,Colombia,282735|283324|750210|750522,Processed,31100.93,direct,41.87194,12.56738,4.570868,-74.297333
Nickel,ITA,CYP,Italy,Cyprus,750210|750712,Processed,27435.463,direct,41.87194,12.56738,35.126413,33.429859
Nickel,ITA,PER,Italy,Peru,750210|750522|750620,Processed,22496.184,direct,41.87194,12.56738,-9.189967,-75.015152
Nickel,ITA,UKR,Italy,Ukraine,750512|750620,Processed,20979.505,direct,41.87194,12.56738,48.379433,31.16558
Nickel,ITA,BIH,Italy,Bosnia Herzegovina,750210|750522,Processed,19658.135,direct,41.87194,12.56738,43.915886,17.679076
Nickel,ITA,MDA,Italy,Rep. of Moldova,750220,Processed,15016,mirror,41.87194,12.56738,47.411631,28.369885
Nickel,ITA,MOZ,Italy,Mozambique,750711,Processed,14571.6,mirror,41.87194,12.56738,-18.665695,35.529562
Nickel,ITA,TTO,Italy,Trinidad and Tobago,750712,Processed,13735.452,mirror,41.87194,12.56738,10.691803,-61.222503
Nickel,ITA,OMN,Italy,Oman,750712,Processed,13476.72,direct,41.87194,12.56738,21.512583,55.923255
Nickel,ITA,ARM,Italy,Armenia,750220|750522,Processed,9125.12,mirror,41.87194,12.56738,40.069099,45.038189
Nickel,ITA,GTM,Italy,Guatemala,750610|750712,Processed,8432.048,direct,41.87194,12.56738,15.783471,-90.230759
Nickel,ITA,PHL,Italy,Philippines,750522|750712,Processed,8243,mirror,41.87194,12.56738,12.879721,121.774017
Nickel,ITA,CRI,Italy,Costa Rica,750522,Processed,4118.149,direct,41.87194,12.56738,9.748917,-83.753428
Nickel,ITA,MLT,Italy,Malta,283324|750210,Processed,2600.826,direct,41.87194,12.56738,35.937496,14.375416
Nickel,ITA,LKA,Italy,Sri Lanka,750522|750610,Processed,2556.019,mirror,41.87194,12.56738,7.873054,80.771797
Nickel,ITA,RUS,Italy,Russian Federation,750300,Processed,2410.112,direct,41.87194,12.56738,61.52401,105.318756
Nickel,ITA,VEN,Italy,Venezuela,750610,Processed,2190.059,direct,41.87194,12.56738,6.42375,-66.58973
Nickel,ITA,MNE,Italy,Montenegro,282735|750522,Processed,2003.764,direct,41.87194,12.56738,42.708678,19.37439
Nickel,ITA,LTU,Italy,Lithuania,282735|283324,Processed,1822.255,direct,41.87194,12.56738,55.169438,23.881275
Nickel,ITA,ECU,Italy,Ecuador,750522|750711,Processed,1556.975,direct,41.87194,12.56738,-1.831239,-78.183406
Nickel,ITA,LBN,Italy,Lebanon,750400|750610,Processed,1518.631,direct,41.87194,12.56738,33.854721,35.862285
Nickel,ITA,CUB,Italy,Cuba,750522,Processed,1475.408,direct,41.87194,12.56738,21.521757,-77.781167
Nickel,ITA,MUS,Italy,Mauritius,750620,Processed,474.212,mirror,41.87194,12.56738,-20.348404,57.552152
Nickel,ITA,ISL,Italy,Iceland,750400|750522,Processed,375.781,mirror,41.87194,12.56738,64.963051,-19.020835
Nickel,ITA,CIV,Italy,Côte d'Ivoire,750522,Processed,109.191,mirror,41.87194,12.56738,7.539989,-5.54708
Nickel,ITA,TZA,Italy,United Rep. of Tanzania,750522,Processed,41.876,mirror,41.87194,12.56738,-6.369028,34.888822
Nickel,ITA,URY,Italy,Uruguay,750522,Processed,8,mirror,41.87194,12.56738,-32.522779,-55.765835
Nickel,JPN,CHN,Japan,China,282540|282735|283324|750120|750210|750220|750300|750400|750511|750512|750521|750522|750610|750620|750711|750712,Processed,258735259.7,direct,36.204824,138.252924,35.86166,104.195397
Nickel,JPN,GBR,Japan,United Kingdom,282540|750120|750210|750220|750300|750400|750512|750521|750610|750620|750712,Processed,200886345.5,direct,36.204824,138.252924,55.378051,-3.435973
Nickel,JPN,KOR,Japan,Rep. of Korea,282540|282735|283324|750120|750210|750220|750300|750400|750511|750512|750521|750522|750610|750620|750711|750712,Processed,196324456.9,direct,36.204824,138.252924,35.907757,127.766922
Nickel,JPN,USA,Japan,USA,282540|283324|750110|750210|750220|750300|750400|750511|750512|750521|750522|750610|750620|750711|750712,Processed,189181998.8,direct,36.204824,138.252924,37.09024,-95.712891
Nickel,JPN,IND,Japan,India,282540|282735|283324|750210|750220|750300|750400|750511|750512|750522|750610|750620|750712,Processed,168791792.5,direct,36.204824,138.252924,20.593684,78.96288
Nickel,JPN,DEU,Japan,Germany,282540|282735|283324|750110|750210|750220|750300|750400|750512|750522|750610|750620|750712,Processed,103718421.7,direct,36.204824,138.252924,51.165691,10.451526
Nickel,JPN,NOR,Japan,Norway,282540|750110|750512|750610|750620|750712,Processed,96169466.08,direct,36.204824,138.252924,60.472024,8.468946
Nickel,JPN,S19,Japan,"Other Asia, nes",282540|282735|283324|750120|750210|750220|750300|750400|750511|750512|750521|750522|750610|750620|750711|750712,Processed,54938503.74,direct,36.204824,138.252924,,
Nickel,JPN,SGP,Japan,Singapore,282540|282735|283324|750210|750220|750300|750400|750512|750522|750610|750620|750711|750712,Processed,42720319.25,direct,36.204824,138.252924,1.352083,103.819836
Nickel,JPN,NLD,Japan,Netherlands,282540|282735|750120|750210|750300|750400|750512|750522|750620|750712,Processed,37117712.88,direct,36.204824,138.252924,52.132633,5.291266
Nickel,JPN,TUR,Japan,Türkiye,282540|282735|283324|750210|750512|750522|750610|750620|750712,Processed,29637357.37,direct,36.204824,138.252924,38.963745,35.243322
Nickel,JPN,FRA,Japan,France,750210|750220|750300|750400|750512|750522|750610|750620|750712,Processed,28731103.14,direct,36.204824,138.252924,46.227638,2.213749
Nickel,JPN,THA,Japan,Thailand,282540|282735|283324|750110|750120|750210|750220|750300|750400|750511|750512|750521|750522|750610|750620|750712,Processed,26952679.55,direct,36.204824,138.252924,15.870032,100.992541
Nickel,JPN,SWE,Japan,Sweden,282540|750210|750512|750522|750610|750620|750712,Processed,23645846.87,direct,36.204824,138.252924,60.128161,18.643501
Nickel,JPN,CAN,Japan,Canada,282540|282735|750210|750220|750300|750400|750511|750512|750522|750610|750620|750712,Processed,19779158.27,direct,36.204824,138.252924,56.130366,-106.346771
Nickel,JPN,ITA,Japan,Italy,282540|750210|750220|750300|750512|750522|750610|750620|750712,Processed,18768159.43,direct,36.204824,138.252924,41.87194,12.56738
Nickel,JPN,IDN,Japan,Indonesia,282540|282735|283324|750210|750220|750300|750400|750511|750512|750521|750522|750610|750620|750712,Processed,18092379.25,direct,36.204824,138.252924,-0.789275,113.921327
Nickel,JPN,MYS,Japan,Malaysia,282540|282735|283324|750110|750210|750220|750300|750400|750511|750512|750521|750522|750610|750620|750711|750712,Processed,13407620.34,direct,36.204824,138.252924,4.210484,101.975766
Nickel,JPN,ESP,Japan,Spain,282540|750210|750220|750512|750522|750620|750712,Processed,12072377.8,direct,36.204824,138.252924,40.463667,-3.74922
Nickel,JPN,PHL,Japan,Philippines,282540|282735|283324|750110|750210|750220|750300|750511|750512|750521|750522|750610|750620|750711|750712,Processed,5660825.077,direct,36.204824,138.252924,12.879721,121.774017
Nickel,JPN,POL,Japan,Poland,282540|750210|750512|750522|750610|750620|750712,Processed,5143215.202,direct,36.204824,138.252924,51.919438,19.145136
Nickel,JPN,MEX,Japan,Mexico,282540|283324|750400|750512|750522|750610|750620|750712,Processed,5005779.726,direct,36.204824,138.252924,23.634501,-102.552784
Nickel,JPN,ARE,Japan,United Arab Emirates,750210|750512|750620,Processed,4512952.777,direct,36.204824,138.252924,23.424076,53.847818
Nickel,JPN,CHE,Japan,Switzerland,282540|750220|750512|750522|750610|750620|750712,Processed,4340422.269,direct,36.204824,138.252924,46.818188,8.227512
Nickel,JPN,VNM,Japan,Viet Nam,282735|283324|750210|750220|750400|750511|750512|750521|750522|750620|750711|750712,Processed,3947344.742,direct,36.204824,138.252924,14.058324,108.277199
Nickel,JPN,PAK,Japan,Pakistan,282735|283324|750210|750400|750610|750620,Processed,3849390.272,direct,36.204824,138.252924,30.375321,69.345116
Nickel,JPN,BRA,Japan,Brazil,282540|283324|750210|750300|750512|750522|750610|750620|750712,Processed,3196259.362,direct,36.204824,138.252924,-14.235004,-51.92528
Nickel,JPN,HUN,Japan,Hungary,750400|750511|750512|750522,Processed,2687934.292,direct,36.204824,138.252924,47.162494,19.503304
Nickel,JPN,AUT,Japan,Austria,282540|750110|750210|750400|750512|750522|750610|750620|750712,Processed,2518313.65,direct,36.204824,138.252924,47.516231,14.550072
Nickel,JPN,CZE,Japan,Czechia,283324|750110|750210|750400|750512|750521|750522|750610|750620|750712,Processed,2512308.645,direct,36.204824,138.252924,49.817492,15.472962
Nickel,JPN,SAU,Japan,Saudi Arabia,750512|750522|750610|750620|750711|750712,Processed,2171111.932,direct,36.204824,138.252924,23.885942,45.079162
Nickel,JPN,ROU,Japan,Romania,750512|750620|750712,Processed,1872946.791,direct,36.204824,138.252924,45.943161,24.96676
Nickel,JPN,ARG,Japan,Argentina,282540|282735|750210|750512|750522|750620,Processed,1546640.9,mirror,36.204824,138.252924,-38.416097,-63.616672
Nickel,JPN,CRI,Japan,Costa Rica,750522,Processed,1203134.32,direct,36.204824,138.252924,9.748917,-83.753428
Nickel,JPN,KHM,Japan,Cambodia,750300|750610,Processed,1149454.966,direct,36.204824,138.252924,12.565679,104.990963
Nickel,JPN,BEL,Japan,Belgium,282540|282735|283324|750210|750220|750300|750400|750512|750522|750620|750712,Processed,1079423.316,direct,36.204824,138.252924,50.503887,4.469936
Nickel,JPN,SRB,Japan,Serbia,750210,Processed,932776,mirror,36.204824,138.252924,44.016521,21.005859
Nickel,JPN,UKR,Japan,Ukraine,282540|750210|750512|750521|750610|750620,Processed,747552.6,mirror,36.204824,138.252924,48.379433,31.16558
Nickel,JPN,SVN,Japan,Slovenia,282540|282735|750210|750512|750522|750620,Processed,574363.864,mirror,36.204824,138.252924,46.151241,14.995463
Nickel,JPN,NZL,Japan,New Zealand,750512|750522|750610|750620|750711,Processed,532422.866,direct,36.204824,138.252924,-40.900557,174.885971
Nickel,JPN,TUN,Japan,Tunisia,750210|750512|750610,Processed,430018.17,mirror,36.204824,138.252924,33.886917,9.537499
Nickel,JPN,PER,Japan,Peru,750210,Processed,304031.552,mirror,36.204824,138.252924,-9.189967,-75.015152
Nickel,JPN,AZE,Japan,Azerbaijan,750210,Processed,234522.64,mirror,36.204824,138.252924,40.143105,47.576927
Nickel,JPN,AUS,Japan,Australia,750220|750511|750512|750521|750522|750610|750620|750712,Processed,231926.284,direct,36.204824,138.252924,-25.274398,133.775136
Nickel,JPN,EST,Japan,Estonia,282540|750620|750712,Processed,178242.741,direct,36.204824,138.252924,58.595272,25.013607
Nickel,JPN,KAZ,Japan,Kazakhstan,750512|750712,Processed,168029.57,mirror,36.204824,138.252924,48.019573,66.923684
Nickel,JPN,UZB,Japan,Uzbekistan,750210|750712,Processed,166926.032,direct,36.204824,138.252924,41.377491,64.585262
Nickel,JPN,IRL,Japan,Ireland,282540|750400|750512|750522|750610|750620|750712,Processed,152625.246,direct,36.204824,138.252924,53.41291,-8.24389
Nickel,JPN,ISR,Japan,Israel,282540|750522|750620|750712,Processed,139478.637,direct,36.204824,138.252924,31.046051,34.851612
Nickel,JPN,BGR,Japan,Bulgaria,750210,Processed,133286.008,mirror,36.204824,138.252924,42.733883,25.48583
Nickel,JPN,ZAF,Japan,South Africa,750512|750620,Processed,85537.964,mirror,36.204824,138.252924,-30.559482,22.937506
Nickel,JPN,KWT,Japan,Kuwait,750620|750712,Processed,69416,mirror,36.204824,138.252924,29.31166,47.481766
Nickel,JPN,DOM,Japan,Dominican Rep.,283324,Processed,58063.888,mirror,36.204824,138.252924,18.735693,-70.162651
Nickel,JPN,PRT,Japan,Portugal,750512,Processed,54514.648,mirror,36.204824,138.252924,39.399872,-8.224454
Nickel,JPN,EGY,Japan,Egypt,750210|750522,Processed,53710.529,direct,36.204824,138.252924,26.820553,30.802498
Nickel,JPN,ECU,Japan,Ecuador,750210,Processed,46449.04,mirror,36.204824,138.252924,-1.831239,-78.183406
Nickel,JPN,BHR,Japan,Bahrain,750522|750712,Processed,45860.351,mirror,36.204824,138.252924,26.0275,50.55
Nickel,JPN,MMR,Japan,Myanmar,750511|750522|750620,Processed,41841.865,direct,36.204824,138.252924,21.913965,95.956223
Nickel,JPN,JOR,Japan,Jordan,750210|750512,Processed,33421.38,mirror,36.204824,138.252924,30.585164,36.238414
Nickel,JPN,MAR,Japan,Morocco,750210|750512|750620,Processed,28837.45,direct,36.204824,138.252924,31.791702,-7.09262
Nickel,JPN,QAT,Japan,Qatar,750512|750522|750712,Processed,26614.109,direct,36.204824,138.252924,25.354826,51.183884
Nickel,JPN,BGD,Japan,Bangladesh,750712,Processed,22825.423,direct,36.204824,138.252924,23.684994,90.356331
Nickel,JPN,CHL,Japan,Chile,750522|750620|750712,Processed,15614.588,direct,36.204824,138.252924,-35.675147,-71.542969
Nickel,JPN,SVK,Japan,Slovakia,750522|750620,Processed,15534.32,mirror,36.204824,138.252924,48.669026,19.699024
Nickel,JPN,FIN,Japan,Finland,750110|750512|750610|750620,Processed,14866.735,direct,36.204824,138.252924,61.92411,25.748151
Nickel,JPN,LKA,Japan,Sri Lanka,282540|750512,Processed,14733.419,direct,36.204824,138.252924,7.873054,80.771797
Nickel,JPN,LUX,Japan,Luxembourg,750512|750620|750712,Processed,13952.317,mirror,36.204824,138.252924,49.815273,6.129583
Nickel,JPN,NGA,Japan,Nigeria,750522,Processed,5741.04,direct,36.204824,138.252924,9.081999,8.675277
Nickel,JPN,SLV,Japan,El Salvador,750522,Processed,3072.018,direct,36.204824,138.252924,13.794185,-88.89653
Nickel,JPN,GTM,Japan,Guatemala,282735|283324,Processed,2083,mirror,36.204824,138.252924,15.783471,-90.230759
Nickel,JPN,DNK,Japan,Denmark,282540|750610|750620,Processed,616.87,mirror,36.204824,138.252924,56.26392,9.501785
Nickel,JPN,LVA,Japan,Latvia,282540,Processed,46.108,mirror,36.204824,138.252924,56.879635,24.603189
Nickel,JPN,TTO,Japan,Trinidad and Tobago,750220,Processed,40.888,mirror,36.204824,138.252924,10.691803,-61.222503
Nickel,JOR,ESP,Jordan,Spain,750300,Processed,3969581.2,mirror,30.585164,36.238414,40.463667,-3.74922
Nickel,JOR,GBR,Jordan,United Kingdom,750300,Processed,208894.084,mirror,30.585164,36.238414,55.378051,-3.435973
Nickel,JOR,IND,Jordan,India,750300,Processed,159378.662,mirror,30.585164,36.238414,20.593684,78.96288
Nickel,JOR,KOR,Jordan,Rep. of Korea,750400|750620,Processed,115006,mirror,30.585164,36.238414,35.907757,127.766922
Nickel,JOR,X2 ,Jordan,Free Zones,750620|750712,Processed,19102.479,direct,30.585164,36.238414,,
Nickel,JOR,IDN,Jordan,Indonesia,750522,Processed,1690,mirror,30.585164,36.238414,-0.789275,113.921327
Nickel,KAZ,DEU,Kazakhstan,Germany,750120|750220|750300|750512,Processed,63230032.77,direct,48.019573,66.923684,51.165691,10.451526
Nickel,KAZ,RUS,Kazakhstan,Russian Federation,283324|750210|750400|750511|750512|750521|750522|750610|750620|750711|750712,Processed,1530640.37,direct,48.019573,66.923684,61.52401,105.318756
Nickel,KAZ,LTU,Kazakhstan,Lithuania,750210,Processed,389323.01,direct,48.019573,66.923684,55.169438,23.881275
Nickel,KAZ,LVA,Kazakhstan,Latvia,750210,Processed,312348.83,direct,48.019573,66.923684,56.879635,24.603189
Nickel,KAZ,NLD,Kazakhstan,Netherlands,750300,Processed,303130.389,mirror,48.019573,66.923684,52.132633,5.291266
Nickel,KAZ,CHN,Kazakhstan,China,282540|750120|750400,Processed,56752,direct,48.019573,66.923684,35.86166,104.195397
Nickel,KAZ,UZB,Kazakhstan,Uzbekistan,750512,Processed,29208.69,direct,48.019573,66.923684,41.377491,64.585262
Nickel,KAZ,KGZ,Kazakhstan,Kyrgyzstan,283324|750522,Processed,7075,direct,48.019573,66.923684,41.20438,74.766098
Nickel,KAZ,POL,Kazakhstan,Poland,750300,Processed,6944,mirror,48.019573,66.923684,51.919438,19.145136
Nickel,KAZ,TJK,Kazakhstan,Tajikistan,750522,Processed,2020,direct,48.019573,66.923684,38.861034,71.276093
Nickel,KEN,MYS,Kenya,Malaysia,750521,Processed,85667.25,mirror,-0.023559,37.906193,4.210484,101.975766
Nickel,KEN,NGA,Kenya,Nigeria,750511,Processed,291.196,mirror,-0.023559,37.906193,9.081999,8.675277
Nickel,KEN,UGA,Kenya,Uganda,750522,Processed,36.748,direct,-0.023559,37.906193,1.373333,32.290275
Nickel,KWT,IND,Kuwait,India,750300,Processed,1838832.46,mirror,29.31166,47.481766,20.593684,78.96288
Nickel,KWT,SAU,Kuwait,Saudi Arabia,750522|750620,Processed,31733,direct,29.31166,47.481766,23.885942,45.079162
Nickel,KWT,ARE,Kuwait,United Arab Emirates,750712,Processed,726,direct,29.31166,47.481766,23.424076,53.847818
Nickel,KGZ,DEU,Kyrgyzstan,Germany,750210|750300,Processed,2426318,direct,41.20438,74.766098,51.165691,10.451526
Nickel,KGZ,LVA,Kyrgyzstan,Latvia,750210,Processed,1540954,direct,41.20438,74.766098,56.879635,24.603189
Nickel,KGZ,EST,Kyrgyzstan,Estonia,750210|750300,Processed,853198.48,direct,41.20438,74.766098,58.595272,25.013607
Nickel,KGZ,POL,Kyrgyzstan,Poland,750300,Processed,536574,mirror,41.20438,74.766098,51.919438,19.145136
Nickel,KGZ,NLD,Kyrgyzstan,Netherlands,750300|750620|750712,Processed,343790,direct,41.20438,74.766098,52.132633,5.291266
Nickel,KGZ,RUS,Kyrgyzstan,Russian Federation,750300|750400|750512,Processed,231666,direct,41.20438,74.766098,61.52401,105.318756
Nickel,KGZ,LTU,Kyrgyzstan,Lithuania,750210,Processed,214820,direct,41.20438,74.766098,55.169438,23.881275
Nickel,KGZ,UZB,Kyrgyzstan,Uzbekistan,750300,Processed,42000,direct,41.20438,74.766098,41.377491,64.585262
Nickel,KGZ,KAZ,Kyrgyzstan,Kazakhstan,750300,Processed,34471.8,mirror,41.20438,74.766098,48.019573,66.923684
Nickel,KGZ,ARE,Kyrgyzstan,United Arab Emirates,750522,Processed,3080,direct,41.20438,74.766098,23.424076,53.847818
Nickel,KGZ,HUN,Kyrgyzstan,Hungary,750511,Processed,58.56,mirror,41.20438,74.766098,47.162494,19.503304
Nickel,KGZ,IRL,Kyrgyzstan,Ireland,750610,Processed,5.412,mirror,41.20438,74.766098,53.41291,-8.24389
Nickel,LAO,THA,Lao People's Dem. Rep.,Thailand,750400,Processed,20496204.96,mirror,19.85627,102.495496,15.870032,100.992541
Nickel,LAO,KOR,Lao People's Dem. Rep.,Rep. of Korea,282540|750120,Processed,579850,mirror,19.85627,102.495496,35.907757,127.766922
Nickel,LAO,DNK,Lao People's Dem. Rep.,Denmark,750511,Processed,29.009,mirror,19.85627,102.495496,56.26392,9.501785
Nickel,LVA,CAN,Latvia,Canada,750220,Processed,1672709.34,mirror,56.879635,24.603189,56.130366,-106.346771
Nickel,LVA,DEU,Latvia,Germany,750220|750300,Processed,1437810.248,direct,56.879635,24.603189,51.165691,10.451526
Nickel,LVA,USA,Latvia,USA,750300,Processed,436233,mirror,56.879635,24.603189,37.09024,-95.712891
Nickel,LVA,LTU,Latvia,Lithuania,750300|750522,Processed,77602.356,direct,56.879635,24.603189,55.169438,23.881275
Nickel,LVA,NLD,Latvia,Netherlands,750210|750400|750512|750522|750620,Processed,24427.162,mirror,56.879635,24.603189,52.132633,5.291266
Nickel,LVA,FRA,Latvia,France,750220,Processed,624.532,direct,56.879635,24.603189,46.227638,2.213749
Nickel,LBN,IND,Lebanon,India,750300,Processed,41438.682,mirror,33.854721,35.862285,20.593684,78.96288
Nickel,LBN,DEU,Lebanon,Germany,750512,Processed,12809.224,mirror,33.854721,35.862285,51.165691,10.451526
Nickel,LBN,POL,Lebanon,Poland,282540,Processed,785,mirror,33.854721,35.862285,51.919438,19.145136
Nickel,LBY,IND,Libya,India,750300,Processed,1902500.34,mirror,26.3351,17.228331,20.593684,78.96288
Nickel,LBY,CZE,Libya,Czechia,750300,Processed,252240,mirror,26.3351,17.228331,49.817492,15.472962
Nickel,LTU,SWE,Lithuania,Sweden,750120|750220|750620,Processed,595024.2,mirror,55.169438,23.881275,60.128161,18.643501
Nickel,LTU,UZB,Lithuania,Uzbekistan,750522,Processed,79890,direct,55.169438,23.881275,41.377491,64.585262
Nickel,LTU,DEU,Lithuania,Germany,750300|750522,Processed,70182,direct,55.169438,23.881275,51.165691,10.451526
Nickel,LTU,LVA,Lithuania,Latvia,750300|750522|750610,Processed,25027,direct,55.169438,23.881275,56.879635,24.603189
Nickel,LTU,POL,Lithuania,Poland,750300|750512,Processed,10245,direct,55.169438,23.881275,51.919438,19.145136
Nickel,LTU,KOR,Lithuania,Rep. of Korea,750610|750620,Processed,6320,direct,55.169438,23.881275,35.907757,127.766922
Nickel,LTU,JPN,Lithuania,Japan,750610,Processed,4310,direct,55.169438,23.881275,36.204824,138.252924
Nickel,LTU,KAZ,Lithuania,Kazakhstan,750210|750522,Processed,3459,direct,55.169438,23.881275,48.019573,66.923684
Nickel,LTU,USA,Lithuania,USA,750610,Processed,1853,direct,55.169438,23.881275,37.09024,-95.712891
Nickel,LTU,NLD,Lithuania,Netherlands,750210|750400|750512|750521|750522|750610|750620|750711|750712,Processed,850.195,direct,55.169438,23.881275,52.132633,5.291266
Nickel,LTU,EST,Lithuania,Estonia,750522,Processed,830,direct,55.169438,23.881275,58.595272,25.013607
Nickel,LTU,HUN,Lithuania,Hungary,750522,Processed,45,direct,55.169438,23.881275,47.162494,19.503304
Nickel,LUX,DEU,Luxembourg,Germany,750210|750220|750300|750400|750512|750522|750620|750712,Processed,185183634.2,direct,49.815273,6.129583,51.165691,10.451526
Nickel,LUX,SWE,Luxembourg,Sweden,750210|750220|750620,Processed,26517069.32,direct,49.815273,6.129583,60.128161,18.643501
Nickel,LUX,FRA,Luxembourg,France,750210|750220|750300|750511|750512|750521|750522|750620,Processed,11885544.86,direct,49.815273,6.129583,46.227638,2.213749
Nickel,LUX,SVN,Luxembourg,Slovenia,750210,Processed,5997822.136,mirror,49.815273,6.129583,46.151241,14.995463
Nickel,LUX,ITA,Luxembourg,Italy,750210|750620,Processed,3354881.901,direct,49.815273,6.129583,41.87194,12.56738
Nickel,LUX,AUT,Luxembourg,Austria,750210|750220|750512|750620,Processed,3162364.352,direct,49.815273,6.129583,47.516231,14.550072
Nickel,LUX,BEL,Luxembourg,Belgium,750210|750220|750512|750521|750620|750712,Processed,2024259.472,direct,49.815273,6.129583,50.503887,4.469936
Nickel,LUX,ISR,Luxembourg,Israel,750400,Processed,985000,mirror,49.815273,6.129583,31.046051,34.851612
Nickel,LUX,DNK,Luxembourg,Denmark,750210,Processed,887402.486,mirror,49.815273,6.129583,56.26392,9.501785
Nickel,LUX,SVK,Luxembourg,Slovakia,750210,Processed,423652.368,mirror,49.815273,6.129583,48.669026,19.699024
Nickel,LUX,NLD,Luxembourg,Netherlands,283324|750210|750220|750300|750400|750511|750512|750522|750610|750620|750711|750712,Processed,397466.341,direct,49.815273,6.129583,52.132633,5.291266
Nickel,LUX,PRT,Luxembourg,Portugal,750210,Processed,70978.864,mirror,49.815273,6.129583,39.399872,-8.224454
Nickel,LUX,BGR,Luxembourg,Bulgaria,750620,Processed,55160.522,direct,49.815273,6.129583,42.733883,25.48583
Nickel,LUX,JOR,Luxembourg,Jordan,750620,Processed,51045.073,direct,49.815273,6.129583,30.585164,36.238414
Nickel,LUX,KOR,Luxembourg,Rep. of Korea,750120|750511|750512|750522,Processed,48178.642,direct,49.815273,6.129583,35.907757,127.766922
Nickel,LUX,ESP,Luxembourg,Spain,750620,Processed,38506.388,direct,49.815273,6.129583,40.463667,-3.74922
Nickel,LUX,POL,Luxembourg,Poland,750512|750620,Processed,17681.756,direct,49.815273,6.129583,51.919438,19.145136
Nickel,LUX,IDN,Luxembourg,Indonesia,750620,Processed,9936.242,direct,49.815273,6.129583,-0.789275,113.921327
Nickel,LUX,MYS,Luxembourg,Malaysia,750620,Processed,6591.697,direct,49.815273,6.129583,4.210484,101.975766
Nickel,LUX,TUN,Luxembourg,Tunisia,750712,Processed,1547.804,direct,49.815273,6.129583,33.886917,9.537499
Nickel,LUX,USA,Luxembourg,USA,750512,Processed,398.316,direct,49.815273,6.129583,37.09024,-95.712891
Nickel,LUX,LUX,Luxembourg,Luxembourg,750220|750300|750400|750512,Processed,372.339,mirror,49.815273,6.129583,49.815273,6.129583
Nickel,LUX,CZE,Luxembourg,Czechia,750522,Processed,36,mirror,49.815273,6.129583,49.817492,15.472962
Nickel,LUX,CHE,Luxembourg,Switzerland,750620,Processed,22.026,direct,49.815273,6.129583,46.818188,8.227512
Nickel,LUX,IRL,Luxembourg,Ireland,750522,Processed,9.741,mirror,49.815273,6.129583,53.41291,-8.24389
Nickel,LUX,IND,Luxembourg,India,750220,Processed,5.553,direct,49.815273,6.129583,20.593684,78.96288
Nickel,MDG,KOR,Madagascar,Rep. of Korea,750210,Processed,181564590.1,direct,-18.766947,46.869107,35.907757,127.766922
Nickel,MDG,JPN,Madagascar,Japan,750210,Processed,152598335.7,direct,-18.766947,46.869107,36.204824,138.252924
Nickel,MDG,NLD,Madagascar,Netherlands,750210|750220|750300,Processed,61718621.41,direct,-18.766947,46.869107,52.132633,5.291266
Nickel,MDG,DEU,Madagascar,Germany,750210,Processed,49637243.56,mirror,-18.766947,46.869107,51.165691,10.451526
Nickel,MDG,SVN,Madagascar,Slovenia,750210,Processed,45606124.76,mirror,-18.766947,46.869107,46.151241,14.995463
Nickel,MDG,TUR,Madagascar,Türkiye,750210,Processed,24457368,mirror,-18.766947,46.869107,38.963745,35.243322
Nickel,MDG,S19,Madagascar,"Other Asia, nes",750210|750220,Processed,22119656.2,direct,-18.766947,46.869107,,
Nickel,MDG,IND,Madagascar,India,750210,Processed,17022119.28,direct,-18.766947,46.869107,20.593684,78.96288
Nickel,MDG,CZE,Madagascar,Czechia,750210,Processed,13127892,mirror,-18.766947,46.869107,49.817492,15.472962
Nickel,MDG,SWE,Madagascar,Sweden,750210|750220,Processed,11403304.36,direct,-18.766947,46.869107,60.128161,18.643501
Nickel,MDG,USA,Madagascar,USA,750210,Processed,10033029.22,direct,-18.766947,46.869107,37.09024,-95.712891
Nickel,MDG,AUS,Madagascar,Australia,750210,Processed,3702346.344,mirror,-18.766947,46.869107,-25.274398,133.775136
Nickel,MDG,ESP,Madagascar,Spain,750210|750300,Processed,3528540.376,direct,-18.766947,46.869107,40.463667,-3.74922
Nickel,MDG,BEL,Madagascar,Belgium,750210,Processed,3507630.729,direct,-18.766947,46.869107,50.503887,4.469936
Nickel,MDG,AUT,Madagascar,Austria,750210,Processed,3319047.161,mirror,-18.766947,46.869107,47.516231,14.550072
Nickel,MDG,DNK,Madagascar,Denmark,750210,Processed,3263237.946,direct,-18.766947,46.869107,56.26392,9.501785
Nickel,MDG,BRA,Madagascar,Brazil,750210,Processed,2471338,mirror,-18.766947,46.869107,-14.235004,-51.92528
Nickel,MDG,FIN,Madagascar,Finland,750210,Processed,1548058.329,direct,-18.766947,46.869107,61.92411,25.748151
Nickel,MDG,ITA,Madagascar,Italy,750210,Processed,875209.301,mirror,-18.766947,46.869107,41.87194,12.56738
Nickel,MDG,FRA,Madagascar,France,750210,Processed,419901.094,direct,-18.766947,46.869107,46.227638,2.213749
Nickel,MDG,IDN,Madagascar,Indonesia,750220,Processed,75000,mirror,-18.766947,46.869107,-0.789275,113.921327
Nickel,MDG,CHN,Madagascar,China,750210|750220,Processed,56598,mirror,-18.766947,46.869107,35.86166,104.195397
Nickel,MDG,GBR,Madagascar,United Kingdom,750210,Processed,1.006,direct,-18.766947,46.869107,55.378051,-3.435973
Nickel,MYS,CHN,Malaysia,China,282540|282735|283324|750120|750210|750220|750300|750400|750512|750521|750522|750610|750620|750712,Processed,146513346,direct,4.210484,101.975766,35.86166,104.195397
Nickel,MYS,IND,Malaysia,India,282540|283324|750210|750220|750300|750400|750512|750620|750712,Processed,29843006.26,direct,4.210484,101.975766,20.593684,78.96288
Nickel,MYS,KOR,Malaysia,Rep. of Korea,750210|750300|750400|750512|750712,Processed,17150929.43,direct,4.210484,101.975766,35.907757,127.766922
Nickel,MYS,VNM,Malaysia,Viet Nam,750120|750210|750400|750512|750522|750610|750620|750712,Processed,15915056.84,direct,4.210484,101.975766,14.058324,108.277199
Nickel,MYS,JPN,Malaysia,Japan,750210|750300|750400|750512|750522|750610|750620|750712,Processed,15511099.69,direct,4.210484,101.975766,36.204824,138.252924
Nickel,MYS,SGP,Malaysia,Singapore,282540|282735|283324|750210|750220|750300|750400|750512|750521|750522|750610|750620|750712,Processed,11675960.33,direct,4.210484,101.975766,1.352083,103.819836
Nickel,MYS,S19,Malaysia,"Other Asia, nes",750120|750210|750300|750521|750620,Processed,8563551.303,direct,4.210484,101.975766,,
Nickel,MYS,DEU,Malaysia,Germany,282540|750400|750512|750522|750620|750712,Processed,5984025.192,direct,4.210484,101.975766,51.165691,10.451526
Nickel,MYS,ARE,Malaysia,United Arab Emirates,750210|750220|750300|750522|750712,Processed,3107133.326,direct,4.210484,101.975766,23.424076,53.847818
Nickel,MYS,PAK,Malaysia,Pakistan,750210|750620,Processed,2946553.064,direct,4.210484,101.975766,30.375321,69.345116
Nickel,MYS,THA,Malaysia,Thailand,282540|282735|283324|750210|750300|750400|750512|750522|750620|750712,Processed,2757715.769,direct,4.210484,101.975766,15.870032,100.992541
Nickel,MYS,PHL,Malaysia,Philippines,282735|750210|750512|750620|750712,Processed,2190444.766,direct,4.210484,101.975766,12.879721,121.774017
Nickel,MYS,IDN,Malaysia,Indonesia,282540|282735|283324|750210|750400|750512|750522|750620|750712,Processed,2124988.3,direct,4.210484,101.975766,-0.789275,113.921327
Nickel,MYS,IRN,Malaysia,Iran,750210,Processed,1778764.566,direct,4.210484,101.975766,32.427908,53.688046
Nickel,MYS,CAN,Malaysia,Canada,750712,Processed,1605702.52,direct,4.210484,101.975766,56.130366,-106.346771
Nickel,MYS,BRA,Malaysia,Brazil,750300|750400|750712,Processed,1208139.772,direct,4.210484,101.975766,-14.235004,-51.92528
Nickel,MYS,GBR,Malaysia,United Kingdom,750512|750522|750712,Processed,1135716.992,mirror,4.210484,101.975766,55.378051,-3.435973
Nickel,MYS,SAU,Malaysia,Saudi Arabia,750522|750610|750620,Processed,1088699.344,direct,4.210484,101.975766,23.885942,45.079162
Nickel,MYS,USA,Malaysia,USA,750120|750210|750220|750300|750511|750512|750521|750522|750610|750620|750712,Processed,1012085.072,direct,4.210484,101.975766,37.09024,-95.712891
Nickel,MYS,ITA,Malaysia,Italy,750210|750522|750712,Processed,958958.38,direct,4.210484,101.975766,41.87194,12.56738
Nickel,MYS,SWE,Malaysia,Sweden,750210|750620|750711|750712,Processed,833629.924,direct,4.210484,101.975766,60.128161,18.643501
Nickel,MYS,NLD,Malaysia,Netherlands,750300|750512,Processed,659876.216,direct,4.210484,101.975766,52.132633,5.291266
Nickel,MYS,BEL,Malaysia,Belgium,750400|750620,Processed,513611.924,direct,4.210484,101.975766,50.503887,4.469936
Nickel,MYS,FRA,Malaysia,France,750400|750712,Processed,382076.416,direct,4.210484,101.975766,46.227638,2.213749
Nickel,MYS,RUS,Malaysia,Russian Federation,750620,Processed,252337.412,direct,4.210484,101.975766,61.52401,105.318756
Nickel,MYS,MEX,Malaysia,Mexico,750712,Processed,242407.834,direct,4.210484,101.975766,23.634501,-102.552784
Nickel,MYS,AGO,Malaysia,Angola,750712,Processed,235291.804,direct,4.210484,101.975766,-11.202692,17.873887
Nickel,MYS,ZAF,Malaysia,South Africa,750300|750620,Processed,222043.48,direct,4.210484,101.975766,-30.559482,22.937506
Nickel,MYS,TUR,Malaysia,Türkiye,750300|750400,Processed,191240.416,direct,4.210484,101.975766,38.963745,35.243322
Nickel,MYS,TKM,Malaysia,Turkmenistan,750712,Processed,160305.81,direct,4.210484,101.975766,38.969719,59.556278
Nickel,MYS,CHE,Malaysia,Switzerland,750511|750512,Processed,146477.754,direct,4.210484,101.975766,46.818188,8.227512
Nickel,MYS,LKA,Malaysia,Sri Lanka,750400,Processed,72886.102,direct,4.210484,101.975766,7.873054,80.771797
Nickel,MYS,AUS,Malaysia,Australia,750522|750610|750712,Processed,60879.794,direct,4.210484,101.975766,-25.274398,133.775136
Nickel,MYS,AUT,Malaysia,Austria,750620,Processed,32294.182,direct,4.210484,101.975766,47.516231,14.550072
Nickel,MYS,BRN,Malaysia,Brunei Darussalam,750511,Processed,21746.218,direct,4.210484,101.975766,4.535277,114.727669
Nickel,MYS,OMN,Malaysia,Oman,750712,Processed,16718.278,direct,4.210484,101.975766,21.512583,55.923255
Nickel,MYS,IRL,Malaysia,Ireland,750522,Processed,15757.295,mirror,4.210484,101.975766,53.41291,-8.24389
Nickel,MYS,CZE,Malaysia,Czechia,750522,Processed,7220,mirror,4.210484,101.975766,49.817492,15.472962
Nickel,MYS,ISR,Malaysia,Israel,750620,Processed,2000,mirror,4.210484,101.975766,31.046051,34.851612
Nickel,MYS,MDV,Malaysia,Maldives,750712,Processed,160.008,mirror,4.210484,101.975766,3.202778,73.22068
Nickel,MYS,ISL,Malaysia,Iceland,750110,Processed,15.497,mirror,4.210484,101.975766,64.963051,-19.020835
Nickel,MLT,GBR,Malta,United Kingdom,750210,Processed,101787.06,direct,35.937496,14.375416,55.378051,-3.435973
Nickel,MLT,NLD,Malta,Netherlands,750511|750512|750620|750712,Processed,219.723,mirror,35.937496,14.375416,52.132633,5.291266
Nickel,MUS,FRA,Mauritius,France,750522,Processed,13422.708,direct,-20.348404,57.552152,46.227638,2.213749
Nickel,MUS,SYC,Mauritius,Seychelles,750512,Processed,78.584,mirror,-20.348404,57.552152,,
Nickel,MEX,USA,Mexico,USA,750300|750400|750511|750512|750521|750522|750620|750712,Processed,47735749,direct,23.634501,-102.552784,37.09024,-95.712891
Nickel,MEX,ESP,Mexico,Spain,750300|750512|750712,Processed,7325974.288,mirror,23.634501,-102.552784,40.463667,-3.74922
Nickel,MEX,GBR,Mexico,United Kingdom,750400|750512|750522|750620|750712,Processed,3438701.206,mirror,23.634501,-102.552784,55.378051,-3.435973
Nickel,MEX,FRA,Mexico,France,750512|750522|750620|750712,Processed,3191299.21,mirror,23.634501,-102.552784,46.227638,2.213749
Nickel,MEX,DEU,Mexico,Germany,750522|750712,Processed,2512292.884,mirror,23.634501,-102.552784,51.165691,10.451526
Nickel,MEX,CAN,Mexico,Canada,750300|750400|750512|750522|750712,Processed,1908738.34,mirror,23.634501,-102.552784,56.130366,-106.346771
Nickel,MEX,IRL,Mexico,Ireland,750512|750522|750712,Processed,1550965.691,mirror,23.634501,-102.552784,53.41291,-8.24389
Nickel,MEX,DNK,Mexico,Denmark,750712,Processed,1267126.328,mirror,23.634501,-102.552784,56.26392,9.501785
Nickel,MEX,CHN,Mexico,China,750120|750512|750522|750620|750712,Processed,785367,mirror,23.634501,-102.552784,35.86166,104.195397
Nickel,MEX,MYS,Mexico,Malaysia,750220|750300|750522|750712,Processed,702514.272,mirror,23.634501,-102.552784,4.210484,101.975766
Nickel,MEX,JPN,Mexico,Japan,750300|750522,Processed,628059.185,mirror,23.634501,-102.552784,36.204824,138.252924
Nickel,MEX,SWE,Mexico,Sweden,750300,Processed,196070.316,mirror,23.634501,-102.552784,60.128161,18.643501
Nickel,MEX,ITA,Mexico,Italy,750512|750620,Processed,145936.503,mirror,23.634501,-102.552784,41.87194,12.56738
Nickel,MEX,THA,Mexico,Thailand,282540,Processed,128730.64,mirror,23.634501,-102.552784,15.870032,100.992541
Nickel,MEX,SUR,Mexico,Suriname,750712,Processed,104253.61,mirror,23.634501,-102.552784,3.919305,-56.027783
Nickel,MEX,IND,Mexico,India,750220,Processed,34432.208,mirror,23.634501,-102.552784,20.593684,78.96288
Nickel,MEX,ECU,Mexico,Ecuador,750400|750522,Processed,29214.512,mirror,23.634501,-102.552784,-1.831239,-78.183406
Nickel,MEX,NLD,Mexico,Netherlands,750300|750522,Processed,26575.687,mirror,23.634501,-102.552784,52.132633,5.291266
Nickel,MEX,CRI,Mexico,Costa Rica,282735|283324|750522,Processed,19547.42,mirror,23.634501,-102.552784,9.748917,-83.753428
Nickel,MEX,POL,Mexico,Poland,750712,Processed,11544,mirror,23.634501,-102.552784,51.919438,19.145136
Nickel,MEX,GTM,Mexico,Guatemala,750220|750521|750522|750620,Processed,9698,mirror,23.634501,-102.552784,15.783471,-90.230759
Nickel,MEX,BRA,Mexico,Brazil,750712,Processed,7276,mirror,23.634501,-102.552784,-14.235004,-51.92528
Nickel,MEX,SLV,Mexico,El Salvador,282735|283324|750522|750620,Processed,6662.22,mirror,23.634501,-102.552784,13.794185,-88.89653
Nickel,MEX,DOM,Mexico,Dominican Rep.,750522,Processed,4569.84,mirror,23.634501,-102.552784,18.735693,-70.162651
Nickel,MEX,IDN,Mexico,Indonesia,750521,Processed,3364,mirror,23.634501,-102.552784,-0.789275,113.921327
Nickel,MEX,SAU,Mexico,Saudi Arabia,750620,Processed,1547.2,mirror,23.634501,-102.552784,23.885942,45.079162
Nickel,MEX,AUT,Mexico,Austria,750220,Processed,712.206,mirror,23.634501,-102.552784,47.516231,14.550072
Nickel,MEX,KWT,Mexico,Kuwait,750712,Processed,639,mirror,23.634501,-102.552784,29.31166,47.481766
Nickel,MEX,ARG,Mexico,Argentina,750512|750620,Processed,569.2,mirror,23.634501,-102.552784,-38.416097,-63.616672
Nickel,MEX,COL,Mexico,Colombia,750512|750522,Processed,351.13,mirror,23.634501,-102.552784,4.570868,-74.297333
Nickel,MEX,CHL,Mexico,Chile,750522,Processed,290.43,mirror,23.634501,-102.552784,-35.675147,-71.542969
Nickel,MEX,CHE,Mexico,Switzerland,750522,Processed,81.776,mirror,23.634501,-102.552784,46.818188,8.227512
Nickel,MAR,KOR,Morocco,Rep. of Korea,750210,Processed,10238535,mirror,31.791702,-7.09262,35.907757,127.766922
Nickel,MAR,CHN,Morocco,China,282540|750120|750400,Processed,7275899.494,direct,31.791702,-7.09262,35.86166,104.195397
Nickel,MAR,ZAF,Morocco,South Africa,282540,Processed,845313.574,direct,31.791702,-7.09262,-30.559482,22.937506
Nickel,MAR,DEU,Morocco,Germany,750220,Processed,363294.072,mirror,31.791702,-7.09262,51.165691,10.451526
Nickel,MAR,FRA,Morocco,France,750300|750512|750522|750620,Processed,362068.311,direct,31.791702,-7.09262,46.227638,2.213749
Nickel,MAR,BEL,Morocco,Belgium,750511,Processed,19323.002,mirror,31.791702,-7.09262,50.503887,4.469936
Nickel,MAR,NOR,Morocco,Norway,750210,Processed,4735.044,mirror,31.791702,-7.09262,60.472024,8.468946
Nickel,MAR,HUN,Morocco,Hungary,750512,Processed,216.849,direct,31.791702,-7.09262,47.162494,19.503304
Nickel,MAR,TUR,Morocco,Türkiye,750522,Processed,116.672,direct,31.791702,-7.09262,38.963745,35.243322
Nickel,MAR,IRL,Morocco,Ireland,750511,Processed,58.449,mirror,31.791702,-7.09262,53.41291,-8.24389
Nickel,MAR,_X ,Morocco,"Areas, nes",750522,Processed,38.622,direct,31.791702,-7.09262,,
Nickel,MOZ,ARE,Mozambique,United Arab Emirates,750522,Processed,2212,direct,-18.665695,35.529562,23.424076,53.847818
Nickel,MOZ,ZMB,Mozambique,Zambia,283324,Processed,134.062,mirror,-18.665695,35.529562,-13.133897,27.849332
Nickel,MMR,GBR,Myanmar,United Kingdom,750512,Processed,40489.208,mirror,21.913965,95.956223,55.378051,-3.435973
Nickel,MMR,THA,Myanmar,Thailand,750300,Processed,10600.92,mirror,21.913965,95.956223,15.870032,100.992541
Nickel,NAM,THA,Namibia,Thailand,750110,Processed,5854253.96,mirror,-22.95764,18.49041,15.870032,100.992541
Nickel,NAM,ARE,Namibia,United Arab Emirates,750712,Processed,24538.508,direct,-22.95764,18.49041,23.424076,53.847818
Nickel,NAM,USA,Namibia,USA,750522,Processed,13249,mirror,-22.95764,18.49041,37.09024,-95.712891
Nickel,NAM,DEU,Namibia,Germany,750620,Processed,411.444,direct,-22.95764,18.49041,51.165691,10.451526
Nickel,NPL,GBR,Nepal,United Kingdom,750712,Processed,24275.264,mirror,28.394857,84.124008,55.378051,-3.435973
Nickel,NPL,CAN,Nepal,Canada,750522,Processed,567.112,mirror,28.394857,84.124008,56.130366,-106.346771
Nickel,NPL,CHN,Nepal,China,750522,Processed,308,mirror,28.394857,84.124008,35.86166,104.195397
Nickel,NPL,SGP,Nepal,Singapore,750522,Processed,156.41,mirror,28.394857,84.124008,1.352083,103.819836
Nickel,NPL,FRA,Nepal,France,750620,Processed,21.648,mirror,28.394857,84.124008,46.227638,2.213749
Nickel,NLD,DEU,Netherlands,Germany,282540|282735|283324|750110|750120|750210|750220|750300|750400|750511|750512|750521|750522|750610|750620|750712,Processed,285104817.7,direct,52.132633,5.291266,51.165691,10.451526
Nickel,NLD,SWE,Netherlands,Sweden,282540|750110|750120|750210|750220|750300|750400|750512|750521|750522|750610|750620|750712,Processed,149480046.5,direct,52.132633,5.291266,60.128161,18.643501
Nickel,NLD,ITA,Netherlands,Italy,282540|282735|283324|750210|750220|750300|750400|750512|750521|750522|750610|750620|750712,Processed,118412298.9,direct,52.132633,5.291266,41.87194,12.56738
Nickel,NLD,BEL,Netherlands,Belgium,282540|282735|283324|750110|750120|750210|750220|750300|750400|750512|750521|750522|750610|750620|750711|750712,Processed,105408943,direct,52.132633,5.291266,50.503887,4.469936
Nickel,NLD,ESP,Netherlands,Spain,282540|282735|283324|750120|750210|750220|750300|750400|750512|750521|750522|750610|750620|750712,Processed,42957030.96,direct,52.132633,5.291266,40.463667,-3.74922
Nickel,NLD,FRA,Netherlands,France,282540|283324|750120|750210|750220|750300|750400|750512|750521|750522|750610|750620|750712,Processed,38920348.07,direct,52.132633,5.291266,46.227638,2.213749
Nickel,NLD,FIN,Netherlands,Finland,282735|750210|750300|750400|750512|750522|750610|750620|750712,Processed,26536016.03,direct,52.132633,5.291266,61.92411,25.748151
Nickel,NLD,GBR,Netherlands,United Kingdom,282540|750110|750120|750210|750220|750300|750400|750511|750512|750521|750522|750610|750620|750712,Processed,20141150.5,direct,52.132633,5.291266,55.378051,-3.435973
Nickel,NLD,AUT,Netherlands,Austria,282540|750210|750300|750400|750512|750521|750522|750610|750620|750712,Processed,19934088.36,direct,52.132633,5.291266,47.516231,14.550072
Nickel,NLD,MYS,Netherlands,Malaysia,283324|750210|750220|750300|750400|750512|750522|750610|750620|750712,Processed,12576500.82,direct,52.132633,5.291266,4.210484,101.975766
Nickel,NLD,USA,Netherlands,USA,282540|282735|283324|750210|750300|750400|750511|750512|750521|750522|750610|750620|750712,Processed,12092830.75,direct,52.132633,5.291266,37.09024,-95.712891
Nickel,NLD,MEX,Netherlands,Mexico,282540|282735|750210|750220|750522,Processed,10876353.09,direct,52.132633,5.291266,23.634501,-102.552784
Nickel,NLD,SVN,Netherlands,Slovenia,282540|750210|750300|750400|750512|750522|750610|750620|750712,Processed,8659358.653,direct,52.132633,5.291266,46.151241,14.995463
Nickel,NLD,PHL,Netherlands,Philippines,282735|283324|750210|750512|750620|750712,Processed,8512178.694,direct,52.132633,5.291266,12.879721,121.774017
Nickel,NLD,CZE,Netherlands,Czechia,282735|283324|750210|750300|750400|750511|750512|750521|750522|750610|750620|750712,Processed,7684499.01,direct,52.132633,5.291266,49.817492,15.472962
Nickel,NLD,BRA,Netherlands,Brazil,282540|282735|750210|750300|750400|750522|750610|750620|750711|750712,Processed,6935965.888,direct,52.132633,5.291266,-14.235004,-51.92528
Nickel,NLD,TUR,Netherlands,Türkiye,282540|282735|283324|750120|750210|750220|750400|750512|750521|750522|750610|750620|750712,Processed,6855351.894,direct,52.132633,5.291266,38.963745,35.243322
Nickel,NLD,ROU,Netherlands,Romania,750210|750300|750400|750512|750521|750522|750610|750620|750712,Processed,6709545.503,direct,52.132633,5.291266,45.943161,24.96676
Nickel,NLD,S19,Netherlands,"Other Asia, nes",282540|282735|750400|750512|750522|750610|750711|750712,Processed,6188099.675,direct,52.132633,5.291266,,
Nickel,NLD,CHN,Netherlands,China,750300|750400|750511|750512|750521|750522|750610|750620|750712,Processed,6108082.558,direct,52.132633,5.291266,35.86166,104.195397
Nickel,NLD,UKR,Netherlands,Ukraine,282540|750210|750220|750522,Processed,6083352.558,direct,52.132633,5.291266,48.379433,31.16558
Nickel,NLD,POL,Netherlands,Poland,282540|750210|750220|750300|750400|750512|750521|750522|750610|750620|750712,Processed,4512789.195,direct,52.132633,5.291266,51.919438,19.145136
Nickel,NLD,JPN,Netherlands,Japan,282735|750300|750400|750521|750522|750610|750620|750712,Processed,4421344.17,direct,52.132633,5.291266,36.204824,138.252924
Nickel,NLD,ARE,Netherlands,United Arab Emirates,750210|750220|750400|750512|750521|750522|750620|750712,Processed,4302087.825,direct,52.132633,5.291266,23.424076,53.847818
Nickel,NLD,IND,Netherlands,India,282540|750210|750300|750400|750511|750512|750521|750522|750610|750620|750712,Processed,3656386.489,direct,52.132633,5.291266,20.593684,78.96288
Nickel,NLD,SGP,Netherlands,Singapore,282735|750120|750300|750400|750512|750521|750522|750610|750620|750711|750712,Processed,2555617.745,direct,52.132633,5.291266,1.352083,103.819836
Nickel,NLD,EGY,Netherlands,Egypt,282735|283324|750210|750220|750512,Processed,2478548.428,direct,52.132633,5.291266,26.820553,30.802498
Nickel,NLD,LUX,Netherlands,Luxembourg,282540|750210|750220|750300|750400|750511|750512|750522|750610|750620|750711|750712,Processed,2453495.649,direct,52.132633,5.291266,49.815273,6.129583
Nickel,NLD,ISR,Netherlands,Israel,750400|750511|750512|750522|750620|750712,Processed,1837992.573,direct,52.132633,5.291266,31.046051,34.851612
Nickel,NLD,AGO,Netherlands,Angola,750300|750512|750522|750620|750712,Processed,1479587.924,direct,52.132633,5.291266,-11.202692,17.873887
Nickel,NLD,QAT,Netherlands,Qatar,750512|750522|750620|750712,Processed,1399110.96,direct,52.132633,5.291266,25.354826,51.183884
Nickel,NLD,BGR,Netherlands,Bulgaria,283324|750210|750300|750400|750512|750522|750610|750620|750712,Processed,1320770.651,direct,52.132633,5.291266,42.733883,25.48583
Nickel,NLD,SVK,Netherlands,Slovakia,750210|750300|750400|750512|750522|750610|750620|750712,Processed,1279380.198,direct,52.132633,5.291266,48.669026,19.699024
Nickel,NLD,NOR,Netherlands,Norway,283324|750110|750220|750300|750400|750512|750521|750522|750610|750620|750712,Processed,1268010.211,direct,52.132633,5.291266,60.472024,8.468946
Nickel,NLD,DNK,Netherlands,Denmark,282540|282735|283324|750210|750300|750521|750522|750610|750620|750712,Processed,1162469.033,direct,52.132633,5.291266,56.26392,9.501785
Nickel,NLD,THA,Netherlands,Thailand,750220|750400|750522|750610|750712,Processed,1144705.044,direct,52.132633,5.291266,15.870032,100.992541
Nickel,NLD,CHE,Netherlands,Switzerland,750210|750220|750400|750512|750522|750610|750620|750712,Processed,1024562.942,direct,52.132633,5.291266,46.818188,8.227512
Nickel,NLD,HUN,Netherlands,Hungary,750210|750300|750400|750512|750522|750610|750620|750712,Processed,965308.024,direct,52.132633,5.291266,47.162494,19.503304
Nickel,NLD,CAN,Netherlands,Canada,750120|750220|750300|750512|750521|750522|750610,Processed,882724.791,direct,52.132633,5.291266,56.130366,-106.346771
Nickel,NLD,GUY,Netherlands,Guyana,750620,Processed,863691.982,direct,52.132633,5.291266,4.860416,-58.93018
Nickel,NLD,SAU,Netherlands,Saudi Arabia,282735|750120|750220|750400|750512|750522|750610|750620|750712,Processed,815692.906,direct,52.132633,5.291266,23.885942,45.079162
Nickel,NLD,PER,Netherlands,Peru,750210,Processed,557574.223,direct,52.132633,5.291266,-9.189967,-75.015152
Nickel,NLD,IRL,Netherlands,Ireland,750210|750300|750400|750511|750512|750522|750610|750620|750712,Processed,552357.151,direct,52.132633,5.291266,53.41291,-8.24389
Nickel,NLD,IDN,Netherlands,Indonesia,750400|750512|750522|750620|750712,Processed,513003.137,direct,52.132633,5.291266,-0.789275,113.921327
Nickel,NLD,ZAF,Netherlands,South Africa,282735|750210|750220|750400|750522|750610|750620|750712,Processed,503502.657,direct,52.132633,5.291266,-30.559482,22.937506
Nickel,NLD,KOR,Netherlands,Rep. of Korea,282540|283324|750120|750220|750400|750512|750521|750522|750610|750620|750712,Processed,488830.416,direct,52.132633,5.291266,35.907757,127.766922
Nickel,NLD,SRB,Netherlands,Serbia,282735|750522|750610|750712,Processed,487034.942,direct,52.132633,5.291266,44.016521,21.005859
Nickel,NLD,RUS,Netherlands,Russian Federation,750220|750400,Processed,390718.781,direct,52.132633,5.291266,61.52401,105.318756
Nickel,NLD,PRT,Netherlands,Portugal,282540|282735|750210|750300|750400|750512|750522|750610|750620|750711|750712,Processed,361753.773,direct,52.132633,5.291266,39.399872,-8.224454
Nickel,NLD,GRC,Netherlands,Greece,282540|750210|750220|750300|750400|750512|750522|750610|750620|750712,Processed,355867.212,direct,52.132633,5.291266,39.074208,21.824312
Nickel,NLD,ARG,Netherlands,Argentina,282735|750210|750400|750512|750620|750712,Processed,317992.556,direct,52.132633,5.291266,-38.416097,-63.616672
Nickel,NLD,KAZ,Netherlands,Kazakhstan,750400|750522|750620|750712,Processed,299592.087,direct,52.132633,5.291266,48.019573,66.923684
Nickel,NLD,BLR,Netherlands,Belarus,282735|283324,Processed,245224.117,direct,52.132633,5.291266,53.709807,27.953389
Nickel,NLD,AUS,Netherlands,Australia,750400|750522|750610|750620|750712,Processed,215496.538,direct,52.132633,5.291266,-25.274398,133.775136
Nickel,NLD,CRI,Netherlands,Costa Rica,750522,Processed,164034.759,direct,52.132633,5.291266,9.748917,-83.753428
Nickel,NLD,EST,Netherlands,Estonia,283324|750210|750300|750400|750512|750521|750522|750610|750620|750712,Processed,151550.582,direct,52.132633,5.291266,58.595272,25.013607
Nickel,NLD,COL,Netherlands,Colombia,282735|750210,Processed,129280.605,direct,52.132633,5.291266,4.570868,-74.297333
Nickel,NLD,NGA,Netherlands,Nigeria,750400|750522|750712,Processed,111891.08,direct,52.132633,5.291266,9.081999,8.675277
Nickel,NLD,KGZ,Netherlands,Kyrgyzstan,750512|750522,Processed,90795.484,direct,52.132633,5.291266,41.20438,74.766098
Nickel,NLD,PAK,Netherlands,Pakistan,750610,Processed,59864.116,mirror,52.132633,5.291266,30.375321,69.345116
Nickel,NLD,VNM,Netherlands,Viet Nam,750512|750522|750610|750620|750712,Processed,49785.172,direct,52.132633,5.291266,14.058324,108.277199
Nickel,NLD,CHL,Netherlands,Chile,750210|750400|750522|750620,Processed,44552.343,direct,52.132633,5.291266,-35.675147,-71.542969
Nickel,NLD,LTU,Netherlands,Lithuania,750210|750300|750400|750512|750522|750610|750620|750712,Processed,26745.622,direct,52.132633,5.291266,55.169438,23.881275
Nickel,NLD,GAB,Netherlands,Gabon,750620,Processed,23447.608,direct,52.132633,5.291266,-0.803689,11.609444
Nickel,NLD,GIB,Netherlands,Gibraltar,750522,Processed,18843.161,direct,52.132633,5.291266,,
Nickel,NLD,OMN,Netherlands,Oman,750220|750522|750712,Processed,17507.504,direct,52.132633,5.291266,21.512583,55.923255
Nickel,NLD,BRB,Netherlands,Barbados,750620,Processed,15607.926,direct,52.132633,5.291266,,
Nickel,NLD,E19,Netherlands,"Other Europe, nes",750712,Processed,15518.089,direct,52.132633,5.291266,,
Nickel,NLD,X1 ,Netherlands,Bunkers,750522,Processed,14896.802,direct,52.132633,5.291266,,
Nickel,NLD,HRV,Netherlands,Croatia,282540|750210|750300|750400|750512|750522|750610|750620|750712,Processed,10594.341,direct,52.132633,5.291266,45.1,15.2
Nickel,NLD,NZL,Netherlands,New Zealand,750220|750610,Processed,9098.786,mirror,52.132633,5.291266,-40.900557,174.885971
Nickel,NLD,GTM,Netherlands,Guatemala,750610,Processed,8600,mirror,52.132633,5.291266,15.783471,-90.230759
Nickel,NLD,COG,Netherlands,Congo,750620,Processed,8298.611,direct,52.132633,5.291266,-0.228021,15.827659
Nickel,NLD,CYP,Netherlands,Cyprus,282540|283324|750210|750300|750400|750511|750512|750522|750610|750620|750712,Processed,7837.516,direct,52.132633,5.291266,35.126413,33.429859
Nickel,NLD,MLT,Netherlands,Malta,282540|282735|750210|750300|750400|750512|750522|750610|750620|750712,Processed,6993.261,direct,52.132633,5.291266,35.937496,14.375416
Nickel,NLD,BES,Netherlands,Bonaire,750712,Processed,6494.283,direct,52.132633,5.291266,,
Nickel,NLD,KWT,Netherlands,Kuwait,750522,Processed,5822.124,direct,52.132633,5.291266,29.31166,47.481766
Nickel,NLD,AZE,Netherlands,Azerbaijan,750512|750522|750712,Processed,5453.663,direct,52.132633,5.291266,40.143105,47.576927
Nickel,NLD,BHR,Netherlands,Bahrain,750522|750712,Processed,4508.115,direct,52.132633,5.291266,26.0275,50.55
Nickel,NLD,UZB,Netherlands,Uzbekistan,750620,Processed,3912.805,direct,52.132633,5.291266,41.377491,64.585262
Nickel,NLD,LVA,Netherlands,Latvia,750210|750300|750400|750512|750522|750610|750620|750712,Processed,3388.933,direct,52.132633,5.291266,56.879635,24.603189
Nickel,NLD,SLV,Netherlands,El Salvador,282735|750610,Processed,3133.665,direct,52.132633,5.291266,13.794185,-88.89653
Nickel,NLD,LBN,Netherlands,Lebanon,750610,Processed,2353.095,direct,52.132633,5.291266,33.854721,35.862285
Nickel,NLD,SEN,Netherlands,Senegal,750712,Processed,1480.696,direct,52.132633,5.291266,14.497401,14.452362
Nickel,NLD,SUR,Netherlands,Suriname,750400,Processed,1231.749,direct,52.132633,5.291266,3.919305,-56.027783
Nickel,NLD,NAM,Netherlands,Namibia,750120|750522,Processed,1000.962,direct,52.132633,5.291266,-22.95764,18.49041
Nickel,NLD,LKA,Netherlands,Sri Lanka,750522,Processed,791.22,direct,52.132633,5.291266,7.873054,80.771797
Nickel,NLD,MAR,Netherlands,Morocco,750522,Processed,583.403,direct,52.132633,5.291266,31.791702,-7.09262
Nickel,NLD,JOR,Netherlands,Jordan,750220,Processed,418.881,direct,52.132633,5.291266,30.585164,36.238414
Nickel,NLD,PSE,Netherlands,State of Palestine,282735,Processed,379.916,direct,52.132633,5.291266,,
Nickel,NLD,DZA,Netherlands,Algeria,282735,Processed,209.982,direct,52.132633,5.291266,28.033886,1.659626
Nickel,NLD,MOZ,Netherlands,Mozambique,750620,Processed,191.8,mirror,52.132633,5.291266,-18.665695,35.529562
Nickel,NLD,IRQ,Netherlands,Iraq,750220,Processed,138.545,direct,52.132633,5.291266,33.223191,43.679291
Nickel,NLD,TUN,Netherlands,Tunisia,750522,Processed,138.545,direct,52.132633,5.291266,33.886917,9.537499
Nickel,NLD,LBY,Netherlands,Libya,750220,Processed,134.215,direct,52.132633,5.291266,26.3351,17.228331
Nickel,NLD,KEN,Netherlands,Kenya,282735,Processed,128.803,direct,52.132633,5.291266,-0.023559,37.906193
Nickel,NLD,CIV,Netherlands,Côte d'Ivoire,750522,Processed,92.002,direct,52.132633,5.291266,7.539989,-5.54708
Nickel,NLD,MKD,Netherlands,North Macedonia,282735,Processed,64.943,direct,52.132633,5.291266,41.608635,21.745275
Nickel,NLD,ISL,Netherlands,Iceland,750511|750522,Processed,57.503,mirror,52.132633,5.291266,64.963051,-19.020835
Nickel,NLD,URY,Netherlands,Uruguay,750610,Processed,17,mirror,52.132633,5.291266,-32.522779,-55.765835
Nickel,NCL,CHN,New Caledonia,China,282540|750120,Processed,266992566,mirror,,,35.86166,104.195397
Nickel,NCL,KOR,New Caledonia,Rep. of Korea,750120,Processed,17565009,mirror,,,35.907757,127.766922
Nickel,NCL,SWE,New Caledonia,Sweden,750210,Processed,3646983.548,mirror,,,60.128161,18.643501
Nickel,NCL,CAN,New Caledonia,Canada,282540,Processed,2632933.036,mirror,,,56.130366,-106.346771
Nickel,NZL,AUS,New Zealand,Australia,750120,Processed,133263.146,mirror,-40.900557,174.885971,-25.274398,133.775136
Nickel,NZL,SGP,New Zealand,Singapore,750300,Processed,99972.865,direct,-40.900557,174.885971,1.352083,103.819836
Nickel,NZL,IND,New Zealand,India,750300,Processed,76805.982,mirror,-40.900557,174.885971,20.593684,78.96288
Nickel,NZL,ZAF,New Zealand,South Africa,750712,Processed,39438.788,mirror,-40.900557,174.885971,-30.559482,22.937506
Nickel,NZL,NLD,New Zealand,Netherlands,750512|750522,Processed,35703.172,direct,-40.900557,174.885971,52.132633,5.291266
Nickel,NZL,USA,New Zealand,USA,750610|750620,Processed,24696.626,direct,-40.900557,174.885971,37.09024,-95.712891
Nickel,NZL,COK,New Zealand,Cook Isds,750712,Processed,630.633,direct,-40.900557,174.885971,,
Nickel,NZL,FJI,New Zealand,Fiji,750512|750522,Processed,569.148,mirror,-40.900557,174.885971,-16.578193,179.414413
Nickel,NZL,CHN,New Zealand,China,750522,Processed,14,mirror,-40.900557,174.885971,35.86166,104.195397
Nickel,NGA,DEU,Nigeria,Germany,750300,Processed,373118.944,mirror,9.081999,8.675277,51.165691,10.451526
Nickel,NGA,NLD,Nigeria,Netherlands,750300,Processed,102427.828,mirror,9.081999,8.675277,52.132633,5.291266
Nickel,NGA,USA,Nigeria,USA,750712,Processed,100073.756,direct,9.081999,8.675277,37.09024,-95.712891
Nickel,MKD,DEU,North Macedonia,Germany,750610,Processed,8.68,direct,41.608635,21.745275,51.165691,10.451526
Nickel,NOR,DEU,Norway,Germany,282540|283324|750110|750210|750220|750300|750512|750522|750712,Processed,2218168477,direct,60.472024,8.468946,51.165691,10.451526
Nickel,NOR,NLD,Norway,Netherlands,750210|750300|750511|750512|750712,Processed,1651884192,direct,60.472024,8.468946,52.132633,5.291266
Nickel,NOR,FRA,Norway,France,750110|750210|750220|750512|750522|750712,Processed,819684221.9,direct,60.472024,8.468946,46.227638,2.213749
Nickel,NOR,USA,Norway,USA,282540|283324|750110|750210|750300|750511|750512|750620|750712,Processed,411807826.6,direct,60.472024,8.468946,37.09024,-95.712891
Nickel,NOR,SWE,Norway,Sweden,750110|750210|750220|750300|750512|750522|750620|750712,Processed,312770278.8,direct,60.472024,8.468946,60.128161,18.643501
Nickel,NOR,GBR,Norway,United Kingdom,750110|750120|750210|750220|750300|750400|750512|750620|750712,Processed,199186005.2,direct,60.472024,8.468946,55.378051,-3.435973
Nickel,NOR,IND,Norway,India,282540|750210,Processed,169176433.4,direct,60.472024,8.468946,20.593684,78.96288
Nickel,NOR,CHN,Norway,China,750110|750210|750300|750511|750610|750620|750712,Processed,110771840,direct,60.472024,8.468946,35.86166,104.195397
Nickel,NOR,JPN,Norway,Japan,750210,Processed,105506030.7,direct,60.472024,8.468946,36.204824,138.252924
Nickel,NOR,ESP,Norway,Spain,750120|750210|750512,Processed,76894643.7,direct,60.472024,8.468946,40.463667,-3.74922
Nickel,NOR,KOR,Norway,Rep. of Korea,750210,Processed,69770690.82,direct,60.472024,8.468946,35.907757,127.766922
Nickel,NOR,SRB,Norway,Serbia,750210,Processed,53142472,mirror,60.472024,8.468946,44.016521,21.005859
Nickel,NOR,AUT,Norway,Austria,750210|750300|750512|750620,Processed,34698164.62,direct,60.472024,8.468946,47.516231,14.550072
Nickel,NOR,SVN,Norway,Slovenia,750210|750512,Processed,33839138.81,direct,60.472024,8.468946,46.151241,14.995463
Nickel,NOR,TUR,Norway,Türkiye,750110|750210|750300|750400|750512,Processed,30729214.84,direct,60.472024,8.468946,38.963745,35.243322
Nickel,NOR,BRA,Norway,Brazil,750110|750210|750512|750712,Processed,29003718.23,direct,60.472024,8.468946,-14.235004,-51.92528
Nickel,NOR,MYS,Norway,Malaysia,750110|750210|750512,Processed,26365301.99,direct,60.472024,8.468946,4.210484,101.975766
Nickel,NOR,MEX,Norway,Mexico,750210,Processed,20618025.1,direct,60.472024,8.468946,23.634501,-102.552784
Nickel,NOR,S19,Norway,"Other Asia, nes",750210|750610,Processed,19492915.2,direct,60.472024,8.468946,,
Nickel,NOR,CAN,Norway,Canada,283324|750210|750220|750300|750512,Processed,17751395.62,direct,60.472024,8.468946,56.130366,-106.346771
Nickel,NOR,DNK,Norway,Denmark,282540|750110|750210|750400|750512|750522|750712,Processed,9924386.179,direct,60.472024,8.468946,56.26392,9.501785
Nickel,NOR,THA,Norway,Thailand,750210|750400|750512|750610|750620|750712,Processed,7325058.672,direct,60.472024,8.468946,15.870032,100.992541
Nickel,NOR,FIN,Norway,Finland,282735|283324|750110|750210|750620,Processed,4126531.696,direct,60.472024,8.468946,61.92411,25.748151
Nickel,NOR,CHE,Norway,Switzerland,750210,Processed,3802867.68,mirror,60.472024,8.468946,46.818188,8.227512
Nickel,NOR,POL,Norway,Poland,750210|750512|750522|750620,Processed,3029235.106,direct,60.472024,8.468946,51.919438,19.145136
Nickel,NOR,PAK,Norway,Pakistan,750210,Processed,2786158.531,mirror,60.472024,8.468946,30.375321,69.345116
Nickel,NOR,UKR,Norway,Ukraine,750210|750610,Processed,2727198.92,mirror,60.472024,8.468946,48.379433,31.16558
Nickel,NOR,VNM,Norway,Viet Nam,750110|750210|750712,Processed,2127507.284,direct,60.472024,8.468946,14.058324,108.277199
Nickel,NOR,BGR,Norway,Bulgaria,750210|750610,Processed,1585194.112,mirror,60.472024,8.468946,42.733883,25.48583
Nickel,NOR,PER,Norway,Peru,750210,Processed,1397421.696,mirror,60.472024,8.468946,-9.189967,-75.015152
Nickel,NOR,ARG,Norway,Argentina,750210,Processed,1340793.844,direct,60.472024,8.468946,-38.416097,-63.616672
Nickel,NOR,SGP,Norway,Singapore,282735|750110|750210|750512|750620|750712,Processed,1137893.166,direct,60.472024,8.468946,1.352083,103.819836
Nickel,NOR,MAR,Norway,Morocco,750210,Processed,829850.847,mirror,60.472024,8.468946,31.791702,-7.09262
Nickel,NOR,IDN,Norway,Indonesia,750210|750620|750711|750712,Processed,752901.992,direct,60.472024,8.468946,-0.789275,113.921327
Nickel,NOR,EGY,Norway,Egypt,750210|750511|750620,Processed,706947.46,mirror,60.472024,8.468946,26.820553,30.802498
Nickel,NOR,COL,Norway,Colombia,750210,Processed,701009.76,mirror,60.472024,8.468946,4.570868,-74.297333
Nickel,NOR,HUN,Norway,Hungary,750110,Processed,640918.334,direct,60.472024,8.468946,47.162494,19.503304
Nickel,NOR,AUS,Norway,Australia,750210|750620,Processed,633316.724,direct,60.472024,8.468946,-25.274398,133.775136
Nickel,NOR,ECU,Norway,Ecuador,750210|750620,Processed,538105.22,direct,60.472024,8.468946,-1.831239,-78.183406
Nickel,NOR,ITA,Norway,Italy,750511|750512|750521|750610|750712,Processed,452642.566,direct,60.472024,8.468946,41.87194,12.56738
Nickel,NOR,ARE,Norway,United Arab Emirates,750512|750522|750712,Processed,346072.722,direct,60.472024,8.468946,23.424076,53.847818
Nickel,NOR,CHL,Norway,Chile,750210,Processed,292709.96,mirror,60.472024,8.468946,-35.675147,-71.542969
Nickel,NOR,BEL,Norway,Belgium,283324|750210|750620,Processed,191485.543,direct,60.472024,8.468946,50.503887,4.469936
Nickel,NOR,UZB,Norway,Uzbekistan,750210,Processed,151302,mirror,60.472024,8.468946,41.377491,64.585262
Nickel,NOR,PHL,Norway,Philippines,750210|750522,Processed,132349,mirror,60.472024,8.468946,12.879721,121.774017
Nickel,NOR,COG,Norway,Congo,750712,Processed,110190.982,direct,60.472024,8.468946,-0.228021,15.827659
Nickel,NOR,TUN,Norway,Tunisia,750210|750610,Processed,108782.761,mirror,60.472024,8.468946,33.886917,9.537499
Nickel,NOR,ROU,Norway,Romania,750512|750620|750712,Processed,63145.03,direct,60.472024,8.468946,45.943161,24.96676
Nickel,NOR,CZE,Norway,Czechia,750210|750512|750522,Processed,54806.106,direct,60.472024,8.468946,49.817492,15.472962
Nickel,NOR,OMN,Norway,Oman,750522,Processed,40975.322,direct,60.472024,8.468946,21.512583,55.923255
Nickel,NOR,EST,Norway,Estonia,750512|750712,Processed,39673.944,direct,60.472024,8.468946,58.595272,25.013607
Nickel,NOR,QAT,Norway,Qatar,750522,Processed,35461.928,direct,60.472024,8.468946,25.354826,51.183884
Nickel,NOR,SAU,Norway,Saudi Arabia,750110|750210|750522|750620,Processed,32256.663,direct,60.472024,8.468946,23.885942,45.079162
Nickel,NOR,PRT,Norway,Portugal,750512|750522,Processed,27916.25,direct,60.472024,8.468946,39.399872,-8.224454
Nickel,NOR,ARM,Norway,Armenia,750210,Processed,21603.56,mirror,60.472024,8.468946,40.069099,45.038189
Nickel,NOR,AGO,Norway,Angola,750110|750620,Processed,8633.486,direct,60.472024,8.468946,-11.202692,17.873887
Nickel,NOR,SLV,Norway,El Salvador,750620,Processed,7850.84,mirror,60.472024,8.468946,13.794185,-88.89653
Nickel,NOR,IRL,Norway,Ireland,750511,Processed,1010.943,mirror,60.472024,8.468946,53.41291,-8.24389
Nickel,NOR,LTU,Norway,Lithuania,750110,Processed,766.808,direct,60.472024,8.468946,55.169438,23.881275
Nickel,NOR,ISL,Norway,Iceland,750522,Processed,740.938,direct,60.472024,8.468946,64.963051,-19.020835
Nickel,OMN,MYS,Oman,Malaysia,750300,Processed,210302.008,mirror,21.512583,55.923255,4.210484,101.975766
Nickel,OMN,IND,Oman,India,750300|750712,Processed,180385.52,mirror,21.512583,55.923255,20.593684,78.96288
Nickel,OMN,SAU,Oman,Saudi Arabia,750220|750620,Processed,49611.732,mirror,21.512583,55.923255,23.885942,45.079162
Nickel,S19,JPN,"Other Asia, nes",Japan,282540|282735|283324|750120|750210|750220|750300|750511|750512|750522|750610|750620|750712,Processed,88001305.08,direct,,,36.204824,138.252924
Nickel,S19,CHN,"Other Asia, nes",China,282540|282735|283324|750120|750210|750220|750300|750400|750512|750521|750522|750610|750620|750711|750712,Processed,75567599.33,direct,,,35.86166,104.195397
Nickel,S19,SWE,"Other Asia, nes",Sweden,750210|750220|750400|750512,Processed,64483689.93,direct,,,60.128161,18.643501
Nickel,S19,GBR,"Other Asia, nes",United Kingdom,282735|283324|750210|750220|750300|750511|750512|750522|750610|750620|750711|750712,Processed,32154813.01,direct,,,55.378051,-3.435973
Nickel,S19,KOR,"Other Asia, nes",Rep. of Korea,282540|282735|283324|750110|750210|750300|750400|750512|750522|750610|750620,Processed,22063292.29,direct,,,35.907757,127.766922
Nickel,S19,AUS,"Other Asia, nes",Australia,750210|750220|750300|750512|750522,Processed,16388479.63,direct,,,-25.274398,133.775136
Nickel,S19,THA,"Other Asia, nes",Thailand,282540|282735|283324|750120|750210|750220|750300|750400|750511|750512|750521|750522|750610|750620|750712,Processed,15311902.8,direct,,,15.870032,100.992541
Nickel,S19,IND,"Other Asia, nes",India,282540|282735|283324|750210|750300|750512|750522|750610|750620|750712,Processed,14818329.93,direct,,,20.593684,78.96288
Nickel,S19,SGP,"Other Asia, nes",Singapore,282540|282735|283324|750110|750210|750300|750400|750512|750522|750610|750620|750712,Processed,9162326.228,direct,,,1.352083,103.819836
Nickel,S19,USA,"Other Asia, nes",USA,282540|282735|283324|750210|750220|750300|750511|750512|750522|750610|750620|750711|750712,Processed,8647432.216,direct,,,37.09024,-95.712891
Nickel,S19,VNM,"Other Asia, nes",Viet Nam,282540|282735|283324|750210|750400|750511|750512|750522|750610,Processed,8483273.028,direct,,,14.058324,108.277199
Nickel,S19,MYS,"Other Asia, nes",Malaysia,282540|282735|283324|750210|750220|750400|750511|750512|750521|750522|750610|750620,Processed,6331580.143,direct,,,4.210484,101.975766
Nickel,S19,DEU,"Other Asia, nes",Germany,282540|282735|283324|750220|750512|750522|750620|750712,Processed,5030252.084,direct,,,51.165691,10.451526
Nickel,S19,ESP,"Other Asia, nes",Spain,282735|283324|750512|750522|750712,Processed,4978313.54,mirror,,,40.463667,-3.74922
Nickel,S19,CZE,"Other Asia, nes",Czechia,283324|750110|750220|750512|750610,Processed,3791973.236,direct,,,49.817492,15.472962
Nickel,S19,NLD,"Other Asia, nes",Netherlands,282540|282735|750210|750400|750512|750522,Processed,3049525.412,direct,,,52.132633,5.291266
Nickel,S19,FRA,"Other Asia, nes",France,282735|283324|750512|750522|750620|750712,Processed,2610232.875,direct,,,46.227638,2.213749
Nickel,S19,CAN,"Other Asia, nes",Canada,282735|283324|750120|750511|750512|750522|750620|750712,Processed,2361027.08,direct,,,56.130366,-106.346771
Nickel,S19,IDN,"Other Asia, nes",Indonesia,282540|282735|283324|750120|750210|750220|750511|750512|750521|750522|750610|750620,Processed,2337288.355,direct,,,-0.789275,113.921327
Nickel,S19,ITA,"Other Asia, nes",Italy,750512|750522|750712,Processed,2085320.459,direct,,,41.87194,12.56738
Nickel,S19,S19,"Other Asia, nes","Other Asia, nes",282735|283324|750300|750512|750522,Processed,2054168.376,mirror,,,,
Nickel,S19,ROU,"Other Asia, nes",Romania,750512,Processed,1752579.16,mirror,,,45.943161,24.96676
Nickel,S19,BRA,"Other Asia, nes",Brazil,282540|282735|283324|750512|750620,Processed,1667109.969,direct,,,-14.235004,-51.92528
Nickel,S19,FIN,"Other Asia, nes",Finland,750210|750512,Processed,1277806.881,direct,,,61.92411,25.748151
Nickel,S19,PHL,"Other Asia, nes",Philippines,282735|283324|750210|750300|750400|750521|750522|750610|750620|750711,Processed,1271762.985,direct,,,12.879721,121.774017
Nickel,S19,TUR,"Other Asia, nes",Türkiye,282735|283324|750511|750512,Processed,604124.917,direct,,,38.963745,35.243322
Nickel,S19,CHE,"Other Asia, nes",Switzerland,282735|750512|750522|750620|750712,Processed,586055.175,direct,,,46.818188,8.227512
Nickel,S19,ISR,"Other Asia, nes",Israel,750512|750522|750620|750712,Processed,475820.054,direct,,,31.046051,34.851612
Nickel,S19,NOR,"Other Asia, nes",Norway,750512|750620,Processed,428902.96,mirror,,,60.472024,8.468946
Nickel,S19,POL,"Other Asia, nes",Poland,282540|282735|750512|750712,Processed,347088,mirror,,,51.919438,19.145136
Nickel,S19,ECU,"Other Asia, nes",Ecuador,750511,Processed,323469.44,mirror,,,-1.831239,-78.183406
Nickel,S19,IRL,"Other Asia, nes",Ireland,750300|750512|750522|750610|750620|750712,Processed,270145.665,direct,,,53.41291,-8.24389
Nickel,S19,BEL,"Other Asia, nes",Belgium,282540|282735|283324|750300|750512,Processed,223329.618,direct,,,50.503887,4.469936
Nickel,S19,CRI,"Other Asia, nes",Costa Rica,750522,Processed,167068.623,direct,,,9.748917,-83.753428
Nickel,S19,PAK,"Other Asia, nes",Pakistan,282735|283324,Processed,164545.304,direct,,,30.375321,69.345116
Nickel,S19,ARG,"Other Asia, nes",Argentina,282735|283324|750512|750522|750610|750712,Processed,131721.8,mirror,,,-38.416097,-63.616672
Nickel,S19,ZAF,"Other Asia, nes",South Africa,282735|283324|750512,Processed,112402.996,mirror,,,-30.559482,22.937506
Nickel,S19,SRB,"Other Asia, nes",Serbia,750512|750522|750610|750620,Processed,105600,mirror,,,44.016521,21.005859
Nickel,S19,EGY,"Other Asia, nes",Egypt,750512,Processed,96041.873,direct,,,26.820553,30.802498
Nickel,S19,MEX,"Other Asia, nes",Mexico,282540,Processed,86478.183,direct,,,23.634501,-102.552784
Nickel,S19,SAU,"Other Asia, nes",Saudi Arabia,282735|283324|750512|750610|750711|750712,Processed,64666.015,direct,,,23.885942,45.079162
Nickel,S19,BGD,"Other Asia, nes",Bangladesh,282735|283324|750210|750610,Processed,58939.741,direct,,,23.684994,90.356331
Nickel,S19,ARE,"Other Asia, nes",United Arab Emirates,750210|750522,Processed,56603.335,direct,,,23.424076,53.847818
Nickel,S19,AUT,"Other Asia, nes",Austria,750210|750512|750522,Processed,52522.883,direct,,,47.516231,14.550072
Nickel,S19,SVN,"Other Asia, nes",Slovenia,750110|750512,Processed,44321.096,mirror,,,46.151241,14.995463
Nickel,S19,IRN,"Other Asia, nes",Iran,283324,Processed,39563.146,direct,,,32.427908,53.688046
Nickel,S19,COL,"Other Asia, nes",Colombia,283324,Processed,11093.77,mirror,,,4.570868,-74.297333
Nickel,S19,RUS,"Other Asia, nes",Russian Federation,750620,Processed,8161.846,direct,,,61.52401,105.318756
Nickel,S19,CHL,"Other Asia, nes",Chile,750512|750522,Processed,8139.63,mirror,,,-35.675147,-71.542969
Nickel,S19,KAZ,"Other Asia, nes",Kazakhstan,282540|750620,Processed,3871.81,mirror,,,48.019573,66.923684
Nickel,S19,NAM,"Other Asia, nes",Namibia,750620,Processed,1825.084,mirror,,,-22.95764,18.49041
Nickel,S19,MAR,"Other Asia, nes",Morocco,750620,Processed,1807.856,mirror,,,31.791702,-7.09262
Nickel,S19,NZL,"Other Asia, nes",New Zealand,750522|750711,Processed,1425.137,direct,,,-40.900557,174.885971
Nickel,S19,UKR,"Other Asia, nes",Ukraine,750620,Processed,958.7,mirror,,,48.379433,31.16558
Nickel,S19,DNK,"Other Asia, nes",Denmark,750620,Processed,854.161,mirror,,,56.26392,9.501785
Nickel,S19,EST,"Other Asia, nes",Estonia,750522,Processed,606.56,mirror,,,58.595272,25.013607
Nickel,S19,ISL,"Other Asia, nes",Iceland,282735,Processed,393.373,mirror,,,64.963051,-19.020835
Nickel,S19,LBN,"Other Asia, nes",Lebanon,282735,Processed,56,mirror,,,33.854721,35.862285
Nickel,E19,SVK,"Other Europe, nes",Slovakia,282540|282735|283324|750110|750210|750220|750400|750511|750512|750522|750610|750620|750711|750712,Processed,17683490.35,mirror,,,48.669026,19.699024
Nickel,E19,ESP,"Other Europe, nes",Spain,750210|750220|750300|750400|750512|750521|750522|750620|750712,Processed,16180053.19,mirror,,,40.463667,-3.74922
Nickel,E19,POL,"Other Europe, nes",Poland,283324|750300|750512|750522|750620|750712,Processed,4293799,mirror,,,51.919438,19.145136
Nickel,E19,SAU,"Other Europe, nes",Saudi Arabia,750511|750512|750522|750620,Processed,2445295.672,mirror,,,23.885942,45.079162
Nickel,E19,CZE,"Other Europe, nes",Czechia,282540|750210|750400|750512|750610|750620|750712,Processed,2003216,mirror,,,49.817492,15.472962
Nickel,E19,EST,"Other Europe, nes",Estonia,750512|750522|750610|750712,Processed,306940.88,mirror,,,58.595272,25.013607
Nickel,E19,IRL,"Other Europe, nes",Ireland,750620|750712,Processed,300971.041,mirror,,,53.41291,-8.24389
Nickel,E19,EGY,"Other Europe, nes",Egypt,750400|750512|750620,Processed,55667.183,mirror,,,26.820553,30.802498
Nickel,E19,NLD,"Other Europe, nes",Netherlands,750300|750400|750522,Processed,37797.808,mirror,,,52.132633,5.291266
Nickel,E19,FIN,"Other Europe, nes",Finland,750512,Processed,15539.986,mirror,,,61.92411,25.748151
Nickel,E19,MUS,"Other Europe, nes",Mauritius,750522,Processed,11375.526,mirror,,,-20.348404,57.552152
Nickel,E19,ITA,"Other Europe, nes",Italy,750220,Processed,246.251,mirror,,,41.87194,12.56738
Nickel,E19,LUX,"Other Europe, nes",Luxembourg,750522,Processed,82.131,mirror,,,49.815273,6.129583
Nickel,PAK,GBR,Pakistan,United Kingdom,750300|750512,Processed,1652777.513,direct,30.375321,69.345116,55.378051,-3.435973
Nickel,PAK,MYS,Pakistan,Malaysia,750300|750400,Processed,1245330.196,mirror,30.375321,69.345116,4.210484,101.975766
Nickel,PAK,KOR,Pakistan,Rep. of Korea,750120|750220|750300,Processed,397275,mirror,30.375321,69.345116,35.907757,127.766922
Nickel,PAK,CAN,Pakistan,Canada,750300,Processed,88232.608,mirror,30.375321,69.345116,56.130366,-106.346771
Nickel,PAK,DEU,Pakistan,Germany,750512,Processed,71016.032,direct,30.375321,69.345116,51.165691,10.451526
Nickel,PAK,TUR,Pakistan,Türkiye,750512,Processed,25860.348,direct,30.375321,69.345116,38.963745,35.243322
Nickel,PAK,JPN,Pakistan,Japan,750300,Processed,9394.429,mirror,30.375321,69.345116,36.204824,138.252924
Nickel,PAK,PRT,Pakistan,Portugal,750120,Processed,5448.952,mirror,30.375321,69.345116,39.399872,-8.224454
Nickel,PAK,SAU,Pakistan,Saudi Arabia,750610,Processed,2322.933,mirror,30.375321,69.345116,23.885942,45.079162
Nickel,PAK,IRL,Pakistan,Ireland,750511,Processed,1178.712,mirror,30.375321,69.345116,53.41291,-8.24389
Nickel,PAK,NOR,Pakistan,Norway,750712,Processed,238.418,mirror,30.375321,69.345116,60.472024,8.468946
Nickel,PAK,BGD,Pakistan,Bangladesh,750610,Processed,120.009,direct,30.375321,69.345116,23.684994,90.356331
Nickel,PAK,ITA,Pakistan,Italy,283324,Processed,100.007,direct,30.375321,69.345116,41.87194,12.56738
Nickel,PAK,IDN,Pakistan,Indonesia,283324,Processed,54,mirror,30.375321,69.345116,-0.789275,113.921327
Nickel,PAK,CHN,Pakistan,China,750210,Processed,44.967,direct,30.375321,69.345116,35.86166,104.195397
Nickel,PAK,AUT,Pakistan,Austria,750511,Processed,12.989,mirror,30.375321,69.345116,47.516231,14.550072
Nickel,PAN,USA,Panama,USA,750300,Processed,112868,mirror,8.537981,-80.782127,37.09024,-95.712891
Nickel,PAN,GTM,Panama,Guatemala,750511|750712,Processed,550,mirror,8.537981,-80.782127,15.783471,-90.230759
Nickel,PNG,CHN,Papua New Guinea,China,750120,Processed,421680227,mirror,-6.314993,143.95555,35.86166,104.195397
Nickel,PER,USA,Peru,USA,750300|750712,Processed,219882,mirror,-9.189967,-75.015152,37.09024,-95.712891
Nickel,PER,COL,Peru,Colombia,750210,Processed,80879.728,direct,-9.189967,-75.015152,4.570868,-74.297333
Nickel,PER,NLD,Peru,Netherlands,750300,Processed,35026.914,mirror,-9.189967,-75.015152,52.132633,5.291266
Nickel,PER,CRI,Peru,Costa Rica,750522,Processed,10602,direct,-9.189967,-75.015152,9.748917,-83.753428
Nickel,PER,BOL,Peru,Bolivia (Plurinational State of),283324,Processed,10385.128,direct,-9.189967,-75.015152,-16.290154,-63.588653
Nickel,PER,ECU,Peru,Ecuador,750400,Processed,8840,direct,-9.189967,-75.015152,-1.831239,-78.183406
Nickel,PER,HND,Peru,Honduras,750522,Processed,336,direct,-9.189967,-75.015152,15.199999,-86.241905
Nickel,PHL,JPN,Philippines,Japan,282540|750120|750300|750521|750522|750620,Processed,379044512.4,direct,12.879721,121.774017,36.204824,138.252924
Nickel,PHL,DEU,Philippines,Germany,282540|283324|750512,Processed,4019397.008,mirror,12.879721,121.774017,51.165691,10.451526
Nickel,PHL,BEL,Philippines,Belgium,282540|283324|750110|750120,Processed,3581111.289,direct,12.879721,121.774017,50.503887,4.469936
Nickel,PHL,ESP,Philippines,Spain,282540|750210,Processed,3234896.672,mirror,12.879721,121.774017,40.463667,-3.74922
Nickel,PHL,USA,Philippines,USA,282540|750521,Processed,2355811,direct,12.879721,121.774017,37.09024,-95.712891
Nickel,PHL,IND,Philippines,India,282540|283324,Processed,2350856,direct,12.879721,121.774017,20.593684,78.96288
Nickel,PHL,MYS,Philippines,Malaysia,282540|750210|750220|750300|750610,Processed,1654119.148,direct,12.879721,121.774017,4.210484,101.975766
Nickel,PHL,TUR,Philippines,Türkiye,282540,Processed,1169968,mirror,12.879721,121.774017,38.963745,35.243322
Nickel,PHL,BRA,Philippines,Brazil,282540|750521,Processed,755879,direct,12.879721,121.774017,-14.235004,-51.92528
Nickel,PHL,KOR,Philippines,Rep. of Korea,282540|283324|750300|750521|750522,Processed,485099,direct,12.879721,121.774017,35.907757,127.766922
Nickel,PHL,IDN,Philippines,Indonesia,282540,Processed,464060,direct,12.879721,121.774017,-0.789275,113.921327
Nickel,PHL,GBR,Philippines,United Kingdom,282540|750512|750620,Processed,463645.264,direct,12.879721,121.774017,55.378051,-3.435973
Nickel,PHL,SGP,Philippines,Singapore,750521|750522,Processed,222545.136,direct,12.879721,121.774017,1.352083,103.819836
Nickel,PHL,THA,Philippines,Thailand,282540|750610,Processed,201858,direct,12.879721,121.774017,15.870032,100.992541
Nickel,PHL,CHN,Philippines,China,750120|750220|750511|750522,Processed,162159,direct,12.879721,121.774017,35.86166,104.195397
Nickel,PHL,CZE,Philippines,Czechia,282540,Processed,132880,mirror,12.879721,121.774017,49.817492,15.472962
Nickel,PHL,ARG,Philippines,Argentina,282540,Processed,64099.54,mirror,12.879721,121.774017,-38.416097,-63.616672
Nickel,PHL,JAM,Philippines,Jamaica,750521,Processed,51140,direct,12.879721,121.774017,18.109581,-77.297508
Nickel,PHL,MEX,Philippines,Mexico,282540,Processed,34080,direct,12.879721,121.774017,23.634501,-102.552784
Nickel,PHL,CAN,Philippines,Canada,750610,Processed,20954.964,mirror,12.879721,121.774017,56.130366,-106.346771
Nickel,PHL,S19,Philippines,"Other Asia, nes",282540|750210,Processed,12580,direct,12.879721,121.774017,,
Nickel,PHL,FRA,Philippines,France,750400,Processed,1450.388,mirror,12.879721,121.774017,46.227638,2.213749
Nickel,PHL,NLD,Philippines,Netherlands,750400,Processed,221.888,mirror,12.879721,121.774017,52.132633,5.291266
Nickel,POL,USA,Poland,USA,282735|283324|750220|750300|750512|750522|750620|750711|750712,Processed,11306891,direct,51.919438,19.145136,37.09024,-95.712891
Nickel,POL,ESP,Poland,Spain,282735|750210|750620|750712,Processed,7370306.256,direct,51.919438,19.145136,40.463667,-3.74922
Nickel,POL,DEU,Poland,Germany,282735|283324|750210|750300|750400|750512|750521|750522|750610|750620|750712,Processed,6725336.592,direct,51.919438,19.145136,51.165691,10.451526
Nickel,POL,BEL,Poland,Belgium,283324|750210|750300|750522|750620|750712,Processed,6687873.022,direct,51.919438,19.145136,50.503887,4.469936
Nickel,POL,FRA,Poland,France,282735|750210|750300|750512|750521|750522|750610|750620|750712,Processed,5541212.624,direct,51.919438,19.145136,46.227638,2.213749
Nickel,POL,CZE,Poland,Czechia,282540|282735|283324|750110|750210|750220|750300|750511|750512|750522|750610|750620|750712,Processed,3912781,direct,51.919438,19.145136,49.817492,15.472962
Nickel,POL,GBR,Poland,United Kingdom,282735|750300|750512|750522|750610|750620|750712,Processed,3655967,direct,51.919438,19.145136,55.378051,-3.435973
Nickel,POL,UKR,Poland,Ukraine,282540|282735|283324|750210|750400|750512|750521|750522|750610|750620|750712,Processed,1339140,direct,51.919438,19.145136,48.379433,31.16558
Nickel,POL,ROU,Poland,Romania,282540|282735|283324|750210|750512|750522|750620|750712,Processed,1135240.4,direct,51.919438,19.145136,45.943161,24.96676
Nickel,POL,JPN,Poland,Japan,750300|750712,Processed,952059.216,direct,51.919438,19.145136,36.204824,138.252924
Nickel,POL,SGP,Poland,Singapore,282540|283324|750300|750400|750620|750712,Processed,918819.836,direct,51.919438,19.145136,1.352083,103.819836
Nickel,POL,CHN,Poland,China,750220|750512|750522|750610|750620|750711|750712,Processed,895823,direct,51.919438,19.145136,35.86166,104.195397
Nickel,POL,CAN,Poland,Canada,283324|750512|750620|750712,Processed,784750.768,direct,51.919438,19.145136,56.130366,-106.346771
Nickel,POL,SWE,Poland,Sweden,750522|750610|750620|750712,Processed,662693.772,direct,51.919438,19.145136,60.128161,18.643501
Nickel,POL,BLR,Poland,Belarus,282735|283324|750210|750400|750512|750522|750610,Processed,636427,direct,51.919438,19.145136,53.709807,27.953389
Nickel,POL,NLD,Poland,Netherlands,282735|283324|750210|750220|750300|750400|750512|750522|750620|750712,Processed,614653.765,direct,51.919438,19.145136,52.132633,5.291266
Nickel,POL,SVK,Poland,Slovakia,282735|283324|750110|750210|750511|750512|750522|750712,Processed,592926.128,direct,51.919438,19.145136,48.669026,19.699024
Nickel,POL,IND,Poland,India,750511|750512|750620|750712,Processed,543204.464,direct,51.919438,19.145136,20.593684,78.96288
Nickel,POL,NOR,Poland,Norway,750220|750512|750712,Processed,400659.434,direct,51.919438,19.145136,60.472024,8.468946
Nickel,POL,THA,Poland,Thailand,283324|750400,Processed,314912,direct,51.919438,19.145136,15.870032,100.992541
Nickel,POL,PHL,Poland,Philippines,283324,Processed,303424,direct,51.919438,19.145136,12.879721,121.774017
Nickel,POL,SVN,Poland,Slovenia,283324|750620|750711,Processed,238596.632,direct,51.919438,19.145136,46.151241,14.995463
Nickel,POL,SAU,Poland,Saudi Arabia,750512|750522|750620,Processed,203762,direct,51.919438,19.145136,23.885942,45.079162
Nickel,POL,ITA,Poland,Italy,750210|750300|750512|750522|750610|750620|750712,Processed,191362.305,direct,51.919438,19.145136,41.87194,12.56738
Nickel,POL,EST,Poland,Estonia,282735|283324|750210|750620,Processed,175124,direct,51.919438,19.145136,58.595272,25.013607
Nickel,POL,ISR,Poland,Israel,750620,Processed,163000,mirror,51.919438,19.145136,31.046051,34.851612
Nickel,POL,LTU,Poland,Lithuania,282735|283324|750210|750400|750512|750521|750522|750712,Processed,151996,direct,51.919438,19.145136,55.169438,23.881275
Nickel,POL,KAZ,Poland,Kazakhstan,282735|283324|750400|750610|750620|750711,Processed,151782.93,direct,51.919438,19.145136,48.019573,66.923684
Nickel,POL,AUT,Poland,Austria,750210|750512|750521|750522|750620|750712,Processed,136527.746,direct,51.919438,19.145136,47.516231,14.550072
Nickel,POL,LVA,Poland,Latvia,283324|750210|750300|750522|750620,Processed,94334.764,direct,51.919438,19.145136,56.879635,24.603189
Nickel,POL,BGR,Poland,Bulgaria,282540|282735|283324|750210|750620,Processed,78843.656,direct,51.919438,19.145136,42.733883,25.48583
Nickel,POL,IDN,Poland,Indonesia,282540,Processed,71902,direct,51.919438,19.145136,-0.789275,113.921327
Nickel,POL,HRV,Poland,Croatia,283324|750400|750512|750620,Processed,63059,direct,51.919438,19.145136,45.1,15.2
Nickel,POL,MEX,Poland,Mexico,750512|750712,Processed,55942,direct,51.919438,19.145136,23.634501,-102.552784
Nickel,POL,IRL,Poland,Ireland,750620|750712,Processed,46164.865,direct,51.919438,19.145136,53.41291,-8.24389
Nickel,POL,ARG,Poland,Argentina,283324|750522,Processed,38751,direct,51.919438,19.145136,-38.416097,-63.616672
Nickel,POL,CHE,Poland,Switzerland,282735|750220|750512|750522|750610|750620,Processed,31676,direct,51.919438,19.145136,46.818188,8.227512
Nickel,POL,HUN,Poland,Hungary,282735|283324|750511|750512|750522|750610|750620|750712,Processed,26957.408,direct,51.919438,19.145136,47.162494,19.503304
Nickel,POL,S19,Poland,"Other Asia, nes",750512,Processed,23496,direct,51.919438,19.145136,,
Nickel,POL,GRC,Poland,Greece,750210|750400|750512,Processed,20989.336,direct,51.919438,19.145136,39.074208,21.824312
Nickel,POL,KGZ,Poland,Kyrgyzstan,750210|750522|750620,Processed,20244,direct,51.919438,19.145136,41.20438,74.766098
Nickel,POL,KWT,Poland,Kuwait,750620,Processed,19331,mirror,51.919438,19.145136,29.31166,47.481766
Nickel,POL,SRB,Poland,Serbia,283324,Processed,14556,direct,51.919438,19.145136,44.016521,21.005859
Nickel,POL,BRA,Poland,Brazil,750300|750512|750712,Processed,12917,direct,51.919438,19.145136,-14.235004,-51.92528
Nickel,POL,MYS,Poland,Malaysia,750521,Processed,12604.154,mirror,51.919438,19.145136,4.210484,101.975766
Nickel,POL,MDA,Poland,Rep. of Moldova,283324|750512,Processed,10332,direct,51.919438,19.145136,47.411631,28.369885
Nickel,POL,UZB,Poland,Uzbekistan,750522,Processed,6374,direct,51.919438,19.145136,41.377491,64.585262
Nickel,POL,LUX,Poland,Luxembourg,750300,Processed,5015,direct,51.919438,19.145136,49.815273,6.129583
Nickel,POL,MLT,Poland,Malta,750522,Processed,3835.956,mirror,51.919438,19.145136,35.937496,14.375416
Nickel,POL,TUR,Poland,Türkiye,750400|750512|750712,Processed,3344,direct,51.919438,19.145136,38.963745,35.243322
Nickel,POL,CHL,Poland,Chile,750400,Processed,3005.98,mirror,51.919438,19.145136,-35.675147,-71.542969
Nickel,POL,AUS,Poland,Australia,750712,Processed,2627.696,mirror,51.919438,19.145136,-25.274398,133.775136
Nickel,POL,ARE,Poland,United Arab Emirates,750620,Processed,2171,direct,51.919438,19.145136,23.424076,53.847818
Nickel,POL,FIN,Poland,Finland,750620|750712,Processed,1923,direct,51.919438,19.145136,61.92411,25.748151
Nickel,POL,TUN,Poland,Tunisia,750620,Processed,626,direct,51.919438,19.145136,33.886917,9.537499
Nickel,POL,KOR,Poland,Rep. of Korea,750400|750522,Processed,530,mirror,51.919438,19.145136,35.907757,127.766922
Nickel,POL,ZAF,Poland,South Africa,282735|283324,Processed,263.64,direct,51.919438,19.145136,-30.559482,22.937506
Nickel,POL,COL,Poland,Colombia,282735,Processed,185.41,mirror,51.919438,19.145136,4.570868,-74.297333
Nickel,POL,DNK,Poland,Denmark,750620,Processed,175,direct,51.919438,19.145136,56.26392,9.501785
Nickel,POL,QAT,Poland,Qatar,750620,Processed,123,direct,51.919438,19.145136,25.354826,51.183884
Nickel,POL,ISL,Poland,Iceland,750522|750610,Processed,46.239,mirror,51.919438,19.145136,64.963051,-19.020835
Nickel,POL,PRT,Poland,Portugal,750522,Processed,7,direct,51.919438,19.145136,39.399872,-8.224454
Nickel,PRT,ESP,Portugal,Spain,283324|750300|750400|750511|750512|750522|750620,Processed,9167506.288,direct,39.399872,-8.224454,40.463667,-3.74922
Nickel,PRT,DEU,Portugal,Germany,750220|750300|750512,Processed,4355966.08,direct,39.399872,-8.224454,51.165691,10.451526
Nickel,PRT,GBR,Portugal,United Kingdom,750400|750620,Processed,498947.324,direct,39.399872,-8.224454,55.378051,-3.435973
Nickel,PRT,MAR,Portugal,Morocco,750210,Processed,184524.396,mirror,39.399872,-8.224454,31.791702,-7.09262
Nickel,PRT,CHL,Portugal,Chile,750400,Processed,84458.728,direct,39.399872,-8.224454,-35.675147,-71.542969
Nickel,PRT,AGO,Portugal,Angola,282735|750400|750512|750521|750711|750712,Processed,55013.416,direct,39.399872,-8.224454,-11.202692,17.873887
Nickel,PRT,FRA,Portugal,France,750220,Processed,51036.404,mirror,39.399872,-8.224454,46.227638,2.213749
Nickel,PRT,CHE,Portugal,Switzerland,750210,Processed,43787.156,mirror,39.399872,-8.224454,46.818188,8.227512
Nickel,PRT,CAN,Portugal,Canada,750220|750522,Processed,20252.42,mirror,39.399872,-8.224454,56.130366,-106.346771
Nickel,PRT,NLD,Portugal,Netherlands,282735|283324|750210|750220|750300|750400|750512|750521|750522|750620|750711|750712,Processed,18786.877,mirror,39.399872,-8.224454,52.132633,5.291266
Nickel,PRT,POL,Portugal,Poland,750400,Processed,17177,mirror,39.399872,-8.224454,51.919438,19.145136
Nickel,PRT,BRA,Portugal,Brazil,750522,Processed,10976,mirror,39.399872,-8.224454,-14.235004,-51.92528
Nickel,PRT,USA,Portugal,USA,750522,Processed,9879,mirror,39.399872,-8.224454,37.09024,-95.712891
Nickel,PRT,DZA,Portugal,Algeria,750120,Processed,9053.64,direct,39.399872,-8.224454,28.033886,1.659626
Nickel,PRT,MYS,Portugal,Malaysia,750110,Processed,2054.44,mirror,39.399872,-8.224454,4.210484,101.975766
Nickel,PRT,ISR,Portugal,Israel,282540,Processed,2000,mirror,39.399872,-8.224454,31.046051,34.851612
Nickel,PRT,BEL,Portugal,Belgium,750712,Processed,1458.64,direct,39.399872,-8.224454,50.503887,4.469936
Nickel,PRT,ZAF,Portugal,South Africa,750300|750512,Processed,940.384,mirror,39.399872,-8.224454,-30.559482,22.937506
Nickel,PRT,ROU,Portugal,Romania,750400,Processed,365.48,mirror,39.399872,-8.224454,45.943161,24.96676
Nickel,QAT,IND,Qatar,India,750300|750512|750712,Processed,2487415.676,mirror,25.354826,51.183884,20.593684,78.96288
Nickel,QAT,MYS,Qatar,Malaysia,750300,Processed,1192668.6,mirror,25.354826,51.183884,4.210484,101.975766
Nickel,QAT,NLD,Qatar,Netherlands,750300,Processed,78589.01,direct,25.354826,51.183884,52.132633,5.291266
Nickel,QAT,ROU,Qatar,Romania,750522,Processed,16382.84,mirror,25.354826,51.183884,45.943161,24.96676
Nickel,QAT,SAU,Qatar,Saudi Arabia,750610,Processed,878.133,mirror,25.354826,51.183884,23.885942,45.079162
Nickel,KOR,JPN,Rep. of Korea,Japan,282540|283324|750120|750210|750300|750400|750512|750521|750522|750610|750620|750711|750712,Processed,160075318,direct,35.907757,127.766922,36.204824,138.252924
Nickel,KOR,CHN,Rep. of Korea,China,282540|282735|283324|750110|750120|750210|750300|750400|750512|750521|750522|750610|750620|750711|750712,Processed,105144711,direct,35.907757,127.766922,35.86166,104.195397
Nickel,KOR,FIN,Rep. of Korea,Finland,283324,Processed,53285093,direct,35.907757,127.766922,61.92411,25.748151
Nickel,KOR,SWE,Rep. of Korea,Sweden,282540|750210|750220|750522|750712,Processed,42409110.78,direct,35.907757,127.766922,60.128161,18.643501
Nickel,KOR,IND,Rep. of Korea,India,283324|750120|750210|750300|750400|750512|750522|750610|750620|750712,Processed,24031358,direct,35.907757,127.766922,20.593684,78.96288
Nickel,KOR,USA,Rep. of Korea,USA,282540|283324|750110|750120|750220|750300|750400|750512|750522|750610|750620|750711|750712,Processed,12215190,direct,35.907757,127.766922,37.09024,-95.712891
Nickel,KOR,ARE,Rep. of Korea,United Arab Emirates,282735|283324|750210|750300|750522|750610|750712,Processed,12078972,direct,35.907757,127.766922,23.424076,53.847818
Nickel,KOR,VNM,Rep. of Korea,Viet Nam,282540|282735|283324|750120|750210|750220|750400|750512|750521|750522|750610|750620|750712,Processed,11457480,direct,35.907757,127.766922,14.058324,108.277199
Nickel,KOR,S19,Rep. of Korea,"Other Asia, nes",282540|282735|283324|750210|750220|750300|750400|750511|750512|750521|750522|750610|750620|750712,Processed,10310088,direct,35.907757,127.766922,,
Nickel,KOR,NLD,Rep. of Korea,Netherlands,282735|750120|750210|750300|750610|750620|750712,Processed,7979841.615,direct,35.907757,127.766922,52.132633,5.291266
Nickel,KOR,SGP,Rep. of Korea,Singapore,282540|282735|283324|750110|750120|750210|750300|750400|750512|750522|750610|750620|750712,Processed,7743082.32,direct,35.907757,127.766922,1.352083,103.819836
Nickel,KOR,MYS,Rep. of Korea,Malaysia,282540|282735|283324|750210|750300|750400|750512|750522|750610|750620|750711|750712,Processed,5803979.506,direct,35.907757,127.766922,4.210484,101.975766
Nickel,KOR,ITA,Rep. of Korea,Italy,282540|750210|750512|750522|750610|750620|750712,Processed,5716160.082,direct,35.907757,127.766922,41.87194,12.56738
Nickel,KOR,PHL,Rep. of Korea,Philippines,282735|283324|750210|750400|750521|750610|750620|750712,Processed,4030168,direct,35.907757,127.766922,12.879721,121.774017
Nickel,KOR,IDN,Rep. of Korea,Indonesia,282735|283324|750210|750220|750400|750511|750512|750522|750610|750620|750712,Processed,3925815,direct,35.907757,127.766922,-0.789275,113.921327
Nickel,KOR,CAN,Rep. of Korea,Canada,750400|750511|750512|750522|750610|750620|750712,Processed,3610919.556,direct,35.907757,127.766922,56.130366,-106.346771
Nickel,KOR,GBR,Rep. of Korea,United Kingdom,750300|750522|750610|750620|750712,Processed,3516413.864,direct,35.907757,127.766922,55.378051,-3.435973
Nickel,KOR,THA,Rep. of Korea,Thailand,282540|282735|283324|750120|750210|750400|750512|750522|750610|750620|750712,Processed,2524373.96,direct,35.907757,127.766922,15.870032,100.992541
Nickel,KOR,PAK,Rep. of Korea,Pakistan,282540|282735|283324|750210|750400|750712,Processed,2154403.411,direct,35.907757,127.766922,30.375321,69.345116
Nickel,KOR,MAR,Rep. of Korea,Morocco,283324,Processed,1496289,direct,35.907757,127.766922,31.791702,-7.09262
Nickel,KOR,DEU,Rep. of Korea,Germany,282540|282735|283324|750300|750400|750512|750522|750610|750620|750712,Processed,1354610.056,direct,35.907757,127.766922,51.165691,10.451526
Nickel,KOR,TUR,Rep. of Korea,Türkiye,282540|282735|283324|750220|750400|750522|750620|750712,Processed,982592,direct,35.907757,127.766922,38.963745,35.243322
Nickel,KOR,SAU,Rep. of Korea,Saudi Arabia,750210|750511|750512|750522|750610|750712,Processed,979348.531,direct,35.907757,127.766922,23.885942,45.079162
Nickel,KOR,BRA,Rep. of Korea,Brazil,282540|750522|750620|750712,Processed,629214,direct,35.907757,127.766922,-14.235004,-51.92528
Nickel,KOR,MEX,Rep. of Korea,Mexico,283324|750120|750712,Processed,450044,direct,35.907757,127.766922,23.634501,-102.552784
Nickel,KOR,BEL,Rep. of Korea,Belgium,283324|750120|750300|750400|750620,Processed,264411.6,direct,35.907757,127.766922,50.503887,4.469936
Nickel,KOR,CHE,Rep. of Korea,Switzerland,750400|750512|750522|750610|750620|750712,Processed,228329.564,direct,35.907757,127.766922,46.818188,8.227512
Nickel,KOR,SVK,Rep. of Korea,Slovakia,750712,Processed,145272.776,mirror,35.907757,127.766922,48.669026,19.699024
Nickel,KOR,KAZ,Rep. of Korea,Kazakhstan,750712,Processed,83602.06,mirror,35.907757,127.766922,48.019573,66.923684
Nickel,KOR,KGZ,Rep. of Korea,Kyrgyzstan,750522,Processed,62559,direct,35.907757,127.766922,41.20438,74.766098
Nickel,KOR,EGY,Rep. of Korea,Egypt,750522,Processed,60554,direct,35.907757,127.766922,26.820553,30.802498
Nickel,KOR,AUS,Rep. of Korea,Australia,282540|283324|750220|750400|750511|750512|750522|750610|750712,Processed,53329.48,direct,35.907757,127.766922,-25.274398,133.775136
Nickel,KOR,POL,Rep. of Korea,Poland,282540|750522|750620|750712,Processed,51642,direct,35.907757,127.766922,51.919438,19.145136
Nickel,KOR,FRA,Rep. of Korea,France,750110|750400|750512|750521|750610|750620|750712,Processed,44470.84,direct,35.907757,127.766922,46.227638,2.213749
Nickel,KOR,CZE,Rep. of Korea,Czechia,750522|750712,Processed,42375,direct,35.907757,127.766922,49.817492,15.472962
Nickel,KOR,IRL,Rep. of Korea,Ireland,750712,Processed,37134.309,mirror,35.907757,127.766922,53.41291,-8.24389
Nickel,KOR,ARG,Rep. of Korea,Argentina,282735,Processed,31679,direct,35.907757,127.766922,-38.416097,-63.616672
Nickel,KOR,OMN,Rep. of Korea,Oman,750522|750712,Processed,30493,direct,35.907757,127.766922,21.512583,55.923255
Nickel,KOR,ESP,Rep. of Korea,Spain,282540|750120|750522|750610|750712,Processed,22823.744,direct,35.907757,127.766922,40.463667,-3.74922
Nickel,KOR,NGA,Rep. of Korea,Nigeria,750522|750712,Processed,20531,direct,35.907757,127.766922,9.081999,8.675277
Nickel,KOR,SVN,Rep. of Korea,Slovenia,750712,Processed,18026.216,mirror,35.907757,127.766922,46.151241,14.995463
Nickel,KOR,ISR,Rep. of Korea,Israel,750400|750522|750620,Processed,13074,direct,35.907757,127.766922,31.046051,34.851612
Nickel,KOR,DNK,Rep. of Korea,Denmark,750220|750620,Processed,5978.115,mirror,35.907757,127.766922,56.26392,9.501785
Nickel,KOR,LTU,Rep. of Korea,Lithuania,750400,Processed,5788,direct,35.907757,127.766922,55.169438,23.881275
Nickel,KOR,QAT,Rep. of Korea,Qatar,750400|750712,Processed,4516,direct,35.907757,127.766922,25.354826,51.183884
Nickel,KOR,MOZ,Rep. of Korea,Mozambique,750512,Processed,3726.6,mirror,35.907757,127.766922,-18.665695,35.529562
Nickel,KOR,CHL,Rep. of Korea,Chile,283324,Processed,3691.99,mirror,35.907757,127.766922,-35.675147,-71.542969
Nickel,KOR,CYP,Rep. of Korea,Cyprus,750620,Processed,1911,direct,35.907757,127.766922,35.126413,33.429859
Nickel,KOR,COL,Rep. of Korea,Colombia,750512,Processed,1634.48,mirror,35.907757,127.766922,4.570868,-74.297333
Nickel,KOR,ZAF,Rep. of Korea,South Africa,750400|750512|750522,Processed,637.392,direct,35.907757,127.766922,-30.559482,22.937506
Nickel,KOR,PAN,Rep. of Korea,Panama,750712,Processed,520,mirror,35.907757,127.766922,8.537981,-80.782127
Nickel,KOR,GUM,Rep. of Korea,Guam,750712,Processed,450,direct,35.907757,127.766922,,
Nickel,KOR,DZA,Rep. of Korea,Algeria,750712,Processed,200,direct,35.907757,127.766922,28.033886,1.659626
Nickel,KOR,HUN,Rep. of Korea,Hungary,750400|750712,Processed,117.408,direct,35.907757,127.766922,47.162494,19.503304
Nickel,KOR,AUT,Rep. of Korea,Austria,750400|750522,Processed,76.378,direct,35.907757,127.766922,47.516231,14.550072
Nickel,KOR,SRB,Rep. of Korea,Serbia,750712,Processed,12,direct,35.907757,127.766922,44.016521,21.005859
Nickel,MDA,DEU,Rep. of Moldova,Germany,750300,Processed,70108,direct,47.411631,28.369885,51.165691,10.451526
Nickel,MDA,ROU,Rep. of Moldova,Romania,750522,Processed,1464,direct,47.411631,28.369885,45.943161,24.96676
Nickel,ROU,USA,Romania,USA,750512|750712,Processed,11213446.12,direct,45.943161,24.96676,37.09024,-95.712891
Nickel,ROU,GBR,Romania,United Kingdom,750300|750512|750522|750620|750712,Processed,8100321.168,direct,45.943161,24.96676,55.378051,-3.435973
Nickel,ROU,ITA,Romania,Italy,750400|750511|750512|750521|750522|750610|750620|750712,Processed,4555257.447,direct,45.943161,24.96676,41.87194,12.56738
Nickel,ROU,PRT,Romania,Portugal,750512|750522,Processed,1565831.4,direct,45.943161,24.96676,39.399872,-8.224454
Nickel,ROU,IDN,Romania,Indonesia,750512,Processed,1069145.44,direct,45.943161,24.96676,-0.789275,113.921327
Nickel,ROU,DEU,Romania,Germany,750210|750300|750512|750522,Processed,1038457.08,direct,45.943161,24.96676,51.165691,10.451526
Nickel,ROU,SRB,Romania,Serbia,750512|750521|750522,Processed,511755.92,direct,45.943161,24.96676,44.016521,21.005859
Nickel,ROU,FRA,Romania,France,750210|750300|750512|750522|750620,Processed,506185.08,direct,45.943161,24.96676,46.227638,2.213749
Nickel,ROU,GUY,Romania,Guyana,750512|750522,Processed,466023,direct,45.943161,24.96676,4.860416,-58.93018
Nickel,ROU,SAU,Romania,Saudi Arabia,750522,Processed,401869.92,direct,45.943161,24.96676,23.885942,45.079162
Nickel,ROU,NLD,Romania,Netherlands,282735|750210|750220|750300|750400|750511|750512|750521|750522|750620|750711|750712,Processed,333003.867,direct,45.943161,24.96676,52.132633,5.291266
Nickel,ROU,AUS,Romania,Australia,750512|750522,Processed,257946.08,direct,45.943161,24.96676,-25.274398,133.775136
Nickel,ROU,GRC,Romania,Greece,750512|750712,Processed,207279.485,direct,45.943161,24.96676,39.074208,21.824312
Nickel,ROU,IND,Romania,India,750300,Processed,205791.24,direct,45.943161,24.96676,20.593684,78.96288
Nickel,ROU,SVN,Romania,Slovenia,750300,Processed,203289.056,mirror,45.943161,24.96676,46.151241,14.995463
Nickel,ROU,POL,Romania,Poland,750300|750512|750522|750620,Processed,190550.44,direct,45.943161,24.96676,51.919438,19.145136
Nickel,ROU,COG,Romania,Congo,750522,Processed,172457.2,direct,45.943161,24.96676,-0.228021,15.827659
Nickel,ROU,SGP,Romania,Singapore,750512|750522,Processed,128936.44,direct,45.943161,24.96676,1.352083,103.819836
Nickel,ROU,CHN,Romania,China,750512|750522|750620,Processed,127289.36,direct,45.943161,24.96676,35.86166,104.195397
Nickel,ROU,TUR,Romania,Türkiye,750512|750522,Processed,80001.84,direct,45.943161,24.96676,38.963745,35.243322
Nickel,ROU,SWE,Romania,Sweden,750610,Processed,79158.44,direct,45.943161,24.96676,60.128161,18.643501
Nickel,ROU,BGR,Romania,Bulgaria,750512|750620,Processed,53733.72,direct,45.943161,24.96676,42.733883,25.48583
Nickel,ROU,QAT,Romania,Qatar,750712,Processed,53263.92,direct,45.943161,24.96676,25.354826,51.183884
Nickel,ROU,PHL,Romania,Philippines,750512,Processed,35848.2,direct,45.943161,24.96676,12.879721,121.774017
Nickel,ROU,MYS,Romania,Malaysia,750512,Processed,28800.88,direct,45.943161,24.96676,4.210484,101.975766
Nickel,ROU,MEX,Romania,Mexico,750511|750521,Processed,23768.28,direct,45.943161,24.96676,23.634501,-102.552784
Nickel,ROU,BEL,Romania,Belgium,750512|750522,Processed,8460.6,direct,45.943161,24.96676,50.503887,4.469936
Nickel,ROU,CZE,Romania,Czechia,750512,Processed,5332.04,direct,45.943161,24.96676,49.817492,15.472962
Nickel,ROU,HUN,Romania,Hungary,750400|750712,Processed,3484.48,direct,45.943161,24.96676,47.162494,19.503304
Nickel,ROU,ESP,Romania,Spain,750512,Processed,3093.16,direct,45.943161,24.96676,40.463667,-3.74922
Nickel,ROU,DNK,Romania,Denmark,750620,Processed,2894.28,direct,45.943161,24.96676,56.26392,9.501785
Nickel,ROU,AZE,Romania,Azerbaijan,750512,Processed,1509.56,direct,45.943161,24.96676,40.143105,47.576927
Nickel,ROU,AUT,Romania,Austria,750512|750522,Processed,79.12,direct,45.943161,24.96676,47.516231,14.550072
Nickel,RUS,FIN,Russian Federation,Finland,750110,Processed,1333365832,mirror,61.52401,105.318756,61.92411,25.748151
Nickel,RUS,DEU,Russian Federation,Germany,750210|750220|750300|750400,Processed,1219192813,mirror,61.52401,105.318756,51.165691,10.451526
Nickel,RUS,CHN,Russian Federation,China,282540|282735|750110|750210|750220|750400|750512|750522|750620,Processed,997244091,mirror,61.52401,105.318756,35.86166,104.195397
Nickel,RUS,FRA,Russian Federation,France,750210|750610,Processed,307397059.4,mirror,61.52401,105.318756,46.227638,2.213749
Nickel,RUS,TUR,Russian Federation,Türkiye,750210|750512|750610|750620,Processed,254854240,mirror,61.52401,105.318756,38.963745,35.243322
Nickel,RUS,CZE,Russian Federation,Czechia,750210|750300|750512,Processed,100661304,mirror,61.52401,105.318756,49.817492,15.472962
Nickel,RUS,IND,Russian Federation,India,750210|750220|750400|750512|750610|750620,Processed,58653175.79,mirror,61.52401,105.318756,20.593684,78.96288
Nickel,RUS,BRA,Russian Federation,Brazil,750210|750400,Processed,53510918,mirror,61.52401,105.318756,-14.235004,-51.92528
Nickel,RUS,NLD,Russian Federation,Netherlands,750210|750300|750400|750620,Processed,42948363.09,mirror,61.52401,105.318756,52.132633,5.291266
Nickel,RUS,ESP,Russian Federation,Spain,750210|750400,Processed,37678535.52,mirror,61.52401,105.318756,40.463667,-3.74922
Nickel,RUS,EST,Russian Federation,Estonia,750300|750522,Processed,37287374.64,mirror,61.52401,105.318756,58.595272,25.013607
Nickel,RUS,JPN,Russian Federation,Japan,750620,Processed,16380858.02,mirror,61.52401,105.318756,36.204824,138.252924
Nickel,RUS,S19,Russian Federation,"Other Asia, nes",750210|750512,Processed,8688907.931,mirror,61.52401,105.318756,,
Nickel,RUS,KAZ,Russian Federation,Kazakhstan,282540|282735|283324|750210|750220|750400|750511|750512|750522|750610|750620|750711,Processed,7981487.65,mirror,61.52401,105.318756,48.019573,66.923684
Nickel,RUS,AUT,Russian Federation,Austria,750210,Processed,7152554.084,mirror,61.52401,105.318756,47.516231,14.550072
Nickel,RUS,POL,Russian Federation,Poland,750210,Processed,5317160,mirror,61.52401,105.318756,51.919438,19.145136
Nickel,RUS,SVN,Russian Federation,Slovenia,750210|750400|750610,Processed,4949633.3,mirror,61.52401,105.318756,46.151241,14.995463
Nickel,RUS,BGR,Russian Federation,Bulgaria,750210,Processed,1943723.296,mirror,61.52401,105.318756,42.733883,25.48583
Nickel,RUS,AZE,Russian Federation,Azerbaijan,750400|750522,Processed,1703722,mirror,61.52401,105.318756,40.143105,47.576927
Nickel,RUS,SRB,Russian Federation,Serbia,750210|750610,Processed,1066792,mirror,61.52401,105.318756,44.016521,21.005859
Nickel,RUS,KOR,Russian Federation,Rep. of Korea,282540|282735|750400,Processed,1008962,mirror,61.52401,105.318756,35.907757,127.766922
Nickel,RUS,SVK,Russian Federation,Slovakia,750210|750610,Processed,619208.216,mirror,61.52401,105.318756,48.669026,19.699024
Nickel,RUS,UZB,Russian Federation,Uzbekistan,750210|750400|750521|750522|750620,Processed,184740,mirror,61.52401,105.318756,41.377491,64.585262
Nickel,RUS,THA,Russian Federation,Thailand,750210,Processed,132035.84,mirror,61.52401,105.318756,15.870032,100.992541
Nickel,RUS,COL,Russian Federation,Colombia,750210|750220,Processed,73960.5,mirror,61.52401,105.318756,4.570868,-74.297333
Nickel,RUS,KGZ,Russian Federation,Kyrgyzstan,282540|283324|750110|750522|750620|750711,Processed,45208,mirror,61.52401,105.318756,41.20438,74.766098
Nickel,RUS,BIH,Russian Federation,Bosnia Herzegovina,750210,Processed,37070.224,mirror,61.52401,105.318756,43.915886,17.679076
Nickel,RUS,ISR,Russian Federation,Israel,283324,Processed,31000,mirror,61.52401,105.318756,31.046051,34.851612
Nickel,RUS,URY,Russian Federation,Uruguay,750210,Processed,17665,mirror,61.52401,105.318756,-32.522779,-55.765835
Nickel,RUS,SAU,Russian Federation,Saudi Arabia,750210,Processed,10534.133,mirror,61.52401,105.318756,23.885942,45.079162
Nickel,RUS,USA,Russian Federation,USA,282540,Processed,7575,mirror,61.52401,105.318756,37.09024,-95.712891
Nickel,RUS,ARM,Russian Federation,Armenia,282540|750511|750620,Processed,6859.12,mirror,61.52401,105.318756,40.069099,45.038189
Nickel,RUS,QAT,Russian Federation,Qatar,750210,Processed,6250,mirror,61.52401,105.318756,25.354826,51.183884
Nickel,RUS,GEO,Russian Federation,Georgia,750522,Processed,839.92,mirror,61.52401,105.318756,42.315407,43.356892
Nickel,RWA,IRL,Rwanda,Ireland,750522,Processed,12088.025,mirror,-1.940278,29.873888,53.41291,-8.24389
Nickel,RWA,DNK,Rwanda,Denmark,750511,Processed,149.105,mirror,-1.940278,29.873888,56.26392,9.501785
Nickel,SMR,ROU,San Marino,Romania,750522,Processed,907.32,mirror,,,45.943161,24.96676
Nickel,SAU,IND,Saudi Arabia,India,282540|750300|750512|750522|750620|750711|750712,Processed,97662292.13,direct,23.885942,45.079162,20.593684,78.96288
Nickel,SAU,ARE,Saudi Arabia,United Arab Emirates,750210|750300|750400|750512|750522|750610|750711|750712,Processed,18700708.33,direct,23.885942,45.079162,23.424076,53.847818
Nickel,SAU,CHN,Saudi Arabia,China,750110|750300|750512|750521,Processed,8975383.454,direct,23.885942,45.079162,35.86166,104.195397
Nickel,SAU,SVN,Saudi Arabia,Slovenia,750610,Processed,8785857.104,mirror,23.885942,45.079162,46.151241,14.995463
Nickel,SAU,JPN,Saudi Arabia,Japan,750300|750712,Processed,7105563.564,direct,23.885942,45.079162,36.204824,138.252924
Nickel,SAU,SWE,Saudi Arabia,Sweden,750210,Processed,5054299.044,mirror,23.885942,45.079162,60.128161,18.643501
Nickel,SAU,CAN,Saudi Arabia,Canada,750300,Processed,2891586.861,direct,23.885942,45.079162,56.130366,-106.346771
Nickel,SAU,KOR,Saudi Arabia,Rep. of Korea,750300,Processed,1838574.087,direct,23.885942,45.079162,35.907757,127.766922
Nickel,SAU,SGP,Saudi Arabia,Singapore,750300|750522,Processed,1635268.759,direct,23.885942,45.079162,1.352083,103.819836
Nickel,SAU,MYS,Saudi Arabia,Malaysia,750300|750400,Processed,1246224.201,direct,23.885942,45.079162,4.210484,101.975766
Nickel,SAU,ESP,Saudi Arabia,Spain,750300,Processed,1014051.441,direct,23.885942,45.079162,40.463667,-3.74922
Nickel,SAU,DEU,Saudi Arabia,Germany,750400|750712,Processed,1001575.688,mirror,23.885942,45.079162,51.165691,10.451526
Nickel,SAU,NLD,Saudi Arabia,Netherlands,750300|750711,Processed,741268.139,direct,23.885942,45.079162,52.132633,5.291266
Nickel,SAU,QAT,Saudi Arabia,Qatar,750522,Processed,252299.994,direct,23.885942,45.079162,25.354826,51.183884
Nickel,SAU,ZAF,Saudi Arabia,South Africa,750300,Processed,252177.327,direct,23.885942,45.079162,-30.559482,22.937506
Nickel,SAU,BHR,Saudi Arabia,Bahrain,750511|750512|750522,Processed,198064.795,direct,23.885942,45.079162,26.0275,50.55
Nickel,SAU,THA,Saudi Arabia,Thailand,282540|750300,Processed,120058,direct,23.885942,45.079162,15.870032,100.992541
Nickel,SAU,OMN,Saudi Arabia,Oman,750400|750511|750712,Processed,82585.331,direct,23.885942,45.079162,21.512583,55.923255
Nickel,SAU,USA,Saudi Arabia,USA,750300|750512,Processed,70494.665,direct,23.885942,45.079162,37.09024,-95.712891
Nickel,SAU,BGD,Saudi Arabia,Bangladesh,750300,Processed,46903.999,direct,23.885942,45.079162,23.684994,90.356331
Nickel,SAU,PAK,Saudi Arabia,Pakistan,750300,Processed,30199.999,direct,23.885942,45.079162,30.375321,69.345116
Nickel,SAU,ITA,Saudi Arabia,Italy,750712,Processed,28038.933,direct,23.885942,45.079162,41.87194,12.56738
Nickel,SAU,KWT,Saudi Arabia,Kuwait,750511|750512|750522,Processed,24894.399,direct,23.885942,45.079162,29.31166,47.481766
Nickel,SAU,GAB,Saudi Arabia,Gabon,750712,Processed,13429.6,direct,23.885942,45.079162,-0.803689,11.609444
Nickel,SAU,IRQ,Saudi Arabia,Iraq,750511,Processed,4389.6,direct,23.885942,45.079162,33.223191,43.679291
Nickel,SAU,BEL,Saudi Arabia,Belgium,750300,Processed,3458.076,mirror,23.885942,45.079162,50.503887,4.469936
Nickel,SAU,TUR,Saudi Arabia,Türkiye,750610,Processed,551.733,direct,23.885942,45.079162,38.963745,35.243322
Nickel,SEN,NLD,Senegal,Netherlands,750300,Processed,18365.832,mirror,14.497401,14.452362,52.132633,5.291266
Nickel,SEN,ALB,Senegal,Albania,750620,Processed,8220.648,direct,14.497401,14.452362,41.153332,20.168331
Nickel,SRB,ESP,Serbia,Spain,750512|750522,Processed,12264820.64,direct,44.016521,21.005859,40.463667,-3.74922
Nickel,SRB,HUN,Serbia,Hungary,750220|750300|750522,Processed,8149945.564,direct,44.016521,21.005859,47.162494,19.503304
Nickel,SRB,GBR,Serbia,United Kingdom,750120|750220|750300|750620,Processed,3732030.716,direct,44.016521,21.005859,55.378051,-3.435973
Nickel,SRB,DEU,Serbia,Germany,750300|750512|750521|750620,Processed,3159873.824,direct,44.016521,21.005859,51.165691,10.451526
Nickel,SRB,ISR,Serbia,Israel,750220|750512,Processed,88664,direct,44.016521,21.005859,31.046051,34.851612
Nickel,SRB,BIH,Serbia,Bosnia Herzegovina,282735|283324|750220|750522,Processed,73376,direct,44.016521,21.005859,43.915886,17.679076
Nickel,SRB,SVN,Serbia,Slovenia,750522,Processed,42980,direct,44.016521,21.005859,46.151241,14.995463
Nickel,SRB,ITA,Serbia,Italy,750220|750512|750712,Processed,30940,direct,44.016521,21.005859,41.87194,12.56738
Nickel,SRB,ROU,Serbia,Romania,750512|750521|750522,Processed,10216,direct,44.016521,21.005859,45.943161,24.96676
Nickel,SRB,GRC,Serbia,Greece,750522,Processed,9660,direct,44.016521,21.005859,39.074208,21.824312
Nickel,SRB,SWE,Serbia,Sweden,750522,Processed,8016,direct,44.016521,21.005859,60.128161,18.643501
Nickel,SRB,MKD,Serbia,North Macedonia,750210|750512|750620,Processed,7796.64,direct,44.016521,21.005859,41.608635,21.745275
Nickel,SRB,MNE,Serbia,Montenegro,282735|750521|750620,Processed,2676,direct,44.016521,21.005859,42.708678,19.37439
Nickel,SRB,LKA,Serbia,Sri Lanka,750521,Processed,1864,direct,44.016521,21.005859,7.873054,80.771797
Nickel,SRB,FRA,Serbia,France,750522,Processed,311.724,mirror,44.016521,21.005859,46.227638,2.213749
Nickel,SGP,SWE,Singapore,Sweden,283324|750300|750512|750522,Processed,168323726.7,direct,1.352083,103.819836,60.128161,18.643501
Nickel,SGP,CHN,Singapore,China,282540|282735|283324|750120|750210|750300|750400|750512|750522|750610|750620|750712,Processed,72402394.7,direct,1.352083,103.819836,35.86166,104.195397
Nickel,SGP,IND,Singapore,India,282540|282735|283324|750110|750210|750220|750300|750400|750512|750522|750610|750620|750712,Processed,57669936.83,direct,1.352083,103.819836,20.593684,78.96288
Nickel,SGP,NOR,Singapore,Norway,750110|750712,Processed,47787661.04,direct,1.352083,103.819836,60.472024,8.468946
Nickel,SGP,USA,Singapore,USA,282735|750210|750220|750300|750400|750512|750522|750620|750712,Processed,32756174.31,direct,1.352083,103.819836,37.09024,-95.712891
Nickel,SGP,IDN,Singapore,Indonesia,282540|282735|283324|750110|750210|750220|750400|750511|750512|750521|750522|750620|750711|750712,Processed,28100971.63,direct,1.352083,103.819836,-0.789275,113.921327
Nickel,SGP,MYS,Singapore,Malaysia,282540|282735|283324|750120|750210|750220|750300|750400|750511|750512|750521|750522|750610|750620|750711|750712,Processed,22711335.84,direct,1.352083,103.819836,4.210484,101.975766
Nickel,SGP,GBR,Singapore,United Kingdom,750120|750300|750400|750512|750522|750712,Processed,11888258.29,direct,1.352083,103.819836,55.378051,-3.435973
Nickel,SGP,NLD,Singapore,Netherlands,282735|750210|750300|750400|750712,Processed,10299200.56,direct,1.352083,103.819836,52.132633,5.291266
Nickel,SGP,JPN,Singapore,Japan,282735|750210|750220|750300|750400|750512|750522|750620|750712,Processed,5694034.721,direct,1.352083,103.819836,36.204824,138.252924
Nickel,SGP,S19,Singapore,"Other Asia, nes",282540|283324|750210|750300|750400|750512|750522|750610|750712,Processed,4256458.706,direct,1.352083,103.819836,,
Nickel,SGP,AUS,Singapore,Australia,750210|750220|750300|750400|750512|750522|750712,Processed,3743164.366,direct,1.352083,103.819836,-25.274398,133.775136
Nickel,SGP,ARE,Singapore,United Arab Emirates,750300|750512|750522|750620|750711,Processed,3622924.888,direct,1.352083,103.819836,23.424076,53.847818
Nickel,SGP,KOR,Singapore,Rep. of Korea,283324|750210|750300|750400|750512|750522|750712,Processed,3223376.759,direct,1.352083,103.819836,35.907757,127.766922
Nickel,SGP,THA,Singapore,Thailand,282735|283324|750120|750220|750400|750511|750512|750522|750620|750712,Processed,3168664.935,direct,1.352083,103.819836,15.870032,100.992541
Nickel,SGP,VNM,Singapore,Viet Nam,282735|283324|750210|750220|750400|750512|750522|750712,Processed,2840992.592,direct,1.352083,103.819836,14.058324,108.277199
Nickel,SGP,CZE,Singapore,Czechia,750300,Processed,2496296,mirror,1.352083,103.819836,49.817492,15.472962
Nickel,SGP,SAU,Singapore,Saudi Arabia,750400|750511|750512|750522|750712,Processed,1972955.064,direct,1.352083,103.819836,23.885942,45.079162
Nickel,SGP,DEU,Singapore,Germany,282735|750300|750400|750512|750522|750620|750712,Processed,1643651.884,direct,1.352083,103.819836,51.165691,10.451526
Nickel,SGP,AZE,Singapore,Azerbaijan,750512,Processed,953854.56,mirror,1.352083,103.819836,40.143105,47.576927
Nickel,SGP,DZA,Singapore,Algeria,750712,Processed,918735.5,direct,1.352083,103.819836,28.033886,1.659626
Nickel,SGP,FRA,Singapore,France,750210|750300|750400|750511|750522|750620|750712,Processed,868174.586,direct,1.352083,103.819836,46.227638,2.213749
Nickel,SGP,PHL,Singapore,Philippines,282540|282735|283324|750120|750210|750220|750400|750512|750521|750522|750620|750711|750712,Processed,757441.099,direct,1.352083,103.819836,12.879721,121.774017
Nickel,SGP,MEX,Singapore,Mexico,750512|750522|750712,Processed,534870.656,direct,1.352083,103.819836,23.634501,-102.552784
Nickel,SGP,CAN,Singapore,Canada,283324|750300|750512|750522,Processed,452871.505,direct,1.352083,103.819836,56.130366,-106.346771
Nickel,SGP,BRA,Singapore,Brazil,750210|750512|750522|750620|750712,Processed,412690.648,direct,1.352083,103.819836,-14.235004,-51.92528
Nickel,SGP,CIV,Singapore,Côte d'Ivoire,750712,Processed,330343.503,direct,1.352083,103.819836,7.539989,-5.54708
Nickel,SGP,AGO,Singapore,Angola,750712,Processed,268631.975,direct,1.352083,103.819836,-11.202692,17.873887
Nickel,SGP,ROU,Singapore,Romania,750512,Processed,255177.738,direct,1.352083,103.819836,45.943161,24.96676
Nickel,SGP,BGD,Singapore,Bangladesh,750210,Processed,137287.4,direct,1.352083,103.819836,23.684994,90.356331
Nickel,SGP,PAK,Singapore,Pakistan,750620|750712,Processed,130039.414,direct,1.352083,103.819836,30.375321,69.345116
Nickel,SGP,NZL,Singapore,New Zealand,750400|750522|750712,Processed,127909.547,direct,1.352083,103.819836,-40.900557,174.885971
Nickel,SGP,ITA,Singapore,Italy,750512|750522|750620|750712,Processed,61837.545,direct,1.352083,103.819836,41.87194,12.56738
Nickel,SGP,QAT,Singapore,Qatar,750512|750712,Processed,45041.535,direct,1.352083,103.819836,25.354826,51.183884
Nickel,SGP,BRN,Singapore,Brunei Darussalam,750712,Processed,28737.496,direct,1.352083,103.819836,4.535277,114.727669
Nickel,SGP,IRL,Singapore,Ireland,750300|750511|750620,Processed,27431.094,direct,1.352083,103.819836,53.41291,-8.24389
Nickel,SGP,LKA,Singapore,Sri Lanka,750512|750522,Processed,14849.952,direct,1.352083,103.819836,7.873054,80.771797
Nickel,SGP,ECU,Singapore,Ecuador,750512|750522,Processed,12669.194,direct,1.352083,103.819836,-1.831239,-78.183406
Nickel,SGP,COL,Singapore,Colombia,750512|750522,Processed,9866.54,direct,1.352083,103.819836,4.570868,-74.297333
Nickel,SGP,CRI,Singapore,Costa Rica,750512,Processed,8925.87,mirror,1.352083,103.819836,9.748917,-83.753428
Nickel,SGP,LBY,Singapore,Libya,750512,Processed,7510.664,direct,1.352083,103.819836,26.3351,17.228331
Nickel,SGP,KWT,Singapore,Kuwait,750620|750712,Processed,7107.291,direct,1.352083,103.819836,29.31166,47.481766
Nickel,SGP,KHM,Singapore,Cambodia,750220,Processed,5972.759,direct,1.352083,103.819836,12.565679,104.990963
Nickel,SGP,OMN,Singapore,Oman,750512,Processed,5827.575,direct,1.352083,103.819836,21.512583,55.923255
Nickel,SGP,CHE,Singapore,Switzerland,750400|750522|750712,Processed,4755.76,direct,1.352083,103.819836,46.818188,8.227512
Nickel,SGP,NGA,Singapore,Nigeria,750522,Processed,3935.69,direct,1.352083,103.819836,9.081999,8.675277
Nickel,SGP,EGY,Singapore,Egypt,750512,Processed,2773.468,direct,1.352083,103.819836,26.820553,30.802498
Nickel,SGP,CMR,Singapore,Cameroon,750522,Processed,2016.863,direct,1.352083,103.819836,3.848033,11.502075
Nickel,SGP,POL,Singapore,Poland,750400,Processed,1925,mirror,1.352083,103.819836,51.919438,19.145136
Nickel,SGP,TUR,Singapore,Türkiye,750400,Processed,1769.9,direct,1.352083,103.819836,38.963745,35.243322
Nickel,SGP,MLT,Singapore,Malta,750512,Processed,1350.812,mirror,1.352083,103.819836,35.937496,14.375416
Nickel,SGP,MMR,Singapore,Myanmar,750712,Processed,1242.298,direct,1.352083,103.819836,21.913965,95.956223
Nickel,SGP,CHL,Singapore,Chile,750711|750712,Processed,1097.114,direct,1.352083,103.819836,-35.675147,-71.542969
Nickel,SGP,KAZ,Singapore,Kazakhstan,750620,Processed,737.147,direct,1.352083,103.819836,48.019573,66.923684
Nickel,SGP,MUS,Singapore,Mauritius,282735,Processed,558.286,direct,1.352083,103.819836,-20.348404,57.552152
Nickel,SGP,BEL,Singapore,Belgium,750712,Processed,102.527,direct,1.352083,103.819836,50.503887,4.469936
Nickel,SVK,DEU,Slovakia,Germany,283324|750110|750210|750300|750400|750511|750620|750711|750712,Processed,25449033.27,direct,48.669026,19.699024,51.165691,10.451526
Nickel,SVK,FRA,Slovakia,France,750210|750220|750512,Processed,6196796.988,direct,48.669026,19.699024,46.227638,2.213749
Nickel,SVK,ITA,Slovakia,Italy,750300|750522,Processed,3550373.816,direct,48.669026,19.699024,41.87194,12.56738
Nickel,SVK,USA,Slovakia,USA,750300,Processed,2638730.992,direct,48.669026,19.699024,37.09024,-95.712891
Nickel,SVK,AUT,Slovakia,Austria,282735|283324|750210|750521|750522|750620,Processed,1857429.811,direct,48.669026,19.699024,47.516231,14.550072
Nickel,SVK,BEL,Slovakia,Belgium,750220|750712,Processed,1741558.82,direct,48.669026,19.699024,50.503887,4.469936
Nickel,SVK,NLD,Slovakia,Netherlands,283324|750210|750220|750300|750400|750512|750522|750610|750620|750712,Processed,1669046.904,direct,48.669026,19.699024,52.132633,5.291266
Nickel,SVK,CZE,Slovakia,Czechia,750300|750512|750521|750522|750610|750620|750711,Processed,1052524.128,direct,48.669026,19.699024,49.817492,15.472962
Nickel,SVK,ESP,Slovakia,Spain,750620,Processed,805057.272,direct,48.669026,19.699024,40.463667,-3.74922
Nickel,SVK,UKR,Slovakia,Ukraine,283324,Processed,728658.528,direct,48.669026,19.699024,48.379433,31.16558
Nickel,SVK,POL,Slovakia,Poland,750300|750511|750521|750522,Processed,518815.564,direct,48.669026,19.699024,51.919438,19.145136
Nickel,SVK,FIN,Slovakia,Finland,750712,Processed,517672.264,direct,48.669026,19.699024,61.92411,25.748151
Nickel,SVK,CHE,Slovakia,Switzerland,750511|750522,Processed,258853.448,direct,48.669026,19.699024,46.818188,8.227512
Nickel,SVK,SVK,Slovakia,Slovakia,750522|750620,Processed,188948.992,mirror,48.669026,19.699024,48.669026,19.699024
Nickel,SVK,GBR,Slovakia,United Kingdom,750400|750620,Processed,160775.068,direct,48.669026,19.699024,55.378051,-3.435973
Nickel,SVK,SVN,Slovakia,Slovenia,750300,Processed,108907.616,mirror,48.669026,19.699024,46.151241,14.995463
Nickel,SVK,HUN,Slovakia,Hungary,282735|750521,Processed,19703.164,direct,48.669026,19.699024,47.162494,19.503304
Nickel,SVK,QAT,Slovakia,Qatar,750512,Processed,15093.854,mirror,48.669026,19.699024,25.354826,51.183884
Nickel,SVK,CHN,Slovakia,China,750521|750522,Processed,3242,mirror,48.669026,19.699024,35.86166,104.195397
Nickel,SVK,THA,Slovakia,Thailand,750521,Processed,2921.44,mirror,48.669026,19.699024,15.870032,100.992541
Nickel,SVK,IRL,Slovakia,Ireland,750610,Processed,142.874,mirror,48.669026,19.699024,53.41291,-8.24389
Nickel,SVK,ROU,Slovakia,Romania,750521,Processed,73.52,mirror,48.669026,19.699024,45.943161,24.96676
Nickel,SVN,CZE,Slovenia,Czechia,283324|750210|750220|750512|750522|750610,Processed,15819842.78,direct,46.151241,14.995463,49.817492,15.472962
Nickel,SVN,SRB,Slovenia,Serbia,282735|283324|750210|750220|750400|750512|750522|750610|750620,Processed,11152429.98,direct,46.151241,14.995463,44.016521,21.005859
Nickel,SVN,DEU,Slovenia,Germany,282735|283324|750220|750300|750400|750512|750522|750610|750620|750712,Processed,8260473.24,direct,46.151241,14.995463,51.165691,10.451526
Nickel,SVN,IND,Slovenia,India,283324|750220|750512|750522|750620,Processed,6316807.9,direct,46.151241,14.995463,20.593684,78.96288
Nickel,SVN,TUR,Slovenia,Türkiye,283324|750522|750712,Processed,2638589.408,direct,46.151241,14.995463,38.963745,35.243322
Nickel,SVN,SVN,Slovenia,Slovenia,750511|750512|750610|750620,Processed,2308966.868,mirror,46.151241,14.995463,46.151241,14.995463
Nickel,SVN,HUN,Slovenia,Hungary,750210|750512|750522|750610,Processed,1992845.724,direct,46.151241,14.995463,47.162494,19.503304
Nickel,SVN,ITA,Slovenia,Italy,750210|750220|750300|750512|750620,Processed,1714496.352,direct,46.151241,14.995463,41.87194,12.56738
Nickel,SVN,SAU,Slovenia,Saudi Arabia,750512|750610,Processed,1562803.047,direct,46.151241,14.995463,23.885942,45.079162
Nickel,SVN,BEL,Slovenia,Belgium,750210|750300|750522,Processed,1180707.9,direct,46.151241,14.995463,50.503887,4.469936
Nickel,SVN,BIH,Slovenia,Bosnia Herzegovina,750210|750220|750511|750512|750522|750610|750620,Processed,753919.824,direct,46.151241,14.995463,43.915886,17.679076
Nickel,SVN,RUS,Slovenia,Russian Federation,750512,Processed,752706.472,direct,46.151241,14.995463,61.52401,105.318756
Nickel,SVN,EGY,Slovenia,Egypt,750512,Processed,593375.152,direct,46.151241,14.995463,26.820553,30.802498
Nickel,SVN,NLD,Slovenia,Netherlands,750210|750300|750400|750512|750522|750620|750712,Processed,592338.133,direct,46.151241,14.995463,52.132633,5.291266
Nickel,SVN,BLR,Slovenia,Belarus,750512,Processed,582143.408,direct,46.151241,14.995463,53.709807,27.953389
Nickel,SVN,CHE,Slovenia,Switzerland,750300|750712,Processed,509756.8,direct,46.151241,14.995463,46.818188,8.227512
Nickel,SVN,DZA,Slovenia,Algeria,750512,Processed,432893.008,direct,46.151241,14.995463,28.033886,1.659626
Nickel,SVN,HRV,Slovenia,Croatia,282735|283324|750210|750300|750512|750522|750620|750712,Processed,426274.86,direct,46.151241,14.995463,45.1,15.2
Nickel,SVN,CHN,Slovenia,China,750712,Processed,326408.032,direct,46.151241,14.995463,35.86166,104.195397
Nickel,SVN,AUT,Slovenia,Austria,282735|283324|750220|750522|750620|750712,Processed,269695.773,direct,46.151241,14.995463,47.516231,14.550072
Nickel,SVN,MKD,Slovenia,North Macedonia,283324|750220|750512,Processed,268289.428,direct,46.151241,14.995463,41.608635,21.745275
Nickel,SVN,YEM,Slovenia,Yemen,750220,Processed,268162.56,direct,46.151241,14.995463,15.552727,48.516388
Nickel,SVN,JOR,Slovenia,Jordan,750220|750512,Processed,264919.162,direct,46.151241,14.995463,30.585164,36.238414
Nickel,SVN,KAZ,Slovenia,Kazakhstan,750512,Processed,260570.76,direct,46.151241,14.995463,48.019573,66.923684
Nickel,SVN,TUN,Slovenia,Tunisia,750220|750512,Processed,236416.886,direct,46.151241,14.995463,33.886917,9.537499
Nickel,SVN,CAN,Slovenia,Canada,750512|750522|750620,Processed,223347.356,direct,46.151241,14.995463,56.130366,-106.346771
Nickel,SVN,IRN,Slovenia,Iran,750512,Processed,211800.952,direct,46.151241,14.995463,32.427908,53.688046
Nickel,SVN,FRA,Slovenia,France,282735|283324|750512|750522|750620,Processed,209272.62,direct,46.151241,14.995463,46.227638,2.213749
Nickel,SVN,KOR,Slovenia,Rep. of Korea,750620,Processed,184026,mirror,46.151241,14.995463,35.907757,127.766922
Nickel,SVN,POL,Slovenia,Poland,283324,Processed,182861.904,direct,46.151241,14.995463,51.919438,19.145136
Nickel,SVN,UKR,Slovenia,Ukraine,750512|750620,Processed,177084.136,direct,46.151241,14.995463,48.379433,31.16558
Nickel,SVN,ESP,Slovenia,Spain,283324|750512|750522,Processed,172272.88,direct,46.151241,14.995463,40.463667,-3.74922
Nickel,SVN,MEX,Slovenia,Mexico,750522,Processed,170665.2,direct,46.151241,14.995463,23.634501,-102.552784
Nickel,SVN,GRC,Slovenia,Greece,750512|750522|750620,Processed,158489.616,direct,46.151241,14.995463,39.074208,21.824312
Nickel,SVN,ISR,Slovenia,Israel,750512|750522,Processed,136888.784,direct,46.151241,14.995463,31.046051,34.851612
Nickel,SVN,GBR,Slovenia,United Kingdom,283324|750522|750712,Processed,120232.624,direct,46.151241,14.995463,55.378051,-3.435973
Nickel,SVN,ROU,Slovenia,Romania,283324|750512|750522|750620,Processed,105119.688,direct,46.151241,14.995463,45.943161,24.96676
Nickel,SVN,AZE,Slovenia,Azerbaijan,750512,Processed,98787.232,direct,46.151241,14.995463,40.143105,47.576927
Nickel,SVN,MNE,Slovenia,Montenegro,750210|750512|750522,Processed,70735.776,direct,46.151241,14.995463,42.708678,19.37439
Nickel,SVN,ARE,Slovenia,United Arab Emirates,750400,Processed,68274.152,direct,46.151241,14.995463,23.424076,53.847818
Nickel,SVN,ARG,Slovenia,Argentina,750620,Processed,57967.9,mirror,46.151241,14.995463,-38.416097,-63.616672
Nickel,SVN,USA,Slovenia,USA,750522,Processed,41433.32,direct,46.151241,14.995463,37.09024,-95.712891
Nickel,SVN,BGR,Slovenia,Bulgaria,750522,Processed,23530.208,direct,46.151241,14.995463,42.733883,25.48583
Nickel,SVN,ZAF,Slovenia,South Africa,750512|750620,Processed,23418.668,direct,46.151241,14.995463,-30.559482,22.937506
Nickel,SVN,FIN,Slovenia,Finland,750522,Processed,22709.944,direct,46.151241,14.995463,61.92411,25.748151
Nickel,SVN,MYS,Slovenia,Malaysia,750512|750521,Processed,20103.014,mirror,46.151241,14.995463,4.210484,101.975766
Nickel,SVN,KGZ,Slovenia,Kyrgyzstan,750512,Processed,18603.064,direct,46.151241,14.995463,41.20438,74.766098
Nickel,SVN,SVK,Slovenia,Slovakia,750522,Processed,16177.44,direct,46.151241,14.995463,48.669026,19.699024
Nickel,SVN,DNK,Slovenia,Denmark,750522,Processed,15740.384,direct,46.151241,14.995463,56.26392,9.501785
Nickel,SVN,CHL,Slovenia,Chile,750512,Processed,15675.12,direct,46.151241,14.995463,-35.675147,-71.542969
Nickel,SVN,SWE,Slovenia,Sweden,750522,Processed,15177.528,direct,46.151241,14.995463,60.128161,18.643501
Nickel,SVN,EST,Slovenia,Estonia,283324|750522,Processed,11845.824,direct,46.151241,14.995463,58.595272,25.013607
Nickel,SVN,CYP,Slovenia,Cyprus,750512,Processed,9650.984,direct,46.151241,14.995463,35.126413,33.429859
Nickel,SVN,VNM,Slovenia,Viet Nam,283324,Processed,4424.624,direct,46.151241,14.995463,14.058324,108.277199
Nickel,SVN,LTU,Slovenia,Lithuania,750512,Processed,3926.16,direct,46.151241,14.995463,55.169438,23.881275
Nickel,SVN,UZB,Slovenia,Uzbekistan,750512,Processed,2346,mirror,46.151241,14.995463,41.377491,64.585262
Nickel,SVN,LVA,Slovenia,Latvia,750512,Processed,2137.08,direct,46.151241,14.995463,56.879635,24.603189
Nickel,SVN,SGP,Slovenia,Singapore,282735,Processed,1451.64,direct,46.151241,14.995463,1.352083,103.819836
Nickel,SVN,GTM,Slovenia,Guatemala,750522,Processed,262,mirror,46.151241,14.995463,15.783471,-90.230759
Nickel,SVN,NOR,Slovenia,Norway,750522,Processed,221.482,mirror,46.151241,14.995463,60.472024,8.468946
Nickel,SOM,DEU,Somalia,Germany,750522,Processed,230037.904,mirror,5.152149,46.199616,51.165691,10.451526
Nickel,ZAF,MYS,South Africa,Malaysia,750110|750210,Processed,776506705.2,direct,-30.559482,22.937506,4.210484,101.975766
Nickel,ZAF,NLD,South Africa,Netherlands,283324|750210|750220|750300|750610,Processed,501892805.6,direct,-30.559482,22.937506,52.132633,5.291266
Nickel,ZAF,DEU,South Africa,Germany,750210|750220|750300|750610|750712,Processed,275013930.4,direct,-30.559482,22.937506,51.165691,10.451526
Nickel,ZAF,ITA,South Africa,Italy,750210|750220,Processed,251196817.9,direct,-30.559482,22.937506,41.87194,12.56738
Nickel,ZAF,USA,South Africa,USA,283324|750210|750220|750400,Processed,208141840,direct,-30.559482,22.937506,37.09024,-95.712891
Nickel,ZAF,IDN,South Africa,Indonesia,283324|750210,Processed,188674002.4,direct,-30.559482,22.937506,-0.789275,113.921327
Nickel,ZAF,CHN,South Africa,China,283324|750210|750220|750400,Processed,164341099,direct,-30.559482,22.937506,35.86166,104.195397
Nickel,ZAF,SGP,South Africa,Singapore,750210|750220|750512|750521|750522,Processed,163655387.8,direct,-30.559482,22.937506,1.352083,103.819836
Nickel,ZAF,BRA,South Africa,Brazil,283324|750210,Processed,62727121.34,direct,-30.559482,22.937506,-14.235004,-51.92528
Nickel,ZAF,KOR,South Africa,Rep. of Korea,283324|750210|750220|750400,Processed,57127638.14,direct,-30.559482,22.937506,35.907757,127.766922
Nickel,ZAF,JPN,South Africa,Japan,283324|750210|750220,Processed,49973861.18,direct,-30.559482,22.937506,36.204824,138.252924
Nickel,ZAF,GBR,South Africa,United Kingdom,283324|750210|750220|750300,Processed,49586701.84,direct,-30.559482,22.937506,55.378051,-3.435973
Nickel,ZAF,IND,South Africa,India,283324|750210|750220|750522,Processed,45745578.76,direct,-30.559482,22.937506,20.593684,78.96288
Nickel,ZAF,CHE,South Africa,Switzerland,283324|750210|750220|750512|750521|750522,Processed,42552068.09,direct,-30.559482,22.937506,46.818188,8.227512
Nickel,ZAF,FRA,South Africa,France,283324|750210|750220|750522|750610,Processed,33493810.38,direct,-30.559482,22.937506,46.227638,2.213749
Nickel,ZAF,SWE,South Africa,Sweden,283324|750210|750220|750620,Processed,25582713.68,direct,-30.559482,22.937506,60.128161,18.643501
Nickel,ZAF,S19,South Africa,"Other Asia, nes",283324|750210|750220,Processed,25573015.92,direct,-30.559482,22.937506,,
Nickel,ZAF,ARE,South Africa,United Arab Emirates,750210|750620,Processed,18782195.16,direct,-30.559482,22.937506,23.424076,53.847818
Nickel,ZAF,BEL,South Africa,Belgium,283324|750210,Processed,14864959.84,direct,-30.559482,22.937506,50.503887,4.469936
Nickel,ZAF,AUT,South Africa,Austria,750210|750220,Processed,9845589.188,mirror,-30.559482,22.937506,47.516231,14.550072
Nickel,ZAF,PHL,South Africa,Philippines,283324,Processed,7623216.748,direct,-30.559482,22.937506,12.879721,121.774017
Nickel,ZAF,CAN,South Africa,Canada,750210|750220|750300|750712,Processed,7005339.552,mirror,-30.559482,22.937506,56.130366,-106.346771
Nickel,ZAF,ESP,South Africa,Spain,283324|750210|750220|750300|750610,Processed,6998983.164,direct,-30.559482,22.937506,40.463667,-3.74922
Nickel,ZAF,TUR,South Africa,Türkiye,283324|750220,Processed,5494940.152,direct,-30.559482,22.937506,38.963745,35.243322
Nickel,ZAF,NOR,South Africa,Norway,283324|750110,Processed,5065094.202,direct,-30.559482,22.937506,60.472024,8.468946
Nickel,ZAF,POL,South Africa,Poland,750210,Processed,2863686,mirror,-30.559482,22.937506,51.919438,19.145136
Nickel,ZAF,CZE,South Africa,Czechia,750210|750220,Processed,2001276,mirror,-30.559482,22.937506,49.817492,15.472962
Nickel,ZAF,UKR,South Africa,Ukraine,750210|750220|750610,Processed,1984625.92,mirror,-30.559482,22.937506,48.379433,31.16558
Nickel,ZAF,THA,South Africa,Thailand,750110,Processed,1829320.32,mirror,-30.559482,22.937506,15.870032,100.992541
Nickel,ZAF,LTU,South Africa,Lithuania,750210,Processed,1335594.828,direct,-30.559482,22.937506,55.169438,23.881275
Nickel,ZAF,AUS,South Africa,Australia,750220|750522,Processed,1086468.672,direct,-30.559482,22.937506,-25.274398,133.775136
Nickel,ZAF,SVN,South Africa,Slovenia,750210,Processed,1075122.496,mirror,-30.559482,22.937506,46.151241,14.995463
Nickel,ZAF,ZMB,South Africa,Zambia,750400|750511|750512|750522|750610|750620,Processed,1007471.434,direct,-30.559482,22.937506,-13.133897,27.849332
Nickel,ZAF,PER,South Africa,Peru,750210,Processed,985600,mirror,-30.559482,22.937506,-9.189967,-75.015152
Nickel,ZAF,MEX,South Africa,Mexico,283324,Processed,960670.256,direct,-30.559482,22.937506,23.634501,-102.552784
Nickel,ZAF,BGR,South Africa,Bulgaria,750210,Processed,800541.336,mirror,-30.559482,22.937506,42.733883,25.48583
Nickel,ZAF,COL,South Africa,Colombia,750210|750400,Processed,791538.72,mirror,-30.559482,22.937506,4.570868,-74.297333
Nickel,ZAF,ARG,South Africa,Argentina,750210,Processed,565832.7,mirror,-30.559482,22.937506,-38.416097,-63.616672
Nickel,ZAF,SRB,South Africa,Serbia,750210|750610,Processed,466568,mirror,-30.559482,22.937506,44.016521,21.005859
Nickel,ZAF,COD,South Africa,Dem. Rep. of the Congo,283324|750110|750522|750711|750712,Processed,212816.462,direct,-30.559482,22.937506,-4.038333,21.758664
Nickel,ZAF,MAR,South Africa,Morocco,750210|750522,Processed,97022.104,direct,-30.559482,22.937506,31.791702,-7.09262
Nickel,ZAF,ZAF,South Africa,South Africa,750522,Processed,87385.78,mirror,-30.559482,22.937506,-30.559482,22.937506
Nickel,ZAF,TZA,South Africa,United Rep. of Tanzania,283324|750522|750610,Processed,83210.68,direct,-30.559482,22.937506,-6.369028,34.888822
Nickel,ZAF,ZWE,South Africa,Zimbabwe,282540|283324|750210|750521|750610|750620|750711,Processed,82558.141,direct,-30.559482,22.937506,-19.015438,29.154857
Nickel,ZAF,NAM,South Africa,Namibia,283324|750110|750511|750512|750522|750610|750620|750711|750712,Processed,78818.116,direct,-30.559482,22.937506,-22.95764,18.49041
Nickel,ZAF,ETH,South Africa,Ethiopia,750220|750522,Processed,39928.732,direct,-30.559482,22.937506,9.145,40.489673
Nickel,ZAF,MDG,South Africa,Madagascar,750522,Processed,34628.832,direct,-30.559482,22.937506,-18.766947,46.869107
Nickel,ZAF,SWZ,South Africa,Eswatini,750110|750512|750521|750522|750620,Processed,34152.64,direct,-30.559482,22.937506,-26.522503,31.465866
Nickel,ZAF,AGO,South Africa,Angola,282540|750512,Processed,29284.852,direct,-30.559482,22.937506,-11.202692,17.873887
Nickel,ZAF,LSO,South Africa,Lesotho,750110|750511|750512|750522|750712,Processed,14810.688,direct,-30.559482,22.937506,-29.609988,28.233608
Nickel,ZAF,BWA,South Africa,Botswana,283324|750110|750511,Processed,11805.992,direct,-30.559482,22.937506,-22.328474,24.684866
Nickel,ZAF,NGA,South Africa,Nigeria,282735|750210,Processed,10740.12,direct,-30.559482,22.937506,9.081999,8.675277
Nickel,ZAF,MOZ,South Africa,Mozambique,282540|283324|750512|750521|750522,Processed,10262.832,direct,-30.559482,22.937506,-18.665695,35.529562
Nickel,ZAF,EGY,South Africa,Egypt,283324,Processed,9215.444,mirror,-30.559482,22.937506,26.820553,30.802498
Nickel,ZAF,FIN,South Africa,Finland,750712,Processed,8517.156,direct,-30.559482,22.937506,61.92411,25.748151
Nickel,ZAF,ISR,South Africa,Israel,750522,Processed,5080.568,direct,-30.559482,22.937506,31.046051,34.851612
Nickel,ZAF,KEN,South Africa,Kenya,750210,Processed,4769.738,mirror,-30.559482,22.937506,-0.023559,37.906193
Nickel,ZAF,PRY,South Africa,Paraguay,750400,Processed,3663,mirror,-30.559482,22.937506,-23.442503,-58.443832
Nickel,ZAF,SAU,South Africa,Saudi Arabia,750210,Processed,2174.4,mirror,-30.559482,22.937506,23.885942,45.079162
Nickel,ZAF,SYC,South Africa,Seychelles,750620,Processed,2038.007,mirror,-30.559482,22.937506,,
Nickel,ZAF,MWI,South Africa,Malawi,750220|750620,Processed,1998.01,direct,-30.559482,22.937506,-13.254308,34.301525
Nickel,ZAF,XX ,South Africa,Special Categories,750620,Processed,621.976,direct,-30.559482,22.937506,,
Nickel,ZAF,X1 ,South Africa,Bunkers,282735|750711,Processed,560.652,direct,-30.559482,22.937506,,
Nickel,ZAF,MUS,South Africa,Mauritius,282540|750120,Processed,391.804,direct,-30.559482,22.937506,-20.348404,57.552152
Nickel,ESP,ARE,Spain,United Arab Emirates,282735|750511|750712,Processed,335275791.4,direct,40.463667,-3.74922,23.424076,53.847818
Nickel,ESP,DEU,Spain,Germany,282540|282735|283324|750210|750220|750300|750512|750522|750610|750620|750712,Processed,196194520.6,direct,40.463667,-3.74922,51.165691,10.451526
Nickel,ESP,USA,Spain,USA,750210|750220|750300|750400|750512|750522|750620|750712,Processed,68655636.78,direct,40.463667,-3.74922,37.09024,-95.712891
Nickel,ESP,OMN,Spain,Oman,750712,Processed,67173206.43,direct,40.463667,-3.74922,21.512583,55.923255
Nickel,ESP,GBR,Spain,United Kingdom,282540|283324|750210|750220|750300|750400|750512|750522|750610|750620|750712,Processed,46450672.78,direct,40.463667,-3.74922,55.378051,-3.435973
Nickel,ESP,ITA,Spain,Italy,282540|282735|283324|750110|750210|750220|750300|750511|750512|750522|750620|750712,Processed,43154790.45,direct,40.463667,-3.74922,41.87194,12.56738
Nickel,ESP,IND,Spain,India,750300|750512|750522|750712,Processed,39587730.31,direct,40.463667,-3.74922,20.593684,78.96288
Nickel,ESP,JPN,Spain,Japan,750300|750400|750512|750522|750610,Processed,33631119.14,direct,40.463667,-3.74922,36.204824,138.252924
Nickel,ESP,PRT,Spain,Portugal,282540|282735|283324|750110|750120|750210|750220|750300|750400|750511|750512|750522|750610|750620|750711|750712,Processed,31930217.19,direct,40.463667,-3.74922,39.399872,-8.224454
Nickel,ESP,AUT,Spain,Austria,282735|283324|750220|750400|750512|750522|750712,Processed,29042828.25,direct,40.463667,-3.74922,47.516231,14.550072
Nickel,ESP,FRA,Spain,France,282540|282735|283324|750120|750210|750220|750300|750400|750512|750521|750522|750610|750620|750711|750712,Processed,19142828.12,direct,40.463667,-3.74922,46.227638,2.213749
Nickel,ESP,SAU,Spain,Saudi Arabia,282735|750511|750512|750522|750610|750620|750711|750712,Processed,12023562.08,direct,40.463667,-3.74922,23.885942,45.079162
Nickel,ESP,NLD,Spain,Netherlands,282540|282735|283324|750210|750220|750300|750400|750512|750522|750610|750620|750712,Processed,7789205.217,direct,40.463667,-3.74922,52.132633,5.291266
Nickel,ESP,THA,Spain,Thailand,282540|750712,Processed,4745047.64,mirror,40.463667,-3.74922,15.870032,100.992541
Nickel,ESP,MEX,Spain,Mexico,750220|750400|750512|750610|750620|750712,Processed,4698222.244,direct,40.463667,-3.74922,23.634501,-102.552784
Nickel,ESP,CUB,Spain,Cuba,282735|283324|750210|750400,Processed,4606587.6,direct,40.463667,-3.74922,21.521757,-77.781167
Nickel,ESP,BRA,Spain,Brazil,750210|750712,Processed,3716744.848,direct,40.463667,-3.74922,-14.235004,-51.92528
Nickel,ESP,NOR,Spain,Norway,750110|750512|750522|750712,Processed,2763634.586,direct,40.463667,-3.74922,60.472024,8.468946
Nickel,ESP,CHE,Spain,Switzerland,282540|282735|283324|750400|750522|750712,Processed,2601350.352,direct,40.463667,-3.74922,46.818188,8.227512
Nickel,ESP,KOR,Spain,Rep. of Korea,750400|750712,Processed,2595026.956,direct,40.463667,-3.74922,35.907757,127.766922
Nickel,ESP,BEL,Spain,Belgium,282735|750120|750210|750300|750512|750522,Processed,2487407.318,direct,40.463667,-3.74922,50.503887,4.469936
Nickel,ESP,QAT,Spain,Qatar,750712,Processed,2290994.932,direct,40.463667,-3.74922,25.354826,51.183884
Nickel,ESP,SVN,Spain,Slovenia,750210|750220|750400,Processed,2038456.24,direct,40.463667,-3.74922,46.151241,14.995463
Nickel,ESP,MYS,Spain,Malaysia,750220|750521|750712,Processed,1628760.012,direct,40.463667,-3.74922,4.210484,101.975766
Nickel,ESP,PER,Spain,Peru,282735|750522|750711|750712,Processed,1479839.072,direct,40.463667,-3.74922,-9.189967,-75.015152
Nickel,ESP,CHN,Spain,China,750120|750210|750400|750512|750522|750610|750620|750712,Processed,1376163.576,direct,40.463667,-3.74922,35.86166,104.195397
Nickel,ESP,URY,Spain,Uruguay,750512|750522|750620|750712,Processed,915436.064,direct,40.463667,-3.74922,-32.522779,-55.765835
Nickel,ESP,S19,Spain,"Other Asia, nes",283324|750220|750712,Processed,847062.456,direct,40.463667,-3.74922,,
Nickel,ESP,ZAF,Spain,South Africa,283324|750522|750711,Processed,710439.548,direct,40.463667,-3.74922,-30.559482,22.937506
Nickel,ESP,CZE,Spain,Czechia,282735|750210|750511|750620,Processed,676504.2,direct,40.463667,-3.74922,49.817492,15.472962
Nickel,ESP,MAR,Spain,Morocco,750210|750511|750512|750522|750711,Processed,381833.024,direct,40.463667,-3.74922,31.791702,-7.09262
Nickel,ESP,BGR,Spain,Bulgaria,750210|750300,Processed,361355.52,direct,40.463667,-3.74922,42.733883,25.48583
Nickel,ESP,PHL,Spain,Philippines,750522,Processed,322542.544,direct,40.463667,-3.74922,12.879721,121.774017
Nickel,ESP,HUN,Spain,Hungary,283324|750220|750400|750620,Processed,298953.28,direct,40.463667,-3.74922,47.162494,19.503304
Nickel,ESP,POL,Spain,Poland,750210|750610,Processed,293165.936,direct,40.463667,-3.74922,51.919438,19.145136
Nickel,ESP,CAN,Spain,Canada,282735|750512|750620|750712,Processed,268111.784,mirror,40.463667,-3.74922,56.130366,-106.346771
Nickel,ESP,SGP,Spain,Singapore,750300|750400|750512|750610|750712,Processed,260694.396,direct,40.463667,-3.74922,1.352083,103.819836
Nickel,ESP,GRC,Spain,Greece,282540|750210|750220|750712,Processed,208826.772,direct,40.463667,-3.74922,39.074208,21.824312
Nickel,ESP,AFG,Spain,Afghanistan,750512,Processed,200454.216,direct,40.463667,-3.74922,33.93911,67.709953
Nickel,ESP,TUR,Spain,Türkiye,282540|750120|750400|750522,Processed,176714.472,direct,40.463667,-3.74922,38.963745,35.243322
Nickel,ESP,AGO,Spain,Angola,750522,Processed,146958.184,direct,40.463667,-3.74922,-11.202692,17.873887
Nickel,ESP,SWE,Spain,Sweden,283324|750220|750400,Processed,145730.808,direct,40.463667,-3.74922,60.128161,18.643501
Nickel,ESP,IDN,Spain,Indonesia,750620|750712,Processed,134715.072,direct,40.463667,-3.74922,-0.789275,113.921327
Nickel,ESP,VNM,Spain,Viet Nam,750712,Processed,120912.704,direct,40.463667,-3.74922,14.058324,108.277199
Nickel,ESP,KAZ,Spain,Kazakhstan,750512|750620|750711|750712,Processed,104600.49,mirror,40.463667,-3.74922,48.019573,66.923684
Nickel,ESP,SRB,Spain,Serbia,750512|750522,Processed,88368.056,direct,40.463667,-3.74922,44.016521,21.005859
Nickel,ESP,MLI,Spain,Mali,750522,Processed,64845.272,direct,40.463667,-3.74922,17.570692,-3.996166
Nickel,ESP,ARG,Spain,Argentina,282735|750400|750610|750620,Processed,61189.02,direct,40.463667,-3.74922,-38.416097,-63.616672
Nickel,ESP,BHR,Spain,Bahrain,750511|750712,Processed,57659.006,mirror,40.463667,-3.74922,26.0275,50.55
Nickel,ESP,KWT,Spain,Kuwait,283324|750712,Processed,51860.816,direct,40.463667,-3.74922,29.31166,47.481766
Nickel,ESP,AUS,Spain,Australia,750712,Processed,43827.664,direct,40.463667,-3.74922,-25.274398,133.775136
Nickel,ESP,COL,Spain,Colombia,282735|750400|750522,Processed,39075.326,direct,40.463667,-3.74922,4.570868,-74.297333
Nickel,ESP,LUX,Spain,Luxembourg,750300|750400|750712,Processed,34210.43,direct,40.463667,-3.74922,49.815273,6.129583
Nickel,ESP,CHL,Spain,Chile,282540|282735|283324|750522,Processed,33923.256,direct,40.463667,-3.74922,-35.675147,-71.542969
Nickel,ESP,ROU,Spain,Romania,750511|750512|750522,Processed,32500.12,mirror,40.463667,-3.74922,45.943161,24.96676
Nickel,ESP,DZA,Spain,Algeria,750620,Processed,21469.872,direct,40.463667,-3.74922,28.033886,1.659626
Nickel,ESP,IRL,Spain,Ireland,750300|750512|750712,Processed,17783.29,direct,40.463667,-3.74922,53.41291,-8.24389
Nickel,ESP,ISR,Spain,Israel,750512,Processed,10912.232,direct,40.463667,-3.74922,31.046051,34.851612
Nickel,ESP,MRT,Spain,Mauritania,282735|283324,Processed,6841.952,direct,40.463667,-3.74922,21.00789,-10.940835
Nickel,ESP,TUN,Spain,Tunisia,750220,Processed,5033.387,mirror,40.463667,-3.74922,33.886917,9.537499
Nickel,ESP,FIN,Spain,Finland,282735|750512,Processed,4828.192,direct,40.463667,-3.74922,61.92411,25.748151
Nickel,ESP,BGD,Spain,Bangladesh,283324,Processed,1755.152,direct,40.463667,-3.74922,23.684994,90.356331
Nickel,ESP,PRY,Spain,Paraguay,282735|750512,Processed,1626.532,direct,40.463667,-3.74922,-23.442503,-58.443832
Nickel,ESP,EST,Spain,Estonia,282735,Processed,1496.16,mirror,40.463667,-3.74922,58.595272,25.013607
Nickel,ESP,DOM,Spain,Dominican Rep.,283324,Processed,1388.16,mirror,40.463667,-3.74922,18.735693,-70.162651
Nickel,ESP,CYP,Spain,Cyprus,282735,Processed,1240.68,direct,40.463667,-3.74922,35.126413,33.429859
Nickel,ESP,GNQ,Spain,Equatorial Guinea,750521,Processed,545.232,direct,40.463667,-3.74922,1.650801,10.267895
Nickel,ESP,NZL,Spain,New Zealand,282735,Processed,452.6,direct,40.463667,-3.74922,-40.900557,174.885971
Nickel,ESP,SYC,Spain,Seychelles,750521,Processed,43.715,mirror,40.463667,-3.74922,,
Nickel,ESP,HRV,Spain,Croatia,750522,Processed,36,mirror,40.463667,-3.74922,45.1,15.2
Nickel,ESP,UZB,Spain,Uzbekistan,750712,Processed,30,mirror,40.463667,-3.74922,41.377491,64.585262
Nickel,ESP,DNK,Spain,Denmark,750120,Processed,2.176,mirror,40.463667,-3.74922,56.26392,9.501785
Nickel,XX ,ZAF,Special Categories,South Africa,750712,Processed,411.596,mirror,,,-30.559482,22.937506
Nickel,LKA,PAK,Sri Lanka,Pakistan,750300,Processed,43692.439,mirror,7.873054,80.771797,30.375321,69.345116
Nickel,LKA,IRL,Sri Lanka,Ireland,750511,Processed,1093.204,mirror,7.873054,80.771797,53.41291,-8.24389
Nickel,LKA,MDV,Sri Lanka,Maldives,750512,Processed,510.574,direct,7.873054,80.771797,3.202778,73.22068
Nickel,LKA,DNK,Sri Lanka,Denmark,750511,Processed,252.086,mirror,7.873054,80.771797,56.26392,9.501785
Nickel,LKA,FRA,Sri Lanka,France,750110,Processed,73.6,mirror,7.873054,80.771797,46.227638,2.213749
Nickel,LKA,CHE,Sri Lanka,Switzerland,750620,Processed,63.94,direct,7.873054,80.771797,46.818188,8.227512
Nickel,LKA,MLT,Sri Lanka,Malta,750511,Processed,60.612,mirror,7.873054,80.771797,35.937496,14.375416
Nickel,LKA,QAT,Sri Lanka,Qatar,750522,Processed,37.752,direct,7.873054,80.771797,25.354826,51.183884
Nickel,SWE,USA,Sweden,USA,750210|750300|750400|750511|750512|750521|750522|750610|750620|750712,Processed,170594471.6,direct,60.128161,18.643501,37.09024,-95.712891
Nickel,SWE,AUT,Sweden,Austria,750512|750521|750522|750620|750712,Processed,125829647.4,direct,60.128161,18.643501,47.516231,14.550072
Nickel,SWE,CHN,Sweden,China,750120|750220|750400|750511|750512|750522|750610|750620|750712,Processed,101954904.7,direct,60.128161,18.643501,35.86166,104.195397
Nickel,SWE,NOR,Sweden,Norway,282540|282735|283324|750110|750120|750210|750220|750300|750400|750511|750512|750522|750610|750620|750711|750712,Processed,87926901.86,direct,60.128161,18.643501,60.472024,8.468946
Nickel,SWE,IDN,Sweden,Indonesia,750400|750522|750620|750712,Processed,75785718.59,direct,60.128161,18.643501,-0.789275,113.921327
Nickel,SWE,IND,Sweden,India,282540|750210|750300|750400|750512|750521|750522|750610|750620|750712,Processed,56617195.79,direct,60.128161,18.643501,20.593684,78.96288
Nickel,SWE,GBR,Sweden,United Kingdom,282540|750220|750300|750400|750511|750512|750522|750610|750620|750711|750712,Processed,54893442.48,direct,60.128161,18.643501,55.378051,-3.435973
Nickel,SWE,DEU,Sweden,Germany,750210|750220|750300|750400|750511|750512|750521|750522|750610|750620|750711|750712,Processed,37262774.9,direct,60.128161,18.643501,51.165691,10.451526
Nickel,SWE,ITA,Sweden,Italy,750210|750511|750512|750521|750522|750610|750620|750711|750712,Processed,31142518.64,direct,60.128161,18.643501,41.87194,12.56738
Nickel,SWE,KOR,Sweden,Rep. of Korea,282540|750400|750511|750512|750522|750610|750620|750711|750712,Processed,26988860.27,direct,60.128161,18.643501,35.907757,127.766922
Nickel,SWE,NLD,Sweden,Netherlands,282540|282735|283324|750110|750120|750210|750220|750300|750400|750511|750512|750521|750522|750610|750620|750711|750712,Processed,22041789.7,direct,60.128161,18.643501,52.132633,5.291266
Nickel,SWE,FIN,Sweden,Finland,282735|283324|750210|750300|750400|750511|750512|750522|750610|750620|750711|750712,Processed,17318633.2,direct,60.128161,18.643501,61.92411,25.748151
Nickel,SWE,BEL,Sweden,Belgium,282540|283324|750511|750512|750522|750620|750711|750712,Processed,14399496.38,direct,60.128161,18.643501,50.503887,4.469936
Nickel,SWE,CZE,Sweden,Czechia,282540|750210|750220|750400|750511|750512|750521|750522|750610|750620|750711|750712,Processed,12249663.21,direct,60.128161,18.643501,49.817492,15.472962
Nickel,SWE,FRA,Sweden,France,750210|750220|750400|750511|750512|750521|750522|750610|750620|750711|750712,Processed,9543803.288,direct,60.128161,18.643501,46.227638,2.213749
Nickel,SWE,POL,Sweden,Poland,750220|750400|750511|750512|750522|750610|750620|750711|750712,Processed,6752502.644,direct,60.128161,18.643501,51.919438,19.145136
Nickel,SWE,CAN,Sweden,Canada,282540|750400|750512|750521|750522|750610|750620|750712,Processed,5311456.112,direct,60.128161,18.643501,56.130366,-106.346771
Nickel,SWE,MEX,Sweden,Mexico,750522|750610|750620|750712,Processed,3360259.1,direct,60.128161,18.643501,23.634501,-102.552784
Nickel,SWE,ESP,Sweden,Spain,283324|750511|750512|750522|750610|750620|750711|750712,Processed,2615532.57,direct,60.128161,18.643501,40.463667,-3.74922
Nickel,SWE,DNK,Sweden,Denmark,282735|283324|750110|750210|750300|750400|750511|750512|750522|750610|750620|750711|750712,Processed,2435738.362,direct,60.128161,18.643501,56.26392,9.501785
Nickel,SWE,SGP,Sweden,Singapore,750400|750511|750512|750522|750610|750620|750712,Processed,2414163.057,direct,60.128161,18.643501,1.352083,103.819836
Nickel,SWE,OMN,Sweden,Oman,750620|750712,Processed,2189514.928,direct,60.128161,18.643501,21.512583,55.923255
Nickel,SWE,CHE,Sweden,Switzerland,282540|283324|750400|750511|750512|750521|750522|750610|750620|750712,Processed,2009572.646,direct,60.128161,18.643501,46.818188,8.227512
Nickel,SWE,SAU,Sweden,Saudi Arabia,750511|750512|750522|750610|750620|750712,Processed,1419454.746,direct,60.128161,18.643501,23.885942,45.079162
Nickel,SWE,ROU,Sweden,Romania,750220|750400|750511|750512|750610|750620|750712,Processed,1341309.966,direct,60.128161,18.643501,45.943161,24.96676
Nickel,SWE,S19,Sweden,"Other Asia, nes",750400|750512|750522|750620|750712,Processed,1173781.931,direct,60.128161,18.643501,,
Nickel,SWE,TUR,Sweden,Türkiye,283324|750220|750400|750511|750512|750522|750620|750712,Processed,1139895.272,direct,60.128161,18.643501,38.963745,35.243322
Nickel,SWE,HRV,Sweden,Croatia,750512|750620,Processed,1137624.188,direct,60.128161,18.643501,45.1,15.2
Nickel,SWE,JPN,Sweden,Japan,750120|750220|750512|750522|750620|750712,Processed,1053783.312,direct,60.128161,18.643501,36.204824,138.252924
Nickel,SWE,BGR,Sweden,Bulgaria,750512|750522,Processed,1000437.272,direct,60.128161,18.643501,42.733883,25.48583
Nickel,SWE,QAT,Sweden,Qatar,750620|750712,Processed,982849.327,direct,60.128161,18.643501,25.354826,51.183884
Nickel,SWE,BRA,Sweden,Brazil,750400|750511|750512|750522|750620|750712,Processed,933661.883,direct,60.128161,18.643501,-14.235004,-51.92528
Nickel,SWE,IRL,Sweden,Ireland,750511|750512|750521|750522|750610|750620|750712,Processed,705184.452,direct,60.128161,18.643501,53.41291,-8.24389
Nickel,SWE,SVK,Sweden,Slovakia,750522|750610|750620,Processed,695646.288,direct,60.128161,18.643501,48.669026,19.699024
Nickel,SWE,SRB,Sweden,Serbia,750512|750522|750620,Processed,657644.554,direct,60.128161,18.643501,44.016521,21.005859
Nickel,SWE,MDA,Sweden,Rep. of Moldova,750522,Processed,645316,mirror,60.128161,18.643501,47.411631,28.369885
Nickel,SWE,NGA,Sweden,Nigeria,750511|750522|750620,Processed,320680.534,direct,60.128161,18.643501,9.081999,8.675277
Nickel,SWE,ARE,Sweden,United Arab Emirates,750400|750512|750522|750620|750712,Processed,284074.845,direct,60.128161,18.643501,23.424076,53.847818
Nickel,SWE,HUN,Sweden,Hungary,750400|750512|750620|750712,Processed,245277.148,direct,60.128161,18.643501,47.162494,19.503304
Nickel,SWE,THA,Sweden,Thailand,750512|750522|750620|750712,Processed,226229.416,direct,60.128161,18.643501,15.870032,100.992541
Nickel,SWE,ZAF,Sweden,South Africa,283324|750512|750522|750620,Processed,185282.662,direct,60.128161,18.643501,-30.559482,22.937506
Nickel,SWE,SVN,Sweden,Slovenia,750511|750512|750522|750712,Processed,164895.21,direct,60.128161,18.643501,46.151241,14.995463
Nickel,SWE,AZE,Sweden,Azerbaijan,750522|750712,Processed,161393.52,mirror,60.128161,18.643501,40.143105,47.576927
Nickel,SWE,KAZ,Sweden,Kazakhstan,750512|750610|750712,Processed,143728.248,direct,60.128161,18.643501,48.019573,66.923684
Nickel,SWE,PRT,Sweden,Portugal,750511|750512|750522|750610|750620|750712,Processed,142883.682,direct,60.128161,18.643501,39.399872,-8.224454
Nickel,SWE,ISR,Sweden,Israel,750400|750512|750620|750712,Processed,139860.968,direct,60.128161,18.643501,31.046051,34.851612
Nickel,SWE,MYS,Sweden,Malaysia,283324|750512|750522|750620|750712,Processed,108994.028,direct,60.128161,18.643501,4.210484,101.975766
Nickel,SWE,PER,Sweden,Peru,750522,Processed,101915.96,mirror,60.128161,18.643501,-9.189967,-75.015152
Nickel,SWE,PHL,Sweden,Philippines,283324|750210|750522,Processed,93951,mirror,60.128161,18.643501,12.879721,121.774017
Nickel,SWE,ARG,Sweden,Argentina,750522|750620|750712,Processed,90865.274,direct,60.128161,18.643501,-38.416097,-63.616672
Nickel,SWE,BHR,Sweden,Bahrain,750522|750620,Processed,73821.104,direct,60.128161,18.643501,26.0275,50.55
Nickel,SWE,AUS,Sweden,Australia,283324|750400|750522|750610|750620|750712,Processed,56204.346,direct,60.128161,18.643501,-25.274398,133.775136
Nickel,SWE,BOL,Sweden,Bolivia (Plurinational State of),750512|750522|750620,Processed,43097.258,direct,60.128161,18.643501,-16.290154,-63.588653
Nickel,SWE,UKR,Sweden,Ukraine,750512|750522|750610,Processed,40149.996,direct,60.128161,18.643501,48.379433,31.16558
Nickel,SWE,EST,Sweden,Estonia,283324|750512|750522|750610|750620|750712,Processed,34634.044,direct,60.128161,18.643501,58.595272,25.013607
Nickel,SWE,NZL,Sweden,New Zealand,283324|750522,Processed,20142.536,direct,60.128161,18.643501,-40.900557,174.885971
Nickel,SWE,TUN,Sweden,Tunisia,750620,Processed,16180.469,mirror,60.128161,18.643501,33.886917,9.537499
Nickel,SWE,PAK,Sweden,Pakistan,750610,Processed,15981.347,mirror,60.128161,18.643501,30.375321,69.345116
Nickel,SWE,LVA,Sweden,Latvia,750210|750512,Processed,10976.91,direct,60.128161,18.643501,56.879635,24.603189
Nickel,SWE,KWT,Sweden,Kuwait,750522|750620,Processed,9728.258,direct,60.128161,18.643501,29.31166,47.481766
Nickel,SWE,LUX,Sweden,Luxembourg,750511|750512|750712,Processed,7381.026,direct,60.128161,18.643501,49.815273,6.129583
Nickel,SWE,VNM,Sweden,Viet Nam,750511|750620,Processed,6056.226,direct,60.128161,18.643501,14.058324,108.277199
Nickel,SWE,DZA,Sweden,Algeria,750511,Processed,5299.198,direct,60.128161,18.643501,28.033886,1.659626
Nickel,SWE,GAB,Sweden,Gabon,750511|750620,Processed,3028.112,direct,60.128161,18.643501,-0.803689,11.609444
Nickel,SWE,TZA,Sweden,United Rep. of Tanzania,750522,Processed,3028.112,direct,60.128161,18.643501,-6.369028,34.888822
Nickel,SWE,MUS,Sweden,Mauritius,750512,Processed,2981.916,mirror,60.128161,18.643501,-20.348404,57.552152
Nickel,SWE,IRN,Sweden,Iran,750522,Processed,2460.342,direct,60.128161,18.643501,32.427908,53.688046
Nickel,SWE,LKA,Sweden,Sri Lanka,750522|750610,Processed,1967.827,direct,60.128161,18.643501,7.873054,80.771797
Nickel,SWE,ISL,Sweden,Iceland,750220|750400,Processed,1514.058,direct,60.128161,18.643501,64.963051,-19.020835
Nickel,SWE,NER,Sweden,Niger,750511,Processed,946.286,direct,60.128161,18.643501,17.607789,8.081666
Nickel,SWE,CYP,Sweden,Cyprus,750610,Processed,567.772,direct,60.128161,18.643501,35.126413,33.429859
Nickel,SWE,MNG,Sweden,Mongolia,750610,Processed,567.772,direct,60.128161,18.643501,46.862496,103.846656
Nickel,SWE,BIH,Sweden,Bosnia Herzegovina,750522,Processed,378.514,direct,60.128161,18.643501,43.915886,17.679076
Nickel,SWE,LTU,Sweden,Lithuania,750712,Processed,378.514,direct,60.128161,18.643501,55.169438,23.881275
Nickel,SWE,AGO,Sweden,Angola,750522,Processed,189.258,direct,60.128161,18.643501,-11.202692,17.873887
Nickel,SWE,BRB,Sweden,Barbados,750522,Processed,189.258,direct,60.128161,18.643501,,
Nickel,SWE,EGY,Sweden,Egypt,750522,Processed,189.258,direct,60.128161,18.643501,26.820553,30.802498
Nickel,SWE,GHA,Sweden,Ghana,750610,Processed,189.258,direct,60.128161,18.643501,7.946527,-1.023194
Nickel,SWE,KEN,Sweden,Kenya,750610,Processed,189.258,direct,60.128161,18.643501,-0.023559,37.906193
Nickel,SWE,MOZ,Sweden,Mozambique,750522,Processed,189.258,direct,60.128161,18.643501,-18.665695,35.529562
Nickel,SWE,SUR,Sweden,Suriname,750610,Processed,189.258,direct,60.128161,18.643501,3.919305,-56.027783
Nickel,CHE,ITA,Switzerland,Italy,282540|750220|750300|750400|750512|750522|750610|750620|750711|750712,Processed,234281309.5,direct,46.818188,8.227512,41.87194,12.56738
Nickel,CHE,SAU,Switzerland,Saudi Arabia,282540|750511|750512|750522|750620|750711|750712,Processed,158890932.3,direct,46.818188,8.227512,23.885942,45.079162
Nickel,CHE,CHN,Switzerland,China,282540|750210|750400|750511|750512|750521|750522|750610|750620|750711|750712,Processed,84089638.52,direct,46.818188,8.227512,35.86166,104.195397
Nickel,CHE,IDN,Switzerland,Indonesia,750512|750522|750711|750712,Processed,61440362.36,direct,46.818188,8.227512,-0.789275,113.921327
Nickel,CHE,DEU,Switzerland,Germany,282540|282735|283324|750110|750210|750220|750300|750400|750511|750512|750521|750522|750610|750620|750711|750712,Processed,40757609.75,direct,46.818188,8.227512,51.165691,10.451526
Nickel,CHE,USA,Switzerland,USA,282540|282735|283324|750120|750300|750400|750511|750512|750521|750522|750610|750620|750711|750712,Processed,31919527.68,direct,46.818188,8.227512,37.09024,-95.712891
Nickel,CHE,ARE,Switzerland,United Arab Emirates,750400|750512|750522|750620|750711|750712,Processed,27318455.73,direct,46.818188,8.227512,23.424076,53.847818
Nickel,CHE,TUR,Switzerland,Türkiye,282735|750300|750512|750522|750620,Processed,26544603.48,direct,46.818188,8.227512,38.963745,35.243322
Nickel,CHE,GBR,Switzerland,United Kingdom,282540|282735|283324|750220|750300|750400|750511|750512|750522|750610|750620|750711|750712,Processed,26074264.28,direct,46.818188,8.227512,55.378051,-3.435973
Nickel,CHE,FRA,Switzerland,France,282540|282735|283324|750220|750300|750400|750512|750522|750610|750620|750711|750712,Processed,20451827.38,direct,46.818188,8.227512,46.227638,2.213749
Nickel,CHE,OMN,Switzerland,Oman,750512|750522|750711,Processed,14573522.12,direct,46.818188,8.227512,21.512583,55.923255
Nickel,CHE,SWE,Switzerland,Sweden,282540|750210|750400|750512|750522|750610|750620|750711|750712,Processed,13707613.46,direct,46.818188,8.227512,60.128161,18.643501
Nickel,CHE,HUN,Switzerland,Hungary,750220|750511|750512|750610|750620,Processed,13432659.6,direct,46.818188,8.227512,47.162494,19.503304
Nickel,CHE,MYS,Switzerland,Malaysia,750511|750512|750522|750610|750620|750712,Processed,11814682.89,direct,46.818188,8.227512,4.210484,101.975766
Nickel,CHE,ESP,Switzerland,Spain,282540|750400|750512|750522|750610|750620|750711|750712,Processed,10824147.12,direct,46.818188,8.227512,40.463667,-3.74922
Nickel,CHE,SVN,Switzerland,Slovenia,750512|750522|750620|750712,Processed,10185929.18,direct,46.818188,8.227512,46.151241,14.995463
Nickel,CHE,AUT,Switzerland,Austria,750300|750512|750521|750522|750610|750620|750711|750712,Processed,8375760.905,direct,46.818188,8.227512,47.516231,14.550072
Nickel,CHE,NLD,Switzerland,Netherlands,282540|283324|750120|750300|750400|750511|750512|750521|750522|750610|750620|750711|750712,Processed,8141908.395,direct,46.818188,8.227512,52.132633,5.291266
Nickel,CHE,IND,Switzerland,India,282540|282735|750400|750512|750521|750522|750610|750620|750711|750712,Processed,6425823.52,direct,46.818188,8.227512,20.593684,78.96288
Nickel,CHE,CZE,Switzerland,Czechia,282735|750220|750300|750400|750512|750521|750522|750610|750620|750711|750712,Processed,6376868.616,direct,46.818188,8.227512,49.817492,15.472962
Nickel,CHE,NOR,Switzerland,Norway,750110|750512|750522|750711|750712,Processed,5522631.28,direct,46.818188,8.227512,60.472024,8.468946
Nickel,CHE,BRA,Switzerland,Brazil,282540|750220|750400|750512|750521|750522|750610|750711,Processed,4902444.592,direct,46.818188,8.227512,-14.235004,-51.92528
Nickel,CHE,PHL,Switzerland,Philippines,750220|750512|750521|750522|750620,Processed,4688396.34,direct,46.818188,8.227512,12.879721,121.774017
Nickel,CHE,THA,Switzerland,Thailand,282540|283324|750512|750522|750620|750711|750712,Processed,3488058.108,direct,46.818188,8.227512,15.870032,100.992541
Nickel,CHE,POL,Switzerland,Poland,283324|750300|750400|750512|750522|750610|750620|750711|750712,Processed,2985296.908,direct,46.818188,8.227512,51.919438,19.145136
Nickel,CHE,HRV,Switzerland,Croatia,750512|750522|750620,Processed,2975563.932,direct,46.818188,8.227512,45.1,15.2
Nickel,CHE,S19,Switzerland,"Other Asia, nes",282540|283324|750110|750512|750521|750522|750610|750620|750711|750712,Processed,2594438.626,direct,46.818188,8.227512,,
Nickel,CHE,KOR,Switzerland,Rep. of Korea,282735|750210|750220|750512|750522|750610|750620|750712,Processed,2202854.946,direct,46.818188,8.227512,35.907757,127.766922
Nickel,CHE,ISR,Switzerland,Israel,282540|283324|750220|750400|750512|750522|750610|750620|750712,Processed,1922557.814,direct,46.818188,8.227512,31.046051,34.851612
Nickel,CHE,AUS,Switzerland,Australia,282540|750300|750512|750522|750610|750620,Processed,1912408.273,direct,46.818188,8.227512,-25.274398,133.775136
Nickel,CHE,SGP,Switzerland,Singapore,750220|750512|750522|750610|750620|750712,Processed,1801483.081,direct,46.818188,8.227512,1.352083,103.819836
Nickel,CHE,BEL,Switzerland,Belgium,282735|283324|750120|750400|750512|750522|750610|750620|750711|750712,Processed,1696111.019,direct,46.818188,8.227512,50.503887,4.469936
Nickel,CHE,CAN,Switzerland,Canada,750300|750512|750522|750610|750620,Processed,1294852.226,direct,46.818188,8.227512,56.130366,-106.346771
Nickel,CHE,ROU,Switzerland,Romania,282735|750512|750522|750610,Processed,994957.678,direct,46.818188,8.227512,45.943161,24.96676
Nickel,CHE,JPN,Switzerland,Japan,282540|750300|750522|750610|750620|750712,Processed,870827.953,direct,46.818188,8.227512,36.204824,138.252924
Nickel,CHE,ZAF,Switzerland,South Africa,750512|750522|750610|750712,Processed,577310.796,direct,46.818188,8.227512,-30.559482,22.937506
Nickel,CHE,BGD,Switzerland,Bangladesh,750610|750711,Processed,521629.596,direct,46.818188,8.227512,23.684994,90.356331
Nickel,CHE,DNK,Switzerland,Denmark,750522|750620,Processed,512765.858,direct,46.818188,8.227512,56.26392,9.501785
Nickel,CHE,MEX,Switzerland,Mexico,750522|750711,Processed,489890.956,direct,46.818188,8.227512,23.634501,-102.552784
Nickel,CHE,FIN,Switzerland,Finland,750512|750521|750522|750610|750620|750711|750712,Processed,462342.648,direct,46.818188,8.227512,61.92411,25.748151
Nickel,CHE,SVK,Switzerland,Slovakia,750522|750610|750620,Processed,385099.352,direct,46.818188,8.227512,48.669026,19.699024
Nickel,CHE,QAT,Switzerland,Qatar,750512|750522,Processed,384334.74,direct,46.818188,8.227512,25.354826,51.183884
Nickel,CHE,KWT,Switzerland,Kuwait,750512|750522,Processed,175289.464,direct,46.818188,8.227512,29.31166,47.481766
Nickel,CHE,IRL,Switzerland,Ireland,750511|750512|750521|750522|750620|750712,Processed,172499.086,direct,46.818188,8.227512,53.41291,-8.24389
Nickel,CHE,KAZ,Switzerland,Kazakhstan,282540|283324|750512|750522,Processed,122313.424,direct,46.818188,8.227512,48.019573,66.923684
Nickel,CHE,GRC,Switzerland,Greece,750512|750620,Processed,117300.328,direct,46.818188,8.227512,39.074208,21.824312
Nickel,CHE,ARG,Switzerland,Argentina,750522,Processed,92114.58,mirror,46.818188,8.227512,-38.416097,-63.616672
Nickel,CHE,PRT,Switzerland,Portugal,750511|750512|750522|750610|750620|750711,Processed,89757.848,direct,46.818188,8.227512,39.399872,-8.224454
Nickel,CHE,BGR,Switzerland,Bulgaria,283324|750512|750522,Processed,43458.718,direct,46.818188,8.227512,42.733883,25.48583
Nickel,CHE,LUX,Switzerland,Luxembourg,750512|750620,Processed,37008.108,direct,46.818188,8.227512,49.815273,6.129583
Nickel,CHE,PAK,Switzerland,Pakistan,750711,Processed,35510.915,mirror,46.818188,8.227512,30.375321,69.345116
Nickel,CHE,AZE,Switzerland,Azerbaijan,750512,Processed,16278.48,mirror,46.818188,8.227512,40.143105,47.576927
Nickel,CHE,TUN,Switzerland,Tunisia,283324,Processed,14133.131,mirror,46.818188,8.227512,33.886917,9.537499
Nickel,CHE,NZL,Switzerland,New Zealand,750220|750522|750610,Processed,13877.962,direct,46.818188,8.227512,-40.900557,174.885971
Nickel,CHE,EGY,Switzerland,Egypt,750512|750610,Processed,13706.746,mirror,46.818188,8.227512,26.820553,30.802498
Nickel,CHE,EST,Switzerland,Estonia,750512,Processed,12725.444,direct,46.818188,8.227512,58.595272,25.013607
Nickel,CHE,PER,Switzerland,Peru,750220|750512,Processed,12450.584,direct,46.818188,8.227512,-9.189967,-75.015152
Nickel,CHE,JOR,Switzerland,Jordan,750522,Processed,9763.292,direct,46.818188,8.227512,30.585164,36.238414
Nickel,CHE,SRB,Switzerland,Serbia,750522|750610,Processed,9633.82,direct,46.818188,8.227512,44.016521,21.005859
Nickel,CHE,MUS,Switzerland,Mauritius,283324,Processed,6687.56,direct,46.818188,8.227512,-20.348404,57.552152
Nickel,CHE,MKD,Switzerland,North Macedonia,750512,Processed,6625.2,mirror,46.818188,8.227512,41.608635,21.745275
Nickel,CHE,BIH,Switzerland,Bosnia Herzegovina,750522,Processed,6425.584,mirror,46.818188,8.227512,43.915886,17.679076
Nickel,CHE,CHL,Switzerland,Chile,750620,Processed,4629.29,mirror,46.818188,8.227512,-35.675147,-71.542969
Nickel,CHE,RUS,Switzerland,Russian Federation,750400,Processed,2062.604,direct,46.818188,8.227512,61.52401,105.318756
Nickel,CHE,DOM,Switzerland,Dominican Rep.,283324,Processed,738.96,mirror,46.818188,8.227512,18.735693,-70.162651
Nickel,CHE,UKR,Switzerland,Ukraine,283324,Processed,654.216,direct,46.818188,8.227512,48.379433,31.16558
Nickel,CHE,CRI,Switzerland,Costa Rica,750512,Processed,32.3,mirror,46.818188,8.227512,9.748917,-83.753428
Nickel,SYR,SAU,Syria,Saudi Arabia,750512,Processed,1340.8,mirror,34.802075,38.996815,23.885942,45.079162
Nickel,THA,CHN,Thailand,China,282735|283324|750110|750120|750220|750400|750511|750512|750610|750620,Processed,48738153.4,direct,15.870032,100.992541,35.86166,104.195397
Nickel,THA,DEU,Thailand,Germany,282540|283324|750300|750512|750522,Processed,5667483.808,direct,15.870032,100.992541,51.165691,10.451526
Nickel,THA,MYS,Thailand,Malaysia,282735|283324|750210|750220|750300|750400|750512|750521|750522|750620,Processed,3891251.944,direct,15.870032,100.992541,4.210484,101.975766
Nickel,THA,SGP,Thailand,Singapore,282735|283324|750120|750300|750712,Processed,3728409.802,direct,15.870032,100.992541,1.352083,103.819836
Nickel,THA,KOR,Thailand,Rep. of Korea,283324|750300|750610|750620|750712,Processed,3021335.92,direct,15.870032,100.992541,35.907757,127.766922
Nickel,THA,JPN,Thailand,Japan,283324|750300|750400|750512|750522|750620|750711|750712,Processed,2848309.185,direct,15.870032,100.992541,36.204824,138.252924
Nickel,THA,VNM,Thailand,Viet Nam,283324|750210|750400|750512|750712,Processed,2770342.4,direct,15.870032,100.992541,14.058324,108.277199
Nickel,THA,IDN,Thailand,Indonesia,282735|283324|750210|750512|750522|750712,Processed,2653244,direct,15.870032,100.992541,-0.789275,113.921327
Nickel,THA,SWE,Thailand,Sweden,750300,Processed,2379517.4,direct,15.870032,100.992541,60.128161,18.643501
Nickel,THA,BEL,Thailand,Belgium,750300,Processed,1517032.36,direct,15.870032,100.992541,50.503887,4.469936
Nickel,THA,AUS,Thailand,Australia,750220|750300|750512|750610,Processed,1400345.034,direct,15.870032,100.992541,-25.274398,133.775136
Nickel,THA,USA,Thailand,USA,750220|750300|750511|750522|750620,Processed,1135287.92,direct,15.870032,100.992541,37.09024,-95.712891
Nickel,THA,IND,Thailand,India,750400|750522|750712,Processed,1123461.7,direct,15.870032,100.992541,20.593684,78.96288
Nickel,THA,PHL,Thailand,Philippines,283324|750522|750610|750620|750712,Processed,583328.72,direct,15.870032,100.992541,12.879721,121.774017
Nickel,THA,ZAF,Thailand,South Africa,750220,Processed,251957.12,direct,15.870032,100.992541,-30.559482,22.937506
Nickel,THA,KHM,Thailand,Cambodia,750620,Processed,242409.48,direct,15.870032,100.992541,12.565679,104.990963
Nickel,THA,ITA,Thailand,Italy,750300,Processed,154496.68,direct,15.870032,100.992541,41.87194,12.56738
Nickel,THA,CHE,Thailand,Switzerland,750300|750522,Processed,85428.32,direct,15.870032,100.992541,46.818188,8.227512
Nickel,THA,LAO,Thailand,Lao People's Dem. Rep.,750522,Processed,26333.68,direct,15.870032,100.992541,19.85627,102.495496
Nickel,THA,FRA,Thailand,France,283324|750110|750512|750522,Processed,13797.356,direct,15.870032,100.992541,46.227638,2.213749
Nickel,THA,RUS,Thailand,Russian Federation,750522|750712,Processed,13340.84,direct,15.870032,100.992541,61.52401,105.318756
Nickel,THA,MMR,Thailand,Myanmar,750400|750522,Processed,7487.8,direct,15.870032,100.992541,21.913965,95.956223
Nickel,THA,THA,Thailand,Thailand,750511|750512|750610|750712,Processed,6985.2,mirror,15.870032,100.992541,15.870032,100.992541
Nickel,THA,CAN,Thailand,Canada,750220,Processed,3320.856,mirror,15.870032,100.992541,56.130366,-106.346771
Nickel,THA,SAU,Thailand,Saudi Arabia,750610,Processed,865.333,mirror,15.870032,100.992541,23.885942,45.079162
Nickel,THA,PRT,Thailand,Portugal,750300|750712,Processed,830.68,direct,15.870032,100.992541,39.399872,-8.224454
Nickel,THA,NLD,Thailand,Netherlands,750110|750620,Processed,399.399,mirror,15.870032,100.992541,52.132633,5.291266
Nickel,THA,S19,Thailand,"Other Asia, nes",750712,Processed,135.08,direct,15.870032,100.992541,,
Nickel,THA,PAK,Thailand,Pakistan,750522,Processed,109.854,mirror,15.870032,100.992541,30.375321,69.345116
Nickel,THA,DNK,Thailand,Denmark,750300,Processed,70.926,mirror,15.870032,100.992541,56.26392,9.501785
Nickel,THA,IRL,Thailand,Ireland,750220,Processed,11.906,mirror,15.870032,100.992541,53.41291,-8.24389
Nickel,THA,SVK,Thailand,Slovakia,750300,Processed,0.64,direct,15.870032,100.992541,48.669026,19.699024
Nickel,TLS,SGP,Timor-Leste,Singapore,750712,Processed,412.353,mirror,-8.874217,125.727539,1.352083,103.819836
Nickel,TTO,USA,Trinidad and Tobago,USA,750300,Processed,130115,mirror,10.691803,-61.222503,37.09024,-95.712891
Nickel,TTO,ESP,Trinidad and Tobago,Spain,750300,Processed,47823.504,mirror,10.691803,-61.222503,40.463667,-3.74922
Nickel,TTO,VCT,Trinidad and Tobago,Saint Vincent and the Grenadines,750512,Processed,1678.784,direct,10.691803,-61.222503,,
Nickel,TUN,USA,Tunisia,USA,750300|750512,Processed,2190831,mirror,33.886917,9.537499,37.09024,-95.712891
Nickel,TUN,FRA,Tunisia,France,750110|750220|750300|750512|750522,Processed,1620083.257,direct,33.886917,9.537499,46.227638,2.213749
Nickel,TUN,GBR,Tunisia,United Kingdom,750300,Processed,755663.287,mirror,33.886917,9.537499,55.378051,-3.435973
Nickel,TUN,MYS,Tunisia,Malaysia,750512,Processed,487657.62,mirror,33.886917,9.537499,4.210484,101.975766
Nickel,TUN,CHN,Tunisia,China,750512,Processed,484526,mirror,33.886917,9.537499,35.86166,104.195397
Nickel,TUN,IND,Tunisia,India,750300,Processed,481230.981,mirror,33.886917,9.537499,20.593684,78.96288
Nickel,TUN,ESP,Tunisia,Spain,750300,Processed,408467.88,mirror,33.886917,9.537499,40.463667,-3.74922
Nickel,TUN,ARE,Tunisia,United Arab Emirates,750300,Processed,305350.68,direct,33.886917,9.537499,23.424076,53.847818
Nickel,TUN,DEU,Tunisia,Germany,750300,Processed,80929.48,mirror,33.886917,9.537499,51.165691,10.451526
Nickel,TUN,CIV,Tunisia,Côte d'Ivoire,750522,Processed,2415.163,direct,33.886917,9.537499,7.539989,-5.54708
Nickel,TUR,CHN,Türkiye,China,282735|750120|750300|750400|750512|750522,Processed,887803504,direct,38.963745,35.243322,35.86166,104.195397
Nickel,TUR,IRN,Türkiye,Iran,282735|283324|750210|750400|750522|750620|750712,Processed,170780144,direct,38.963745,35.243322,32.427908,53.688046
Nickel,TUR,IND,Türkiye,India,282540|750120|750220|750300|750400|750512|750522|750620,Processed,139213359.1,direct,38.963745,35.243322,20.593684,78.96288
Nickel,TUR,USA,Türkiye,USA,282540|282735|283324|750120|750210|750220|750300|750400|750511|750512|750521|750522|750610|750620|750712,Processed,38134934,direct,38.963745,35.243322,37.09024,-95.712891
Nickel,TUR,KOR,Türkiye,Rep. of Korea,282540|282735|750120|750300|750400,Processed,37307789,direct,38.963745,35.243322,35.907757,127.766922
Nickel,TUR,KAZ,Türkiye,Kazakhstan,283324|750210|750512|750522|750620,Processed,25469728,direct,38.963745,35.243322,48.019573,66.923684
Nickel,TUR,GBR,Türkiye,United Kingdom,282540|283324|750220|750300|750400|750512|750620|750712,Processed,21513962.85,direct,38.963745,35.243322,55.378051,-3.435973
Nickel,TUR,TKM,Türkiye,Turkmenistan,283324|750210|750400|750620|750712,Processed,18313120,direct,38.963745,35.243322,38.969719,59.556278
Nickel,TUR,DEU,Türkiye,Germany,282540|282735|750220|750300|750400|750512|750522|750610|750620,Processed,16580658.45,direct,38.963745,35.243322,51.165691,10.451526
Nickel,TUR,JPN,Türkiye,Japan,282540|750220|750300,Processed,15016040,direct,38.963745,35.243322,36.204824,138.252924
Nickel,TUR,HRV,Türkiye,Croatia,750400|750522,Processed,12822272,direct,38.963745,35.243322,45.1,15.2
Nickel,TUR,UZB,Türkiye,Uzbekistan,282735|283324|750210|750400|750512|750522|750610|750712,Processed,11987077,direct,38.963745,35.243322,41.377491,64.585262
Nickel,TUR,RUS,Türkiye,Russian Federation,282735|283324|750210|750400|750522|750610|750711,Processed,6733808,direct,38.963745,35.243322,61.52401,105.318756
Nickel,TUR,SWE,Türkiye,Sweden,750400|750511|750512,Processed,6524770.74,direct,38.963745,35.243322,60.128161,18.643501
Nickel,TUR,FRA,Türkiye,France,282540|750220|750300|750400|750511|750512|750522|750610|750620|750712,Processed,6379139.696,direct,38.963745,35.243322,46.227638,2.213749
Nickel,TUR,NLD,Türkiye,Netherlands,282540|283324|750210|750220|750300|750400|750522,Processed,5780898.824,direct,38.963745,35.243322,52.132633,5.291266
Nickel,TUR,BRA,Türkiye,Brazil,750400,Processed,2711192,direct,38.963745,35.243322,-14.235004,-51.92528
Nickel,TUR,ESP,Türkiye,Spain,282540|283324|750300|750400|750512|750711|750712,Processed,2435333.168,direct,38.963745,35.243322,40.463667,-3.74922
Nickel,TUR,AZE,Türkiye,Azerbaijan,282735|283324|750210|750220|750400|750512|750620|750711|750712,Processed,2291071.84,direct,38.963745,35.243322,40.143105,47.576927
Nickel,TUR,EGY,Türkiye,Egypt,283324|750210|750400,Processed,1981896,direct,38.963745,35.243322,26.820553,30.802498
Nickel,TUR,ITA,Türkiye,Italy,282540|750300|750400|750522|750711,Processed,1799025.73,direct,38.963745,35.243322,41.87194,12.56738
Nickel,TUR,PRT,Türkiye,Portugal,282540|750400|750522,Processed,1667312,direct,38.963745,35.243322,39.399872,-8.224454
Nickel,TUR,VNM,Türkiye,Viet Nam,750400|750512,Processed,1556040,direct,38.963745,35.243322,14.058324,108.277199
Nickel,TUR,DZA,Türkiye,Algeria,282735|283324|750120|750210|750220|750522,Processed,1469944,direct,38.963745,35.243322,28.033886,1.659626
Nickel,TUR,KGZ,Türkiye,Kyrgyzstan,750400|750512|750522,Processed,1130464,direct,38.963745,35.243322,41.20438,74.766098
Nickel,TUR,MEX,Türkiye,Mexico,750400,Processed,967600,direct,38.963745,35.243322,23.634501,-102.552784
Nickel,TUR,LBN,Türkiye,Lebanon,750210,Processed,905296,direct,38.963745,35.243322,33.854721,35.862285
Nickel,TUR,ARE,Türkiye,United Arab Emirates,750210|750400|750522,Processed,844208,direct,38.963745,35.243322,23.424076,53.847818
Nickel,TUR,ZAF,Türkiye,South Africa,282735|750210|750712,Processed,753133.34,direct,38.963745,35.243322,-30.559482,22.937506
Nickel,TUR,POL,Türkiye,Poland,282540|750400|750512|750522|750610|750620|750711|750712,Processed,579199,direct,38.963745,35.243322,51.919438,19.145136
Nickel,TUR,YEM,Türkiye,Yemen,750220,Processed,472080,direct,38.963745,35.243322,15.552727,48.516388
Nickel,TUR,AFG,Türkiye,Afghanistan,282735|283324,Processed,412800,direct,38.963745,35.243322,33.93911,67.709953
Nickel,TUR,SAU,Türkiye,Saudi Arabia,750110|750210|750511|750512|750522|750610|750712,Processed,412436.796,direct,38.963745,35.243322,23.885942,45.079162
Nickel,TUR,CZE,Türkiye,Czechia,282540|750220|750400|750620|750711,Processed,359280,direct,38.963745,35.243322,49.817492,15.472962
Nickel,TUR,CHE,Türkiye,Switzerland,750400|750512|750522,Processed,352864.14,mirror,38.963745,35.243322,46.818188,8.227512
Nickel,TUR,MAR,Türkiye,Morocco,750210|750521,Processed,348761.594,direct,38.963745,35.243322,31.791702,-7.09262
Nickel,TUR,GEO,Türkiye,Georgia,750210|750220|750522,Processed,327268,direct,38.963745,35.243322,42.315407,43.356892
Nickel,TUR,AUS,Türkiye,Australia,750400,Processed,307160,direct,38.963745,35.243322,-25.274398,133.775136
Nickel,TUR,PAK,Türkiye,Pakistan,750210|750400,Processed,286064,direct,38.963745,35.243322,30.375321,69.345116
Nickel,TUR,UKR,Türkiye,Ukraine,750400|750620,Processed,277696,direct,38.963745,35.243322,48.379433,31.16558
Nickel,TUR,SRB,Türkiye,Serbia,750210|750522,Processed,237192,direct,38.963745,35.243322,44.016521,21.005859
Nickel,TUR,BGR,Türkiye,Bulgaria,283324|750210|750220|750400|750620|750712,Processed,223066.156,direct,38.963745,35.243322,42.733883,25.48583
Nickel,TUR,CHL,Türkiye,Chile,750210|750400,Processed,184328,direct,38.963745,35.243322,-35.675147,-71.542969
Nickel,TUR,LBR,Türkiye,Liberia,750712,Processed,181328,direct,38.963745,35.243322,6.428055,-9.429499
Nickel,TUR,TUN,Türkiye,Tunisia,750210|750522,Processed,149485.242,direct,38.963745,35.243322,33.886917,9.537499
Nickel,TUR,THA,Türkiye,Thailand,750400|750522,Processed,134448,direct,38.963745,35.243322,15.870032,100.992541
Nickel,TUR,IRL,Türkiye,Ireland,750511|750522|750620|750711,Processed,112640.971,direct,38.963745,35.243322,53.41291,-8.24389
Nickel,TUR,JOR,Türkiye,Jordan,283324|750210|750711|750712,Processed,109232,direct,38.963745,35.243322,30.585164,36.238414
Nickel,TUR,BLR,Türkiye,Belarus,750610,Processed,100648,direct,38.963745,35.243322,53.709807,27.953389
Nickel,TUR,CYP,Türkiye,Cyprus,282540|750400|750522|750620|750712,Processed,84446.792,direct,38.963745,35.243322,35.126413,33.429859
Nickel,TUR,KEN,Türkiye,Kenya,282735|283324,Processed,78000,direct,38.963745,35.243322,-0.023559,37.906193
Nickel,TUR,IRQ,Türkiye,Iraq,282735|283324|750120|750711,Processed,50000,direct,38.963745,35.243322,33.223191,43.679291
Nickel,TUR,GRC,Türkiye,Greece,282540|750400|750522,Processed,38424,direct,38.963745,35.243322,39.074208,21.824312
Nickel,TUR,AUT,Türkiye,Austria,750220,Processed,38272,direct,38.963745,35.243322,47.516231,14.550072
Nickel,TUR,S19,Türkiye,"Other Asia, nes",282540|750400|750522,Processed,32330.546,direct,38.963745,35.243322,,
Nickel,TUR,CAN,Türkiye,Canada,282540|750120|750220|750400|750522|750610|750712,Processed,31686.432,direct,38.963745,35.243322,56.130366,-106.346771
Nickel,TUR,HUN,Türkiye,Hungary,750522,Processed,28960,direct,38.963745,35.243322,47.162494,19.503304
Nickel,TUR,MKD,Türkiye,North Macedonia,750522,Processed,28576,direct,38.963745,35.243322,41.608635,21.745275
Nickel,TUR,NGA,Türkiye,Nigeria,750712,Processed,27216,direct,38.963745,35.243322,9.081999,8.675277
Nickel,TUR,LBY,Türkiye,Libya,750220,Processed,17752,direct,38.963745,35.243322,26.3351,17.228331
Nickel,TUR,ALB,Türkiye,Albania,750522,Processed,14504,direct,38.963745,35.243322,41.153332,20.168331
Nickel,TUR,CIV,Türkiye,Côte d'Ivoire,750610,Processed,13760,direct,38.963745,35.243322,7.539989,-5.54708
Nickel,TUR,SLV,Türkiye,El Salvador,750512,Processed,9392,direct,38.963745,35.243322,13.794185,-88.89653
Nickel,TUR,IDN,Türkiye,Indonesia,282540|750400,Processed,7192,direct,38.963745,35.243322,-0.789275,113.921327
Nickel,TUR,EST,Türkiye,Estonia,750220|750522|750620,Processed,6190.24,direct,38.963745,35.243322,58.595272,25.013607
Nickel,TUR,MLT,Türkiye,Malta,750110|750120,Processed,5712.048,direct,38.963745,35.243322,35.937496,14.375416
Nickel,TUR,BIH,Türkiye,Bosnia Herzegovina,750522,Processed,3792,direct,38.963745,35.243322,43.915886,17.679076
Nickel,TUR,OMN,Türkiye,Oman,750620|750712,Processed,3272,direct,38.963745,35.243322,21.512583,55.923255
Nickel,TUR,KWT,Türkiye,Kuwait,750712,Processed,3269,mirror,38.963745,35.243322,29.31166,47.481766
Nickel,TUR,BRN,Türkiye,Brunei Darussalam,282540,Processed,3176,direct,38.963745,35.243322,4.535277,114.727669
Nickel,TUR,BEL,Türkiye,Belgium,750300,Processed,2551.625,mirror,38.963745,35.243322,50.503887,4.469936
Nickel,TUR,ROU,Türkiye,Romania,750522|750610,Processed,1704,direct,38.963745,35.243322,45.943161,24.96676
Nickel,TUR,MYS,Türkiye,Malaysia,750511|750512,Processed,1549.244,mirror,38.963745,35.243322,4.210484,101.975766
Nickel,TUR,AGO,Türkiye,Angola,750522,Processed,1177.99,mirror,38.963745,35.243322,-11.202692,17.873887
Nickel,TUR,SVK,Türkiye,Slovakia,282540|750522,Processed,1013.088,direct,38.963745,35.243322,48.669026,19.699024
Nickel,TUR,BGD,Türkiye,Bangladesh,282540,Processed,952,direct,38.963745,35.243322,23.684994,90.356331
Nickel,TUR,ISR,Türkiye,Israel,282540,Processed,472,direct,38.963745,35.243322,31.046051,34.851612
Nickel,TUR,NZL,Türkiye,New Zealand,282540,Processed,272,direct,38.963745,35.243322,-40.900557,174.885971
Nickel,TUR,ARM,Türkiye,Armenia,750522,Processed,200.56,mirror,38.963745,35.243322,40.069099,45.038189
Nickel,TUR,DNK,Türkiye,Denmark,750521,Processed,164.044,mirror,38.963745,35.243322,56.26392,9.501785
Nickel,TUR,ISL,Türkiye,Iceland,750522,Processed,80,direct,38.963745,35.243322,64.963051,-19.020835
Nickel,TUR,FIN,Türkiye,Finland,750120,Processed,29.34,mirror,38.963745,35.243322,61.92411,25.748151
Nickel,USA,MEX,USA,Mexico,282540|282735|283324|750110|750120|750210|750220|750300|750400|750511|750512|750521|750522|750610|750620|750711|750712,Processed,406024712,direct,37.09024,-95.712891,23.634501,-102.552784
Nickel,USA,CHN,USA,China,282540|282735|283324|750110|750120|750210|750220|750400|750511|750512|750521|750522|750610|750620|750711|750712,Processed,382474122,direct,37.09024,-95.712891,35.86166,104.195397
Nickel,USA,FRA,USA,France,282540|282735|283324|750110|750120|750210|750220|750300|750400|750511|750512|750521|750522|750610|750620|750711|750712,Processed,280626959.1,direct,37.09024,-95.712891,46.227638,2.213749
Nickel,USA,GBR,USA,United Kingdom,282540|282735|283324|750110|750120|750210|750220|750300|750400|750511|750512|750521|750522|750610|750620|750711|750712,Processed,261568095.4,direct,37.09024,-95.712891,55.378051,-3.435973
Nickel,USA,CAN,USA,Canada,282540|282735|283324|750110|750120|750210|750220|750300|750400|750511|750512|750521|750522|750610|750620|750711|750712,Processed,245799452.3,direct,37.09024,-95.712891,56.130366,-106.346771
Nickel,USA,DEU,USA,Germany,282540|282735|283324|750110|750120|750210|750220|750300|750400|750511|750512|750521|750522|750610|750620|750711|750712,Processed,180018408.3,direct,37.09024,-95.712891,51.165691,10.451526
Nickel,USA,JPN,USA,Japan,283324|750220|750300|750400|750511|750512|750521|750522|750610|750620|750711|750712,Processed,133274014.3,direct,37.09024,-95.712891,36.204824,138.252924
Nickel,USA,ITA,USA,Italy,282540|750110|750120|750210|750220|750300|750400|750511|750512|750521|750522|750610|750620|750711|750712,Processed,115721200.1,direct,37.09024,-95.712891,41.87194,12.56738
Nickel,USA,IND,USA,India,282540|282735|283324|750120|750210|750220|750300|750400|750511|750512|750521|750522|750610|750620|750711|750712,Processed,85858853.62,direct,37.09024,-95.712891,20.593684,78.96288
Nickel,USA,SGP,USA,Singapore,282540|282735|283324|750110|750120|750210|750220|750300|750400|750511|750512|750521|750522|750610|750620|750711|750712,Processed,68837914,direct,37.09024,-95.712891,1.352083,103.819836
Nickel,USA,S19,USA,"Other Asia, nes",282540|282735|283324|750120|750210|750220|750300|750400|750511|750512|750521|750522|750610|750620|750711|750712,Processed,57773487.67,direct,37.09024,-95.712891,,
Nickel,USA,KOR,USA,Rep. of Korea,282540|282735|283324|750110|750120|750210|750220|750300|750400|750511|750512|750521|750522|750610|750620|750711|750712,Processed,55852512,direct,37.09024,-95.712891,35.907757,127.766922
Nickel,USA,BEL,USA,Belgium,282540|282735|283324|750110|750120|750220|750300|750400|750512|750521|750522|750610|750620|750712,Processed,55708086.59,direct,37.09024,-95.712891,50.503887,4.469936
Nickel,USA,BRA,USA,Brazil,282540|282735|283324|750110|750120|750210|750220|750300|750400|750511|750512|750521|750522|750610|750620|750711|750712,Processed,47876174,direct,37.09024,-95.712891,-14.235004,-51.92528
Nickel,USA,CHE,USA,Switzerland,282540|282735|283324|750210|750220|750300|750400|750511|750512|750521|750522|750610|750620|750711|750712,Processed,47037444.08,direct,37.09024,-95.712891,46.818188,8.227512
Nickel,USA,THA,USA,Thailand,282540|282735|283324|750120|750210|750220|750400|750511|750512|750521|750522|750610|750620|750711|750712,Processed,38855034.2,direct,37.09024,-95.712891,15.870032,100.992541
Nickel,USA,ISR,USA,Israel,282540|283324|750110|750120|750210|750220|750300|750400|750511|750512|750521|750522|750610|750620|750711|750712,Processed,37205261,direct,37.09024,-95.712891,31.046051,34.851612
Nickel,USA,AUT,USA,Austria,282735|283324|750120|750210|750220|750300|750400|750512|750522|750610|750620|750712,Processed,35347280.88,direct,37.09024,-95.712891,47.516231,14.550072
Nickel,USA,ESP,USA,Spain,282540|282735|283324|750220|750300|750400|750511|750512|750521|750522|750610|750620|750711|750712,Processed,32517432.84,direct,37.09024,-95.712891,40.463667,-3.74922
Nickel,USA,SWE,USA,Sweden,282540|283324|750120|750210|750220|750300|750400|750512|750522|750610|750620|750711|750712,Processed,29132649.02,direct,37.09024,-95.712891,60.128161,18.643501
Nickel,USA,TUR,USA,Türkiye,282540|282735|283324|750120|750210|750220|750400|750511|750512|750521|750522|750610|750620|750712,Processed,25393522,direct,37.09024,-95.712891,38.963745,35.243322
Nickel,USA,CRI,USA,Costa Rica,282735|283324|750110|750210|750220|750300|750400|750512|750521|750522|750610|750620|750712,Processed,23576443.63,direct,37.09024,-95.712891,9.748917,-83.753428
Nickel,USA,POL,USA,Poland,282540|282735|283324|750220|750300|750400|750511|750512|750521|750522|750610|750620|750711|750712,Processed,22749970,direct,37.09024,-95.712891,51.919438,19.145136
Nickel,USA,DOM,USA,Dominican Rep.,283324|750220|750300|750511|750512|750521|750522|750620|750711|750712,Processed,20801606.5,direct,37.09024,-95.712891,18.735693,-70.162651
Nickel,USA,IRL,USA,Ireland,282540|282735|283324|750120|750210|750220|750300|750400|750511|750512|750521|750522|750610|750620|750711|750712,Processed,17730907.74,direct,37.09024,-95.712891,53.41291,-8.24389
Nickel,USA,ARE,USA,United Arab Emirates,750400|750512|750522|750620|750712,Processed,14444307,direct,37.09024,-95.712891,23.424076,53.847818
Nickel,USA,MYS,USA,Malaysia,282540|282735|283324|750120|750210|750220|750300|750400|750511|750512|750521|750522|750610|750620|750711|750712,Processed,12508135.09,direct,37.09024,-95.712891,4.210484,101.975766
Nickel,USA,AUS,USA,Australia,282540|283324|750110|750220|750300|750400|750511|750512|750521|750522|750610|750620|750711|750712,Processed,12192976.43,direct,37.09024,-95.712891,-25.274398,133.775136
Nickel,USA,SAU,USA,Saudi Arabia,282540|282735|750210|750220|750300|750400|750511|750512|750522|750610|750620|750711|750712,Processed,11877932.8,direct,37.09024,-95.712891,23.885942,45.079162
Nickel,USA,CZE,USA,Czechia,282540|282735|283324|750210|750220|750400|750511|750512|750521|750522|750610|750620|750712,Processed,9660014,direct,37.09024,-95.712891,49.817492,15.472962
Nickel,USA,TUN,USA,Tunisia,282735|750220|750512|750522|750620|750712,Processed,9583716.902,direct,37.09024,-95.712891,33.886917,9.537499
Nickel,USA,HUN,USA,Hungary,282735|283324|750220|750300|750400|750511|750512|750521|750522|750620|750711|750712,Processed,9370034.12,direct,37.09024,-95.712891,47.162494,19.503304
Nickel,USA,MAR,USA,Morocco,282735|750110|750210|750220|750511|750512|750522|750620|750712,Processed,8049140.336,direct,37.09024,-95.712891,31.791702,-7.09262
Nickel,USA,NLD,USA,Netherlands,282540|282735|283324|750120|750220|750300|750400|750511|750512|750521|750522|750610|750620|750711|750712,Processed,6458159.254,direct,37.09024,-95.712891,52.132633,5.291266
Nickel,USA,DNK,USA,Denmark,282540|750110|750120|750220|750400|750511|750512|750522|750610|750620|750712,Processed,5475472.196,direct,37.09024,-95.712891,56.26392,9.501785
Nickel,USA,IDN,USA,Indonesia,282540|282735|283324|750120|750220|750300|750400|750511|750512|750521|750522|750610|750620|750711|750712,Processed,4034495,direct,37.09024,-95.712891,-0.789275,113.921327
Nickel,USA,NOR,USA,Norway,282540|282735|750110|750120|750210|750220|750300|750400|750511|750512|750521|750522|750610|750620|750711|750712,Processed,3675524.013,direct,37.09024,-95.712891,60.472024,8.468946
Nickel,USA,ROU,USA,Romania,750512|750522|750610|750620|750712,Processed,3545883,direct,37.09024,-95.712891,45.943161,24.96676
Nickel,USA,RUS,USA,Russian Federation,750620,Processed,2739611,direct,37.09024,-95.712891,61.52401,105.318756
Nickel,USA,ARG,USA,Argentina,282540|282735|283324|750110|750210|750220|750400|750511|750512|750522|750610|750620|750711|750712,Processed,2508994.4,direct,37.09024,-95.712891,-38.416097,-63.616672
Nickel,USA,PHL,USA,Philippines,282540|283324|750120|750300|750400|750511|750512|750521|750522|750620|750711|750712,Processed,2309390,direct,37.09024,-95.712891,12.879721,121.774017
Nickel,USA,SRB,USA,Serbia,283324|750400|750512|750522|750620|750712,Processed,1973104,mirror,37.09024,-95.712891,44.016521,21.005859
Nickel,USA,SVN,USA,Slovenia,282735|750220|750400|750512|750522|750620|750712,Processed,1788194.526,direct,37.09024,-95.712891,46.151241,14.995463
Nickel,USA,SVK,USA,Slovakia,282540|750220|750512|750522|750620|750711,Processed,1749632.904,direct,37.09024,-95.712891,48.669026,19.699024
Nickel,USA,AGO,USA,Angola,282735|750512|750522|750620|750712,Processed,1663233.85,direct,37.09024,-95.712891,-11.202692,17.873887
Nickel,USA,PER,USA,Peru,283324|750210|750220|750400|750512|750521|750522|750610|750620|750712,Processed,1557517.912,direct,37.09024,-95.712891,-9.189967,-75.015152
Nickel,USA,CHL,USA,Chile,282735|283324|750120|750210|750220|750300|750400|750512|750522|750610|750620|750712,Processed,1525786.36,direct,37.09024,-95.712891,-35.675147,-71.542969
Nickel,USA,VNM,USA,Viet Nam,750120|750220|750400|750511|750512|750521|750522|750610|750620|750712,Processed,1520632,direct,37.09024,-95.712891,14.058324,108.277199
Nickel,USA,TTO,USA,Trinidad and Tobago,282735|283324|750210|750400|750512|750522|750620|750711|750712,Processed,1430993.622,direct,37.09024,-95.712891,10.691803,-61.222503
Nickel,USA,KWT,USA,Kuwait,750210|750400|750512|750522|750620|750712,Processed,1404207,direct,37.09024,-95.712891,29.31166,47.481766
Nickel,USA,NGA,USA,Nigeria,750400|750511|750522|750712,Processed,1288845.3,direct,37.09024,-95.712891,9.081999,8.675277
Nickel,USA,ECU,USA,Ecuador,282735|750220|750400|750511|750512|750521|750522|750620|750712,Processed,1235691.624,direct,37.09024,-95.712891,-1.831239,-78.183406
Nickel,USA,COL,USA,Colombia,283324|750210|750220|750400|750511|750512|750521|750522|750620|750712,Processed,1220790.13,direct,37.09024,-95.712891,4.570868,-74.297333
Nickel,USA,QAT,USA,Qatar,750220|750400|750512|750522|750711|750712,Processed,850094.079,direct,37.09024,-95.712891,25.354826,51.183884
Nickel,USA,HRV,USA,Croatia,750512|750620,Processed,642041,direct,37.09024,-95.712891,45.1,15.2
Nickel,USA,ZAF,USA,South Africa,282540|282735|283324|750210|750220|750400|750511|750512|750521|750522|750610|750620|750712,Processed,638550.16,direct,37.09024,-95.712891,-30.559482,22.937506
Nickel,USA,NZL,USA,New Zealand,282540|282735|283324|750220|750400|750511|750512|750521|750522|750610|750620|750712,Processed,536670.874,direct,37.09024,-95.712891,-40.900557,174.885971
Nickel,USA,FIN,USA,Finland,282735|283324|750400|750512|750521|750522|750610|750620|750712,Processed,517596.848,direct,37.09024,-95.712891,61.92411,25.748151
Nickel,USA,BHR,USA,Bahrain,750220|750512|750521|750522|750620|750712,Processed,395725.059,direct,37.09024,-95.712891,26.0275,50.55
Nickel,USA,EGY,USA,Egypt,283324|750210|750220|750400|750511|750512|750522|750620|750712,Processed,373091.903,direct,37.09024,-95.712891,26.820553,30.802498
Nickel,USA,GUY,USA,Guyana,282735|750400|750712,Processed,362946,direct,37.09024,-95.712891,4.860416,-58.93018
Nickel,USA,GAB,USA,Gabon,750110|750400|750511|750512|750712,Processed,340988,direct,37.09024,-95.712891,-0.803689,11.609444
Nickel,USA,PAN,USA,Panama,750512|750522|750712,Processed,313052,direct,37.09024,-95.712891,8.537981,-80.782127
Nickel,USA,PAK,USA,Pakistan,750210|750400|750512|750522|750610|750620|750712,Processed,289701.934,direct,37.09024,-95.712891,30.375321,69.345116
Nickel,USA,KAZ,USA,Kazakhstan,282540|282735|283324|750210|750220|750522|750620|750712,Processed,257722.43,direct,37.09024,-95.712891,48.019573,66.923684
Nickel,USA,IRQ,USA,Iraq,750712,Processed,256597,direct,37.09024,-95.712891,33.223191,43.679291
Nickel,USA,OMN,USA,Oman,750522|750712,Processed,201636,direct,37.09024,-95.712891,21.512583,55.923255
Nickel,USA,SLV,USA,El Salvador,282735|283324|750210|750220|750400|750511|750512|750522|750620|750712,Processed,199759.91,direct,37.09024,-95.712891,13.794185,-88.89653
Nickel,USA,BGR,USA,Bulgaria,750220|750400|750522|750620|750712,Processed,196929.612,direct,37.09024,-95.712891,42.733883,25.48583
Nickel,USA,BIH,USA,Bosnia Herzegovina,750400|750512|750522,Processed,193119.672,mirror,37.09024,-95.712891,43.915886,17.679076
Nickel,USA,LUX,USA,Luxembourg,750521|750522|750620|750711|750712,Processed,192188.603,direct,37.09024,-95.712891,49.815273,6.129583
Nickel,USA,CYP,USA,Cyprus,750220|750400|750712,Processed,190568.232,mirror,37.09024,-95.712891,35.126413,33.429859
Nickel,USA,GTM,USA,Guatemala,282735|283324|750110|750210|750220|750400|750511|750512|750521|750522|750620|750712,Processed,178903,direct,37.09024,-95.712891,15.783471,-90.230759
Nickel,USA,PRT,USA,Portugal,282540|282735|750400|750511|750522|750620|750712,Processed,175337.568,direct,37.09024,-95.712891,39.399872,-8.224454
Nickel,USA,AZE,USA,Azerbaijan,750400|750512|750522|750712,Processed,150845.28,direct,37.09024,-95.712891,40.143105,47.576927
Nickel,USA,BTN,USA,Bhutan,750620,Processed,125820,direct,37.09024,-95.712891,27.514162,90.433601
Nickel,USA,CYM,USA,Cayman Isds,750511|750512|750522|750610|750620|750711,Processed,121275.384,direct,37.09024,-95.712891,,
Nickel,USA,DZA,USA,Algeria,750512|750712,Processed,120232,direct,37.09024,-95.712891,28.033886,1.659626
Nickel,USA,LKA,USA,Sri Lanka,750220|750522|750712,Processed,119819,direct,37.09024,-95.712891,7.873054,80.771797
Nickel,USA,URY,USA,Uruguay,750512|750521|750522|750620|750712,Processed,103064,direct,37.09024,-95.712891,-32.522779,-55.765835
Nickel,USA,LVA,USA,Latvia,750512|750522|750620,Processed,101269.544,direct,37.09024,-95.712891,56.879635,24.603189
Nickel,USA,SUR,USA,Suriname,750610|750712,Processed,90962,direct,37.09024,-95.712891,3.919305,-56.027783
Nickel,USA,JAM,USA,Jamaica,750120|750512|750522,Processed,89912,direct,37.09024,-95.712891,18.109581,-77.297508
Nickel,USA,BHS,USA,Bahamas,750110|750300|750400|750511|750522|750610|750620|750711|750712,Processed,84678,direct,37.09024,-95.712891,25.03428,-77.39628
Nickel,USA,GRC,USA,Greece,750220|750512|750522|750712,Processed,79372.25,direct,37.09024,-95.712891,39.074208,21.824312
Nickel,USA,ETH,USA,Ethiopia,750712,Processed,69053,direct,37.09024,-95.712891,9.145,40.489673
Nickel,USA,NIC,USA,Nicaragua,283324|750220|750712,Processed,62120.9,direct,37.09024,-95.712891,12.865416,-85.207229
Nickel,USA,ISL,USA,Iceland,750522|750610|750620|750712,Processed,57278.995,direct,37.09024,-95.712891,64.963051,-19.020835
Nickel,USA,MLT,USA,Malta,283324|750210|750521|750522|750610|750620|750712,Processed,51127.942,direct,37.09024,-95.712891,35.937496,14.375416
Nickel,USA,VEN,USA,Venezuela,283324|750400|750620,Processed,42765,direct,37.09024,-95.712891,6.42375,-66.58973
Nickel,USA,UKR,USA,Ukraine,283324|750400|750512|750610|750712,Processed,38296.58,direct,37.09024,-95.712891,48.379433,31.16558
Nickel,USA,ATG,USA,Antigua and Barbuda,750522,Processed,37063.156,mirror,37.09024,-95.712891,,
Nickel,USA,MDG,USA,Madagascar,750620,Processed,34987,direct,37.09024,-95.712891,-18.766947,46.869107
Nickel,USA,BOL,USA,Bolivia (Plurinational State of),283324|750220|750512|750522,Processed,34369,direct,37.09024,-95.712891,-16.290154,-63.588653
Nickel,USA,MOZ,USA,Mozambique,750712,Processed,32000,direct,37.09024,-95.712891,-18.665695,35.529562
Nickel,USA,GEO,USA,Georgia,750522|750712,Processed,22593.42,direct,37.09024,-95.712891,42.315407,43.356892
Nickel,USA,COG,USA,Congo,750712,Processed,22481,direct,37.09024,-95.712891,-0.228021,15.827659
Nickel,USA,BRN,USA,Brunei Darussalam,750712,Processed,19839,direct,37.09024,-95.712891,4.535277,114.727669
Nickel,USA,LTU,USA,Lithuania,750522|750620|750712,Processed,19771,direct,37.09024,-95.712891,55.169438,23.881275
Nickel,USA,JOR,USA,Jordan,750400|750512|750522,Processed,18230.479,direct,37.09024,-95.712891,30.585164,36.238414
Nickel,USA,TKM,USA,Turkmenistan,750400|750620,Processed,17890,direct,37.09024,-95.712891,38.969719,59.556278
Nickel,USA,GHA,USA,Ghana,750712,Processed,17134,direct,37.09024,-95.712891,7.946527,-1.023194
Nickel,USA,GNQ,USA,Equatorial Guinea,750712,Processed,16775,direct,37.09024,-95.712891,1.650801,10.267895
Nickel,USA,HND,USA,Honduras,750712,Processed,15056.8,mirror,37.09024,-95.712891,15.199999,-86.241905
Nickel,USA,ARM,USA,Armenia,750220,Processed,14108.56,mirror,37.09024,-95.712891,40.069099,45.038189
Nickel,USA,EST,USA,Estonia,282735|283324|750522|750620|750712,Processed,13699.24,direct,37.09024,-95.712891,58.595272,25.013607
Nickel,USA,ALB,USA,Albania,750512,Processed,12327,direct,37.09024,-95.712891,41.153332,20.168331
Nickel,USA,ZMB,USA,Zambia,750220,Processed,10691,direct,37.09024,-95.712891,-13.133897,27.849332
Nickel,USA,MUS,USA,Mauritius,750522|750610,Processed,10535.804,mirror,37.09024,-95.712891,-20.348404,57.552152
Nickel,USA,PRY,USA,Paraguay,750220,Processed,6960,direct,37.09024,-95.712891,-23.442503,-58.443832
Nickel,USA,GRL,USA,Greenland,750712,Processed,6392,direct,37.09024,-95.712891,,
Nickel,USA,CAF,USA,Central African Rep.,750712,Processed,6033,direct,37.09024,-95.712891,6.611111,20.939444
Nickel,USA,TCA,USA,Turks and Caicos Isds,750712,Processed,5403,direct,37.09024,-95.712891,,
Nickel,USA,NAM,USA,Namibia,750522|750620,Processed,5106.108,mirror,37.09024,-95.712891,-22.95764,18.49041
Nickel,USA,BLZ,USA,Belize,750511|750512,Processed,4867.48,direct,37.09024,-95.712891,17.189877,-88.49765
Nickel,USA,TZA,USA,United Rep. of Tanzania,750712,Processed,3571.372,mirror,37.09024,-95.712891,-6.369028,34.888822
Nickel,USA,NER,USA,Niger,750522,Processed,3390.646,mirror,37.09024,-95.712891,17.607789,8.081666
Nickel,USA,BMU,USA,Bermuda,750400|750512|750610|750620|750711|750712,Processed,3087.34,mirror,37.09024,-95.712891,,
Nickel,USA,GRD,USA,Grenada,750522|750610|750712,Processed,2957.584,mirror,37.09024,-95.712891,,
Nickel,USA,KEN,USA,Kenya,750522,Processed,1760.013,mirror,37.09024,-95.712891,-0.023559,37.906193
Nickel,USA,MNE,USA,Montenegro,750522|750620,Processed,1281.22,mirror,37.09024,-95.712891,42.708678,19.37439
Nickel,USA,MSR,USA,Montserrat,750512,Processed,836.93,mirror,37.09024,-95.712891,,
Nickel,USA,BRB,USA,Barbados,750522,Processed,333.5,mirror,37.09024,-95.712891,,
Nickel,USA,CIV,USA,Côte d'Ivoire,750511,Processed,189.728,mirror,37.09024,-95.712891,7.539989,-5.54708
Nickel,USA,MDA,USA,Rep. of Moldova,750522,Processed,144,mirror,37.09024,-95.712891,47.411631,28.369885
Nickel,USA,LBN,USA,Lebanon,282735,Processed,87,mirror,37.09024,-95.712891,33.854721,35.862285
Nickel,USA,FJI,USA,Fiji,282735,Processed,36.15,mirror,37.09024,-95.712891,-16.578193,179.414413
Nickel,UKR,DEU,Ukraine,Germany,750120|750300|750712,Processed,3438037.536,direct,48.379433,31.16558,51.165691,10.451526
Nickel,UKR,ARE,Ukraine,United Arab Emirates,750712,Processed,639238.12,direct,48.379433,31.16558,23.424076,53.847818
Nickel,UKR,FRA,Ukraine,France,750522|750712,Processed,515044.248,mirror,48.379433,31.16558,46.227638,2.213749
Nickel,UKR,BGR,Ukraine,Bulgaria,750512,Processed,422179.14,direct,48.379433,31.16558,42.733883,25.48583
Nickel,UKR,CAN,Ukraine,Canada,750512|750712,Processed,151309.104,mirror,48.379433,31.16558,56.130366,-106.346771
Nickel,UKR,IND,Ukraine,India,750712,Processed,110303.94,direct,48.379433,31.16558,20.593684,78.96288
Nickel,UKR,OMN,Ukraine,Oman,750712,Processed,67445.44,direct,48.379433,31.16558,21.512583,55.923255
Nickel,UKR,SWE,Ukraine,Sweden,750620|750712,Processed,47277.424,direct,48.379433,31.16558,60.128161,18.643501
Nickel,UKR,GEO,Ukraine,Georgia,750522,Processed,16546.34,direct,48.379433,31.16558,42.315407,43.356892
Nickel,UKR,ITA,Ukraine,Italy,750712,Processed,10212.18,direct,48.379433,31.16558,41.87194,12.56738
Nickel,UKR,BEL,Ukraine,Belgium,750220|750712,Processed,9315.15,mirror,48.379433,31.16558,50.503887,4.469936
Nickel,UKR,SVK,Ukraine,Slovakia,750712,Processed,3428.984,mirror,48.379433,31.16558,48.669026,19.699024
Nickel,UKR,EST,Ukraine,Estonia,750620,Processed,2292.32,mirror,48.379433,31.16558,58.595272,25.013607
Nickel,UKR,SGP,Ukraine,Singapore,750512,Processed,2189.737,mirror,48.379433,31.16558,1.352083,103.819836
Nickel,UKR,MDA,Ukraine,Rep. of Moldova,750620,Processed,1460.8,direct,48.379433,31.16558,47.411631,28.369885
Nickel,UKR,PRT,Ukraine,Portugal,750712,Processed,913.744,mirror,48.379433,31.16558,39.399872,-8.224454
Nickel,UKR,POL,Ukraine,Poland,750712,Processed,278,mirror,48.379433,31.16558,51.919438,19.145136
Nickel,UKR,DNK,Ukraine,Denmark,750220|750712,Processed,87.026,mirror,48.379433,31.16558,56.26392,9.501785
Nickel,UKR,IRL,Ukraine,Ireland,750620,Processed,61.696,mirror,48.379433,31.16558,53.41291,-8.24389
Nickel,ARE,IND,United Arab Emirates,India,282540|750210|750220|750300|750400|750512|750522|750620|750712,Processed,21353590.01,mirror,23.424076,53.847818,20.593684,78.96288
Nickel,ARE,ESP,United Arab Emirates,Spain,750300|750712,Processed,8408551.132,mirror,23.424076,53.847818,40.463667,-3.74922
Nickel,ARE,DEU,United Arab Emirates,Germany,283324|750300|750512|750522,Processed,7834466.768,mirror,23.424076,53.847818,51.165691,10.451526
Nickel,ARE,GBR,United Arab Emirates,United Kingdom,750300|750712,Processed,5803218.26,mirror,23.424076,53.847818,55.378051,-3.435973
Nickel,ARE,JPN,United Arab Emirates,Japan,750300,Processed,5642167.081,mirror,23.424076,53.847818,36.204824,138.252924
Nickel,ARE,CZE,United Arab Emirates,Czechia,750300,Processed,5548108,mirror,23.424076,53.847818,49.817492,15.472962
Nickel,ARE,SAU,United Arab Emirates,Saudi Arabia,750220|750400|750511|750512|750522|750610|750620|750711|750712,Processed,4166818.296,mirror,23.424076,53.847818,23.885942,45.079162
Nickel,ARE,MYS,United Arab Emirates,Malaysia,750220|750300,Processed,3751548.572,mirror,23.424076,53.847818,4.210484,101.975766
Nickel,ARE,TUR,United Arab Emirates,Türkiye,283324|750300,Processed,2359624,mirror,23.424076,53.847818,38.963745,35.243322
Nickel,ARE,BRA,United Arab Emirates,Brazil,750620,Processed,1685518,mirror,23.424076,53.847818,-14.235004,-51.92528
Nickel,ARE,SGP,United Arab Emirates,Singapore,750300|750522|750712,Processed,703696.709,mirror,23.424076,53.847818,1.352083,103.819836
Nickel,ARE,USA,United Arab Emirates,USA,750300,Processed,695951,mirror,23.424076,53.847818,37.09024,-95.712891
Nickel,ARE,KOR,United Arab Emirates,Rep. of Korea,750300,Processed,681014,mirror,23.424076,53.847818,35.907757,127.766922
Nickel,ARE,NLD,United Arab Emirates,Netherlands,750300|750511|750512,Processed,482458.101,mirror,23.424076,53.847818,52.132633,5.291266
Nickel,ARE,ITA,United Arab Emirates,Italy,750712,Processed,318274.217,mirror,23.424076,53.847818,41.87194,12.56738
Nickel,ARE,CHN,United Arab Emirates,China,750512|750712,Processed,200581,mirror,23.424076,53.847818,35.86166,104.195397
Nickel,ARE,KAZ,United Arab Emirates,Kazakhstan,750712,Processed,182982.37,mirror,23.424076,53.847818,48.019573,66.923684
Nickel,ARE,IDN,United Arab Emirates,Indonesia,750522,Processed,171466,mirror,23.424076,53.847818,-0.789275,113.921327
Nickel,ARE,BHR,United Arab Emirates,Bahrain,750511,Processed,74624.853,mirror,23.424076,53.847818,26.0275,50.55
Nickel,ARE,PAK,United Arab Emirates,Pakistan,750400|750522|750620,Processed,39657.837,mirror,23.424076,53.847818,30.375321,69.345116
Nickel,ARE,EGY,United Arab Emirates,Egypt,750512,Processed,17081.479,mirror,23.424076,53.847818,26.820553,30.802498
Nickel,ARE,BEL,United Arab Emirates,Belgium,750511,Processed,8946.069,mirror,23.424076,53.847818,50.503887,4.469936
Nickel,ARE,GUY,United Arab Emirates,Guyana,750711,Processed,8820.54,mirror,23.424076,53.847818,4.860416,-58.93018
Nickel,ARE,SWE,United Arab Emirates,Sweden,750522,Processed,2271.084,mirror,23.424076,53.847818,60.128161,18.643501
Nickel,ARE,KWT,United Arab Emirates,Kuwait,750522,Processed,2217,mirror,23.424076,53.847818,29.31166,47.481766
Nickel,ARE,ECU,United Arab Emirates,Ecuador,750620,Processed,1506.32,mirror,23.424076,53.847818,-1.831239,-78.183406
Nickel,ARE,GEO,United Arab Emirates,Georgia,750522,Processed,1288.38,mirror,23.424076,53.847818,42.315407,43.356892
Nickel,ARE,SYC,United Arab Emirates,Seychelles,750220|750620,Processed,1215.953,mirror,23.424076,53.847818,,
Nickel,ARE,LKA,United Arab Emirates,Sri Lanka,750712,Processed,978.511,mirror,23.424076,53.847818,7.873054,80.771797
Nickel,ARE,AGO,United Arab Emirates,Angola,750620,Processed,887,mirror,23.424076,53.847818,-11.202692,17.873887
Nickel,ARE,HUN,United Arab Emirates,Hungary,750400|750522,Processed,714.596,mirror,23.424076,53.847818,47.162494,19.503304
Nickel,ARE,BLZ,United Arab Emirates,Belize,750712,Processed,634.14,mirror,23.424076,53.847818,17.189877,-88.49765
Nickel,ARE,DNK,United Arab Emirates,Denmark,750521,Processed,131.119,mirror,23.424076,53.847818,56.26392,9.501785
Nickel,ARE,CAN,United Arab Emirates,Canada,750712,Processed,67.716,mirror,23.424076,53.847818,56.130366,-106.346771
Nickel,ARE,MOZ,United Arab Emirates,Mozambique,750521,Processed,24.2,mirror,23.424076,53.847818,-18.665695,35.529562
Nickel,GBR,USA,United Kingdom,USA,282540|282735|283324|750110|750120|750210|750220|750300|750400|750511|750512|750521|750522|750610|750620|750711|750712,Processed,1150652822,direct,55.378051,-3.435973,37.09024,-95.712891
Nickel,GBR,CHN,United Kingdom,China,282735|750210|750220|750300|750400|750512|750521|750522|750610|750620|750711|750712,Processed,587305536.7,direct,55.378051,-3.435973,35.86166,104.195397
Nickel,GBR,BEL,United Kingdom,Belgium,282540|282735|750120|750210|750220|750300|750400|750511|750512|750521|750522|750610|750620|750711|750712,Processed,492575543.2,direct,55.378051,-3.435973,50.503887,4.469936
Nickel,GBR,SWE,United Kingdom,Sweden,283324|750210|750220|750300|750400|750511|750512|750521|750522|750610|750620|750711|750712,Processed,471584754.3,direct,55.378051,-3.435973,60.128161,18.643501
Nickel,GBR,FRA,United Kingdom,France,282735|283324|750110|750120|750210|750220|750300|750400|750511|750512|750521|750522|750610|750620|750711|750712,Processed,460414955.2,direct,55.378051,-3.435973,46.227638,2.213749
Nickel,GBR,NLD,United Kingdom,Netherlands,282540|283324|750110|750120|750210|750220|750300|750400|750511|750512|750521|750522|750610|750620|750711|750712,Processed,384057140.7,direct,55.378051,-3.435973,52.132633,5.291266
Nickel,GBR,DEU,United Kingdom,Germany,282735|750110|750120|750210|750220|750300|750400|750511|750512|750521|750522|750610|750620|750711|750712,Processed,371959875.9,direct,55.378051,-3.435973,51.165691,10.451526
Nickel,GBR,JPN,United Kingdom,Japan,282540|750210|750220|750300|750400|750511|750512|750521|750522|750610|750620|750712,Processed,370873713.9,direct,55.378051,-3.435973,36.204824,138.252924
Nickel,GBR,ITA,United Kingdom,Italy,750110|750120|750210|750220|750300|750400|750512|750521|750522|750610|750620|750711|750712,Processed,368992104.6,direct,55.378051,-3.435973,41.87194,12.56738
Nickel,GBR,IND,United Kingdom,India,282540|283324|750110|750120|750210|750220|750300|750400|750511|750512|750521|750522|750610|750620|750711|750712,Processed,328362108.6,direct,55.378051,-3.435973,20.593684,78.96288
Nickel,GBR,SGP,United Kingdom,Singapore,282540|282735|750210|750300|750400|750512|750521|750522|750610|750620|750711|750712,Processed,177298176.7,direct,55.378051,-3.435973,1.352083,103.819836
Nickel,GBR,IRL,United Kingdom,Ireland,282540|282735|283324|750110|750210|750220|750300|750400|750511|750512|750521|750522|750610|750620|750711|750712,Processed,130236681.5,direct,55.378051,-3.435973,53.41291,-8.24389
Nickel,GBR,TUN,United Kingdom,Tunisia,750220|750512|750522|750610|750620|750712,Processed,109764140.8,direct,55.378051,-3.435973,33.886917,9.537499
Nickel,GBR,ESP,United Kingdom,Spain,282735|750120|750210|750220|750300|750400|750511|750512|750522|750610|750620|750712,Processed,107550058.7,direct,55.378051,-3.435973,40.463667,-3.74922
Nickel,GBR,CAN,United Kingdom,Canada,282540|282735|283324|750110|750120|750210|750220|750300|750400|750511|750512|750521|750522|750610|750620|750712,Processed,96415293.24,direct,55.378051,-3.435973,56.130366,-106.346771
Nickel,GBR,AUS,United Kingdom,Australia,750110|750210|750220|750300|750400|750511|750512|750522|750610|750620|750711|750712,Processed,88912876.62,direct,55.378051,-3.435973,-25.274398,133.775136
Nickel,GBR,CZE,United Kingdom,Czechia,282735|750210|750220|750300|750400|750512|750521|750522|750610|750620|750711|750712,Processed,85762386.8,direct,55.378051,-3.435973,49.817492,15.472962
Nickel,GBR,S19,United Kingdom,"Other Asia, nes",282735|283324|750120|750210|750220|750300|750400|750511|750512|750521|750522|750610|750620|750711|750712,Processed,83442539.86,direct,55.378051,-3.435973,,
Nickel,GBR,ROU,United Kingdom,Romania,750210|750220|750300|750400|750512|750522|750620|750712,Processed,81891523.38,direct,55.378051,-3.435973,45.943161,24.96676
Nickel,GBR,AUT,United Kingdom,Austria,282735|750110|750120|750210|750220|750300|750400|750511|750512|750521|750522|750610|750620|750711|750712,Processed,78935918.45,direct,55.378051,-3.435973,47.516231,14.550072
Nickel,GBR,NOR,United Kingdom,Norway,282540|750110|750120|750210|750220|750400|750511|750512|750521|750522|750610|750620|750712,Processed,73329980.47,direct,55.378051,-3.435973,60.472024,8.468946
Nickel,GBR,ARE,United Kingdom,United Arab Emirates,750300|750400|750511|750512|750522|750620|750712,Processed,68403152.87,direct,55.378051,-3.435973,23.424076,53.847818
Nickel,GBR,CHE,United Kingdom,Switzerland,282735|750210|750220|750300|750400|750511|750512|750521|750522|750610|750620|750711|750712,Processed,51139884.52,direct,55.378051,-3.435973,46.818188,8.227512
Nickel,GBR,QAT,United Kingdom,Qatar,282540|750400|750512|750522|750620|750712,Processed,50748254.53,direct,55.378051,-3.435973,25.354826,51.183884
Nickel,GBR,GBR,United Kingdom,United Kingdom,750120|750210|750220|750300|750400|750512|750521|750522|750610|750620|750711|750712,Processed,50140439.51,mirror,55.378051,-3.435973,55.378051,-3.435973
Nickel,GBR,BRA,United Kingdom,Brazil,282540|282735|750210|750220|750400|750512|750521|750522|750610|750620|750711|750712,Processed,47714582.74,direct,55.378051,-3.435973,-14.235004,-51.92528
Nickel,GBR,TUR,United Kingdom,Türkiye,282540|282735|750210|750220|750300|750400|750512|750522|750610|750620|750711|750712,Processed,44240989.84,direct,55.378051,-3.435973,38.963745,35.243322
Nickel,GBR,MEX,United Kingdom,Mexico,750120|750210|750400|750512|750522|750620|750712,Processed,41826056.49,direct,55.378051,-3.435973,23.634501,-102.552784
Nickel,GBR,KOR,United Kingdom,Rep. of Korea,282540|282735|283324|750120|750210|750220|750300|750400|750512|750521|750522|750610|750620|750711|750712,Processed,36666800.56,direct,55.378051,-3.435973,35.907757,127.766922
Nickel,GBR,MYS,United Kingdom,Malaysia,750210|750220|750300|750400|750512|750521|750522|750610|750620|750712,Processed,35524552.55,direct,55.378051,-3.435973,4.210484,101.975766
Nickel,GBR,POL,United Kingdom,Poland,282540|282735|283324|750210|750220|750300|750400|750511|750512|750521|750522|750610|750620|750711|750712,Processed,32670716.98,direct,55.378051,-3.435973,51.919438,19.145136
Nickel,GBR,THA,United Kingdom,Thailand,282735|750210|750300|750400|750512|750522|750610|750620|750711|750712,Processed,26156755.28,direct,55.378051,-3.435973,15.870032,100.992541
Nickel,GBR,SRB,United Kingdom,Serbia,282735|750220|750400|750512|750522,Processed,23253946.46,direct,55.378051,-3.435973,44.016521,21.005859
Nickel,GBR,ISR,United Kingdom,Israel,282540|282735|283324|750120|750210|750220|750400|750511|750512|750521|750522|750620|750712,Processed,22485918.83,direct,55.378051,-3.435973,31.046051,34.851612
Nickel,GBR,LUX,United Kingdom,Luxembourg,283324|750210|750400|750512|750521|750522|750712,Processed,20714479.76,direct,55.378051,-3.435973,49.815273,6.129583
Nickel,GBR,SAU,United Kingdom,Saudi Arabia,282735|283324|750110|750210|750220|750300|750400|750511|750512|750522|750610|750620|750712,Processed,19090593.4,direct,55.378051,-3.435973,23.885942,45.079162
Nickel,GBR,IDN,United Kingdom,Indonesia,750511|750512|750521|750522|750610|750620|750712,Processed,10891599.05,direct,55.378051,-3.435973,-0.789275,113.921327
Nickel,GBR,COL,United Kingdom,Colombia,282735|750210|750400|750512|750521|750522,Processed,9270735.636,direct,55.378051,-3.435973,4.570868,-74.297333
Nickel,GBR,MAR,United Kingdom,Morocco,750210|750400|750512|750521|750620|750712,Processed,8874753.216,direct,55.378051,-3.435973,31.791702,-7.09262
Nickel,GBR,OMN,United Kingdom,Oman,750400|750512|750522|750620|750712,Processed,8636427.968,direct,55.378051,-3.435973,21.512583,55.923255
Nickel,GBR,HUN,United Kingdom,Hungary,750220|750300|750400|750511|750512|750522|750620|750712,Processed,8508110.696,direct,55.378051,-3.435973,47.162494,19.503304
Nickel,GBR,DNK,United Kingdom,Denmark,750110|750220|750300|750400|750511|750512|750521|750522|750610|750620|750711|750712,Processed,8242524.945,direct,55.378051,-3.435973,56.26392,9.501785
Nickel,GBR,ZAF,United Kingdom,South Africa,283324|750210|750400|750511|750512|750522|750610|750620|750712,Processed,8210738.17,direct,55.378051,-3.435973,-30.559482,22.937506
Nickel,GBR,FIN,United Kingdom,Finland,750220|750300|750400|750512|750522|750610|750620|750712,Processed,8209526.004,direct,55.378051,-3.435973,61.92411,25.748151
Nickel,GBR,X1 ,United Kingdom,Bunkers,750512,Processed,6394839.624,direct,55.378051,-3.435973,,
Nickel,GBR,KAZ,United Kingdom,Kazakhstan,282735|750300|750400|750522|750620|750712,Processed,6340544.368,direct,55.378051,-3.435973,48.019573,66.923684
Nickel,GBR,AGO,United Kingdom,Angola,750512|750522|750712,Processed,5903434.256,direct,55.378051,-3.435973,-11.202692,17.873887
Nickel,GBR,HRV,United Kingdom,Croatia,750400|750512|750522|750620,Processed,4933160.22,direct,55.378051,-3.435973,45.1,15.2
Nickel,GBR,DZA,United Kingdom,Algeria,750220|750400,Processed,4560274.116,direct,55.378051,-3.435973,28.033886,1.659626
Nickel,GBR,GHA,United Kingdom,Ghana,750712,Processed,3437087.928,direct,55.378051,-3.435973,7.946527,-1.023194
Nickel,GBR,PRT,United Kingdom,Portugal,750400|750511|750512|750521|750522|750610|750620|750712,Processed,3080270.722,direct,55.378051,-3.435973,39.399872,-8.224454
Nickel,GBR,GAB,United Kingdom,Gabon,750712,Processed,2992797.364,direct,55.378051,-3.435973,-0.803689,11.609444
Nickel,GBR,UKR,United Kingdom,Ukraine,282735|750210|750220|750400|750512|750522,Processed,2776186.684,direct,55.378051,-3.435973,48.379433,31.16558
Nickel,GBR,SVN,United Kingdom,Slovenia,750210|750400|750512|750522|750620|750712,Processed,2626246.428,direct,55.378051,-3.435973,46.151241,14.995463
Nickel,GBR,EGY,United Kingdom,Egypt,750210|750400|750511|750512|750620|750712,Processed,2016472.009,direct,55.378051,-3.435973,26.820553,30.802498
Nickel,GBR,PER,United Kingdom,Peru,750210|750400|750511|750512|750620,Processed,1920403.252,direct,55.378051,-3.435973,-9.189967,-75.015152
Nickel,GBR,ARG,United Kingdom,Argentina,750210|750400|750512|750522|750620|750712,Processed,1700624.16,direct,55.378051,-3.435973,-38.416097,-63.616672
Nickel,GBR,BIH,United Kingdom,Bosnia Herzegovina,750210,Processed,1310261.36,mirror,55.378051,-3.435973,43.915886,17.679076
Nickel,GBR,BGR,United Kingdom,Bulgaria,750210|750400|750512|750522,Processed,1124229.46,direct,55.378051,-3.435973,42.733883,25.48583
Nickel,GBR,VNM,United Kingdom,Viet Nam,283324|750512|750522|750620|750712,Processed,1097434.624,direct,55.378051,-3.435973,14.058324,108.277199
Nickel,GBR,SVK,United Kingdom,Slovakia,750210|750220|750512|750522|750620|750712,Processed,838255.404,direct,55.378051,-3.435973,48.669026,19.699024
Nickel,GBR,KEN,United Kingdom,Kenya,750400|750511|750512|750522|750620,Processed,698214.261,direct,55.378051,-3.435973,-0.023559,37.906193
Nickel,GBR,AZE,United Kingdom,Azerbaijan,750210|750511|750512|750522|750610|750620|750712,Processed,588461.764,direct,55.378051,-3.435973,40.143105,47.576927
Nickel,GBR,CRI,United Kingdom,Costa Rica,750512,Processed,562049.68,direct,55.378051,-3.435973,9.748917,-83.753428
Nickel,GBR,SEN,United Kingdom,Senegal,750712,Processed,333405.632,direct,55.378051,-3.435973,14.497401,14.452362
Nickel,GBR,KWT,United Kingdom,Kuwait,750400|750512|750620|750712,Processed,313437.512,direct,55.378051,-3.435973,29.31166,47.481766
Nickel,GBR,BHR,United Kingdom,Bahrain,750512|750522|750620|750712,Processed,308820.9,direct,55.378051,-3.435973,26.0275,50.55
Nickel,GBR,PNG,United Kingdom,Papua New Guinea,750712,Processed,293540.424,direct,55.378051,-3.435973,-6.314993,143.95555
Nickel,GBR,UZB,United Kingdom,Uzbekistan,750210|750522|750712,Processed,239059.26,direct,55.378051,-3.435973,41.377491,64.585262
Nickel,GBR,GRC,United Kingdom,Greece,750400|750512|750610|750620|750712,Processed,228183.494,direct,55.378051,-3.435973,39.074208,21.824312
Nickel,GBR,PAK,United Kingdom,Pakistan,750400|750512|750522,Processed,178155.568,direct,55.378051,-3.435973,30.375321,69.345116
Nickel,GBR,IRQ,United Kingdom,Iraq,750400|750512|750712,Processed,170342.84,direct,55.378051,-3.435973,33.223191,43.679291
Nickel,GBR,MRT,United Kingdom,Mauritania,750512|750712,Processed,161769.128,direct,55.378051,-3.435973,21.00789,-10.940835
Nickel,GBR,CHL,United Kingdom,Chile,750210|750400|750512|750521|750522,Processed,121689.736,direct,55.378051,-3.435973,-35.675147,-71.542969
Nickel,GBR,EST,United Kingdom,Estonia,750400|750512|750522|750712,Processed,120217.352,direct,55.378051,-3.435973,58.595272,25.013607
Nickel,GBR,LBY,United Kingdom,Libya,750712,Processed,118652,direct,55.378051,-3.435973,26.3351,17.228331
Nickel,GBR,NGA,United Kingdom,Nigeria,750400|750512,Processed,117489.328,direct,55.378051,-3.435973,9.081999,8.675277
Nickel,GBR,PHL,United Kingdom,Philippines,282735|750511|750512|750522|750620|750712,Processed,113820.876,direct,55.378051,-3.435973,12.879721,121.774017
Nickel,GBR,ATA,United Kingdom,Antarctica,750400,Processed,109327.46,direct,55.378051,-3.435973,,
Nickel,GBR,CYP,United Kingdom,Cyprus,283324|750400|750521|750522|750712,Processed,103098.212,direct,55.378051,-3.435973,35.126413,33.429859
Nickel,GBR,MLT,United Kingdom,Malta,750511|750521|750522|750620,Processed,98944.324,direct,55.378051,-3.435973,35.937496,14.375416
Nickel,GBR,LBN,United Kingdom,Lebanon,750400,Processed,94970.304,direct,55.378051,-3.435973,33.854721,35.862285
Nickel,GBR,LKA,United Kingdom,Sri Lanka,750210|750220|750400|750512|750521|750522|750620|750711,Processed,92084.974,direct,55.378051,-3.435973,7.873054,80.771797
Nickel,GBR,NZL,United Kingdom,New Zealand,282735|750120|750400|750512|750522|750620,Processed,75419.021,direct,55.378051,-3.435973,-40.900557,174.885971
Nickel,GBR,GUY,United Kingdom,Guyana,750400|750512|750712,Processed,36817.532,direct,55.378051,-3.435973,4.860416,-58.93018
Nickel,GBR,ECU,United Kingdom,Ecuador,282735|750400,Processed,36426.568,direct,55.378051,-3.435973,-1.831239,-78.183406
Nickel,GBR,TZA,United Kingdom,United Rep. of Tanzania,750400,Processed,36146.552,direct,55.378051,-3.435973,-6.369028,34.888822
Nickel,GBR,CIV,United Kingdom,Côte d'Ivoire,750712,Processed,34715.908,direct,55.378051,-3.435973,7.539989,-5.54708
Nickel,GBR,LTU,United Kingdom,Lithuania,282735|750512|750521|750522|750620,Processed,17717.452,direct,55.378051,-3.435973,55.169438,23.881275
Nickel,GBR,TKM,United Kingdom,Turkmenistan,750522,Processed,12409.048,direct,55.378051,-3.435973,38.969719,59.556278
Nickel,GBR,MLI,United Kingdom,Mali,750110|750620,Processed,10298.596,direct,55.378051,-3.435973,17.570692,-3.996166
Nickel,GBR,SYC,United Kingdom,Seychelles,750220|750522,Processed,9777.318,direct,55.378051,-3.435973,,
Nickel,GBR,BRB,United Kingdom,Barbados,750711,Processed,8979.564,direct,55.378051,-3.435973,,
Nickel,GBR,MKD,United Kingdom,North Macedonia,750210,Processed,8389.16,mirror,55.378051,-3.435973,41.608635,21.745275
Nickel,GBR,LVA,United Kingdom,Latvia,750512|750522,Processed,8236.272,direct,55.378051,-3.435973,56.879635,24.603189
Nickel,GBR,JOR,United Kingdom,Jordan,750400|750522,Processed,7671.042,direct,55.378051,-3.435973,30.585164,36.238414
Nickel,GBR,MDA,United Kingdom,Rep. of Moldova,750400,Processed,6240.036,direct,55.378051,-3.435973,47.411631,28.369885
Nickel,GBR,ISL,United Kingdom,Iceland,750511|750512|750522|750620,Processed,1946.353,mirror,55.378051,-3.435973,64.963051,-19.020835
Nickel,GBR,URY,United Kingdom,Uruguay,750522|750712,Processed,1345,mirror,55.378051,-3.435973,-32.522779,-55.765835
Nickel,GBR,IRN,United Kingdom,Iran,750400,Processed,913.176,direct,55.378051,-3.435973,32.427908,53.688046
Nickel,GBR,PRY,United Kingdom,Paraguay,282735,Processed,630.1,mirror,55.378051,-3.435973,-23.442503,-58.443832
Nickel,TZA,IND,United Rep. of Tanzania,India,750300,Processed,40933.872,mirror,-6.369028,34.888822,20.593684,78.96288
Nickel,TZA,COD,United Rep. of Tanzania,Dem. Rep. of the Congo,750610,Processed,3750.216,direct,-6.369028,34.888822,-4.038333,21.758664
Nickel,TZA,UGA,United Rep. of Tanzania,Uganda,750610,Processed,151.17,direct,-6.369028,34.888822,1.373333,32.290275
Nickel,TZA,CHN,United Rep. of Tanzania,China,750400,Processed,47.42,direct,-6.369028,34.888822,35.86166,104.195397
Nickel,URY,BRA,Uruguay,Brazil,750210,Processed,66386,direct,-32.522779,-55.765835,-14.235004,-51.92528
Nickel,UZB,FRA,Uzbekistan,France,750210,Processed,101570032.5,mirror,41.377491,64.585262,46.227638,2.213749
Nickel,UZB,DEU,Uzbekistan,Germany,750300,Processed,899365,direct,41.377491,64.585262,51.165691,10.451526
Nickel,UZB,LVA,Uzbekistan,Latvia,750210|750300,Processed,442955.916,direct,41.377491,64.585262,56.879635,24.603189
Nickel,UZB,LTU,Uzbekistan,Lithuania,750300,Processed,375087,direct,41.377491,64.585262,55.169438,23.881275
Nickel,UZB,POL,Uzbekistan,Poland,750300,Processed,135071,direct,41.377491,64.585262,51.919438,19.145136
Nickel,UZB,KGZ,Uzbekistan,Kyrgyzstan,750300,Processed,53740,direct,41.377491,64.585262,41.20438,74.766098
Nickel,UZB,KOR,Uzbekistan,Rep. of Korea,750610,Processed,280,direct,41.377491,64.585262,35.907757,127.766922
Nickel,VEN,BEL,Venezuela,Belgium,750300,Processed,476.302,mirror,6.42375,-66.58973,50.503887,4.469936
Nickel,VNM,CHN,Viet Nam,China,750120|750220|750522|750712,Processed,2901479,mirror,14.058324,108.277199,35.86166,104.195397
Nickel,VNM,KOR,Viet Nam,Rep. of Korea,282540|750210|750300|750512|750712,Processed,1850919,mirror,14.058324,108.277199,35.907757,127.766922
Nickel,VNM,IND,Viet Nam,India,750712,Processed,1131864.574,mirror,14.058324,108.277199,20.593684,78.96288
Nickel,VNM,SGP,Viet Nam,Singapore,750210|750300,Processed,406612.368,mirror,14.058324,108.277199,1.352083,103.819836
Nickel,VNM,USA,Viet Nam,USA,750300|750512|750712,Processed,354096,mirror,14.058324,108.277199,37.09024,-95.712891
Nickel,VNM,MYS,Viet Nam,Malaysia,750300|750620,Processed,346201.448,mirror,14.058324,108.277199,4.210484,101.975766
Nickel,VNM,CHE,Viet Nam,Switzerland,750522|750620,Processed,108754.612,mirror,14.058324,108.277199,46.818188,8.227512
Nickel,VNM,ITA,Viet Nam,Italy,750300,Processed,76167.938,mirror,14.058324,108.277199,41.87194,12.56738
Nickel,VNM,BRA,Viet Nam,Brazil,750620,Processed,51864,mirror,14.058324,108.277199,-14.235004,-51.92528
Nickel,VNM,IDN,Viet Nam,Indonesia,750522,Processed,27768,mirror,14.058324,108.277199,-0.789275,113.921327
Nickel,VNM,DEU,Viet Nam,Germany,750620,Processed,20546.736,mirror,14.058324,108.277199,51.165691,10.451526
Nickel,VNM,JPN,Viet Nam,Japan,750300|750522,Processed,19997.845,mirror,14.058324,108.277199,36.204824,138.252924
Nickel,VNM,FRA,Viet Nam,France,750522,Processed,2853.156,mirror,14.058324,108.277199,46.227638,2.213749
Nickel,VNM,SAU,Viet Nam,Saudi Arabia,750512,Processed,876.533,mirror,14.058324,108.277199,23.885942,45.079162
Nickel,VNM,GTM,Viet Nam,Guatemala,283324,Processed,573,mirror,14.058324,108.277199,15.783471,-90.230759
Nickel,VNM,NLD,Viet Nam,Netherlands,282540|750400,Processed,112.568,mirror,14.058324,108.277199,52.132633,5.291266
Nickel,VNM,THA,Viet Nam,Thailand,750522,Processed,86.4,mirror,14.058324,108.277199,15.870032,100.992541
Nickel,ZMB,NLD,Zambia,Netherlands,283324|750400,Processed,712.206,mirror,-13.133897,27.849332,52.132633,5.291266
Nickel,ZWE,ZAF,Zimbabwe,South Africa,750110,Processed,984672406.2,direct,-19.015438,29.154857,-30.559482,22.937506
Nickel,ZWE,_X ,Zimbabwe,"Areas, nes",750110,Processed,2480637.556,direct,-19.015438,29.154857,,
Nickel,ZWE,ESP,Zimbabwe,Spain,750210,Processed,186572.048,mirror,-19.015438,29.154857,40.463667,-3.74922