Mineral,reporterISO,partnerISO,Exporter,Importer,hs_codes,stage,trade_value_usd,mirror,source_lat,source_lng,target_lat,target_lng
Graphite,ALB,ITA,Albania,Italy,250410,Raw,15680.401,mirror,41.153332,20.168331,41.87194,12.56738
Graphite,DZA,FRA,Algeria,France,250490,Raw,168.852,mirror,28.033886,1.659626,46.227638,2.213749
Graphite,_X ,CZE,"Areas, nes",Czechia,250410,Raw,12032.0,mirror,,,49.817492,15.472962
Graphite,_X ,FRA,"Areas, nes",France,250410|250490,Raw,6831.984,mirror,,,46.227638,2.213749
Graphite,_X ,CHL,"Areas, nes",Chile,250410,Raw,700.0,mirror,,,-35.675147,-71.542969
Graphite,ARG,BRA,Argentina,Brazil,250410,Raw,12524.0,mirror,-38.416097,-63.616672,-14.235004,-51.92528
Graphite,ARM,RUS,Armenia,Russian Federation,250490,Raw,495.08,direct,40.069099,45.038189,61.52401,105.318756
Graphite,AUS,THA,Australia,Thailand,250410,Raw,168267.28,mirror,-25.274398,133.775136,15.870032,100.992541
Graphite,AUS,CHN,Australia,China,250410|250490,Raw,120558.538,direct,-25.274398,133.775136,35.86166,104.195397
Graphite,AUS,NZL,Australia,New Zealand,250410|250490,Raw,92518.068,direct,-25.274398,133.775136,-40.900557,174.885971
Graphite,AUS,ZAF,Australia,South Africa,250490,Raw,7829.172,direct,-25.274398,133.775136,-30.559482,22.937506
Graphite,AUS,CAN,Australia,Canada,250410|250490,Raw,7316.996,direct,-25.274398,133.775136,56.130366,-106.346771
Graphite,AUS,DEU,Australia,Germany,250410,Raw,5281.288,mirror,-25.274398,133.775136,51.165691,10.451526
Graphite,AUS,PNG,Australia,Papua New Guinea,250490,Raw,4561.298,direct,-25.274398,133.775136,-6.314993,143.95555
Graphite,AUS,ITA,Australia,Italy,250490,Raw,1135.046,direct,-25.274398,133.775136,41.87194,12.56738
Graphite,AUS,ESP,Australia,Spain,250490,Raw,1112.256,mirror,-25.274398,133.775136,40.463667,-3.74922
Graphite,AUS,SGP,Australia,Singapore,250410,Raw,1102.352,mirror,-25.274398,133.775136,1.352083,103.819836
Graphite,AUS,FRA,Australia,France,250490,Raw,658.088,mirror,-25.274398,133.775136,46.227638,2.213749
Graphite,AUS,FJI,Australia,Fiji,250490,Raw,341.225,mirror,-25.274398,133.775136,-16.578193,179.414413
Graphite,AUS,GBR,Australia,United Kingdom,250490,Raw,211.172,direct,-25.274398,133.775136,55.378051,-3.435973
Graphite,AUS,USA,Australia,USA,250490,Raw,131.982,direct,-25.274398,133.775136,37.09024,-95.712891
Graphite,AUS,FIN,Australia,Finland,250410,Raw,80.51,direct,-25.274398,133.775136,61.92411,25.748151
Graphite,AUS,POL,Australia,Poland,250410,Raw,24.0,mirror,-25.274398,133.775136,51.919438,19.145136
Graphite,AUS,TUV,Australia,Tuvalu,250490,Raw,21.118,direct,-25.274398,133.775136,,
Graphite,AUT,DEU,Austria,Germany,250410,Raw,3499653.165,direct,47.516231,14.550072,51.165691,10.451526
Graphite,AUT,IND,Austria,India,250410|250490,Raw,935669.893,direct,47.516231,14.550072,20.593684,78.96288
Graphite,AUT,ITA,Austria,Italy,250410,Raw,832483.707,direct,47.516231,14.550072,41.87194,12.56738
Graphite,AUT,TUR,Austria,Türkiye,250410,Raw,596542.084,direct,47.516231,14.550072,38.963745,35.243322
Graphite,AUT,FRA,Austria,France,250410,Raw,448099.016,direct,47.516231,14.550072,46.227638,2.213749
Graphite,AUT,GBR,Austria,United Kingdom,250410,Raw,233294.12,direct,47.516231,14.550072,55.378051,-3.435973
Graphite,AUT,CZE,Austria,Czechia,250410,Raw,145068.206,direct,47.516231,14.550072,49.817492,15.472962
Graphite,AUT,ESP,Austria,Spain,250410,Raw,125537.733,direct,47.516231,14.550072,40.463667,-3.74922
Graphite,AUT,SVN,Austria,Slovenia,250410,Raw,109184.047,direct,47.516231,14.550072,46.151241,14.995463
Graphite,AUT,NOR,Austria,Norway,250410,Raw,77237.587,direct,47.516231,14.550072,60.472024,8.468946
Graphite,AUT,POL,Austria,Poland,250410,Raw,62797.55,direct,47.516231,14.550072,51.919438,19.145136
Graphite,AUT,ROU,Austria,Romania,250410,Raw,57764.48,direct,47.516231,14.550072,45.943161,24.96676
Graphite,AUT,IDN,Austria,Indonesia,250410,Raw,57698.455,direct,47.516231,14.550072,-0.789275,113.921327
Graphite,AUT,NLD,Austria,Netherlands,250410|250490,Raw,48975.551,direct,47.516231,14.550072,52.132633,5.291266
Graphite,AUT,ARG,Austria,Argentina,250410,Raw,43881.869,direct,47.516231,14.550072,-38.416097,-63.616672
Graphite,AUT,USA,Austria,USA,250410|250490,Raw,35770.509,direct,47.516231,14.550072,37.09024,-95.712891
Graphite,AUT,SRB,Austria,Serbia,250410,Raw,28991.561,direct,47.516231,14.550072,44.016521,21.005859
Graphite,AUT,CHE,Austria,Switzerland,250410,Raw,28989.396,direct,47.516231,14.550072,46.818188,8.227512
Graphite,AUT,EST,Austria,Estonia,250410,Raw,26573.2,mirror,47.516231,14.550072,58.595272,25.013607
Graphite,AUT,CAN,Austria,Canada,250410|250490,Raw,20235.489,mirror,47.516231,14.550072,56.130366,-106.346771
Graphite,AUT,CHN,Austria,China,250410,Raw,17190.366,direct,47.516231,14.550072,35.86166,104.195397
Graphite,AUT,MKD,Austria,North Macedonia,250410,Raw,11846.654,direct,47.516231,14.550072,41.608635,21.745275
Graphite,AUT,SWE,Austria,Sweden,250410,Raw,10976.908,mirror,47.516231,14.550072,60.128161,18.643501
Graphite,AUT,THA,Austria,Thailand,250410,Raw,10962.44,mirror,47.516231,14.550072,15.870032,100.992541
Graphite,AUT,KOR,Austria,Rep. of Korea,250410|250490,Raw,10789.168,direct,47.516231,14.550072,35.907757,127.766922
Graphite,AUT,ZAF,Austria,South Africa,250410,Raw,7697.89,direct,47.516231,14.550072,-30.559482,22.937506
Graphite,AUT,BGR,Austria,Bulgaria,250410,Raw,6284.301,direct,47.516231,14.550072,42.733883,25.48583
Graphite,AUT,AUS,Austria,Australia,250410,Raw,4271.073,direct,47.516231,14.550072,-25.274398,133.775136
Graphite,AUT,GTM,Austria,Guatemala,250410,Raw,4219.119,direct,47.516231,14.550072,15.783471,-90.230759
Graphite,AUT,BRA,Austria,Brazil,250410|250490,Raw,3979.147,direct,47.516231,14.550072,-14.235004,-51.92528
Graphite,AUT,MAR,Austria,Morocco,250410,Raw,2760.07,direct,47.516231,14.550072,31.791702,-7.09262
Graphite,AUT,KAZ,Austria,Kazakhstan,250490,Raw,2405.91,mirror,47.516231,14.550072,48.019573,66.923684
Graphite,AUT,SVK,Austria,Slovakia,250410,Raw,1844.376,mirror,47.516231,14.550072,48.669026,19.699024
Graphite,AUT,PAK,Austria,Pakistan,250410|250490,Raw,1808.299,direct,47.516231,14.550072,30.375321,69.345116
Graphite,AUT,BEL,Austria,Belgium,250410,Raw,1787.01,direct,47.516231,14.550072,50.503887,4.469936
Graphite,AUT,HUN,Austria,Hungary,250410,Raw,1581.358,direct,47.516231,14.550072,47.162494,19.503304
Graphite,AUT,IRL,Austria,Ireland,250410,Raw,1134.335,mirror,47.516231,14.550072,53.41291,-8.24389
Graphite,AUT,NZL,Austria,New Zealand,250410,Raw,902.705,direct,47.516231,14.550072,-40.900557,174.885971
Graphite,AUT,FIN,Austria,Finland,250410,Raw,886.502,mirror,47.516231,14.550072,61.92411,25.748151
Graphite,AUT,SGP,Austria,Singapore,250410,Raw,734.936,direct,47.516231,14.550072,1.352083,103.819836
Graphite,AUT,BIH,Austria,Bosnia Herzegovina,250410|250490,Raw,687.3109999999999,direct,47.516231,14.550072,43.915886,17.679076
Graphite,AUT,LUX,Austria,Luxembourg,250410,Raw,197.978,mirror,47.516231,14.550072,49.815273,6.129583
Graphite,AUT,ISR,Austria,Israel,250410,Raw,196.993,direct,47.516231,14.550072,31.046051,34.851612
Graphite,AUT,ARE,Austria,United Arab Emirates,250410,Raw,186.169,direct,47.516231,14.550072,23.424076,53.847818
Graphite,AUT,ECU,Austria,Ecuador,250410,Raw,140.709,direct,47.516231,14.550072,-1.831239,-78.183406
Graphite,AUT,UKR,Austria,Ukraine,250410,Raw,121.227,direct,47.516231,14.550072,48.379433,31.16558
Graphite,AUT,JPN,Austria,Japan,250410,Raw,115.815,direct,47.516231,14.550072,36.204824,138.252924
Graphite,AUT,MEX,Austria,Mexico,250410,Raw,107.156,direct,47.516231,14.550072,23.634501,-102.552784
Graphite,AUT,ARM,Austria,Armenia,250410,Raw,34.636,direct,47.516231,14.550072,40.069099,45.038189
Graphite,AUT,HRV,Austria,Croatia,250410,Raw,28.142,direct,47.516231,14.550072,45.1,15.2
Graphite,AUT,VNM,Austria,Viet Nam,250410,Raw,17.318,direct,47.516231,14.550072,14.058324,108.277199
Graphite,AUT,MYS,Austria,Malaysia,250410,Raw,16.236,direct,47.516231,14.550072,4.210484,101.975766
Graphite,AUT,PRY,Austria,Paraguay,250410,Raw,3.247,direct,47.516231,14.550072,-23.442503,-58.443832
Graphite,AZE,TUR,Azerbaijan,Türkiye,250410,Raw,4.0,direct,40.143105,47.576927,38.963745,35.243322
Graphite,BEL,ESP,Belgium,Spain,250410|250490,Raw,634308.373,direct,50.503887,4.469936,40.463667,-3.74922
Graphite,BEL,ROU,Belgium,Romania,250410,Raw,247768.52,mirror,50.503887,4.469936,45.943161,24.96676
Graphite,BEL,GRC,Belgium,Greece,250410|250490,Raw,132728.138,direct,50.503887,4.469936,39.074208,21.824312
Graphite,BEL,IND,Belgium,India,250410,Raw,117627.935,direct,50.503887,4.469936,20.593684,78.96288
Graphite,BEL,DEU,Belgium,Germany,250410|250490,Raw,52745.195,direct,50.503887,4.469936,51.165691,10.451526
Graphite,BEL,USA,Belgium,USA,250410,Raw,29369.138,direct,50.503887,4.469936,37.09024,-95.712891
Graphite,BEL,CHN,Belgium,China,250410|250490,Raw,27581.554,direct,50.503887,4.469936,35.86166,104.195397
Graphite,BEL,BRA,Belgium,Brazil,250410,Raw,11864.016,direct,50.503887,4.469936,-14.235004,-51.92528
Graphite,BEL,SVK,Belgium,Slovakia,250490,Raw,7599.133,direct,50.503887,4.469936,48.669026,19.699024
Graphite,BEL,GBR,Belgium,United Kingdom,250410|250490,Raw,5815.936,direct,50.503887,4.469936,55.378051,-3.435973
Graphite,BEL,FRA,Belgium,France,250410|250490,Raw,4892.912,direct,50.503887,4.469936,46.227638,2.213749
Graphite,BEL,NLD,Belgium,Netherlands,250410,Raw,4335.226,direct,50.503887,4.469936,52.132633,5.291266
Graphite,BEL,MEX,Belgium,Mexico,250410,Raw,2063.677,direct,50.503887,4.469936,23.634501,-102.552784
Graphite,BEL,ARG,Belgium,Argentina,250410,Raw,1078.625,direct,50.503887,4.469936,-38.416097,-63.616672
Graphite,BEL,LUX,Belgium,Luxembourg,250410,Raw,290.727,direct,50.503887,4.469936,49.815273,6.129583
Graphite,BEL,CHE,Belgium,Switzerland,250410,Raw,149.924,mirror,50.503887,4.469936,46.818188,8.227512
Graphite,BEL,ITA,Belgium,Italy,250490,Raw,128.684,direct,50.503887,4.469936,41.87194,12.56738
Graphite,BEL,KOR,Belgium,Rep. of Korea,250410,Raw,31.0,mirror,50.503887,4.469936,35.907757,127.766922
Graphite,BEL,PRT,Belgium,Portugal,250410,Raw,2.63,direct,50.503887,4.469936,39.399872,-8.224454
Graphite,BEL,UKR,Belgium,Ukraine,250410,Raw,0.087,direct,50.503887,4.469936,48.379433,31.16558
Graphite,BIH,DEU,Bosnia Herzegovina,Germany,250410,Raw,115.036,direct,43.915886,17.679076,51.165691,10.451526
Graphite,BRA,DEU,Brazil,Germany,250410|250490,Raw,13797095.984,direct,-14.235004,-51.92528,51.165691,10.451526
Graphite,BRA,USA,Brazil,USA,250410|250490,Raw,8782734.0,direct,-14.235004,-51.92528,37.09024,-95.712891
Graphite,BRA,BEL,Brazil,Belgium,250410|250490,Raw,5846172.0,direct,-14.235004,-51.92528,50.503887,4.469936
Graphite,BRA,POL,Brazil,Poland,250410|250490,Raw,5387620.0,direct,-14.235004,-51.92528,51.919438,19.145136
Graphite,BRA,THA,Brazil,Thailand,250410|250490,Raw,3301285.92,direct,-14.235004,-51.92528,15.870032,100.992541
Graphite,BRA,JPN,Brazil,Japan,250410,Raw,1790284.0,direct,-14.235004,-51.92528,36.204824,138.252924
Graphite,BRA,ARG,Brazil,Argentina,250410|250490,Raw,1581810.0,direct,-14.235004,-51.92528,-38.416097,-63.616672
Graphite,BRA,PRY,Brazil,Paraguay,250410|250490,Raw,1455850.0,direct,-14.235004,-51.92528,-23.442503,-58.443832
Graphite,BRA,MEX,Brazil,Mexico,250410|250490,Raw,1019530.0,direct,-14.235004,-51.92528,23.634501,-102.552784
Graphite,BRA,BOL,Brazil,Bolivia (Plurinational State of),250410|250490,Raw,608266.0,direct,-14.235004,-51.92528,-16.290154,-63.588653
Graphite,BRA,FRA,Brazil,France,250410|250490,Raw,527860.0,direct,-14.235004,-51.92528,46.227638,2.213749
Graphite,BRA,NLD,Brazil,Netherlands,250410,Raw,405628.0,direct,-14.235004,-51.92528,52.132633,5.291266
Graphite,BRA,TUR,Brazil,Türkiye,250410,Raw,388440.0,direct,-14.235004,-51.92528,38.963745,35.243322
Graphite,BRA,KOR,Brazil,Rep. of Korea,250410,Raw,321224.0,direct,-14.235004,-51.92528,35.907757,127.766922
Graphite,BRA,SVK,Brazil,Slovakia,250410,Raw,213073.088,mirror,-14.235004,-51.92528,48.669026,19.699024
Graphite,BRA,VEN,Brazil,Venezuela,250410,Raw,178950.0,direct,-14.235004,-51.92528,6.42375,-66.58973
Graphite,BRA,COL,Brazil,Colombia,250410,Raw,153470.0,direct,-14.235004,-51.92528,4.570868,-74.297333
Graphite,BRA,CHN,Brazil,China,250410|250490,Raw,146166.0,direct,-14.235004,-51.92528,35.86166,104.195397
Graphite,BRA,CHL,Brazil,Chile,250410|250490,Raw,122234.0,direct,-14.235004,-51.92528,-35.675147,-71.542969
Graphite,BRA,PER,Brazil,Peru,250410,Raw,108652.0,direct,-14.235004,-51.92528,-9.189967,-75.015152
Graphite,BRA,MAR,Brazil,Morocco,250410,Raw,91884.42,mirror,-14.235004,-51.92528,31.791702,-7.09262
Graphite,BRA,ITA,Brazil,Italy,250410,Raw,61440.0,direct,-14.235004,-51.92528,41.87194,12.56738
Graphite,BRA,URY,Brazil,Uruguay,250410|250490,Raw,55432.0,direct,-14.235004,-51.92528,-32.522779,-55.765835
Graphite,BRA,ZAF,Brazil,South Africa,250410,Raw,48420.0,direct,-14.235004,-51.92528,-30.559482,22.937506
Graphite,BRA,TKM,Brazil,Turkmenistan,250410,Raw,40760.0,direct,-14.235004,-51.92528,38.969719,59.556278
Graphite,BRA,ECU,Brazil,Ecuador,250410,Raw,11948.0,direct,-14.235004,-51.92528,-1.831239,-78.183406
Graphite,BRA,AGO,Brazil,Angola,250410,Raw,11462.0,direct,-14.235004,-51.92528,-11.202692,17.873887
Graphite,BRA,KHM,Brazil,Cambodia,250410|250490,Raw,5585.0,direct,-14.235004,-51.92528,12.565679,104.990963
Graphite,BRA,SEN,Brazil,Senegal,250410,Raw,4344.0,direct,-14.235004,-51.92528,14.497401,14.452362
Graphite,BRA,ESP,Brazil,Spain,250410,Raw,1792.792,mirror,-14.235004,-51.92528,40.463667,-3.74922
Graphite,BRA,CRI,Brazil,Costa Rica,250410,Raw,1496.0,direct,-14.235004,-51.92528,9.748917,-83.753428
Graphite,BRA,SGP,Brazil,Singapore,250410,Raw,1464.0,direct,-14.235004,-51.92528,1.352083,103.819836
Graphite,BRA,BRA,Brazil,Brazil,250410,Raw,1246.0,mirror,-14.235004,-51.92528,-14.235004,-51.92528
Graphite,BRA,COD,Brazil,Dem. Rep. of the Congo,250410,Raw,678.0,direct,-14.235004,-51.92528,-4.038333,21.758664
Graphite,BRA,HND,Brazil,Honduras,250410,Raw,428.0,direct,-14.235004,-51.92528,15.199999,-86.241905
Graphite,BRA,ARM,Brazil,Armenia,250490,Raw,345.44,mirror,-14.235004,-51.92528,40.069099,45.038189
Graphite,BRA,BIH,Brazil,Bosnia Herzegovina,250410,Raw,315.728,mirror,-14.235004,-51.92528,43.915886,17.679076
Graphite,BRA,TZA,Brazil,United Rep. of Tanzania,250410,Raw,116.846,mirror,-14.235004,-51.92528,-6.369028,34.888822
Graphite,BRA,GBR,Brazil,United Kingdom,250410,Raw,114.0,direct,-14.235004,-51.92528,55.378051,-3.435973
Graphite,BGR,GRC,Bulgaria,Greece,250410|250490,Raw,12369.444,mirror,42.733883,25.48583,39.074208,21.824312
Graphite,BGR,NLD,Bulgaria,Netherlands,250410,Raw,1.082,mirror,42.733883,25.48583,52.132633,5.291266
Graphite,CMR,FRA,Cameroon,France,250410,Raw,99.58,mirror,3.848033,11.502075,46.227638,2.213749
Graphite,CMR,ZAF,Cameroon,South Africa,250490,Raw,84.24,mirror,3.848033,11.502075,-30.559482,22.937506
Graphite,CAN,USA,Canada,USA,250410|250490,Raw,56558162.791999996,direct,56.130366,-106.346771,37.09024,-95.712891
Graphite,CAN,DEU,Canada,Germany,250410,Raw,5841446.152,direct,56.130366,-106.346771,51.165691,10.451526
Graphite,CAN,JPN,Canada,Japan,250410,Raw,4074754.072,direct,56.130366,-106.346771,36.204824,138.252924
Graphite,CAN,ESP,Canada,Spain,250410,Raw,2659048.444,direct,56.130366,-106.346771,40.463667,-3.74922
Graphite,CAN,ITA,Canada,Italy,250410,Raw,1075381.468,direct,56.130366,-106.346771,41.87194,12.56738
Graphite,CAN,NLD,Canada,Netherlands,250410,Raw,855457.346,direct,56.130366,-106.346771,52.132633,5.291266
Graphite,CAN,AUT,Canada,Austria,250410,Raw,433167.578,mirror,56.130366,-106.346771,47.516231,14.550072
Graphite,CAN,CHN,Canada,China,250410,Raw,337624.028,direct,56.130366,-106.346771,35.86166,104.195397
Graphite,CAN,CZE,Canada,Czechia,250410,Raw,304378.8,direct,56.130366,-106.346771,49.817492,15.472962
Graphite,CAN,KOR,Canada,Rep. of Korea,250410,Raw,276310.944,direct,56.130366,-106.346771,35.907757,127.766922
Graphite,CAN,CHE,Canada,Switzerland,250410,Raw,242842.816,direct,56.130366,-106.346771,46.818188,8.227512
Graphite,CAN,FRA,Canada,France,250410|250490,Raw,195205.35,direct,56.130366,-106.346771,46.227638,2.213749
Graphite,CAN,CAN,Canada,Canada,250410|250490,Raw,124900.268,mirror,56.130366,-106.346771,56.130366,-106.346771
Graphite,CAN,FIN,Canada,Finland,250410,Raw,120515.72,direct,56.130366,-106.346771,61.92411,25.748151
Graphite,CAN,EGY,Canada,Egypt,250410|250490,Raw,106164.613,direct,56.130366,-106.346771,26.820553,30.802498
Graphite,CAN,IND,Canada,India,250410,Raw,92340.648,direct,56.130366,-106.346771,20.593684,78.96288
Graphite,CAN,UMI,Canada,United States Minor Outlying Islands,250410,Raw,85935.944,direct,56.130366,-106.346771,,
Graphite,CAN,SVN,Canada,Slovenia,250410,Raw,48676.704,mirror,56.130366,-106.346771,46.151241,14.995463
Graphite,CAN,GBR,Canada,United Kingdom,250410,Raw,31637.0,direct,56.130366,-106.346771,55.378051,-3.435973
Graphite,CAN,ARG,Canada,Argentina,250410,Raw,14771.76,mirror,56.130366,-106.346771,-38.416097,-63.616672
Graphite,CAN,POL,Canada,Poland,250410,Raw,11573.616,direct,56.130366,-106.346771,51.919438,19.145136
Graphite,CAN,DZA,Canada,Algeria,250410,Raw,9082.272,direct,56.130366,-106.346771,28.033886,1.659626
Graphite,CAN,THA,Canada,Thailand,250410,Raw,4102.24,mirror,56.130366,-106.346771,15.870032,100.992541
Graphite,CAN,MEX,Canada,Mexico,250410,Raw,1924.232,direct,56.130366,-106.346771,23.634501,-102.552784
Graphite,CAN,AUS,Canada,Australia,250490,Raw,1052.404,direct,56.130366,-106.346771,-25.274398,133.775136
Graphite,CAN,BEL,Canada,Belgium,250410,Raw,688.459,mirror,56.130366,-106.346771,50.503887,4.469936
Graphite,CAN,SGP,Canada,Singapore,250410|250490,Raw,541.821,mirror,56.130366,-106.346771,1.352083,103.819836
Graphite,CAN,UGA,Canada,Uganda,250490,Raw,31.0,mirror,56.130366,-106.346771,1.373333,32.290275
Graphite,CAF,GBR,Central African Rep.,United Kingdom,250410,Raw,285955.992,mirror,6.611111,20.939444,55.378051,-3.435973
Graphite,TCD,ZAF,Chad,South Africa,250410,Raw,4.148,mirror,15.454166,18.732207,-30.559482,22.937506
Graphite,CHL,ARG,Chile,Argentina,250490,Raw,8515.88,direct,-35.675147,-71.542969,-38.416097,-63.616672
Graphite,CHL,PER,Chile,Peru,250410,Raw,6735.69,direct,-35.675147,-71.542969,-9.189967,-75.015152
Graphite,CHL,PRY,Chile,Paraguay,250490,Raw,2898.14,mirror,-35.675147,-71.542969,-23.442503,-58.443832
Graphite,CHN,JPN,China,Japan,250410|250490,Raw,65482461.0,direct,35.86166,104.195397,36.204824,138.252924
Graphite,CHN,KOR,China,Rep. of Korea,250410|250490,Raw,48789478.0,direct,35.86166,104.195397,35.907757,127.766922
Graphite,CHN,USA,China,USA,250410|250490,Raw,45082146.0,direct,35.86166,104.195397,37.09024,-95.712891
Graphite,CHN,IDN,China,Indonesia,250410|250490,Raw,9486246.0,direct,35.86166,104.195397,-0.789275,113.921327
Graphite,CHN,DEU,China,Germany,250410|250490,Raw,8738133.0,direct,35.86166,104.195397,51.165691,10.451526
Graphite,CHN,IND,China,India,250410|250490,Raw,2934327.0,direct,35.86166,104.195397,20.593684,78.96288
Graphite,CHN,FRA,China,France,250410|250490,Raw,2386498.41,direct,35.86166,104.195397,46.227638,2.213749
Graphite,CHN,NLD,China,Netherlands,250410|250490,Raw,2228611.0,direct,35.86166,104.195397,52.132633,5.291266
Graphite,CHN,GBR,China,United Kingdom,250410|250490,Raw,2188768.852,direct,35.86166,104.195397,55.378051,-3.435973
Graphite,CHN,RUS,China,Russian Federation,250410|250490,Raw,1746708.0,direct,35.86166,104.195397,61.52401,105.318756
Graphite,CHN,SVN,China,Slovenia,250410|250490,Raw,1499421.0,direct,35.86166,104.195397,46.151241,14.995463
Graphite,CHN,VNM,China,Viet Nam,250410|250490,Raw,1446948.0,direct,35.86166,104.195397,14.058324,108.277199
Graphite,CHN,TUR,China,Türkiye,250410|250490,Raw,1372717.0,direct,35.86166,104.195397,38.963745,35.243322
Graphite,CHN,S19,China,"Other Asia, nes",250410|250490,Raw,1280220.0,direct,35.86166,104.195397,,
Graphite,CHN,IRN,China,Iran,250410,Raw,1261524.0,direct,35.86166,104.195397,32.427908,53.688046
Graphite,CHN,ESP,China,Spain,250410|250490,Raw,1138417.0,direct,35.86166,104.195397,40.463667,-3.74922
Graphite,CHN,BEL,China,Belgium,250410|250490,Raw,1132596.0,direct,35.86166,104.195397,50.503887,4.469936
Graphite,CHN,THA,China,Thailand,250410|250490,Raw,738559.0,direct,35.86166,104.195397,15.870032,100.992541
Graphite,CHN,MYS,China,Malaysia,250410|250490,Raw,689431.316,direct,35.86166,104.195397,4.210484,101.975766
Graphite,CHN,CAN,China,Canada,250410|250490,Raw,579228.0,direct,35.86166,104.195397,56.130366,-106.346771
Graphite,CHN,POL,China,Poland,250410|250490,Raw,563000.0,direct,35.86166,104.195397,51.919438,19.145136
Graphite,CHN,ITA,China,Italy,250410|250490,Raw,528996.0,direct,35.86166,104.195397,41.87194,12.56738
Graphite,CHN,CHN,China,China,250410,Raw,475889.0,mirror,35.86166,104.195397,35.86166,104.195397
Graphite,CHN,COL,China,Colombia,250410|250490,Raw,461583.15,direct,35.86166,104.195397,4.570868,-74.297333
Graphite,CHN,COG,China,Congo,250410,Raw,435732.0,direct,35.86166,104.195397,-0.228021,15.827659
Graphite,CHN,ZAF,China,South Africa,250410|250490,Raw,409450.868,direct,35.86166,104.195397,-30.559482,22.937506
Graphite,CHN,PAK,China,Pakistan,250410|250490,Raw,346480.0,direct,35.86166,104.195397,30.375321,69.345116
Graphite,CHN,AUS,China,Australia,250410,Raw,332168.0,direct,35.86166,104.195397,-25.274398,133.775136
Graphite,CHN,UKR,China,Ukraine,250410,Raw,326991.0,direct,35.86166,104.195397,48.379433,31.16558
Graphite,CHN,SGP,China,Singapore,250410|250490,Raw,300034.9,direct,35.86166,104.195397,1.352083,103.819836
Graphite,CHN,MEX,China,Mexico,250410,Raw,267189.0,direct,35.86166,104.195397,23.634501,-102.552784
Graphite,CHN,HUN,China,Hungary,250410,Raw,265998.712,mirror,35.86166,104.195397,47.162494,19.503304
Graphite,CHN,KGZ,China,Kyrgyzstan,250410|250490,Raw,220112.0,direct,35.86166,104.195397,41.20438,74.766098
Graphite,CHN,SRB,China,Serbia,250410|250490,Raw,208991.0,direct,35.86166,104.195397,44.016521,21.005859
Graphite,CHN,CZE,China,Czechia,250410|250490,Raw,199312.0,direct,35.86166,104.195397,49.817492,15.472962
Graphite,CHN,SVK,China,Slovakia,250410,Raw,194000.0,direct,35.86166,104.195397,48.669026,19.699024
Graphite,CHN,ARG,China,Argentina,250410|250490,Raw,157264.0,direct,35.86166,104.195397,-38.416097,-63.616672
Graphite,CHN,BGD,China,Bangladesh,250410,Raw,141366.0,direct,35.86166,104.195397,23.684994,90.356331
Graphite,CHN,AUT,China,Austria,250410|250490,Raw,141356.901,direct,35.86166,104.195397,47.516231,14.550072
Graphite,CHN,PER,China,Peru,250410|250490,Raw,140041.99599999998,direct,35.86166,104.195397,-9.189967,-75.015152
Graphite,CHN,MKD,China,North Macedonia,250410,Raw,120086.98,mirror,35.86166,104.195397,41.608635,21.745275
Graphite,CHN,EGY,China,Egypt,250410|250490,Raw,116954.0,direct,35.86166,104.195397,26.820553,30.802498
Graphite,CHN,NGA,China,Nigeria,250410|250490,Raw,109240.0,direct,35.86166,104.195397,9.081999,8.675277
Graphite,CHN,KAZ,China,Kazakhstan,250410|250490,Raw,108108.0,direct,35.86166,104.195397,48.019573,66.923684
Graphite,CHN,BRA,China,Brazil,250410|250490,Raw,89384.0,direct,35.86166,104.195397,-14.235004,-51.92528
Graphite,CHN,CHE,China,Switzerland,250410,Raw,85239.0,direct,35.86166,104.195397,46.818188,8.227512
Graphite,CHN,FIN,China,Finland,250410|250490,Raw,84886.257,mirror,35.86166,104.195397,61.92411,25.748151
Graphite,CHN,AFG,China,Afghanistan,250410,Raw,76580.0,direct,35.86166,104.195397,33.93911,67.709953
Graphite,CHN,MAR,China,Morocco,250410,Raw,68610.0,direct,35.86166,104.195397,31.791702,-7.09262
Graphite,CHN,BGR,China,Bulgaria,250410,Raw,54250.0,direct,35.86166,104.195397,42.733883,25.48583
Graphite,CHN,TZA,China,United Rep. of Tanzania,250410|250490,Raw,47775.186,direct,35.86166,104.195397,-6.369028,34.888822
Graphite,CHN,SAU,China,Saudi Arabia,250410|250490,Raw,45849.933000000005,direct,35.86166,104.195397,23.885942,45.079162
Graphite,CHN,TKM,China,Turkmenistan,250410,Raw,44619.0,direct,35.86166,104.195397,38.969719,59.556278
Graphite,CHN,AZE,China,Azerbaijan,250410,Raw,42215.36,mirror,35.86166,104.195397,40.143105,47.576927
Graphite,CHN,MMR,China,Myanmar,250410|250490,Raw,37283.0,direct,35.86166,104.195397,21.913965,95.956223
Graphite,CHN,DOM,China,Dominican Rep.,250410,Raw,36007.974,mirror,35.86166,104.195397,18.735693,-70.162651
Graphite,CHN,BOL,China,Bolivia (Plurinational State of),250410,Raw,34724.0,mirror,35.86166,104.195397,-16.290154,-63.588653
Graphite,CHN,CIV,China,Côte d'Ivoire,250410,Raw,32548.942,mirror,35.86166,104.195397,7.539989,-5.54708
Graphite,CHN,CHL,China,Chile,250410,Raw,27216.0,direct,35.86166,104.195397,-35.675147,-71.542969
Graphite,CHN,QAT,China,Qatar,250410,Raw,27000.0,direct,35.86166,104.195397,25.354826,51.183884
Graphite,CHN,ZMB,China,Zambia,250410,Raw,26952.925,mirror,35.86166,104.195397,-13.133897,27.849332
Graphite,CHN,ZWE,China,Zimbabwe,250410,Raw,25897.091,mirror,35.86166,104.195397,-19.015438,29.154857
Graphite,CHN,ARE,China,United Arab Emirates,250410,Raw,24905.0,direct,35.86166,104.195397,23.424076,53.847818
Graphite,CHN,LAO,China,Lao People's Dem. Rep.,250410,Raw,22623.0,direct,35.86166,104.195397,19.85627,102.495496
Graphite,CHN,SWE,China,Sweden,250410|250490,Raw,22013.656,direct,35.86166,104.195397,60.128161,18.643501
Graphite,CHN,HRV,China,Croatia,250410,Raw,21842.0,direct,35.86166,104.195397,45.1,15.2
Graphite,CHN,IRQ,China,Iraq,250410,Raw,21560.0,direct,35.86166,104.195397,33.223191,43.679291
Graphite,CHN,PHL,China,Philippines,250410,Raw,20880.0,direct,35.86166,104.195397,12.879721,121.774017
Graphite,CHN,GRC,China,Greece,250410,Raw,18902.692,mirror,35.86166,104.195397,39.074208,21.824312
Graphite,CHN,_X ,China,"Areas, nes",250410|250490,Raw,16353.0,direct,35.86166,104.195397,,
Graphite,CHN,LUX,China,Luxembourg,250410|250490,Raw,16156.823,mirror,35.86166,104.195397,49.815273,6.129583
Graphite,CHN,KHM,China,Cambodia,250410|250490,Raw,16055.220000000001,direct,35.86166,104.195397,12.565679,104.990963
Graphite,CHN,BHR,China,Bahrain,250410|250490,Raw,15363.383,mirror,35.86166,104.195397,26.0275,50.55
Graphite,CHN,LKA,China,Sri Lanka,250410,Raw,15209.0,direct,35.86166,104.195397,7.873054,80.771797
Graphite,CHN,DZA,China,Algeria,250410,Raw,13200.0,direct,35.86166,104.195397,28.033886,1.659626
Graphite,CHN,OMN,China,Oman,250410,Raw,13154.0,direct,35.86166,104.195397,21.512583,55.923255
Graphite,CHN,UGA,China,Uganda,250410|250490,Raw,12964.0,mirror,35.86166,104.195397,1.373333,32.290275
Graphite,CHN,AGO,China,Angola,250410,Raw,12350.0,mirror,35.86166,104.195397,-11.202692,17.873887
Graphite,CHN,NPL,China,Nepal,250410,Raw,12211.0,direct,35.86166,104.195397,28.394857,84.124008
Graphite,CHN,URY,China,Uruguay,250410|250490,Raw,12206.0,direct,35.86166,104.195397,-32.522779,-55.765835
Graphite,CHN,CRI,China,Costa Rica,250410,Raw,6508.87,mirror,35.86166,104.195397,9.748917,-83.753428
Graphite,CHN,JOR,China,Jordan,250410|250490,Raw,5756.0560000000005,direct,35.86166,104.195397,30.585164,36.238414
Graphite,CHN,KWT,China,Kuwait,250410,Raw,5140.0,direct,35.86166,104.195397,29.31166,47.481766
Graphite,CHN,UZB,China,Uzbekistan,250410,Raw,4697.0,direct,35.86166,104.195397,41.377491,64.585262
Graphite,CHN,NAM,China,Namibia,250410,Raw,4535.768,mirror,35.86166,104.195397,-22.95764,18.49041
Graphite,CHN,MNG,China,Mongolia,250410|250490,Raw,4352.0,direct,35.86166,104.195397,46.862496,103.846656
Graphite,CHN,DNK,China,Denmark,250410|250490,Raw,3612.443,direct,35.86166,104.195397,56.26392,9.501785
Graphite,CHN,ECU,China,Ecuador,250410|250490,Raw,2056.0,direct,35.86166,104.195397,-1.831239,-78.183406
Graphite,CHN,NOR,China,Norway,250410,Raw,1257.604,mirror,35.86166,104.195397,60.472024,8.468946
Graphite,CHN,GIN,China,Guinea,250410,Raw,842.0,direct,35.86166,104.195397,9.945587,-9.696645
Graphite,CHN,LBN,China,Lebanon,250410,Raw,804.0,mirror,35.86166,104.195397,33.854721,35.862285
Graphite,CHN,PRT,China,Portugal,250410,Raw,800.0,direct,35.86166,104.195397,39.399872,-8.224454
Graphite,CHN,LVA,China,Latvia,250410,Raw,595.192,mirror,35.86166,104.195397,56.879635,24.603189
Graphite,CHN,ETH,China,Ethiopia,250410,Raw,448.0,direct,35.86166,104.195397,9.145,40.489673
Graphite,CHN,KEN,China,Kenya,250490,Raw,393.232,mirror,35.86166,104.195397,-0.023559,37.906193
Graphite,CHN,MWI,China,Malawi,250490,Raw,386.668,mirror,35.86166,104.195397,-13.254308,34.301525
Graphite,CHN,IRL,China,Ireland,250410|250490,Raw,340.95,mirror,35.86166,104.195397,53.41291,-8.24389
Graphite,CHN,HND,China,Honduras,250410,Raw,147.91,mirror,35.86166,104.195397,15.199999,-86.241905
Graphite,CHN,LTU,China,Lithuania,250490,Raw,61.0,mirror,35.86166,104.195397,55.169438,23.881275
Graphite,CHN,ISL,China,Iceland,250490,Raw,24.094,mirror,35.86166,104.195397,64.963051,-19.020835
Graphite,COL,USA,Colombia,USA,250410|250490,Raw,31145.6,direct,4.570868,-74.297333,37.09024,-95.712891
Graphite,COL,ECU,Colombia,Ecuador,250410|250490,Raw,20184.710000000003,direct,4.570868,-74.297333,-1.831239,-78.183406
Graphite,COL,VEN,Colombia,Venezuela,250410|250490,Raw,12308.49,direct,4.570868,-74.297333,6.42375,-66.58973
Graphite,COL,PER,Colombia,Peru,250490,Raw,3414.01,direct,4.570868,-74.297333,-9.189967,-75.015152
Graphite,COL,ESP,Colombia,Spain,250490,Raw,1973.696,mirror,4.570868,-74.297333,40.463667,-3.74922
Graphite,COL,SVK,Colombia,Slovakia,250490,Raw,406.976,mirror,4.570868,-74.297333,48.669026,19.699024
Graphite,COL,PRT,Colombia,Portugal,250490,Raw,217.96,mirror,4.570868,-74.297333,39.399872,-8.224454
Graphite,HRV,BIH,Croatia,Bosnia Herzegovina,250410,Raw,74.0,direct,45.1,15.2,43.915886,17.679076
Graphite,CYP,FRA,Cyprus,France,250410,Raw,12585.92,mirror,35.126413,33.429859,46.227638,2.213749
Graphite,CYP,GRC,Cyprus,Greece,250490,Raw,974.142,mirror,35.126413,33.429859,39.074208,21.824312
Graphite,CZE,DEU,Czechia,Germany,250410|250490,Raw,3189358.296,direct,49.817492,15.472962,51.165691,10.451526
Graphite,CZE,HUN,Czechia,Hungary,250410|250490,Raw,1712782.0,direct,49.817492,15.472962,47.162494,19.503304
Graphite,CZE,SVK,Czechia,Slovakia,250410|250490,Raw,1517394.0,direct,49.817492,15.472962,48.669026,19.699024
Graphite,CZE,ITA,Czechia,Italy,250410|250490,Raw,1101661.044,direct,49.817492,15.472962,41.87194,12.56738
Graphite,CZE,POL,Czechia,Poland,250410|250490,Raw,965104.0,direct,49.817492,15.472962,51.919438,19.145136
Graphite,CZE,TUR,Czechia,Türkiye,250410,Raw,306310.0,direct,49.817492,15.472962,38.963745,35.243322
Graphite,CZE,SWE,Czechia,Sweden,250410,Raw,228226.0,direct,49.817492,15.472962,60.128161,18.643501
Graphite,CZE,NLD,Czechia,Netherlands,250410,Raw,207558.0,direct,49.817492,15.472962,52.132633,5.291266
Graphite,CZE,AUS,Czechia,Australia,250410,Raw,131424.0,direct,49.817492,15.472962,-25.274398,133.775136
Graphite,CZE,IND,Czechia,India,250410|250490,Raw,81421.632,direct,49.817492,15.472962,20.593684,78.96288
Graphite,CZE,GBR,Czechia,United Kingdom,250410,Raw,63476.0,direct,49.817492,15.472962,55.378051,-3.435973
Graphite,CZE,FRA,Czechia,France,250410,Raw,60380.0,direct,49.817492,15.472962,46.227638,2.213749
Graphite,CZE,ESP,Czechia,Spain,250410,Raw,40170.0,direct,49.817492,15.472962,40.463667,-3.74922
Graphite,CZE,GRC,Czechia,Greece,250410,Raw,35978.0,direct,49.817492,15.472962,39.074208,21.824312
Graphite,CZE,SVN,Czechia,Slovenia,250410|250490,Raw,17278.024,direct,49.817492,15.472962,46.151241,14.995463
Graphite,CZE,ROU,Czechia,Romania,250410,Raw,12756.0,direct,49.817492,15.472962,45.943161,24.96676
Graphite,CZE,NZL,Czechia,New Zealand,250410,Raw,8536.0,direct,49.817492,15.472962,-40.900557,174.885971
Graphite,CZE,AUT,Czechia,Austria,250410,Raw,6740.0,direct,49.817492,15.472962,47.516231,14.550072
Graphite,CZE,MEX,Czechia,Mexico,250410,Raw,6558.0,direct,49.817492,15.472962,23.634501,-102.552784
Graphite,CZE,CRI,Czechia,Costa Rica,250410,Raw,4738.0,direct,49.817492,15.472962,9.748917,-83.753428
Graphite,CZE,BEL,Czechia,Belgium,250410,Raw,4170.0,direct,49.817492,15.472962,50.503887,4.469936
Graphite,CZE,SLV,Czechia,El Salvador,250410,Raw,1548.0,direct,49.817492,15.472962,13.794185,-88.89653
Graphite,CZE,SRB,Czechia,Serbia,250410,Raw,1068.0,direct,49.817492,15.472962,44.016521,21.005859
Graphite,CZE,PER,Czechia,Peru,250410,Raw,1040.0,direct,49.817492,15.472962,-9.189967,-75.015152
Graphite,CZE,ISR,Czechia,Israel,250410,Raw,860.0,direct,49.817492,15.472962,31.046051,34.851612
Graphite,CZE,HND,Czechia,Honduras,250410,Raw,773.05,mirror,49.817492,15.472962,15.199999,-86.241905
Graphite,CZE,BRA,Czechia,Brazil,250410,Raw,414.0,direct,49.817492,15.472962,-14.235004,-51.92528
Graphite,CZE,LTU,Czechia,Lithuania,250410,Raw,318.0,direct,49.817492,15.472962,55.169438,23.881275
Graphite,CZE,MYS,Czechia,Malaysia,250410,Raw,290.0,direct,49.817492,15.472962,4.210484,101.975766
Graphite,CZE,ZAF,Czechia,South Africa,250410,Raw,268.0,direct,49.817492,15.472962,-30.559482,22.937506
Graphite,CZE,GTM,Czechia,Guatemala,250410,Raw,252.0,direct,49.817492,15.472962,15.783471,-90.230759
Graphite,CZE,CHE,Czechia,Switzerland,250410,Raw,212.0,direct,49.817492,15.472962,46.818188,8.227512
Graphite,CZE,IRL,Czechia,Ireland,250410,Raw,210.0,direct,49.817492,15.472962,53.41291,-8.24389
Graphite,CZE,NOR,Czechia,Norway,250410,Raw,180.0,direct,49.817492,15.472962,60.472024,8.468946
Graphite,CZE,LBN,Czechia,Lebanon,250410,Raw,152.0,direct,49.817492,15.472962,33.854721,35.862285
Graphite,CZE,ECU,Czechia,Ecuador,250410,Raw,112.0,direct,49.817492,15.472962,-1.831239,-78.183406
Graphite,CZE,DNK,Czechia,Denmark,250410,Raw,104.0,direct,49.817492,15.472962,56.26392,9.501785
Graphite,CZE,HRV,Czechia,Croatia,250410,Raw,102.0,direct,49.817492,15.472962,45.1,15.2
Graphite,CZE,LVA,Czechia,Latvia,250410,Raw,88.0,direct,49.817492,15.472962,56.879635,24.603189
Graphite,CZE,EST,Czechia,Estonia,250410,Raw,80.0,direct,49.817492,15.472962,58.595272,25.013607
Graphite,CZE,BGR,Czechia,Bulgaria,250410,Raw,72.0,direct,49.817492,15.472962,42.733883,25.48583
Graphite,CZE,PHL,Czechia,Philippines,250410,Raw,68.0,direct,49.817492,15.472962,12.879721,121.774017
Graphite,CZE,MNE,Czechia,Montenegro,250490,Raw,60.8,mirror,49.817492,15.472962,42.708678,19.37439
Graphite,CZE,MKD,Czechia,North Macedonia,250410,Raw,54.0,direct,49.817492,15.472962,41.608635,21.745275
Graphite,CZE,FIN,Czechia,Finland,250410,Raw,30.0,direct,49.817492,15.472962,61.92411,25.748151
Graphite,CIV,ZAF,Côte d'Ivoire,South Africa,250490,Raw,544.068,mirror,7.539989,-5.54708,-30.559482,22.937506
Graphite,COD,ZAF,Dem. Rep. of the Congo,South Africa,250490,Raw,3.928,mirror,-4.038333,21.758664,-30.559482,22.937506
Graphite,DNK,IND,Denmark,India,250410,Raw,156318.5,direct,56.26392,9.501785,20.593684,78.96288
Graphite,DNK,NLD,Denmark,Netherlands,250410,Raw,89727.175,mirror,56.26392,9.501785,52.132633,5.291266
Graphite,DNK,SWE,Denmark,Sweden,250490,Raw,20061.248,mirror,56.26392,9.501785,60.128161,18.643501
Graphite,DNK,CHN,Denmark,China,250410,Raw,17444.387,direct,56.26392,9.501785,35.86166,104.195397
Graphite,DNK,GBR,Denmark,United Kingdom,250410,Raw,16462.297,direct,56.26392,9.501785,55.378051,-3.435973
Graphite,DNK,ISR,Denmark,Israel,250490,Raw,11758.825,direct,56.26392,9.501785,31.046051,34.851612
Graphite,DNK,NOR,Denmark,Norway,250410|250490,Raw,3202.5609999999997,direct,56.26392,9.501785,60.472024,8.468946
Graphite,DNK,AUS,Denmark,Australia,250490,Raw,3055.304,mirror,56.26392,9.501785,-25.274398,133.775136
Graphite,DNK,ARG,Denmark,Argentina,250410,Raw,1288.58,mirror,56.26392,9.501785,-38.416097,-63.616672
Graphite,DNK,IRL,Denmark,Ireland,250490,Raw,82.261,mirror,56.26392,9.501785,53.41291,-8.24389
Graphite,DJI,MAR,Djibouti,Morocco,250490,Raw,252.858,mirror,11.825138,42.590275,31.791702,-7.09262
Graphite,DOM,ZAF,Dominican Rep.,South Africa,250490,Raw,207.764,mirror,18.735693,-70.162651,-30.559482,22.937506
Graphite,DOM,ITA,Dominican Rep.,Italy,250490,Raw,43.68,direct,18.735693,-70.162651,41.87194,12.56738
Graphite,EGY,USA,Egypt,USA,250410,Raw,17095.0,mirror,26.820553,30.802498,37.09024,-95.712891
Graphite,EGY,TUR,Egypt,Türkiye,250410|250490,Raw,6460.0,direct,26.820553,30.802498,38.963745,35.243322
Graphite,SLV,ESP,El Salvador,Spain,250490,Raw,2626.392,mirror,13.794185,-88.89653,40.463667,-3.74922
Graphite,SLV,CRI,El Salvador,Costa Rica,250410,Raw,90.0,direct,13.794185,-88.89653,9.748917,-83.753428
Graphite,SLV,GTM,El Salvador,Guatemala,250410,Raw,22.5,direct,13.794185,-88.89653,15.783471,-90.230759
Graphite,EST,LVA,Estonia,Latvia,250410|250490,Raw,11511.716,direct,58.595272,25.013607,56.879635,24.603189
Graphite,EST,LTU,Estonia,Lithuania,250410,Raw,5301.76,direct,58.595272,25.013607,55.169438,23.881275
Graphite,EST,RUS,Estonia,Russian Federation,250410,Raw,4697.04,direct,58.595272,25.013607,61.52401,105.318756
Graphite,EST,SWE,Estonia,Sweden,250410,Raw,727.76,direct,58.595272,25.013607,60.128161,18.643501
Graphite,SWZ,ZAF,Eswatini,South Africa,250490,Raw,1.744,mirror,-26.522503,31.465866,-30.559482,22.937506
Graphite,FJI,CHN,Fiji,China,250490,Raw,85.086,direct,-16.578193,179.414413,35.86166,104.195397
Graphite,FIN,CHL,Finland,Chile,250410,Raw,52689.5,mirror,61.92411,25.748151,-35.675147,-71.542969
Graphite,FIN,EST,Finland,Estonia,250490,Raw,45108.88,mirror,61.92411,25.748151,58.595272,25.013607
Graphite,FIN,SWE,Finland,Sweden,250410,Raw,31266.494,direct,61.92411,25.748151,60.128161,18.643501
Graphite,FIN,MAR,Finland,Morocco,250490,Raw,1925.9,mirror,61.92411,25.748151,31.791702,-7.09262
Graphite,FIN,USA,Finland,USA,250410,Raw,1117.034,direct,61.92411,25.748151,37.09024,-95.712891
Graphite,FIN,CHN,Finland,China,250410,Raw,523.938,direct,61.92411,25.748151,35.86166,104.195397
Graphite,FIN,KAZ,Finland,Kazakhstan,250410,Raw,487.86,mirror,61.92411,25.748151,48.019573,66.923684
Graphite,FIN,FRA,Finland,France,250410,Raw,272.448,direct,61.92411,25.748151,46.227638,2.213749
Graphite,FIN,BEL,Finland,Belgium,250410,Raw,209.574,direct,61.92411,25.748151,50.503887,4.469936
Graphite,FIN,DEU,Finland,Germany,250490,Raw,209.574,direct,61.92411,25.748151,51.165691,10.451526
Graphite,FIN,DNK,Finland,Denmark,250410,Raw,136.224,direct,61.92411,25.748151,56.26392,9.501785
Graphite,FRA,DEU,France,Germany,250410|250490,Raw,2473868.838,direct,46.227638,2.213749,51.165691,10.451526
Graphite,FRA,BRA,France,Brazil,250410|250490,Raw,776801.128,direct,46.227638,2.213749,-14.235004,-51.92528
Graphite,FRA,FRA,France,France,250410|250490,Raw,442208.701,mirror,46.227638,2.213749,46.227638,2.213749
Graphite,FRA,USA,France,USA,250410|250490,Raw,234105.904,direct,46.227638,2.213749,37.09024,-95.712891
Graphite,FRA,DZA,France,Algeria,250490,Raw,191014.176,direct,46.227638,2.213749,28.033886,1.659626
Graphite,FRA,PRT,France,Portugal,250410|250490,Raw,106394.724,direct,46.227638,2.213749,39.399872,-8.224454
Graphite,FRA,GBR,France,United Kingdom,250410|250490,Raw,42754.028000000006,direct,46.227638,2.213749,55.378051,-3.435973
Graphite,FRA,ITA,France,Italy,250410,Raw,38415.848,direct,46.227638,2.213749,41.87194,12.56738
Graphite,FRA,SRB,France,Serbia,250410,Raw,26512.0,mirror,46.227638,2.213749,44.016521,21.005859
Graphite,FRA,BEL,France,Belgium,250410|250490,Raw,24331.914,direct,46.227638,2.213749,50.503887,4.469936
Graphite,FRA,CHE,France,Switzerland,250410,Raw,21734.2,direct,46.227638,2.213749,46.818188,8.227512
Graphite,FRA,BHR,France,Bahrain,250410,Raw,21028.101,mirror,46.227638,2.213749,26.0275,50.55
Graphite,FRA,ARE,France,United Arab Emirates,250410|250490,Raw,20257.832000000002,direct,46.227638,2.213749,23.424076,53.847818
Graphite,FRA,BEN,France,Benin,250410,Raw,18292.228,direct,46.227638,2.213749,9.30769,2.315834
Graphite,FRA,AUT,France,Austria,250410|250490,Raw,17828.968,direct,46.227638,2.213749,47.516231,14.550072
Graphite,FRA,ESP,France,Spain,250410|250490,Raw,15287.54,direct,46.227638,2.213749,40.463667,-3.74922
Graphite,FRA,COL,France,Colombia,250410,Raw,14748.44,mirror,46.227638,2.213749,4.570868,-74.297333
Graphite,FRA,SWE,France,Sweden,250410|250490,Raw,12229.348,direct,46.227638,2.213749,60.128161,18.643501
Graphite,FRA,SGP,France,Singapore,250490,Raw,11979.195,mirror,46.227638,2.213749,1.352083,103.819836
Graphite,FRA,NOR,France,Norway,250410|250490,Raw,11914.844000000001,direct,46.227638,2.213749,60.472024,8.468946
Graphite,FRA,NLD,France,Netherlands,250410,Raw,11403.96,direct,46.227638,2.213749,52.132633,5.291266
Graphite,FRA,SEN,France,Senegal,250410,Raw,10996.984,direct,46.227638,2.213749,14.497401,14.452362
Graphite,FRA,CZE,France,Czechia,250410|250490,Raw,8295.362,direct,46.227638,2.213749,49.817492,15.472962
Graphite,FRA,LUX,France,Luxembourg,250410,Raw,5944.4349999999995,direct,46.227638,2.213749,49.815273,6.129583
Graphite,FRA,ROU,France,Romania,250410|250490,Raw,5823.656,direct,46.227638,2.213749,45.943161,24.96676
Graphite,FRA,MAR,France,Morocco,250410|250490,Raw,4784.124,direct,46.227638,2.213749,31.791702,-7.09262
Graphite,FRA,POL,France,Poland,250410|250490,Raw,4230.996,direct,46.227638,2.213749,51.919438,19.145136
Graphite,FRA,JPN,France,Japan,250410|250490,Raw,3441.968,direct,46.227638,2.213749,36.204824,138.252924
Graphite,FRA,SVN,France,Slovenia,250410,Raw,2935.184,mirror,46.227638,2.213749,46.151241,14.995463
Graphite,FRA,KOR,France,Rep. of Korea,250410|250490,Raw,2499.7039999999997,direct,46.227638,2.213749,35.907757,127.766922
Graphite,FRA,CAN,France,Canada,250410,Raw,1943.956,direct,46.227638,2.213749,56.130366,-106.346771
Graphite,FRA,MDA,France,Rep. of Moldova,250410,Raw,1124.0,mirror,46.227638,2.213749,47.411631,28.369885
Graphite,FRA,KAZ,France,Kazakhstan,250410,Raw,1121.62,mirror,46.227638,2.213749,48.019573,66.923684
Graphite,FRA,CIV,France,Côte d'Ivoire,250410,Raw,923.956,mirror,46.227638,2.213749,7.539989,-5.54708
Graphite,FRA,CRI,France,Costa Rica,250410,Raw,633.97,mirror,46.227638,2.213749,9.748917,-83.753428
Graphite,FRA,IRL,France,Ireland,250410,Raw,562.836,direct,46.227638,2.213749,53.41291,-8.24389
Graphite,FRA,TUR,France,Türkiye,250410|250490,Raw,487.26,direct,46.227638,2.213749,38.963745,35.243322
Graphite,FRA,DNK,France,Denmark,250410,Raw,476.248,direct,46.227638,2.213749,56.26392,9.501785
Graphite,FRA,MEX,France,Mexico,250410,Raw,463.26,direct,46.227638,2.213749,23.634501,-102.552784
Graphite,FRA,MLT,France,Malta,250410|250490,Raw,363.68,direct,46.227638,2.213749,35.937496,14.375416
Graphite,FRA,SVK,France,Slovakia,250410,Raw,290.076,direct,46.227638,2.213749,48.669026,19.699024
Graphite,FRA,TUN,France,Tunisia,250410,Raw,61.143,mirror,46.227638,2.213749,33.886917,9.537499
Graphite,FRA,LVA,France,Latvia,250410,Raw,25.976,direct,46.227638,2.213749,56.879635,24.603189
Graphite,FRA,ISL,France,Iceland,250410,Raw,24.283,mirror,46.227638,2.213749,64.963051,-19.020835
Graphite,GEO,ARM,Georgia,Armenia,250490,Raw,17.68,direct,42.315407,43.356892,40.069099,45.038189
Graphite,DEU,AUT,Germany,Austria,250410|250490,Raw,40720699.136,direct,51.165691,10.451526,47.516231,14.550072
Graphite,DEU,SWE,Germany,Sweden,250410|250490,Raw,30410581.56,direct,51.165691,10.451526,60.128161,18.643501
Graphite,DEU,ITA,Germany,Italy,250410|250490,Raw,22330920.424000002,direct,51.165691,10.451526,41.87194,12.56738
Graphite,DEU,POL,Germany,Poland,250410|250490,Raw,21466909.76,direct,51.165691,10.451526,51.919438,19.145136
Graphite,DEU,TUR,Germany,Türkiye,250410|250490,Raw,19967333.572,direct,51.165691,10.451526,38.963745,35.243322
Graphite,DEU,FRA,Germany,France,250410|250490,Raw,16796530.880000003,direct,51.165691,10.451526,46.227638,2.213749
Graphite,DEU,IND,Germany,India,250410|250490,Raw,16062532.168,direct,51.165691,10.451526,20.593684,78.96288
Graphite,DEU,CZE,Germany,Czechia,250410|250490,Raw,14965331.604,direct,51.165691,10.451526,49.817492,15.472962
Graphite,DEU,USA,Germany,USA,250410|250490,Raw,10034023.464,direct,51.165691,10.451526,37.09024,-95.712891
Graphite,DEU,ESP,Germany,Spain,250410|250490,Raw,9787672.243999999,direct,51.165691,10.451526,40.463667,-3.74922
Graphite,DEU,GBR,Germany,United Kingdom,250410|250490,Raw,8478901.512,direct,51.165691,10.451526,55.378051,-3.435973
Graphite,DEU,CHN,Germany,China,250410|250490,Raw,7220361.724,direct,51.165691,10.451526,35.86166,104.195397
Graphite,DEU,NLD,Germany,Netherlands,250410|250490,Raw,7159232.896,direct,51.165691,10.451526,52.132633,5.291266
Graphite,DEU,BEL,Germany,Belgium,250410|250490,Raw,6618328.199999999,direct,51.165691,10.451526,50.503887,4.469936
Graphite,DEU,CHE,Germany,Switzerland,250410|250490,Raw,6030135.008,direct,51.165691,10.451526,46.818188,8.227512
Graphite,DEU,SVK,Germany,Slovakia,250410|250490,Raw,5727148.24,direct,51.165691,10.451526,48.669026,19.699024
Graphite,DEU,KOR,Germany,Rep. of Korea,250410|250490,Raw,4568996.888,direct,51.165691,10.451526,35.907757,127.766922
Graphite,DEU,RUS,Germany,Russian Federation,250410,Raw,2270317.592,direct,51.165691,10.451526,61.52401,105.318756
Graphite,DEU,S19,Germany,"Other Asia, nes",250410,Raw,1882894.221,mirror,51.165691,10.451526,,
Graphite,DEU,FIN,Germany,Finland,250410|250490,Raw,1806226.324,direct,51.165691,10.451526,61.92411,25.748151
Graphite,DEU,UZB,Germany,Uzbekistan,250410,Raw,1651451.0,direct,51.165691,10.451526,41.377491,64.585262
Graphite,DEU,SVN,Germany,Slovenia,250410|250490,Raw,1590485.184,direct,51.165691,10.451526,46.151241,14.995463
Graphite,DEU,BRA,Germany,Brazil,250410|250490,Raw,1528899.92,direct,51.165691,10.451526,-14.235004,-51.92528
Graphite,DEU,AUS,Germany,Australia,250410|250490,Raw,1235926.266,direct,51.165691,10.451526,-25.274398,133.775136
Graphite,DEU,JPN,Germany,Japan,250410,Raw,968278.416,direct,51.165691,10.451526,36.204824,138.252924
Graphite,DEU,UKR,Germany,Ukraine,250410,Raw,709201.8,direct,51.165691,10.451526,48.379433,31.16558
Graphite,DEU,ZAF,Germany,South Africa,250410|250490,Raw,585695.06,direct,51.165691,10.451526,-30.559482,22.937506
Graphite,DEU,SRB,Germany,Serbia,250410|250490,Raw,470285.064,direct,51.165691,10.451526,44.016521,21.005859
Graphite,DEU,HUN,Germany,Hungary,250410|250490,Raw,365540.716,direct,51.165691,10.451526,47.162494,19.503304
Graphite,DEU,MAR,Germany,Morocco,250410|250490,Raw,329568.89400000003,direct,51.165691,10.451526,31.791702,-7.09262
Graphite,DEU,PHL,Germany,Philippines,250410,Raw,308326.736,direct,51.165691,10.451526,12.879721,121.774017
Graphite,DEU,SAU,Germany,Saudi Arabia,250410|250490,Raw,308271.82399999996,direct,51.165691,10.451526,23.885942,45.079162
Graphite,DEU,ROU,Germany,Romania,250410|250490,Raw,289590.73600000003,direct,51.165691,10.451526,45.943161,24.96676
Graphite,DEU,DNK,Germany,Denmark,250410,Raw,241489.08,direct,51.165691,10.451526,56.26392,9.501785
Graphite,DEU,THA,Germany,Thailand,250410|250490,Raw,232770.608,direct,51.165691,10.451526,15.870032,100.992541
Graphite,DEU,NOR,Germany,Norway,250410|250490,Raw,175095.716,direct,51.165691,10.451526,60.472024,8.468946
Graphite,DEU,OMN,Germany,Oman,250490,Raw,171298.224,direct,51.165691,10.451526,21.512583,55.923255
Graphite,DEU,CAN,Germany,Canada,250410|250490,Raw,140329.004,direct,51.165691,10.451526,56.130366,-106.346771
Graphite,DEU,ARG,Germany,Argentina,250410|250490,Raw,120614.608,direct,51.165691,10.451526,-38.416097,-63.616672
Graphite,DEU,LBY,Germany,Libya,250410,Raw,114989.608,direct,51.165691,10.451526,26.3351,17.228331
Graphite,DEU,PRT,Germany,Portugal,250410|250490,Raw,102909.704,direct,51.165691,10.451526,39.399872,-8.224454
Graphite,DEU,ISR,Germany,Israel,250410|250490,Raw,100076.256,direct,51.165691,10.451526,31.046051,34.851612
Graphite,DEU,BGR,Germany,Bulgaria,250410|250490,Raw,92174.876,direct,51.165691,10.451526,42.733883,25.48583
Graphite,DEU,KEN,Germany,Kenya,250410,Raw,84332.976,direct,51.165691,10.451526,-0.023559,37.906193
Graphite,DEU,PAK,Germany,Pakistan,250410|250490,Raw,74399.128,direct,51.165691,10.451526,30.375321,69.345116
Graphite,DEU,QAT,Germany,Qatar,250410,Raw,52594.944,direct,51.165691,10.451526,25.354826,51.183884
Graphite,DEU,CUB,Germany,Cuba,250410,Raw,44429.896,direct,51.165691,10.451526,21.521757,-77.781167
Graphite,DEU,LBN,Germany,Lebanon,250410,Raw,37388.18,direct,51.165691,10.451526,33.854721,35.862285
Graphite,DEU,IDN,Germany,Indonesia,250410|250490,Raw,36578.0,mirror,51.165691,10.451526,-0.789275,113.921327
Graphite,DEU,MLT,Germany,Malta,250410,Raw,36323.536,direct,51.165691,10.451526,35.937496,14.375416
Graphite,DEU,HRV,Germany,Croatia,250410,Raw,23707.12,direct,51.165691,10.451526,45.1,15.2
Graphite,DEU,SGP,Germany,Singapore,250410|250490,Raw,22501.650999999998,direct,51.165691,10.451526,1.352083,103.819836
Graphite,DEU,KWT,Germany,Kuwait,250410,Raw,21092.0,mirror,51.165691,10.451526,29.31166,47.481766
Graphite,DEU,COL,Germany,Colombia,250490,Raw,20630.56,direct,51.165691,10.451526,4.570868,-74.297333
Graphite,DEU,ECU,Germany,Ecuador,250410|250490,Raw,16464.64,mirror,51.165691,10.451526,-1.831239,-78.183406
Graphite,DEU,NCL,Germany,New Caledonia,250410,Raw,15089.4,direct,51.165691,10.451526,,
Graphite,DEU,GRC,Germany,Greece,250410|250490,Raw,11275.512,direct,51.165691,10.451526,39.074208,21.824312
Graphite,DEU,NGA,Germany,Nigeria,250410,Raw,10897.896,direct,51.165691,10.451526,9.081999,8.675277
Graphite,DEU,CRI,Germany,Costa Rica,250410,Raw,10285.944,direct,51.165691,10.451526,9.748917,-83.753428
Graphite,DEU,SLV,Germany,El Salvador,250410,Raw,8500.36,direct,51.165691,10.451526,13.794185,-88.89653
Graphite,DEU,MEX,Germany,Mexico,250410,Raw,8332.704,direct,51.165691,10.451526,23.634501,-102.552784
Graphite,DEU,EST,Germany,Estonia,250410,Raw,6371.08,direct,51.165691,10.451526,58.595272,25.013607
Graphite,DEU,BFA,Germany,Burkina Faso,250410,Raw,5343.472,mirror,51.165691,10.451526,12.364566,-1.561593
Graphite,DEU,LKA,Germany,Sri Lanka,250410,Raw,4690.195,mirror,51.165691,10.451526,7.873054,80.771797
Graphite,DEU,LVA,Germany,Latvia,250410,Raw,3118.472,direct,51.165691,10.451526,56.879635,24.603189
Graphite,DEU,MYS,Germany,Malaysia,250410,Raw,1995.152,direct,51.165691,10.451526,4.210484,101.975766
Graphite,DEU,DOM,Germany,Dominican Rep.,250410|250490,Raw,1247.936,direct,51.165691,10.451526,18.735693,-70.162651
Graphite,DEU,LUX,Germany,Luxembourg,250410|250490,Raw,947.178,direct,51.165691,10.451526,49.815273,6.129583
Graphite,DEU,MDA,Germany,Rep. of Moldova,250410,Raw,637.104,direct,51.165691,10.451526,47.411631,28.369885
Graphite,DEU,IRL,Germany,Ireland,250410,Raw,452.68,direct,51.165691,10.451526,53.41291,-8.24389
Graphite,DEU,BIH,Germany,Bosnia Herzegovina,250410,Raw,391.544,mirror,51.165691,10.451526,43.915886,17.679076
Graphite,DEU,BHR,Germany,Bahrain,250410,Raw,353.699,mirror,51.165691,10.451526,26.0275,50.55
Graphite,DEU,KAZ,Germany,Kazakhstan,250410,Raw,346.9,mirror,51.165691,10.451526,48.019573,66.923684
Graphite,DEU,NZL,Germany,New Zealand,250410,Raw,130.121,mirror,51.165691,10.451526,-40.900557,174.885971
Graphite,DEU,EGY,Germany,Egypt,250410,Raw,87.766,mirror,51.165691,10.451526,26.820553,30.802498
Graphite,DEU,LTU,Germany,Lithuania,250410,Raw,15.0,mirror,51.165691,10.451526,55.169438,23.881275
Graphite,GRC,ROU,Greece,Romania,250410,Raw,14954.92,mirror,39.074208,21.824312,45.943161,24.96676
Graphite,GRC,ALB,Greece,Albania,250410,Raw,7873.236,direct,39.074208,21.824312,41.153332,20.168331
Graphite,GRC,BEL,Greece,Belgium,250490,Raw,7158.204,mirror,39.074208,21.824312,50.503887,4.469936
Graphite,GRC,BGR,Greece,Bulgaria,250410|250490,Raw,484.906,direct,39.074208,21.824312,42.733883,25.48583
Graphite,GRC,TUR,Greece,Türkiye,250490,Raw,48.0,mirror,39.074208,21.824312,38.963745,35.243322
Graphite,GTM,HND,Guatemala,Honduras,250410,Raw,124.0,mirror,15.783471,-90.230759,15.199999,-86.241905
Graphite,GIN,CHN,Guinea,China,250490,Raw,14040.0,mirror,9.945587,-9.696645,35.86166,104.195397
Graphite,HND,CHL,Honduras,Chile,250490,Raw,101.92,mirror,15.199999,-86.241905,-35.675147,-71.542969
Graphite,HUN,KAZ,Hungary,Kazakhstan,250410,Raw,3886325.092,direct,47.162494,19.503304,48.019573,66.923684
Graphite,HUN,SAU,Hungary,Saudi Arabia,250410,Raw,883111.436,direct,47.162494,19.503304,23.885942,45.079162
Graphite,HUN,KOR,Hungary,Rep. of Korea,250410,Raw,479509.576,direct,47.162494,19.503304,35.907757,127.766922
Graphite,HUN,HRV,Hungary,Croatia,250410,Raw,117076.976,direct,47.162494,19.503304,45.1,15.2
Graphite,HUN,ROU,Hungary,Romania,250410,Raw,8565.16,mirror,47.162494,19.503304,45.943161,24.96676
Graphite,HUN,MNE,Hungary,Montenegro,250490,Raw,100.74,mirror,47.162494,19.503304,42.708678,19.37439
Graphite,IND,ARE,India,United Arab Emirates,250410|250490,Raw,1399286.932,direct,20.593684,78.96288,23.424076,53.847818
Graphite,IND,DEU,India,Germany,250410|250490,Raw,447078.47000000003,direct,20.593684,78.96288,51.165691,10.451526
Graphite,IND,RUS,India,Russian Federation,250410|250490,Raw,406988.308,direct,20.593684,78.96288,61.52401,105.318756
Graphite,IND,IND,India,India,250410,Raw,400766.994,mirror,20.593684,78.96288,20.593684,78.96288
Graphite,IND,GBR,India,United Kingdom,250410,Raw,342177.19200000004,mirror,20.593684,78.96288,55.378051,-3.435973
Graphite,IND,BTN,India,Bhutan,250410|250490,Raw,219847.152,direct,20.593684,78.96288,27.514162,90.433601
Graphite,IND,IRL,India,Ireland,250410,Raw,128251.261,mirror,20.593684,78.96288,53.41291,-8.24389
Graphite,IND,AUS,India,Australia,250410,Raw,117702.956,mirror,20.593684,78.96288,-25.274398,133.775136
Graphite,IND,SAU,India,Saudi Arabia,250410|250490,Raw,115289.762,direct,20.593684,78.96288,23.885942,45.079162
Graphite,IND,THA,India,Thailand,250410,Raw,110619.784,direct,20.593684,78.96288,15.870032,100.992541
Graphite,IND,TZA,India,United Rep. of Tanzania,250410,Raw,104167.61,direct,20.593684,78.96288,-6.369028,34.888822
Graphite,IND,JPN,India,Japan,250410|250490,Raw,72561.79,direct,20.593684,78.96288,36.204824,138.252924
Graphite,IND,NGA,India,Nigeria,250410,Raw,68207.202,direct,20.593684,78.96288,9.081999,8.675277
Graphite,IND,AZE,India,Azerbaijan,250410,Raw,57706.16,mirror,20.593684,78.96288,40.143105,47.576927
Graphite,IND,DZA,India,Algeria,250410,Raw,50288.774,direct,20.593684,78.96288,28.033886,1.659626
Graphite,IND,MYS,India,Malaysia,250410,Raw,50246.436,direct,20.593684,78.96288,4.210484,101.975766
Graphite,IND,IDN,India,Indonesia,250410|250490,Raw,42841.168000000005,direct,20.593684,78.96288,-0.789275,113.921327
Graphite,IND,BHR,India,Bahrain,250410|250490,Raw,36273.164000000004,direct,20.593684,78.96288,26.0275,50.55
Graphite,IND,MEX,India,Mexico,250410,Raw,30982.426,direct,20.593684,78.96288,23.634501,-102.552784
Graphite,IND,CHN,India,China,250410,Raw,30738.644,direct,20.593684,78.96288,35.86166,104.195397
Graphite,IND,BGD,India,Bangladesh,250410|250490,Raw,24790.482,direct,20.593684,78.96288,23.684994,90.356331
Graphite,IND,AGO,India,Angola,250410|250490,Raw,24789.376,direct,20.593684,78.96288,-11.202692,17.873887
Graphite,IND,BFA,India,Burkina Faso,250490,Raw,23975.608,mirror,20.593684,78.96288,12.364566,-1.561593
Graphite,IND,UGA,India,Uganda,250410|250490,Raw,23959.29,mirror,20.593684,78.96288,1.373333,32.290275
Graphite,IND,EGY,India,Egypt,250410|250490,Raw,23896.502,direct,20.593684,78.96288,26.820553,30.802498
Graphite,IND,KWT,India,Kuwait,250410|250490,Raw,21791.888,direct,20.593684,78.96288,29.31166,47.481766
Graphite,IND,GMB,India,Gambia,250410,Raw,20067.718,direct,20.593684,78.96288,13.443182,-15.310139
Graphite,IND,KEN,India,Kenya,250410,Raw,19898.278,direct,20.593684,78.96288,-0.023559,37.906193
Graphite,IND,USA,India,USA,250410,Raw,18356.03,direct,20.593684,78.96288,37.09024,-95.712891
Graphite,IND,NPL,India,Nepal,250410|250490,Raw,12160.486,direct,20.593684,78.96288,28.394857,84.124008
Graphite,IND,IRN,India,Iran,250410,Raw,11330.374,direct,20.593684,78.96288,32.427908,53.688046
Graphite,IND,BRA,India,Brazil,250410,Raw,10579.618,direct,20.593684,78.96288,-14.235004,-51.92528
Graphite,IND,LKA,India,Sri Lanka,250410,Raw,10489.086,direct,20.593684,78.96288,7.873054,80.771797
Graphite,IND,ZAF,India,South Africa,250410,Raw,7862.284,direct,20.593684,78.96288,-30.559482,22.937506
Graphite,IND,ESP,India,Spain,250410,Raw,5159.984,mirror,20.593684,78.96288,40.463667,-3.74922
Graphite,IND,MAR,India,Morocco,250410,Raw,5038.722,direct,20.593684,78.96288,31.791702,-7.09262
Graphite,IND,CPV,India,Cabo Verde,250490,Raw,3387.984,direct,20.593684,78.96288,16.002082,-24.013197
Graphite,IND,LBR,India,Liberia,250490,Raw,3360.826,direct,20.593684,78.96288,6.428055,-9.429499
Graphite,IND,SOM,India,Somalia,250410,Raw,3225.346,direct,20.593684,78.96288,5.152149,46.199616
Graphite,IND,GAB,India,Gabon,250410,Raw,3192.964,direct,20.593684,78.96288,-0.803689,11.609444
Graphite,IND,MOZ,India,Mozambique,250410,Raw,2713.168,direct,20.593684,78.96288,-18.665695,35.529562
Graphite,IND,NLD,India,Netherlands,250410|250490,Raw,1675.5249999999999,mirror,20.593684,78.96288,52.132633,5.291266
Graphite,IND,QAT,India,Qatar,250410,Raw,1422.348,direct,20.593684,78.96288,25.354826,51.183884
Graphite,IND,TUR,India,Türkiye,250410|250490,Raw,1248.858,direct,20.593684,78.96288,38.963745,35.243322
Graphite,IND,JOR,India,Jordan,250410,Raw,1227.752,direct,20.593684,78.96288,30.585164,36.238414
Graphite,IND,ETH,India,Ethiopia,250410|250490,Raw,1077.656,direct,20.593684,78.96288,9.145,40.489673
Graphite,IND,FRA,India,France,250410,Raw,534.228,direct,20.593684,78.96288,46.227638,2.213749
Graphite,IND,CAN,India,Canada,250490,Raw,406.288,mirror,20.593684,78.96288,56.130366,-106.346771
Graphite,IND,MWI,India,Malawi,250410,Raw,312.898,direct,20.593684,78.96288,-13.254308,34.301525
Graphite,IND,ZMB,India,Zambia,250410,Raw,124.844,direct,20.593684,78.96288,-13.133897,27.849332
Graphite,IND,COL,India,Colombia,250410,Raw,70.45,mirror,20.593684,78.96288,4.570868,-74.297333
Graphite,IND,KOR,India,Rep. of Korea,250410,Raw,62.0,mirror,20.593684,78.96288,35.907757,127.766922
Graphite,IND,UZB,India,Uzbekistan,250410,Raw,30.0,mirror,20.593684,78.96288,41.377491,64.585262
Graphite,IDN,USA,Indonesia,USA,250410,Raw,65625.0,direct,-0.789275,113.921327,37.09024,-95.712891
Graphite,IDN,SGP,Indonesia,Singapore,250410,Raw,21456.0,direct,-0.789275,113.921327,1.352083,103.819836
Graphite,IDN,POL,Indonesia,Poland,250410,Raw,3852.0,mirror,-0.789275,113.921327,51.919438,19.145136
Graphite,IDN,MYS,Indonesia,Malaysia,250410,Raw,865.5,direct,-0.789275,113.921327,4.210484,101.975766
Graphite,IDN,IND,Indonesia,India,250410,Raw,380.94,direct,-0.789275,113.921327,20.593684,78.96288
Graphite,IDN,FRA,Indonesia,France,250410,Raw,350.692,mirror,-0.789275,113.921327,46.227638,2.213749
Graphite,IDN,NLD,Indonesia,Netherlands,250410,Raw,82.261,mirror,-0.789275,113.921327,52.132633,5.291266
Graphite,IDN,JPN,Indonesia,Japan,250410,Raw,60.0,direct,-0.789275,113.921327,36.204824,138.252924
Graphite,IDN,KOR,Indonesia,Rep. of Korea,250410,Raw,52.0,mirror,-0.789275,113.921327,35.907757,127.766922
Graphite,IDN,TUR,Indonesia,Türkiye,250410,Raw,40.0,mirror,-0.789275,113.921327,38.963745,35.243322
Graphite,IDN,ZAF,Indonesia,South Africa,250410,Raw,20.296,mirror,-0.789275,113.921327,-30.559482,22.937506
Graphite,IDN,CHN,Indonesia,China,250490,Raw,1.2,direct,-0.789275,113.921327,35.86166,104.195397
Graphite,IRN,AZE,Iran,Azerbaijan,250410,Raw,121600.0,mirror,32.427908,53.688046,40.143105,47.576927
Graphite,IRL,USA,Ireland,USA,250410|250490,Raw,78550.897,direct,53.41291,-8.24389,37.09024,-95.712891
Graphite,IRL,ESP,Ireland,Spain,250410,Raw,3509.544,mirror,53.41291,-8.24389,40.463667,-3.74922
Graphite,IRL,GBR,Ireland,United Kingdom,250410|250490,Raw,2044.6170000000002,direct,53.41291,-8.24389,55.378051,-3.435973
Graphite,IRL,AUS,Ireland,Australia,250410,Raw,2038.122,direct,53.41291,-8.24389,-25.274398,133.775136
Graphite,IRL,GRC,Ireland,Greece,250410,Raw,1818.4,mirror,53.41291,-8.24389,39.074208,21.824312
Graphite,IRL,MEX,Ireland,Mexico,250410,Raw,90.92,direct,53.41291,-8.24389,23.634501,-102.552784
Graphite,IRL,CHE,Ireland,Switzerland,250490,Raw,60.613,direct,53.41291,-8.24389,46.818188,8.227512
Graphite,IRL,SVK,Ireland,Slovakia,250410,Raw,17.318,direct,53.41291,-8.24389,48.669026,19.699024
Graphite,ITA,SVK,Italy,Slovakia,250410|250490,Raw,652568.323,direct,41.87194,12.56738,48.669026,19.699024
Graphite,ITA,GRC,Italy,Greece,250410|250490,Raw,425397.168,mirror,41.87194,12.56738,39.074208,21.824312
Graphite,ITA,PRT,Italy,Portugal,250490,Raw,87778.392,mirror,41.87194,12.56738,39.399872,-8.224454
Graphite,ITA,IND,Italy,India,250490,Raw,77303.004,mirror,41.87194,12.56738,20.593684,78.96288
Graphite,ITA,DZA,Italy,Algeria,250410,Raw,55044.874,direct,41.87194,12.56738,28.033886,1.659626
Graphite,ITA,TUN,Italy,Tunisia,250410|250490,Raw,54156.276,direct,41.87194,12.56738,33.886917,9.537499
Graphite,ITA,BHR,Italy,Bahrain,250410,Raw,53598.806,direct,41.87194,12.56738,26.0275,50.55
Graphite,ITA,DEU,Italy,Germany,250410|250490,Raw,35136.297,direct,41.87194,12.56738,51.165691,10.451526
Graphite,ITA,ESP,Italy,Spain,250410|250490,Raw,28507.230000000003,direct,41.87194,12.56738,40.463667,-3.74922
Graphite,ITA,BRA,Italy,Brazil,250410|250490,Raw,27912.093,direct,41.87194,12.56738,-14.235004,-51.92528
Graphite,ITA,MEX,Italy,Mexico,250410,Raw,24814.728,direct,41.87194,12.56738,23.634501,-102.552784
Graphite,ITA,CHN,Italy,China,250410,Raw,16844.591,direct,41.87194,12.56738,35.86166,104.195397
Graphite,ITA,CHE,Italy,Switzerland,250410|250490,Raw,13263.217999999999,direct,41.87194,12.56738,46.818188,8.227512
Graphite,ITA,QAT,Italy,Qatar,250410|250490,Raw,12655.405999999999,direct,41.87194,12.56738,25.354826,51.183884
Graphite,ITA,ROU,Italy,Romania,250410|250490,Raw,11980.355,direct,41.87194,12.56738,45.943161,24.96676
Graphite,ITA,SRB,Italy,Serbia,250410|250490,Raw,11857.753,direct,41.87194,12.56738,44.016521,21.005859
Graphite,ITA,CZE,Italy,Czechia,250410,Raw,9656.168,direct,41.87194,12.56738,49.817492,15.472962
Graphite,ITA,CAN,Italy,Canada,250410|250490,Raw,9466.583999999999,direct,41.87194,12.56738,56.130366,-106.346771
Graphite,ITA,AUS,Italy,Australia,250490,Raw,7353.987,direct,41.87194,12.56738,-25.274398,133.775136
Graphite,ITA,TUR,Italy,Türkiye,250410|250490,Raw,6958.496999999999,direct,41.87194,12.56738,38.963745,35.243322
Graphite,ITA,GBR,Italy,United Kingdom,250410|250490,Raw,6583.799,direct,41.87194,12.56738,55.378051,-3.435973
Graphite,ITA,ZAF,Italy,South Africa,250410,Raw,5390.248,mirror,41.87194,12.56738,-30.559482,22.937506
Graphite,ITA,THA,Italy,Thailand,250410,Raw,4716.0,mirror,41.87194,12.56738,15.870032,100.992541
Graphite,ITA,DNK,Italy,Denmark,250490,Raw,4386.262,mirror,41.87194,12.56738,56.26392,9.501785
Graphite,ITA,HUN,Italy,Hungary,250410|250490,Raw,4297.335,direct,41.87194,12.56738,47.162494,19.503304
Graphite,ITA,USA,Italy,USA,250490,Raw,3342.721,direct,41.87194,12.56738,37.09024,-95.712891
Graphite,ITA,SWE,Italy,Sweden,250410|250490,Raw,3046.974,direct,41.87194,12.56738,60.128161,18.643501
Graphite,ITA,EGY,Italy,Egypt,250490,Raw,2960.247,direct,41.87194,12.56738,26.820553,30.802498
Graphite,ITA,MAR,Italy,Morocco,250410,Raw,2881.656,direct,41.87194,12.56738,31.791702,-7.09262
Graphite,ITA,FIN,Italy,Finland,250410,Raw,2220.447,direct,41.87194,12.56738,61.92411,25.748151
Graphite,ITA,PAK,Italy,Pakistan,250410,Raw,1749.951,direct,41.87194,12.56738,30.375321,69.345116
Graphite,ITA,NLD,Italy,Netherlands,250410|250490,Raw,1499.5430000000001,direct,41.87194,12.56738,52.132633,5.291266
Graphite,ITA,GTM,Italy,Guatemala,250490,Raw,1362.237,direct,41.87194,12.56738,15.783471,-90.230759
Graphite,ITA,KOR,Italy,Rep. of Korea,250490,Raw,1341.28,direct,41.87194,12.56738,35.907757,127.766922
Graphite,ITA,IDN,Italy,Indonesia,250490,Raw,1232.0,mirror,41.87194,12.56738,-0.789275,113.921327
Graphite,ITA,SAU,Italy,Saudi Arabia,250410,Raw,1202.933,mirror,41.87194,12.56738,23.885942,45.079162
Graphite,ITA,UZB,Italy,Uzbekistan,250410,Raw,1050.0,mirror,41.87194,12.56738,41.377491,64.585262
Graphite,ITA,SVN,Italy,Slovenia,250410|250490,Raw,923.178,direct,41.87194,12.56738,46.151241,14.995463
Graphite,ITA,BGR,Italy,Bulgaria,250410|250490,Raw,906.6769999999999,direct,41.87194,12.56738,42.733883,25.48583
Graphite,ITA,FRA,Italy,France,250410,Raw,902.22,direct,41.87194,12.56738,46.227638,2.213749
Graphite,ITA,POL,Italy,Poland,250410,Raw,890.694,direct,41.87194,12.56738,51.919438,19.145136
Graphite,ITA,AUT,Italy,Austria,250410|250490,Raw,840.395,direct,41.87194,12.56738,47.516231,14.550072
Graphite,ITA,NOR,Italy,Norway,250490,Raw,831.764,mirror,41.87194,12.56738,60.472024,8.468946
Graphite,ITA,ARM,Italy,Armenia,250490,Raw,775.88,mirror,41.87194,12.56738,40.069099,45.038189
Graphite,ITA,MYS,Italy,Malaysia,250410,Raw,298.486,mirror,41.87194,12.56738,4.210484,101.975766
Graphite,ITA,MLT,Italy,Malta,250410,Raw,103.908,mirror,41.87194,12.56738,35.937496,14.375416
Graphite,ITA,BEL,Italy,Belgium,250410,Raw,0.011,mirror,41.87194,12.56738,50.503887,4.469936
Graphite,JPN,CHN,Japan,China,250410|250490,Raw,2086430.521,direct,36.204824,138.252924,35.86166,104.195397
Graphite,JPN,DEU,Japan,Germany,250410|250490,Raw,950372.304,direct,36.204824,138.252924,51.165691,10.451526
Graphite,JPN,IDN,Japan,Indonesia,250410|250490,Raw,805214.545,direct,36.204824,138.252924,-0.789275,113.921327
Graphite,JPN,SGP,Japan,Singapore,250410,Raw,739837.104,mirror,36.204824,138.252924,1.352083,103.819836
Graphite,JPN,S19,Japan,"Other Asia, nes",250410|250490,Raw,727038.634,direct,36.204824,138.252924,,
Graphite,JPN,THA,Japan,Thailand,250410|250490,Raw,718987.874,direct,36.204824,138.252924,15.870032,100.992541
Graphite,JPN,IND,Japan,India,250410,Raw,625502.473,direct,36.204824,138.252924,20.593684,78.96288
Graphite,JPN,USA,Japan,USA,250410|250490,Raw,545993.366,direct,36.204824,138.252924,37.09024,-95.712891
Graphite,JPN,ITA,Japan,Italy,250410,Raw,453172.182,direct,36.204824,138.252924,41.87194,12.56738
Graphite,JPN,KOR,Japan,Rep. of Korea,250410|250490,Raw,330694.463,direct,36.204824,138.252924,35.907757,127.766922
Graphite,JPN,VNM,Japan,Viet Nam,250410,Raw,207985.518,direct,36.204824,138.252924,14.058324,108.277199
Graphite,JPN,HUN,Japan,Hungary,250410|250490,Raw,198901.59399999998,direct,36.204824,138.252924,47.162494,19.503304
Graphite,JPN,MYS,Japan,Malaysia,250410|250490,Raw,189302.181,direct,36.204824,138.252924,4.210484,101.975766
Graphite,JPN,GBR,Japan,United Kingdom,250410|250490,Raw,169248.86599999998,direct,36.204824,138.252924,55.378051,-3.435973
Graphite,JPN,ESP,Japan,Spain,250410,Raw,30574.836,direct,36.204824,138.252924,40.463667,-3.74922
Graphite,JPN,CZE,Japan,Czechia,250410|250490,Raw,27932.0,mirror,36.204824,138.252924,49.817492,15.472962
Graphite,JPN,BEL,Japan,Belgium,250410,Raw,22884.881,direct,36.204824,138.252924,50.503887,4.469936
Graphite,JPN,MEX,Japan,Mexico,250410,Raw,17797.884,direct,36.204824,138.252924,23.634501,-102.552784
Graphite,JPN,CAN,Japan,Canada,250410,Raw,11785.978,direct,36.204824,138.252924,56.130366,-106.346771
Graphite,JPN,CHE,Japan,Switzerland,250410|250490,Raw,8785.329,direct,36.204824,138.252924,46.818188,8.227512
Graphite,JPN,AUS,Japan,Australia,250410|250490,Raw,8320.672,direct,36.204824,138.252924,-25.274398,133.775136
Graphite,JPN,FRA,Japan,France,250410|250490,Raw,6062.512,direct,36.204824,138.252924,46.227638,2.213749
Graphite,JPN,SWE,Japan,Sweden,250410,Raw,3197.541,direct,36.204824,138.252924,60.128161,18.643501
Graphite,JPN,AUT,Japan,Austria,250410,Raw,1683.102,mirror,36.204824,138.252924,47.516231,14.550072
Graphite,JPN,TUR,Japan,Türkiye,250410,Raw,1064.0,mirror,36.204824,138.252924,38.963745,35.243322
Graphite,JPN,BRA,Japan,Brazil,250410,Raw,746.0,mirror,36.204824,138.252924,-14.235004,-51.92528
Graphite,JPN,BHR,Japan,Bahrain,250410,Raw,654.322,mirror,36.204824,138.252924,26.0275,50.55
Graphite,JPN,CRI,Japan,Costa Rica,250410,Raw,166.93,mirror,36.204824,138.252924,9.748917,-83.753428
Graphite,KAZ,RUS,Kazakhstan,Russian Federation,250410|250490,Raw,11389.76,direct,48.019573,66.923684,61.52401,105.318756
Graphite,KAZ,KGZ,Kazakhstan,Kyrgyzstan,250410,Raw,101.23,direct,48.019573,66.923684,41.20438,74.766098
Graphite,KAZ,AUS,Kazakhstan,Australia,250490,Raw,75.0,direct,48.019573,66.923684,-25.274398,133.775136
Graphite,KEN,RWA,Kenya,Rwanda,250410,Raw,715.584,direct,-0.023559,37.906193,-1.940278,29.873888
Graphite,KEN,CHN,Kenya,China,250410|250490,Raw,393.488,direct,-0.023559,37.906193,35.86166,104.195397
Graphite,KEN,ZAF,Kenya,South Africa,250490,Raw,195.76,mirror,-0.023559,37.906193,-30.559482,22.937506
Graphite,KEN,BDI,Kenya,Burundi,250490,Raw,89.493,direct,-0.023559,37.906193,-3.373056,29.918886
Graphite,LVA,LTU,Latvia,Lithuania,250490,Raw,1701.0,mirror,56.879635,24.603189,55.169438,23.881275
Graphite,LVA,UKR,Latvia,Ukraine,250410,Raw,435.916,direct,56.879635,24.603189,48.379433,31.16558
Graphite,LTU,GBR,Lithuania,United Kingdom,250410,Raw,41150.0,direct,55.169438,23.881275,55.378051,-3.435973
Graphite,LTU,BLR,Lithuania,Belarus,250410,Raw,21783.0,direct,55.169438,23.881275,53.709807,27.953389
Graphite,LTU,ROU,Lithuania,Romania,250410,Raw,4996.0,direct,55.169438,23.881275,45.943161,24.96676
Graphite,LTU,ITA,Lithuania,Italy,250410,Raw,3546.0,direct,55.169438,23.881275,41.87194,12.56738
Graphite,LTU,BGR,Lithuania,Bulgaria,250410,Raw,858.0,direct,55.169438,23.881275,42.733883,25.48583
Graphite,LTU,LVA,Lithuania,Latvia,250490,Raw,532.0,direct,55.169438,23.881275,56.879635,24.603189
Graphite,LTU,KAZ,Lithuania,Kazakhstan,250410,Raw,363.0,direct,55.169438,23.881275,48.019573,66.923684
Graphite,LTU,EST,Lithuania,Estonia,250410,Raw,34.0,direct,55.169438,23.881275,58.595272,25.013607
Graphite,LTU,POL,Lithuania,Poland,250410,Raw,5.0,direct,55.169438,23.881275,51.919438,19.145136
Graphite,LTU,NLD,Lithuania,Netherlands,250410,Raw,1.082,mirror,55.169438,23.881275,52.132633,5.291266
Graphite,LUX,BEL,Luxembourg,Belgium,250410,Raw,1045.58,direct,49.815273,6.129583,50.503887,4.469936
Graphite,LUX,FRA,Luxembourg,France,250410,Raw,332.291,direct,49.815273,6.129583,46.227638,2.213749
Graphite,LUX,NLD,Luxembourg,Netherlands,250410,Raw,17.318,direct,49.815273,6.129583,52.132633,5.291266
Graphite,MDG,ESP,Madagascar,Spain,250410|250490,Raw,15393396.778,direct,-18.766947,46.869107,40.463667,-3.74922
Graphite,MDG,IND,Madagascar,India,250410|250490,Raw,9042676.626,direct,-18.766947,46.869107,20.593684,78.96288
Graphite,MDG,CHN,Madagascar,China,250410,Raw,7896859.457,direct,-18.766947,46.869107,35.86166,104.195397
Graphite,MDG,BEL,Madagascar,Belgium,250410,Raw,4158594.802,direct,-18.766947,46.869107,50.503887,4.469936
Graphite,MDG,USA,Madagascar,USA,250410,Raw,3899544.192,direct,-18.766947,46.869107,37.09024,-95.712891
Graphite,MDG,DEU,Madagascar,Germany,250410,Raw,3090298.22,direct,-18.766947,46.869107,51.165691,10.451526
Graphite,MDG,TUR,Madagascar,Türkiye,250410,Raw,2641619.397,direct,-18.766947,46.869107,38.963745,35.243322
Graphite,MDG,SVN,Madagascar,Slovenia,250410,Raw,1464926.54,direct,-18.766947,46.869107,46.151241,14.995463
Graphite,MDG,JPN,Madagascar,Japan,250410|250490,Raw,1160432.112,direct,-18.766947,46.869107,36.204824,138.252924
Graphite,MDG,ARE,Madagascar,United Arab Emirates,250410,Raw,1053875.999,direct,-18.766947,46.869107,23.424076,53.847818
Graphite,MDG,CZE,Madagascar,Czechia,250410,Raw,456868.0,mirror,-18.766947,46.869107,49.817492,15.472962
Graphite,MDG,GBR,Madagascar,United Kingdom,250410,Raw,382029.543,direct,-18.766947,46.869107,55.378051,-3.435973
Graphite,MDG,POL,Madagascar,Poland,250410|250490,Raw,373890.559,direct,-18.766947,46.869107,51.919438,19.145136
Graphite,MDG,S19,Madagascar,"Other Asia, nes",250410,Raw,312254.858,direct,-18.766947,46.869107,,
Graphite,MDG,ITA,Madagascar,Italy,250410,Raw,293929.397,direct,-18.766947,46.869107,41.87194,12.56738
Graphite,MDG,MKD,Madagascar,North Macedonia,250410,Raw,266591.78,mirror,-18.766947,46.869107,41.608635,21.745275
Graphite,MDG,NLD,Madagascar,Netherlands,250410,Raw,171997.134,direct,-18.766947,46.869107,52.132633,5.291266
Graphite,MDG,SRB,Madagascar,Serbia,250410,Raw,165696.0,mirror,-18.766947,46.869107,44.016521,21.005859
Graphite,MDG,SAU,Madagascar,Saudi Arabia,250410,Raw,137889.858,direct,-18.766947,46.869107,23.885942,45.079162
Graphite,MDG,AUS,Madagascar,Australia,250410,Raw,107466.286,mirror,-18.766947,46.869107,-25.274398,133.775136
Graphite,MDG,MAR,Madagascar,Morocco,250410,Raw,93980.904,mirror,-18.766947,46.869107,31.791702,-7.09262
Graphite,MDG,CAN,Madagascar,Canada,250410|250490,Raw,72782.251,direct,-18.766947,46.869107,56.130366,-106.346771
Graphite,MDG,FRA,Madagascar,France,250410,Raw,68514.684,mirror,-18.766947,46.869107,46.227638,2.213749
Graphite,MDG,OMN,Madagascar,Oman,250410,Raw,61425.153,direct,-18.766947,46.869107,21.512583,55.923255
Graphite,MDG,ZAF,Madagascar,South Africa,250410|250490,Raw,52041.426,direct,-18.766947,46.869107,-30.559482,22.937506
Graphite,MDG,MEX,Madagascar,Mexico,250410,Raw,50960.3,direct,-18.766947,46.869107,23.634501,-102.552784
Graphite,MDG,THA,Madagascar,Thailand,250410,Raw,40172.4,mirror,-18.766947,46.869107,15.870032,100.992541
Graphite,MDG,VNM,Madagascar,Viet Nam,250410,Raw,37724.213,direct,-18.766947,46.869107,14.058324,108.277199
Graphite,MDG,KOR,Madagascar,Rep. of Korea,250410,Raw,29074.689,direct,-18.766947,46.869107,35.907757,127.766922
Graphite,MDG,IDN,Madagascar,Indonesia,250410,Raw,25281.343,direct,-18.766947,46.869107,-0.789275,113.921327
Graphite,MDG,BRA,Madagascar,Brazil,250410,Raw,24272.362,direct,-18.766947,46.869107,-14.235004,-51.92528
Graphite,MDG,ARG,Madagascar,Argentina,250410,Raw,16402.581,direct,-18.766947,46.869107,-38.416097,-63.616672
Graphite,MDG,MUS,Madagascar,Mauritius,250410,Raw,10169.293,direct,-18.766947,46.869107,-20.348404,57.552152
Graphite,MDG,PAK,Madagascar,Pakistan,250410,Raw,9326.268,mirror,-18.766947,46.869107,30.375321,69.345116
Graphite,MDG,SWE,Madagascar,Sweden,250410,Raw,8252.172,direct,-18.766947,46.869107,60.128161,18.643501
Graphite,MDG,NOR,Madagascar,Norway,250410,Raw,4073.02,mirror,-18.766947,46.869107,60.472024,8.468946
Graphite,MDG,COL,Madagascar,Colombia,250410,Raw,1859.58,mirror,-18.766947,46.869107,4.570868,-74.297333
Graphite,MDG,SVK,Madagascar,Slovakia,250410,Raw,20.178,direct,-18.766947,46.869107,48.669026,19.699024
Graphite,MDG,AUT,Madagascar,Austria,250410,Raw,19.5,direct,-18.766947,46.869107,47.516231,14.550072
Graphite,MWI,ZAF,Malawi,South Africa,250410,Raw,459.377,direct,-13.254308,34.301525,-30.559482,22.937506
Graphite,MWI,CHN,Malawi,China,250410,Raw,129.0,mirror,-13.254308,34.301525,35.86166,104.195397
Graphite,MYS,IND,Malaysia,India,250410,Raw,480915.682,direct,4.210484,101.975766,20.593684,78.96288
Graphite,MYS,THA,Malaysia,Thailand,250410|250490,Raw,368436.69200000004,direct,4.210484,101.975766,15.870032,100.992541
Graphite,MYS,CHN,Malaysia,China,250410,Raw,91211.311,direct,4.210484,101.975766,35.86166,104.195397
Graphite,MYS,SGP,Malaysia,Singapore,250410|250490,Raw,13160.046,direct,4.210484,101.975766,1.352083,103.819836
Graphite,MYS,VNM,Malaysia,Viet Nam,250410,Raw,12498.394,direct,4.210484,101.975766,14.058324,108.277199
Graphite,MYS,BRN,Malaysia,Brunei Darussalam,250410,Raw,2777.044,mirror,4.210484,101.975766,4.535277,114.727669
Graphite,MYS,FRA,Malaysia,France,250410,Raw,2485.144,mirror,4.210484,101.975766,46.227638,2.213749
Graphite,MYS,TUR,Malaysia,Türkiye,250410,Raw,120.0,mirror,4.210484,101.975766,38.963745,35.243322
Graphite,MYS,KOR,Malaysia,Rep. of Korea,250410,Raw,4.37,direct,4.210484,101.975766,35.907757,127.766922
Graphite,MYS,IDN,Malaysia,Indonesia,250490,Raw,0.438,direct,4.210484,101.975766,-0.789275,113.921327
Graphite,MLI,ZAF,Mali,South Africa,250490,Raw,87.512,mirror,17.570692,-3.996166,-30.559482,22.937506
Graphite,MUS,CHN,Mauritius,China,250410,Raw,64137.479999999996,direct,-20.348404,57.552152,35.86166,104.195397
Graphite,MEX,USA,Mexico,USA,250410|250490,Raw,3808888.0,direct,23.634501,-102.552784,37.09024,-95.712891
Graphite,MEX,CAN,Mexico,Canada,250410,Raw,1466923.542,mirror,23.634501,-102.552784,56.130366,-106.346771
Graphite,MEX,DEU,Mexico,Germany,250410,Raw,437198.6,mirror,23.634501,-102.552784,51.165691,10.451526
Graphite,MEX,IND,Mexico,India,250410,Raw,408631.326,mirror,23.634501,-102.552784,20.593684,78.96288
Graphite,MEX,BRA,Mexico,Brazil,250410,Raw,78004.0,mirror,23.634501,-102.552784,-14.235004,-51.92528
Graphite,MEX,ARG,Mexico,Argentina,250410,Raw,37252.96,mirror,23.634501,-102.552784,-38.416097,-63.616672
Graphite,MEX,S19,Mexico,"Other Asia, nes",250410|250490,Raw,32242.406,mirror,23.634501,-102.552784,,
Graphite,MEX,CZE,Mexico,Czechia,250410,Raw,25948.0,mirror,23.634501,-102.552784,49.817492,15.472962
Graphite,MEX,COL,Mexico,Colombia,250410|250490,Raw,21859.350000000002,mirror,23.634501,-102.552784,4.570868,-74.297333
Graphite,MEX,JPN,Mexico,Japan,250410,Raw,18478.353,mirror,23.634501,-102.552784,36.204824,138.252924
Graphite,MEX,ITA,Mexico,Italy,250410,Raw,15994.764,mirror,23.634501,-102.552784,41.87194,12.56738
Graphite,MEX,GTM,Mexico,Guatemala,250410|250490,Raw,15066.0,mirror,23.634501,-102.552784,15.783471,-90.230759
Graphite,MEX,CHN,Mexico,China,250410,Raw,15064.0,mirror,23.634501,-102.552784,35.86166,104.195397
Graphite,MEX,ESP,Mexico,Spain,250490,Raw,3594.04,mirror,23.634501,-102.552784,40.463667,-3.74922
Graphite,MEX,BLZ,Mexico,Belize,250490,Raw,930.22,mirror,23.634501,-102.552784,17.189877,-88.49765
Graphite,MEX,CHL,Mexico,Chile,250410,Raw,700.0,mirror,23.634501,-102.552784,-35.675147,-71.542969
Graphite,MEX,NIC,Mexico,Nicaragua,250410,Raw,575.8,mirror,23.634501,-102.552784,12.865416,-85.207229
Graphite,MEX,SLV,Mexico,El Salvador,250410,Raw,210.35,mirror,23.634501,-102.552784,13.794185,-88.89653
Graphite,MNG,JPN,Mongolia,Japan,250410,Raw,39222.731,mirror,46.862496,103.846656,36.204824,138.252924
Graphite,MNG,CHN,Mongolia,China,250490,Raw,372.0,mirror,46.862496,103.846656,35.86166,104.195397
Graphite,MAR,CHN,Morocco,China,250490,Raw,68160.19,direct,31.791702,-7.09262,35.86166,104.195397
Graphite,MAR,ESP,Morocco,Spain,250490,Raw,2373.078,direct,31.791702,-7.09262,40.463667,-3.74922
Graphite,MAR,MRT,Morocco,Mauritania,250490,Raw,2366.842,direct,31.791702,-7.09262,21.00789,-10.940835
Graphite,MAR,DEU,Morocco,Germany,250410|250490,Raw,1432.446,direct,31.791702,-7.09262,51.165691,10.451526
Graphite,MOZ,DEU,Mozambique,Germany,250410,Raw,47059756.072,mirror,-18.665695,35.529562,51.165691,10.451526
Graphite,MOZ,IDN,Mozambique,Indonesia,250410,Raw,9689884.0,mirror,-18.665695,35.529562,-0.789275,113.921327
Graphite,MOZ,IND,Mozambique,India,250410,Raw,5636646.8,direct,-18.665695,35.529562,20.593684,78.96288
Graphite,MOZ,AUT,Mozambique,Austria,250410,Raw,5369396.137,mirror,-18.665695,35.529562,47.516231,14.550072
Graphite,MOZ,CHN,Mozambique,China,250410|250490,Raw,4510326.8,direct,-18.665695,35.529562,35.86166,104.195397
Graphite,MOZ,SVN,Mozambique,Slovenia,250410,Raw,3812486.2,direct,-18.665695,35.529562,46.151241,14.995463
Graphite,MOZ,USA,Mozambique,USA,250410|250490,Raw,3711137.6,direct,-18.665695,35.529562,37.09024,-95.712891
Graphite,MOZ,BEL,Mozambique,Belgium,250410,Raw,2790825.2,direct,-18.665695,35.529562,50.503887,4.469936
Graphite,MOZ,TUR,Mozambique,Türkiye,250410,Raw,1750288.6,direct,-18.665695,35.529562,38.963745,35.243322
Graphite,MOZ,SRB,Mozambique,Serbia,250410,Raw,1070368.0,mirror,-18.665695,35.529562,44.016521,21.005859
Graphite,MOZ,GBR,Mozambique,United Kingdom,250410|250490,Raw,1061543.508,direct,-18.665695,35.529562,55.378051,-3.435973
Graphite,MOZ,FRA,Mozambique,France,250410,Raw,867034.372,mirror,-18.665695,35.529562,46.227638,2.213749
Graphite,MOZ,NLD,Mozambique,Netherlands,250410,Raw,545766.2,direct,-18.665695,35.529562,52.132633,5.291266
Graphite,MOZ,SVK,Mozambique,Slovakia,250410,Raw,450521.384,mirror,-18.665695,35.529562,48.669026,19.699024
Graphite,MOZ,JPN,Mozambique,Japan,250410,Raw,426074.4,direct,-18.665695,35.529562,36.204824,138.252924
Graphite,MOZ,ESP,Mozambique,Spain,250410,Raw,333430.056,mirror,-18.665695,35.529562,40.463667,-3.74922
Graphite,MOZ,ZAF,Mozambique,South Africa,250410|250490,Raw,146745.4,direct,-18.665695,35.529562,-30.559482,22.937506
Graphite,MOZ,POL,Mozambique,Poland,250410,Raw,101637.6,direct,-18.665695,35.529562,51.919438,19.145136
Graphite,MOZ,MEX,Mozambique,Mexico,250410,Raw,96615.8,direct,-18.665695,35.529562,23.634501,-102.552784
Graphite,MOZ,CZE,Mozambique,Czechia,250410,Raw,75928.0,mirror,-18.665695,35.529562,49.817492,15.472962
Graphite,MOZ,UKR,Mozambique,Ukraine,250410,Raw,65512.88,mirror,-18.665695,35.529562,48.379433,31.16558
Graphite,MOZ,BRA,Mozambique,Brazil,250410,Raw,20689.2,direct,-18.665695,35.529562,-14.235004,-51.92528
Graphite,MOZ,CAN,Mozambique,Canada,250410,Raw,7247.4,direct,-18.665695,35.529562,56.130366,-106.346771
Graphite,MOZ,KOR,Mozambique,Rep. of Korea,250410,Raw,4166.6,direct,-18.665695,35.529562,35.907757,127.766922
Graphite,NAM,CZE,Namibia,Czechia,250410,Raw,354615.776,direct,-22.95764,18.49041,49.817492,15.472962
Graphite,NAM,DEU,Namibia,Germany,250410,Raw,74926.688,direct,-22.95764,18.49041,51.165691,10.451526
Graphite,NAM,AUT,Namibia,Austria,250410,Raw,23984.469,mirror,-22.95764,18.49041,47.516231,14.550072
Graphite,NAM,ZAF,Namibia,South Africa,250410|250490,Raw,13274.852,direct,-22.95764,18.49041,-30.559482,22.937506
Graphite,NAM,FRA,Namibia,France,250490,Raw,12728.332,direct,-22.95764,18.49041,46.227638,2.213749
Graphite,NAM,IRL,Namibia,Ireland,250410|250490,Raw,3255.701,direct,-22.95764,18.49041,53.41291,-8.24389
Graphite,NAM,GBR,Namibia,United Kingdom,250410,Raw,496.224,direct,-22.95764,18.49041,55.378051,-3.435973
Graphite,NAM,CAN,Namibia,Canada,250410,Raw,490.172,direct,-22.95764,18.49041,56.130366,-106.346771
Graphite,NAM,SWE,Namibia,Sweden,250410,Raw,378.516,mirror,-22.95764,18.49041,60.128161,18.643501
Graphite,NAM,AUS,Namibia,Australia,250410,Raw,373.816,direct,-22.95764,18.49041,-25.274398,133.775136
Graphite,NAM,AGO,Namibia,Angola,250410|250490,Raw,271.5,mirror,-22.95764,18.49041,-11.202692,17.873887
Graphite,NAM,TZA,Namibia,United Rep. of Tanzania,250410,Raw,55.012,direct,-22.95764,18.49041,-6.369028,34.888822
Graphite,NAM,CHN,Namibia,China,250410,Raw,46.32,direct,-22.95764,18.49041,35.86166,104.195397
Graphite,NLD,DEU,Netherlands,Germany,250410|250490,Raw,8105166.869,direct,52.132633,5.291266,51.165691,10.451526
Graphite,NLD,POL,Netherlands,Poland,250410,Raw,2092532.59,direct,52.132633,5.291266,51.919438,19.145136
Graphite,NLD,SWE,Netherlands,Sweden,250410,Raw,1257124.291,direct,52.132633,5.291266,60.128161,18.643501
Graphite,NLD,USA,Netherlands,USA,250410,Raw,910757.132,direct,52.132633,5.291266,37.09024,-95.712891
Graphite,NLD,FIN,Netherlands,Finland,250410,Raw,898227.496,direct,52.132633,5.291266,61.92411,25.748151
Graphite,NLD,TUR,Netherlands,Türkiye,250410|250490,Raw,625072.315,direct,52.132633,5.291266,38.963745,35.243322
Graphite,NLD,ROU,Netherlands,Romania,250410,Raw,598219.774,direct,52.132633,5.291266,45.943161,24.96676
Graphite,NLD,NOR,Netherlands,Norway,250410,Raw,594762.651,direct,52.132633,5.291266,60.472024,8.468946
Graphite,NLD,ITA,Netherlands,Italy,250410,Raw,590256.701,direct,52.132633,5.291266,41.87194,12.56738
Graphite,NLD,GBR,Netherlands,United Kingdom,250410|250490,Raw,513733.485,direct,52.132633,5.291266,55.378051,-3.435973
Graphite,NLD,ESP,Netherlands,Spain,250410,Raw,308947.102,direct,52.132633,5.291266,40.463667,-3.74922
Graphite,NLD,FRA,Netherlands,France,250410|250490,Raw,290732.802,direct,52.132633,5.291266,46.227638,2.213749
Graphite,NLD,AUT,Netherlands,Austria,250410,Raw,259028.797,direct,52.132633,5.291266,47.516231,14.550072
Graphite,NLD,CHN,Netherlands,China,250410|250490,Raw,258817.407,direct,52.132633,5.291266,35.86166,104.195397
Graphite,NLD,RUS,Netherlands,Russian Federation,250410,Raw,246133.317,direct,52.132633,5.291266,61.52401,105.318756
Graphite,NLD,ZAF,Netherlands,South Africa,250410,Raw,196433.653,direct,52.132633,5.291266,-30.559482,22.937506
Graphite,NLD,BEL,Netherlands,Belgium,250410|250490,Raw,122927.03099999999,direct,52.132633,5.291266,50.503887,4.469936
Graphite,NLD,CZE,Netherlands,Czechia,250410,Raw,121089.149,direct,52.132633,5.291266,49.817492,15.472962
Graphite,NLD,IRL,Netherlands,Ireland,250410,Raw,100251.161,direct,52.132633,5.291266,53.41291,-8.24389
Graphite,NLD,SVK,Netherlands,Slovakia,250410,Raw,89264.999,direct,52.132633,5.291266,48.669026,19.699024
Graphite,NLD,ARE,Netherlands,United Arab Emirates,250410,Raw,52017.04,direct,52.132633,5.291266,23.424076,53.847818
Graphite,NLD,IND,Netherlands,India,250410,Raw,45202.373,direct,52.132633,5.291266,20.593684,78.96288
Graphite,NLD,EST,Netherlands,Estonia,250410|250490,Raw,35950.37,direct,52.132633,5.291266,58.595272,25.013607
Graphite,NLD,PAK,Netherlands,Pakistan,250410,Raw,26661.195,direct,52.132633,5.291266,30.375321,69.345116
Graphite,NLD,BRA,Netherlands,Brazil,250410,Raw,24591.684,direct,52.132633,5.291266,-14.235004,-51.92528
Graphite,NLD,MYS,Netherlands,Malaysia,250410,Raw,23294.992,direct,52.132633,5.291266,4.210484,101.975766
Graphite,NLD,PRT,Netherlands,Portugal,250410,Raw,14033.063,direct,52.132633,5.291266,39.399872,-8.224454
Graphite,NLD,IDN,Netherlands,Indonesia,250410|250490,Raw,13346.732,direct,52.132633,5.291266,-0.789275,113.921327
Graphite,NLD,GRC,Netherlands,Greece,250410,Raw,11541.423,direct,52.132633,5.291266,39.074208,21.824312
Graphite,NLD,UKR,Netherlands,Ukraine,250410,Raw,5105.589,direct,52.132633,5.291266,48.379433,31.16558
Graphite,NLD,DNK,Netherlands,Denmark,250410|250490,Raw,4781.417,direct,52.132633,5.291266,56.26392,9.501785
Graphite,NLD,ARG,Netherlands,Argentina,250410,Raw,2808.777,direct,52.132633,5.291266,-38.416097,-63.616672
Graphite,NLD,MAR,Netherlands,Morocco,250410,Raw,2778.414,mirror,52.132633,5.291266,31.791702,-7.09262
Graphite,NLD,CYP,Netherlands,Cyprus,250410|250490,Raw,2055.44,direct,52.132633,5.291266,35.126413,33.429859
Graphite,NLD,HUN,Netherlands,Hungary,250410,Raw,1932.049,direct,52.132633,5.291266,47.162494,19.503304
Graphite,NLD,SRB,Netherlands,Serbia,250410,Raw,1802.163,direct,52.132633,5.291266,44.016521,21.005859
Graphite,NLD,JPN,Netherlands,Japan,250490,Raw,1210.101,direct,52.132633,5.291266,36.204824,138.252924
Graphite,NLD,LVA,Netherlands,Latvia,250410,Raw,1201.442,direct,52.132633,5.291266,56.879635,24.603189
Graphite,NLD,LUX,Netherlands,Luxembourg,250410,Raw,429.705,direct,52.132633,5.291266,49.815273,6.129583
Graphite,NLD,MUS,Netherlands,Mauritius,250490,Raw,267.956,mirror,52.132633,5.291266,-20.348404,57.552152
Graphite,NLD,CHE,Netherlands,Switzerland,250490,Raw,141.792,direct,52.132633,5.291266,46.818188,8.227512
Graphite,NLD,KAZ,Netherlands,Kazakhstan,250410,Raw,93.085,direct,52.132633,5.291266,48.019573,66.923684
Graphite,NLD,HRV,Netherlands,Croatia,250410|250490,Raw,89.838,direct,52.132633,5.291266,45.1,15.2
Graphite,NLD,MDV,Netherlands,Maldives,250490,Raw,59.531,direct,52.132633,5.291266,3.202778,73.22068
Graphite,NLD,MLT,Netherlands,Malta,250410|250490,Raw,41.131,direct,52.132633,5.291266,35.937496,14.375416
Graphite,NLD,LTU,Netherlands,Lithuania,250410,Raw,36.801,direct,52.132633,5.291266,55.169438,23.881275
Graphite,NLD,CAN,Netherlands,Canada,250490,Raw,30.307,direct,52.132633,5.291266,56.130366,-106.346771
Graphite,NLD,SVN,Netherlands,Slovenia,250410,Raw,27.06,direct,52.132633,5.291266,46.151241,14.995463
Graphite,NLD,SAU,Netherlands,Saudi Arabia,250410,Raw,5.412,direct,52.132633,5.291266,23.885942,45.079162
Graphite,NLD,BGR,Netherlands,Bulgaria,250410,Raw,4.33,direct,52.132633,5.291266,42.733883,25.48583
Graphite,NZL,DEU,New Zealand,Germany,250490,Raw,12163.736,mirror,-40.900557,174.885971,51.165691,10.451526
Graphite,NZL,SGP,New Zealand,Singapore,250410,Raw,234.241,mirror,-40.900557,174.885971,1.352083,103.819836
Graphite,NZL,ZAF,New Zealand,South Africa,250490,Raw,190.52,mirror,-40.900557,174.885971,-30.559482,22.937506
Graphite,NZL,COK,New Zealand,Cook Isds,250490,Raw,97.439,direct,-40.900557,174.885971,,
Graphite,NZL,FJI,New Zealand,Fiji,250410,Raw,77.467,direct,-40.900557,174.885971,-16.578193,179.414413
Graphite,NZL,NCL,New Zealand,New Caledonia,250410,Raw,35.102,direct,-40.900557,174.885971,,
Graphite,NZL,KOR,New Zealand,Rep. of Korea,250410,Raw,32.0,mirror,-40.900557,174.885971,35.907757,127.766922
Graphite,NGA,CHN,Nigeria,China,250490,Raw,49829.0,mirror,9.081999,8.675277,35.86166,104.195397
Graphite,NGA,NER,Nigeria,Niger,250490,Raw,255.501,mirror,9.081999,8.675277,17.607789,8.081666
Graphite,NGA,IRL,Nigeria,Ireland,250410,Raw,9.741,mirror,9.081999,8.675277,53.41291,-8.24389
Graphite,NGA,NLD,Nigeria,Netherlands,250410,Raw,6.494,mirror,9.081999,8.675277,52.132633,5.291266
Graphite,NGA,FIN,Nigeria,Finland,250410,Raw,4.192,mirror,9.081999,8.675277,61.92411,25.748151
Graphite,NOR,DEU,Norway,Germany,250410,Raw,30802922.736,mirror,60.472024,8.468946,51.165691,10.451526
Graphite,NOR,NLD,Norway,Netherlands,250410|250490,Raw,4653424.193,mirror,60.472024,8.468946,52.132633,5.291266
Graphite,NOR,TUR,Norway,Türkiye,250410,Raw,4337480.0,mirror,60.472024,8.468946,38.963745,35.243322
Graphite,NOR,ESP,Norway,Spain,250410,Raw,1215828.408,mirror,60.472024,8.468946,40.463667,-3.74922
Graphite,NOR,SWE,Norway,Sweden,250410,Raw,707442.892,mirror,60.472024,8.468946,60.128161,18.643501
Graphite,NOR,CZE,Norway,Czechia,250410,Raw,442780.0,mirror,60.472024,8.468946,49.817492,15.472962
Graphite,NOR,USA,Norway,USA,250410,Raw,419800.0,mirror,60.472024,8.468946,37.09024,-95.712891
Graphite,NOR,GBR,Norway,United Kingdom,250410,Raw,350659.58400000003,mirror,60.472024,8.468946,55.378051,-3.435973
Graphite,NOR,CHN,Norway,China,250410,Raw,307767.0,mirror,60.472024,8.468946,35.86166,104.195397
Graphite,NOR,DNK,Norway,Denmark,250410|250490,Raw,230411.526,mirror,60.472024,8.468946,56.26392,9.501785
Graphite,NOR,FRA,Norway,France,250410|250490,Raw,200907.13,mirror,60.472024,8.468946,46.227638,2.213749
Graphite,NOR,SVK,Norway,Slovakia,250410,Raw,185996.256,mirror,60.472024,8.468946,48.669026,19.699024
Graphite,NOR,ZAF,Norway,South Africa,250410,Raw,55571.336,mirror,60.472024,8.468946,-30.559482,22.937506
Graphite,NOR,BRA,Norway,Brazil,250410,Raw,30050.0,mirror,60.472024,8.468946,-14.235004,-51.92528
Graphite,NOR,AUT,Norway,Austria,250410,Raw,21840.273,mirror,60.472024,8.468946,47.516231,14.550072
Graphite,NOR,EST,Norway,Estonia,250410,Raw,6642.56,mirror,60.472024,8.468946,58.595272,25.013607
Graphite,NOR,AZE,Norway,Azerbaijan,250410,Raw,5060.16,mirror,60.472024,8.468946,40.143105,47.576927
Graphite,NOR,AUS,Norway,Australia,250410,Raw,3627.604,mirror,60.472024,8.468946,-25.274398,133.775136
Graphite,NOR,ITA,Norway,Italy,250490,Raw,1802.345,mirror,60.472024,8.468946,41.87194,12.56738
Graphite,OMN,ZAF,Oman,South Africa,250490,Raw,4.148,mirror,21.512583,55.923255,-30.559482,22.937506
Graphite,S19,GBR,"Other Asia, nes",United Kingdom,250410|250490,Raw,116664.553,direct,,,55.378051,-3.435973
Graphite,S19,SGP,"Other Asia, nes",Singapore,250410|250490,Raw,66578.193,mirror,,,1.352083,103.819836
Graphite,S19,CHN,"Other Asia, nes",China,250410|250490,Raw,41500.167,direct,,,35.86166,104.195397
Graphite,S19,MYS,"Other Asia, nes",Malaysia,250410|250490,Raw,38890.104999999996,direct,,,4.210484,101.975766
Graphite,S19,USA,"Other Asia, nes",USA,250410|250490,Raw,30466.737,direct,,,37.09024,-95.712891
Graphite,S19,VNM,"Other Asia, nes",Viet Nam,250410|250490,Raw,28130.331,direct,,,14.058324,108.277199
Graphite,S19,PHL,"Other Asia, nes",Philippines,250410|250490,Raw,15326.0,mirror,,,12.879721,121.774017
Graphite,S19,JOR,"Other Asia, nes",Jordan,250490,Raw,12585.442,direct,,,30.585164,36.238414
Graphite,S19,KOR,"Other Asia, nes",Rep. of Korea,250410|250490,Raw,11574.271,direct,,,35.907757,127.766922
Graphite,S19,THA,"Other Asia, nes",Thailand,250490,Raw,7258.435,direct,,,15.870032,100.992541
Graphite,S19,CAN,"Other Asia, nes",Canada,250410|250490,Raw,6921.035,mirror,,,56.130366,-106.346771
Graphite,S19,BRA,"Other Asia, nes",Brazil,250410,Raw,6800.0,mirror,,,-14.235004,-51.92528
Graphite,S19,IND,"Other Asia, nes",India,250410|250490,Raw,5918.896,direct,,,20.593684,78.96288
Graphite,S19,DEU,"Other Asia, nes",Germany,250410,Raw,5038.184,mirror,,,51.165691,10.451526
Graphite,S19,JPN,"Other Asia, nes",Japan,250410|250490,Raw,3146.361,direct,,,36.204824,138.252924
Graphite,S19,IDN,"Other Asia, nes",Indonesia,250410,Raw,3080.0,mirror,,,-0.789275,113.921327
Graphite,S19,S19,"Other Asia, nes","Other Asia, nes",250410,Raw,2242.95,mirror,,,,
Graphite,S19,ITA,"Other Asia, nes",Italy,250490,Raw,1802.345,mirror,,,41.87194,12.56738
Graphite,S19,NLD,"Other Asia, nes",Netherlands,250490,Raw,1432.996,direct,,,52.132633,5.291266
Graphite,S19,AUS,"Other Asia, nes",Australia,250410,Raw,965.715,direct,,,-25.274398,133.775136
Graphite,S19,IRL,"Other Asia, nes",Ireland,250490,Raw,389.657,mirror,,,53.41291,-8.24389
Graphite,S19,FIN,"Other Asia, nes",Finland,250490,Raw,93.456,direct,,,61.92411,25.748151
Graphite,S19,CRI,"Other Asia, nes",Costa Rica,250410,Raw,93.23,mirror,,,9.748917,-83.753428
Graphite,S19,PRT,"Other Asia, nes",Portugal,250490,Raw,31.152,direct,,,39.399872,-8.224454
Graphite,S19,SAU,"Other Asia, nes",Saudi Arabia,250490,Raw,31.152,direct,,,23.885942,45.079162
Graphite,E19,SVK,"Other Europe, nes",Slovakia,250410|250490,Raw,458279.884,mirror,,,48.669026,19.699024
Graphite,E19,CZE,"Other Europe, nes",Czechia,250410,Raw,1680.0,mirror,,,49.817492,15.472962
Graphite,E19,POL,"Other Europe, nes",Poland,250490,Raw,399.0,mirror,,,51.919438,19.145136
Graphite,PAK,USA,Pakistan,USA,250490,Raw,75193.0,mirror,30.375321,69.345116,37.09024,-95.712891
Graphite,PAK,MYS,Pakistan,Malaysia,250410,Raw,8430.394,direct,30.375321,69.345116,4.210484,101.975766
Graphite,PAK,CHN,Pakistan,China,250490,Raw,804.916,direct,30.375321,69.345116,35.86166,104.195397
Graphite,PAK,OMN,Pakistan,Oman,250410,Raw,49.831,direct,30.375321,69.345116,21.512583,55.923255
Graphite,PAK,FRA,Pakistan,France,250490,Raw,4.328,mirror,30.375321,69.345116,46.227638,2.213749
Graphite,PAN,GTM,Panama,Guatemala,250490,Raw,121.0,mirror,8.537981,-80.782127,15.783471,-90.230759
Graphite,PER,COL,Peru,Colombia,250490,Raw,39404.984,direct,-9.189967,-75.015152,4.570868,-74.297333
Graphite,PER,CHL,Peru,Chile,250410,Raw,4788.902,mirror,-9.189967,-75.015152,-35.675147,-71.542969
Graphite,PER,BOL,Peru,Bolivia (Plurinational State of),250410|250490,Raw,2640.0,mirror,-9.189967,-75.015152,-16.290154,-63.588653
Graphite,PER,ECU,Peru,Ecuador,250410,Raw,1456.0,direct,-9.189967,-75.015152,-1.831239,-78.183406
Graphite,POL,NLD,Poland,Netherlands,250410|250490,Raw,608932.217,direct,51.919438,19.145136,52.132633,5.291266
Graphite,POL,CHN,Poland,China,250410,Raw,608590.0,direct,51.919438,19.145136,35.86166,104.195397
Graphite,POL,SVK,Poland,Slovakia,250410|250490,Raw,491933.752,direct,51.919438,19.145136,48.669026,19.699024
Graphite,POL,NAM,Poland,Namibia,250490,Raw,202430.38,mirror,51.919438,19.145136,-22.95764,18.49041
Graphite,POL,DEU,Poland,Germany,250410|250490,Raw,123842.688,direct,51.919438,19.145136,51.165691,10.451526
Graphite,POL,ROU,Poland,Romania,250410|250490,Raw,23592.2,direct,51.919438,19.145136,45.943161,24.96676
Graphite,POL,BEL,Poland,Belgium,250410,Raw,7041.0,direct,51.919438,19.145136,50.503887,4.469936
Graphite,POL,ESP,Poland,Spain,250410|250490,Raw,4664.652,direct,51.919438,19.145136,40.463667,-3.74922
Graphite,POL,KOR,Poland,Rep. of Korea,250410,Raw,3085.0,direct,51.919438,19.145136,35.907757,127.766922
Graphite,POL,GBR,Poland,United Kingdom,250410,Raw,3070.0,direct,51.919438,19.145136,55.378051,-3.435973
Graphite,POL,MDA,Poland,Rep. of Moldova,250410,Raw,1799.0,direct,51.919438,19.145136,47.411631,28.369885
Graphite,POL,NOR,Poland,Norway,250410,Raw,1187.0,direct,51.919438,19.145136,60.472024,8.468946
Graphite,POL,HUN,Poland,Hungary,250410,Raw,1047.0,direct,51.919438,19.145136,47.162494,19.503304
Graphite,POL,BRA,Poland,Brazil,250410,Raw,882.0,mirror,51.919438,19.145136,-14.235004,-51.92528
Graphite,POL,UKR,Poland,Ukraine,250490,Raw,664.0,direct,51.919438,19.145136,48.379433,31.16558
Graphite,POL,SVN,Poland,Slovenia,250410,Raw,586.0,direct,51.919438,19.145136,46.151241,14.995463
Graphite,POL,CHE,Poland,Switzerland,250410,Raw,470.0,direct,51.919438,19.145136,46.818188,8.227512
Graphite,POL,BLR,Poland,Belarus,250410,Raw,459.0,direct,51.919438,19.145136,53.709807,27.953389
Graphite,POL,HRV,Poland,Croatia,250410,Raw,437.0,direct,51.919438,19.145136,45.1,15.2
Graphite,POL,CZE,Poland,Czechia,250410|250490,Raw,400.0,direct,51.919438,19.145136,49.817492,15.472962
Graphite,POL,AUT,Poland,Austria,250410,Raw,354.0,direct,51.919438,19.145136,47.516231,14.550072
Graphite,POL,ITA,Poland,Italy,250410,Raw,182.0,direct,51.919438,19.145136,41.87194,12.56738
Graphite,POL,BGR,Poland,Bulgaria,250410,Raw,173.0,direct,51.919438,19.145136,42.733883,25.48583
Graphite,POL,AUS,Poland,Australia,250410,Raw,118.0,direct,51.919438,19.145136,-25.274398,133.775136
Graphite,POL,SWE,Poland,Sweden,250410,Raw,106.0,direct,51.919438,19.145136,60.128161,18.643501
Graphite,POL,FRA,Poland,France,250410,Raw,100.0,direct,51.919438,19.145136,46.227638,2.213749
Graphite,POL,DNK,Poland,Denmark,250410,Raw,71.0,direct,51.919438,19.145136,56.26392,9.501785
Graphite,POL,IRL,Poland,Ireland,250410,Raw,40.0,direct,51.919438,19.145136,53.41291,-8.24389
Graphite,POL,LUX,Poland,Luxembourg,250410,Raw,32.0,direct,51.919438,19.145136,49.815273,6.129583
Graphite,POL,BIH,Poland,Bosnia Herzegovina,250410,Raw,25.0,direct,51.919438,19.145136,43.915886,17.679076
Graphite,POL,EST,Poland,Estonia,250410,Raw,20.0,direct,51.919438,19.145136,58.595272,25.013607
Graphite,PRT,AGO,Portugal,Angola,250410|250490,Raw,50196.018000000004,direct,39.399872,-8.224454,-11.202692,17.873887
Graphite,PRT,MLT,Portugal,Malta,250410,Raw,29800.1,mirror,39.399872,-8.224454,35.937496,14.375416
Graphite,PRT,KWT,Portugal,Kuwait,250410,Raw,18423.0,mirror,39.399872,-8.224454,29.31166,47.481766
Graphite,PRT,GBR,Portugal,United Kingdom,250490,Raw,8735.088,direct,39.399872,-8.224454,55.378051,-3.435973
Graphite,PRT,KOR,Portugal,Rep. of Korea,250490,Raw,5993.848,direct,39.399872,-8.224454,35.907757,127.766922
Graphite,PRT,CHN,Portugal,China,250490,Raw,4233.416,direct,39.399872,-8.224454,35.86166,104.195397
Graphite,PRT,NZL,Portugal,New Zealand,250410|250490,Raw,309.265,mirror,39.399872,-8.224454,-40.900557,174.885971
Graphite,PRT,MOZ,Portugal,Mozambique,250410,Raw,285.4,mirror,39.399872,-8.224454,-18.665695,35.529562
Graphite,PRT,ESP,Portugal,Spain,250410,Raw,117.36,direct,39.399872,-8.224454,40.463667,-3.74922
Graphite,PRT,NLD,Portugal,Netherlands,250410,Raw,66.025,mirror,39.399872,-8.224454,52.132633,5.291266
Graphite,PRT,CPV,Portugal,Cabo Verde,250410,Raw,65.103,mirror,39.399872,-8.224454,16.002082,-24.013197
Graphite,PRT,GTM,Portugal,Guatemala,250410,Raw,8.384,direct,39.399872,-8.224454,15.783471,-90.230759
Graphite,KOR,USA,Rep. of Korea,USA,250410,Raw,8766370.0,direct,35.907757,127.766922,37.09024,-95.712891
Graphite,KOR,POL,Rep. of Korea,Poland,250410,Raw,7953395.0,mirror,35.907757,127.766922,51.919438,19.145136
Graphite,KOR,CHN,Rep. of Korea,China,250410|250490,Raw,1811894.0,direct,35.907757,127.766922,35.86166,104.195397
Graphite,KOR,S19,Rep. of Korea,"Other Asia, nes",250410,Raw,207999.0,direct,35.907757,127.766922,,
Graphite,KOR,VNM,Rep. of Korea,Viet Nam,250410|250490,Raw,94241.0,direct,35.907757,127.766922,14.058324,108.277199
Graphite,KOR,IND,Rep. of Korea,India,250410,Raw,80312.0,direct,35.907757,127.766922,20.593684,78.96288
Graphite,KOR,SGP,Rep. of Korea,Singapore,250410,Raw,60065.0,direct,35.907757,127.766922,1.352083,103.819836
Graphite,KOR,IRL,Rep. of Korea,Ireland,250410,Raw,44410.07,mirror,35.907757,127.766922,53.41291,-8.24389
Graphite,KOR,SWE,Rep. of Korea,Sweden,250410,Raw,40122.496,mirror,35.907757,127.766922,60.128161,18.643501
Graphite,KOR,SAU,Rep. of Korea,Saudi Arabia,250490,Raw,20850.0,direct,35.907757,127.766922,23.885942,45.079162
Graphite,KOR,THA,Rep. of Korea,Thailand,250410|250490,Raw,19251.96,direct,35.907757,127.766922,15.870032,100.992541
Graphite,KOR,BEL,Rep. of Korea,Belgium,250410,Raw,13296.0,direct,35.907757,127.766922,50.503887,4.469936
Graphite,KOR,UKR,Rep. of Korea,Ukraine,250410,Raw,8790.82,mirror,35.907757,127.766922,48.379433,31.16558
Graphite,KOR,JPN,Rep. of Korea,Japan,250410,Raw,7671.0,direct,35.907757,127.766922,36.204824,138.252924
Graphite,KOR,DEU,Rep. of Korea,Germany,250410|250490,Raw,4800.896,direct,35.907757,127.766922,51.165691,10.451526
Graphite,KOR,NOR,Rep. of Korea,Norway,250490,Raw,3592.0,direct,35.907757,127.766922,60.472024,8.468946
Graphite,KOR,MYS,Rep. of Korea,Malaysia,250410|250490,Raw,3397.636,direct,35.907757,127.766922,4.210484,101.975766
Graphite,KOR,GBR,Rep. of Korea,United Kingdom,250490,Raw,2200.0,direct,35.907757,127.766922,55.378051,-3.435973
Graphite,KOR,AUS,Rep. of Korea,Australia,250410,Raw,782.0,direct,35.907757,127.766922,-25.274398,133.775136
Graphite,KOR,CAN,Rep. of Korea,Canada,250410|250490,Raw,681.72,direct,35.907757,127.766922,56.130366,-106.346771
Graphite,KOR,RUS,Rep. of Korea,Russian Federation,250410,Raw,480.0,direct,35.907757,127.766922,61.52401,105.318756
Graphite,KOR,SRB,Rep. of Korea,Serbia,250490,Raw,448.0,mirror,35.907757,127.766922,44.016521,21.005859
Graphite,KOR,PHL,Rep. of Korea,Philippines,250490,Raw,340.0,direct,35.907757,127.766922,12.879721,121.774017
Graphite,KOR,FRA,Rep. of Korea,France,250410,Raw,103.908,mirror,35.907757,127.766922,46.227638,2.213749
Graphite,KOR,NLD,Rep. of Korea,Netherlands,250410,Raw,82.261,mirror,35.907757,127.766922,52.132633,5.291266
Graphite,KOR,IDN,Rep. of Korea,Indonesia,250490,Raw,74.0,direct,35.907757,127.766922,-0.789275,113.921327
Graphite,KOR,NZL,Rep. of Korea,New Zealand,250410,Raw,61.127,mirror,35.907757,127.766922,-40.900557,174.885971
Graphite,KOR,FIN,Rep. of Korea,Finland,250410,Raw,39.82,mirror,35.907757,127.766922,61.92411,25.748151
Graphite,KOR,ZAF,Rep. of Korea,South Africa,250490,Raw,5.892,mirror,35.907757,127.766922,-30.559482,22.937506
Graphite,ROU,DEU,Romania,Germany,250410,Raw,72920.96,direct,45.943161,24.96676,51.165691,10.451526
Graphite,ROU,UKR,Romania,Ukraine,250410,Raw,19012.24,direct,45.943161,24.96676,48.379433,31.16558
Graphite,ROU,HUN,Romania,Hungary,250490,Raw,10905.188,mirror,45.943161,24.96676,47.162494,19.503304
Graphite,ROU,MYS,Romania,Malaysia,250490,Raw,2188.606,mirror,45.943161,24.96676,4.210484,101.975766
Graphite,ROU,SAU,Romania,Saudi Arabia,250490,Raw,407.733,mirror,45.943161,24.96676,23.885942,45.079162
Graphite,ROU,ITA,Romania,Italy,250410,Raw,106.883,mirror,45.943161,24.96676,41.87194,12.56738
Graphite,ROU,ESP,Romania,Spain,250410,Raw,79.84,direct,45.943161,24.96676,40.463667,-3.74922
Graphite,ROU,NLD,Romania,Netherlands,250410,Raw,2.165,mirror,45.943161,24.96676,52.132633,5.291266
Graphite,RUS,TUR,Russian Federation,Türkiye,250410,Raw,2612144.0,mirror,61.52401,105.318756,38.963745,35.243322
Graphite,RUS,AZE,Russian Federation,Azerbaijan,250410,Raw,595987.84,mirror,61.52401,105.318756,40.143105,47.576927
Graphite,RUS,BRA,Russian Federation,Brazil,250410,Raw,147148.0,mirror,61.52401,105.318756,-14.235004,-51.92528
Graphite,RUS,KAZ,Russian Federation,Kazakhstan,250410|250490,Raw,141605.3,mirror,61.52401,105.318756,48.019573,66.923684
Graphite,RUS,UZB,Russian Federation,Uzbekistan,250410,Raw,21985.0,mirror,61.52401,105.318756,41.377491,64.585262
Graphite,SAU,ESP,Saudi Arabia,Spain,250410,Raw,5514.592,mirror,23.885942,45.079162,40.463667,-3.74922
Graphite,SAU,KOR,Saudi Arabia,Rep. of Korea,250490,Raw,10.0,mirror,23.885942,45.079162,35.907757,127.766922
Graphite,SEN,FRA,Senegal,France,250410,Raw,1112.688,mirror,14.497401,14.452362,46.227638,2.213749
Graphite,SEN,MAR,Senegal,Morocco,250490,Raw,15.102,direct,14.497401,14.452362,31.791702,-7.09262
Graphite,SRB,DEU,Serbia,Germany,250410,Raw,318.552,mirror,44.016521,21.005859,51.165691,10.451526
Graphite,SRB,BIH,Serbia,Bosnia Herzegovina,250410,Raw,144.0,direct,44.016521,21.005859,43.915886,17.679076
Graphite,SYC,EST,Seychelles,Estonia,250490,Raw,188957.28,mirror,,,58.595272,25.013607
Graphite,SGP,IDN,Singapore,Indonesia,250410|250490,Raw,22408.512,direct,1.352083,103.819836,-0.789275,113.921327
Graphite,SGP,MYS,Singapore,Malaysia,250410|250490,Raw,7431.511,direct,1.352083,103.819836,4.210484,101.975766
Graphite,SGP,ITA,Singapore,Italy,250410,Raw,5809.614,direct,1.352083,103.819836,41.87194,12.56738
Graphite,SGP,GBR,Singapore,United Kingdom,250410,Raw,4300.896,direct,1.352083,103.819836,55.378051,-3.435973
Graphite,SGP,CHN,Singapore,China,250410,Raw,3696.959,direct,1.352083,103.819836,35.86166,104.195397
Graphite,SGP,THA,Singapore,Thailand,250410,Raw,2982.264,direct,1.352083,103.819836,15.870032,100.992541
Graphite,SGP,USA,Singapore,USA,250490,Raw,1385.237,direct,1.352083,103.819836,37.09024,-95.712891
Graphite,SGP,DEU,Singapore,Germany,250410,Raw,847.906,direct,1.352083,103.819836,51.165691,10.451526
Graphite,SGP,KOR,Singapore,Rep. of Korea,250410,Raw,497.0,mirror,1.352083,103.819836,35.907757,127.766922
Graphite,SGP,LKA,Singapore,Sri Lanka,250490,Raw,284.381,direct,1.352083,103.819836,7.873054,80.771797
Graphite,SGP,NLD,Singapore,Netherlands,250490,Raw,106.073,mirror,1.352083,103.819836,52.132633,5.291266
Graphite,SVK,CHN,Slovakia,China,250410,Raw,768966.376,direct,48.669026,19.699024,35.86166,104.195397
Graphite,SVK,MYS,Slovakia,Malaysia,250410,Raw,89188.152,direct,48.669026,19.699024,4.210484,101.975766
Graphite,SVK,FRA,Slovakia,France,250410,Raw,12209.252,mirror,48.669026,19.699024,46.227638,2.213749
Graphite,SVK,MDA,Slovakia,Rep. of Moldova,250410,Raw,4268.912,direct,48.669026,19.699024,47.411631,28.369885
Graphite,SVK,ROU,Slovakia,Romania,250410|250490,Raw,1663.0800000000002,mirror,48.669026,19.699024,45.943161,24.96676
Graphite,SVK,BEL,Slovakia,Belgium,250490,Raw,972.043,mirror,48.669026,19.699024,50.503887,4.469936
Graphite,SVK,NLD,Slovakia,Netherlands,250410,Raw,860.492,mirror,48.669026,19.699024,52.132633,5.291266
Graphite,SVK,POL,Slovakia,Poland,250410,Raw,666.744,direct,48.669026,19.699024,51.919438,19.145136
Graphite,SVK,CZE,Slovakia,Czechia,250410,Raw,415.632,direct,48.669026,19.699024,49.817492,15.472962
Graphite,SVN,ROU,Slovenia,Romania,250410,Raw,16121.56,mirror,46.151241,14.995463,45.943161,24.96676
Graphite,SVN,HRV,Slovenia,Croatia,250410,Raw,16080.52,direct,46.151241,14.995463,45.1,15.2
Graphite,SVN,SRB,Slovenia,Serbia,250410|250490,Raw,13003.744,direct,46.151241,14.995463,44.016521,21.005859
Graphite,SVN,BIH,Slovenia,Bosnia Herzegovina,250410,Raw,7459.52,direct,46.151241,14.995463,43.915886,17.679076
Graphite,SVN,ITA,Slovenia,Italy,250490,Raw,6945.315,mirror,46.151241,14.995463,41.87194,12.56738
Graphite,SVN,DEU,Slovenia,Germany,250410,Raw,1647.472,direct,46.151241,14.995463,51.165691,10.451526
Graphite,SVN,CHE,Slovenia,Switzerland,250490,Raw,306.384,direct,46.151241,14.995463,46.818188,8.227512
Graphite,SVN,JPN,Slovenia,Japan,250490,Raw,149.272,direct,46.151241,14.995463,36.204824,138.252924
Graphite,SVN,GTM,Slovenia,Guatemala,250410,Raw,64.0,mirror,46.151241,14.995463,15.783471,-90.230759
Graphite,SVN,NLD,Slovenia,Netherlands,250410,Raw,3.247,mirror,46.151241,14.995463,52.132633,5.291266
Graphite,ZAF,NAM,South Africa,Namibia,250410|250490,Raw,233738.23200000002,direct,-30.559482,22.937506,-22.95764,18.49041
Graphite,ZAF,FRA,South Africa,France,250410,Raw,103267.756,mirror,-30.559482,22.937506,46.227638,2.213749
Graphite,ZAF,GBR,South Africa,United Kingdom,250490,Raw,71714.364,direct,-30.559482,22.937506,55.378051,-3.435973
Graphite,ZAF,ZMB,South Africa,Zambia,250410,Raw,31911.556,direct,-30.559482,22.937506,-13.133897,27.849332
Graphite,ZAF,BWA,South Africa,Botswana,250410|250490,Raw,16522.324,direct,-30.559482,22.937506,-22.328474,24.684866
Graphite,ZAF,MWI,South Africa,Malawi,250410|250490,Raw,13367.044,direct,-30.559482,22.937506,-13.254308,34.301525
Graphite,ZAF,LSO,South Africa,Lesotho,250490,Raw,5223.732,direct,-30.559482,22.937506,-29.609988,28.233608
Graphite,ZAF,COD,South Africa,Dem. Rep. of the Congo,250410|250490,Raw,4369.335999999999,direct,-30.559482,22.937506,-4.038333,21.758664
Graphite,ZAF,CAN,South Africa,Canada,250490,Raw,3547.668,direct,-30.559482,22.937506,56.130366,-106.346771
Graphite,ZAF,ZWE,South Africa,Zimbabwe,250410|250490,Raw,2978.504,direct,-30.559482,22.937506,-19.015438,29.154857
Graphite,ZAF,AUT,South Africa,Austria,250410,Raw,2957.063,mirror,-30.559482,22.937506,47.516231,14.550072
Graphite,ZAF,XX ,South Africa,Special Categories,250490,Raw,2928.748,direct,-30.559482,22.937506,,
Graphite,ZAF,MOZ,South Africa,Mozambique,250410,Raw,2400.612,direct,-30.559482,22.937506,-18.665695,35.529562
Graphite,ZAF,SWZ,South Africa,Eswatini,250410|250490,Raw,1021.788,direct,-30.559482,22.937506,-26.522503,31.465866
Graphite,ZAF,X1 ,South Africa,Bunkers,250410|250490,Raw,948.46,direct,-30.559482,22.937506,,
Graphite,ZAF,ISR,South Africa,Israel,250410,Raw,880.152,direct,-30.559482,22.937506,31.046051,34.851612
Graphite,ZAF,TZA,South Africa,United Rep. of Tanzania,250410,Raw,768.632,direct,-30.559482,22.937506,-6.369028,34.888822
Graphite,ZAF,CHN,South Africa,China,250490,Raw,174.588,direct,-30.559482,22.937506,35.86166,104.195397
Graphite,ZAF,USA,South Africa,USA,250410,Raw,126.14,direct,-30.559482,22.937506,37.09024,-95.712891
Graphite,ZAF,JPN,South Africa,Japan,250490,Raw,98.208,direct,-30.559482,22.937506,36.204824,138.252924
Graphite,ZAF,UGA,South Africa,Uganda,250490,Raw,43.648,direct,-30.559482,22.937506,1.373333,32.290275
Graphite,ZAF,KOR,South Africa,Rep. of Korea,250410,Raw,38.0,mirror,-30.559482,22.937506,35.907757,127.766922
Graphite,ZAF,AUS,South Africa,Australia,250490,Raw,32.736,direct,-30.559482,22.937506,-25.274398,133.775136
Graphite,ZAF,TUR,South Africa,Türkiye,250410,Raw,24.0,mirror,-30.559482,22.937506,38.963745,35.243322
Graphite,ESP,POL,Spain,Poland,250410|250490,Raw,3252995.32,direct,40.463667,-3.74922,51.919438,19.145136
Graphite,ESP,ROU,Spain,Romania,250410|250490,Raw,2920539.24,mirror,40.463667,-3.74922,45.943161,24.96676
Graphite,ESP,ITA,Spain,Italy,250410|250490,Raw,1222834.16,direct,40.463667,-3.74922,41.87194,12.56738
Graphite,ESP,FRA,Spain,France,250410|250490,Raw,1035264.036,direct,40.463667,-3.74922,46.227638,2.213749
Graphite,ESP,CZE,Spain,Czechia,250490,Raw,875738.056,direct,40.463667,-3.74922,49.817492,15.472962
Graphite,ESP,THA,Spain,Thailand,250490,Raw,561677.848,direct,40.463667,-3.74922,15.870032,100.992541
Graphite,ESP,USA,Spain,USA,250410,Raw,351937.288,direct,40.463667,-3.74922,37.09024,-95.712891
Graphite,ESP,DEU,Spain,Germany,250410|250490,Raw,253663.376,direct,40.463667,-3.74922,51.165691,10.451526
Graphite,ESP,MEX,Spain,Mexico,250410|250490,Raw,247082.052,direct,40.463667,-3.74922,23.634501,-102.552784
Graphite,ESP,HUN,Spain,Hungary,250410,Raw,129788.96,direct,40.463667,-3.74922,47.162494,19.503304
Graphite,ESP,CHN,Spain,China,250410|250490,Raw,121794.992,direct,40.463667,-3.74922,35.86166,104.195397
Graphite,ESP,MAR,Spain,Morocco,250410,Raw,118204.488,direct,40.463667,-3.74922,31.791702,-7.09262
Graphite,ESP,CHE,Spain,Switzerland,250410|250490,Raw,73049.632,direct,40.463667,-3.74922,46.818188,8.227512
Graphite,ESP,PRT,Spain,Portugal,250410|250490,Raw,51020.032,direct,40.463667,-3.74922,39.399872,-8.224454
Graphite,ESP,AUS,Spain,Australia,250410|250490,Raw,47997.03999999999,direct,40.463667,-3.74922,-25.274398,133.775136
Graphite,ESP,JPN,Spain,Japan,250410,Raw,47496.4,direct,40.463667,-3.74922,36.204824,138.252924
Graphite,ESP,BEL,Spain,Belgium,250410|250490,Raw,32581.665,mirror,40.463667,-3.74922,50.503887,4.469936
Graphite,ESP,IND,Spain,India,250410|250490,Raw,31267.584,direct,40.463667,-3.74922,20.593684,78.96288
Graphite,ESP,COL,Spain,Colombia,250490,Raw,19998.9,mirror,40.463667,-3.74922,4.570868,-74.297333
Graphite,ESP,BGR,Spain,Bulgaria,250410,Raw,15089.4,direct,40.463667,-3.74922,42.733883,25.48583
Graphite,ESP,GBR,Spain,United Kingdom,250410|250490,Raw,9510.199999999999,direct,40.463667,-3.74922,55.378051,-3.435973
Graphite,ESP,ARG,Spain,Argentina,250490,Raw,9348.3,mirror,40.463667,-3.74922,-38.416097,-63.616672
Graphite,ESP,CRI,Spain,Costa Rica,250410,Raw,3486.7,mirror,40.463667,-3.74922,9.748917,-83.753428
Graphite,ESP,KOR,Spain,Rep. of Korea,250490,Raw,2850.216,direct,40.463667,-3.74922,35.907757,127.766922
Graphite,ESP,CPV,Spain,Cabo Verde,250490,Raw,1972.337,mirror,40.463667,-3.74922,16.002082,-24.013197
Graphite,ESP,DOM,Spain,Dominican Rep.,250410,Raw,1379.32,mirror,40.463667,-3.74922,18.735693,-70.162651
Graphite,ESP,IRL,Spain,Ireland,250410,Raw,688.08,direct,40.463667,-3.74922,53.41291,-8.24389
Graphite,ESP,SWE,Spain,Sweden,250410,Raw,611.624,direct,40.463667,-3.74922,60.128161,18.643501
Graphite,ESP,TUR,Spain,Türkiye,250490,Raw,448.0,mirror,40.463667,-3.74922,38.963745,35.243322
Graphite,ESP,NLD,Spain,Netherlands,250410,Raw,351.774,mirror,40.463667,-3.74922,52.132633,5.291266
Graphite,ESP,IDN,Spain,Indonesia,250490,Raw,198.0,mirror,40.463667,-3.74922,-0.789275,113.921327
Graphite,ESP,AUT,Spain,Austria,250410,Raw,64.943,mirror,40.463667,-3.74922,47.516231,14.550072
Graphite,ESP,BOL,Spain,Bolivia (Plurinational State of),250410,Raw,30.0,mirror,40.463667,-3.74922,-16.290154,-63.588653
Graphite,ESP,CAN,Spain,Canada,250490,Raw,2.82,mirror,40.463667,-3.74922,56.130366,-106.346771
Graphite,XX ,ZAF,Special Categories,South Africa,250410|250490,Raw,34.92,mirror,,,-30.559482,22.937506
Graphite,LKA,JPN,Sri Lanka,Japan,250410|250490,Raw,2001230.0350000001,direct,7.873054,80.771797,36.204824,138.252924
Graphite,LKA,TUR,Sri Lanka,Türkiye,250410,Raw,1370576.0,mirror,7.873054,80.771797,38.963745,35.243322
Graphite,LKA,USA,Sri Lanka,USA,250410|250490,Raw,1154993.2820000001,direct,7.873054,80.771797,37.09024,-95.712891
Graphite,LKA,DEU,Sri Lanka,Germany,250410|250490,Raw,662883.986,direct,7.873054,80.771797,51.165691,10.451526
Graphite,LKA,GBR,Sri Lanka,United Kingdom,250410,Raw,623097.024,direct,7.873054,80.771797,55.378051,-3.435973
Graphite,LKA,KOR,Sri Lanka,Rep. of Korea,250410,Raw,592078.882,direct,7.873054,80.771797,35.907757,127.766922
Graphite,LKA,IND,Sri Lanka,India,250410|250490,Raw,153904.606,direct,7.873054,80.771797,20.593684,78.96288
Graphite,LKA,CHN,Sri Lanka,China,250410|250490,Raw,102970.726,direct,7.873054,80.771797,35.86166,104.195397
Graphite,LKA,THA,Sri Lanka,Thailand,250410,Raw,82633.54,direct,7.873054,80.771797,15.870032,100.992541
Graphite,LKA,SGP,Sri Lanka,Singapore,250410,Raw,48341.856,mirror,7.873054,80.771797,1.352083,103.819836
Graphite,LKA,CAN,Sri Lanka,Canada,250490,Raw,1794.448,mirror,7.873054,80.771797,56.130366,-106.346771
Graphite,SDN,DEU,Sudan,Germany,250410,Raw,234.72,mirror,12.862807,30.217636,51.165691,10.451526
Graphite,SWE,KOR,Sweden,Rep. of Korea,250410,Raw,966157.292,direct,60.128161,18.643501,35.907757,127.766922
Graphite,SWE,IND,Sweden,India,250410,Raw,654450.914,direct,60.128161,18.643501,20.593684,78.96288
Graphite,SWE,JPN,Sweden,Japan,250410,Raw,390058.8,direct,60.128161,18.643501,36.204824,138.252924
Graphite,SWE,NOR,Sweden,Norway,250410|250490,Raw,363373.556,direct,60.128161,18.643501,60.472024,8.468946
Graphite,SWE,TUR,Sweden,Türkiye,250410|250490,Raw,350273.828,direct,60.128161,18.643501,38.963745,35.243322
Graphite,SWE,THA,Sweden,Thailand,250410,Raw,133804.742,direct,60.128161,18.643501,15.870032,100.992541
Graphite,SWE,BRA,Sweden,Brazil,250410,Raw,113364.978,direct,60.128161,18.643501,-14.235004,-51.92528
Graphite,SWE,SVN,Sweden,Slovenia,250490,Raw,31228.784,mirror,60.128161,18.643501,46.151241,14.995463
Graphite,SWE,NLD,Sweden,Netherlands,250410,Raw,21488.499,mirror,60.128161,18.643501,52.132633,5.291266
Graphite,SWE,USA,Sweden,USA,250410|250490,Raw,20629.02,direct,60.128161,18.643501,37.09024,-95.712891
Graphite,SWE,AUT,Sweden,Austria,250490,Raw,16234.625,mirror,60.128161,18.643501,47.516231,14.550072
Graphite,SWE,DEU,Sweden,Germany,250410|250490,Raw,14135.732,direct,60.128161,18.643501,51.165691,10.451526
Graphite,SWE,CZE,Sweden,Czechia,250410,Raw,11166.166,direct,60.128161,18.643501,49.817492,15.472962
Graphite,SWE,CHN,Sweden,China,250410,Raw,10030.624,direct,60.128161,18.643501,35.86166,104.195397
Graphite,SWE,S19,Sweden,"Other Asia, nes",250410|250490,Raw,6813.254,direct,60.128161,18.643501,,
Graphite,SWE,DNK,Sweden,Denmark,250410|250490,Raw,2653.804,direct,60.128161,18.643501,56.26392,9.501785
Graphite,SWE,GBR,Sweden,United Kingdom,250410,Raw,2081.828,direct,60.128161,18.643501,55.378051,-3.435973
Graphite,SWE,ITA,Sweden,Italy,250410|250490,Raw,2081.828,direct,60.128161,18.643501,41.87194,12.56738
Graphite,SWE,AUS,Sweden,Australia,250490,Raw,1703.314,direct,60.128161,18.643501,-25.274398,133.775136
Graphite,SWE,CAN,Sweden,Canada,250410,Raw,1608.232,mirror,60.128161,18.643501,56.130366,-106.346771
Graphite,SWE,FIN,Sweden,Finland,250410|250490,Raw,757.028,direct,60.128161,18.643501,61.92411,25.748151
Graphite,SWE,ESP,Sweden,Spain,250410,Raw,189.258,direct,60.128161,18.643501,40.463667,-3.74922
Graphite,SWE,NZL,Sweden,New Zealand,250410,Raw,189.258,direct,60.128161,18.643501,-40.900557,174.885971
Graphite,SWE,SGP,Sweden,Singapore,250490,Raw,28.438,mirror,60.128161,18.643501,1.352083,103.819836
Graphite,CHE,CHN,Switzerland,China,250410,Raw,652654.872,direct,46.818188,8.227512,35.86166,104.195397
Graphite,CHE,DEU,Switzerland,Germany,250410|250490,Raw,463131.632,direct,46.818188,8.227512,51.165691,10.451526
Graphite,CHE,FRA,Switzerland,France,250410|250490,Raw,138604.896,direct,46.818188,8.227512,46.227638,2.213749
Graphite,CHE,CAN,Switzerland,Canada,250410|250490,Raw,132615.248,direct,46.818188,8.227512,56.130366,-106.346771
Graphite,CHE,BEL,Switzerland,Belgium,250410,Raw,59765.715,mirror,46.818188,8.227512,50.503887,4.469936
Graphite,CHE,IDN,Switzerland,Indonesia,250410,Raw,54356.0,mirror,46.818188,8.227512,-0.789275,113.921327
Graphite,CHE,BRA,Switzerland,Brazil,250410,Raw,31832.0,mirror,46.818188,8.227512,-14.235004,-51.92528
Graphite,CHE,USA,Switzerland,USA,250410,Raw,23874.404,direct,46.818188,8.227512,37.09024,-95.712891
Graphite,CHE,ITA,Switzerland,Italy,250410,Raw,21393.828,direct,46.818188,8.227512,41.87194,12.56738
Graphite,CHE,ESP,Switzerland,Spain,250410,Raw,20680.548,direct,46.818188,8.227512,40.463667,-3.74922
Graphite,CHE,GBR,Switzerland,United Kingdom,250410,Raw,13493.240000000002,direct,46.818188,8.227512,55.378051,-3.435973
Graphite,CHE,NLD,Switzerland,Netherlands,250410,Raw,8772.876,direct,46.818188,8.227512,52.132633,5.291266
Graphite,CHE,COL,Switzerland,Colombia,250410,Raw,3218.95,mirror,46.818188,8.227512,4.570868,-74.297333
Graphite,CHE,THA,Switzerland,Thailand,250410,Raw,1112.4,mirror,46.818188,8.227512,15.870032,100.992541
Graphite,CHE,MYS,Switzerland,Malaysia,250490,Raw,892.4,mirror,46.818188,8.227512,4.210484,101.975766
Graphite,CHE,TUR,Switzerland,Türkiye,250490,Raw,208.0,mirror,46.818188,8.227512,38.963745,35.243322
Graphite,CHE,AUT,Switzerland,Austria,250410,Raw,103.909,mirror,46.818188,8.227512,47.516231,14.550072
Graphite,CHE,ARM,Switzerland,Armenia,250490,Raw,16.72,mirror,46.818188,8.227512,40.069099,45.038189
Graphite,THA,MMR,Thailand,Myanmar,250410|250490,Raw,694929.16,direct,15.870032,100.992541,21.913965,95.956223
Graphite,THA,KHM,Thailand,Cambodia,250410|250490,Raw,271451.96,direct,15.870032,100.992541,12.565679,104.990963
Graphite,THA,LAO,Thailand,Lao People's Dem. Rep.,250410|250490,Raw,101531.28,direct,15.870032,100.992541,19.85627,102.495496
Graphite,THA,VNM,Thailand,Viet Nam,250410,Raw,96583.16,direct,15.870032,100.992541,14.058324,108.277199
Graphite,THA,ARE,Thailand,United Arab Emirates,250410,Raw,52700.0,direct,15.870032,100.992541,23.424076,53.847818
Graphite,THA,MYS,Thailand,Malaysia,250410|250490,Raw,32667.636,direct,15.870032,100.992541,4.210484,101.975766
Graphite,THA,USA,Thailand,USA,250490,Raw,13094.0,mirror,15.870032,100.992541,37.09024,-95.712891
Graphite,THA,KOR,Thailand,Rep. of Korea,250410,Raw,6970.76,direct,15.870032,100.992541,35.907757,127.766922
Graphite,THA,IDN,Thailand,Indonesia,250410,Raw,855.92,direct,15.870032,100.992541,-0.789275,113.921327
Graphite,THA,PHL,Thailand,Philippines,250410,Raw,670.68,direct,15.870032,100.992541,12.879721,121.774017
Graphite,THA,JPN,Thailand,Japan,250410,Raw,193.16,direct,15.870032,100.992541,36.204824,138.252924
Graphite,THA,IND,Thailand,India,250490,Raw,160.0,direct,15.870032,100.992541,20.593684,78.96288
Graphite,THA,PAK,Thailand,Pakistan,250410,Raw,32.0,direct,15.870032,100.992541,30.375321,69.345116
Graphite,TUN,FRA,Tunisia,France,250410|250490,Raw,95.248,mirror,33.886917,9.537499,46.227638,2.213749
Graphite,TUR,BEL,Türkiye,Belgium,250410,Raw,3091184.0,direct,38.963745,35.243322,50.503887,4.469936
Graphite,TUR,MKD,Türkiye,North Macedonia,250410,Raw,1306544.0,direct,38.963745,35.243322,41.608635,21.745275
Graphite,TUR,FRA,Türkiye,France,250410|250490,Raw,1038609.568,direct,38.963745,35.243322,46.227638,2.213749
Graphite,TUR,JPN,Türkiye,Japan,250410,Raw,884544.0,direct,38.963745,35.243322,36.204824,138.252924
Graphite,TUR,GBR,Türkiye,United Kingdom,250410,Raw,828672.0,direct,38.963745,35.243322,55.378051,-3.435973
Graphite,TUR,USA,Türkiye,USA,250410,Raw,749064.0,direct,38.963745,35.243322,37.09024,-95.712891
Graphite,TUR,ESP,Türkiye,Spain,250410,Raw,654712.0,direct,38.963745,35.243322,40.463667,-3.74922
Graphite,TUR,ITA,Türkiye,Italy,250410,Raw,285464.0,direct,38.963745,35.243322,41.87194,12.56738
Graphite,TUR,CZE,Türkiye,Czechia,250410,Raw,233024.0,direct,38.963745,35.243322,49.817492,15.472962
Graphite,TUR,MYS,Türkiye,Malaysia,250410,Raw,164400.0,direct,38.963745,35.243322,4.210484,101.975766
Graphite,TUR,DEU,Türkiye,Germany,250410|250490,Raw,159536.0,direct,38.963745,35.243322,51.165691,10.451526
Graphite,TUR,EGY,Türkiye,Egypt,250410,Raw,144720.0,direct,38.963745,35.243322,26.820553,30.802498
Graphite,TUR,GAB,Türkiye,Gabon,250410,Raw,107552.0,direct,38.963745,35.243322,-0.803689,11.609444
Graphite,TUR,AUS,Türkiye,Australia,250410,Raw,86784.0,direct,38.963745,35.243322,-25.274398,133.775136
Graphite,TUR,IND,Türkiye,India,250410|250490,Raw,83840.0,direct,38.963745,35.243322,20.593684,78.96288
Graphite,TUR,CMR,Türkiye,Cameroon,250410,Raw,75288.0,direct,38.963745,35.243322,3.848033,11.502075
Graphite,TUR,TJK,Türkiye,Tajikistan,250490,Raw,74088.0,direct,38.963745,35.243322,38.861034,71.276093
Graphite,TUR,SYR,Türkiye,Syria,250410|250490,Raw,43264.0,direct,38.963745,35.243322,34.802075,38.996815
Graphite,TUR,SAU,Türkiye,Saudi Arabia,250410,Raw,37424.0,direct,38.963745,35.243322,23.885942,45.079162
Graphite,TUR,TKM,Türkiye,Turkmenistan,250410,Raw,33800.0,direct,38.963745,35.243322,38.969719,59.556278
Graphite,TUR,GEO,Türkiye,Georgia,250410,Raw,24464.0,direct,38.963745,35.243322,42.315407,43.356892
Graphite,TUR,NLD,Türkiye,Netherlands,250410|250490,Raw,14048.0,direct,38.963745,35.243322,52.132633,5.291266
Graphite,TUR,ALB,Türkiye,Albania,250410,Raw,12200.0,direct,38.963745,35.243322,41.153332,20.168331
Graphite,TUR,DZA,Türkiye,Algeria,250410,Raw,10984.0,direct,38.963745,35.243322,28.033886,1.659626
Graphite,TUR,IRN,Türkiye,Iran,250490,Raw,7856.0,direct,38.963745,35.243322,32.427908,53.688046
Graphite,TUR,MRT,Türkiye,Mauritania,250410|250490,Raw,6816.0,direct,38.963745,35.243322,21.00789,-10.940835
Graphite,TUR,POL,Türkiye,Poland,250410|250490,Raw,5826.0,direct,38.963745,35.243322,51.919438,19.145136
Graphite,TUR,THA,Türkiye,Thailand,250410,Raw,4160.0,direct,38.963745,35.243322,15.870032,100.992541
Graphite,TUR,HUN,Türkiye,Hungary,250490,Raw,3836.776,mirror,38.963745,35.243322,47.162494,19.503304
Graphite,TUR,SGP,Türkiye,Singapore,250410,Raw,3344.0,direct,38.963745,35.243322,1.352083,103.819836
Graphite,TUR,LBN,Türkiye,Lebanon,250410,Raw,3200.0,direct,38.963745,35.243322,33.854721,35.862285
Graphite,TUR,AZE,Türkiye,Azerbaijan,250410|250490,Raw,2928.0,direct,38.963745,35.243322,40.143105,47.576927
Graphite,TUR,KOR,Türkiye,Rep. of Korea,250410,Raw,2488.0,direct,38.963745,35.243322,35.907757,127.766922
Graphite,TUR,SWE,Türkiye,Sweden,250410,Raw,1904.0,direct,38.963745,35.243322,60.128161,18.643501
Graphite,TUR,CHE,Türkiye,Switzerland,250410,Raw,1792.0,direct,38.963745,35.243322,46.818188,8.227512
Graphite,TUR,AUT,Türkiye,Austria,250410,Raw,1424.0,direct,38.963745,35.243322,47.516231,14.550072
Graphite,TUR,NGA,Türkiye,Nigeria,250410,Raw,1392.0,direct,38.963745,35.243322,9.081999,8.675277
Graphite,TUR,BFA,Türkiye,Burkina Faso,250410,Raw,1368.0,direct,38.963745,35.243322,12.364566,-1.561593
Graphite,TUR,JOR,Türkiye,Jordan,250490,Raw,1280.0,direct,38.963745,35.243322,30.585164,36.238414
Graphite,TUR,LUX,Türkiye,Luxembourg,250410,Raw,1200.0,direct,38.963745,35.243322,49.815273,6.129583
Graphite,TUR,ISR,Türkiye,Israel,250410,Raw,1112.0,direct,38.963745,35.243322,31.046051,34.851612
Graphite,TUR,GRC,Türkiye,Greece,250410,Raw,944.0,direct,38.963745,35.243322,39.074208,21.824312
Graphite,TUR,ROU,Türkiye,Romania,250410,Raw,778.48,mirror,38.963745,35.243322,45.943161,24.96676
Graphite,TUR,CAN,Türkiye,Canada,250410,Raw,752.0,direct,38.963745,35.243322,56.130366,-106.346771
Graphite,TUR,ARG,Türkiye,Argentina,250410,Raw,720.0,direct,38.963745,35.243322,-38.416097,-63.616672
Graphite,TUR,SVK,Türkiye,Slovakia,250410,Raw,704.0,direct,38.963745,35.243322,48.669026,19.699024
Graphite,TUR,PRT,Türkiye,Portugal,250410,Raw,560.0,direct,38.963745,35.243322,39.399872,-8.224454
Graphite,TUR,KAZ,Türkiye,Kazakhstan,250410,Raw,328.0,direct,38.963745,35.243322,48.019573,66.923684
Graphite,USA,MEX,USA,Mexico,250410|250490,Raw,5883307.0,direct,37.09024,-95.712891,23.634501,-102.552784
Graphite,USA,CAN,USA,Canada,250410|250490,Raw,3230334.0,direct,37.09024,-95.712891,56.130366,-106.346771
Graphite,USA,NLD,USA,Netherlands,250410|250490,Raw,2281764.0,direct,37.09024,-95.712891,52.132633,5.291266
Graphite,USA,DEU,USA,Germany,250410|250490,Raw,1865885.386,direct,37.09024,-95.712891,51.165691,10.451526
Graphite,USA,JPN,USA,Japan,250410|250490,Raw,1729557.0,direct,37.09024,-95.712891,36.204824,138.252924
Graphite,USA,IND,USA,India,250410|250490,Raw,1589255.0,direct,37.09024,-95.712891,20.593684,78.96288
Graphite,USA,TUR,USA,Türkiye,250410|250490,Raw,1035348.0,direct,37.09024,-95.712891,38.963745,35.243322
Graphite,USA,BEL,USA,Belgium,250410|250490,Raw,713038.577,direct,37.09024,-95.712891,50.503887,4.469936
Graphite,USA,POL,USA,Poland,250410|250490,Raw,573733.0,direct,37.09024,-95.712891,51.919438,19.145136
Graphite,USA,KOR,USA,Rep. of Korea,250410|250490,Raw,526003.0,direct,37.09024,-95.712891,35.907757,127.766922
Graphite,USA,S19,USA,"Other Asia, nes",250410|250490,Raw,485126.0,direct,37.09024,-95.712891,,
Graphite,USA,CHN,USA,China,250410|250490,Raw,404550.0,direct,37.09024,-95.712891,35.86166,104.195397
Graphite,USA,GBR,USA,United Kingdom,250410|250490,Raw,381017.0,direct,37.09024,-95.712891,55.378051,-3.435973
Graphite,USA,AUS,USA,Australia,250410|250490,Raw,248221.0,direct,37.09024,-95.712891,-25.274398,133.775136
Graphite,USA,DOM,USA,Dominican Rep.,250410|250490,Raw,243783.626,direct,37.09024,-95.712891,18.735693,-70.162651
Graphite,USA,SWE,USA,Sweden,250410|250490,Raw,174883.0,direct,37.09024,-95.712891,60.128161,18.643501
Graphite,USA,CHL,USA,Chile,250410|250490,Raw,155117.0,direct,37.09024,-95.712891,-35.675147,-71.542969
Graphite,USA,CHE,USA,Switzerland,250410|250490,Raw,147248.964,mirror,37.09024,-95.712891,46.818188,8.227512
Graphite,USA,IRL,USA,Ireland,250410|250490,Raw,135037.082,direct,37.09024,-95.712891,53.41291,-8.24389
Graphite,USA,MYS,USA,Malaysia,250410|250490,Raw,114447.0,direct,37.09024,-95.712891,4.210484,101.975766
Graphite,USA,SAU,USA,Saudi Arabia,250410|250490,Raw,113207.0,direct,37.09024,-95.712891,23.885942,45.079162
Graphite,USA,COL,USA,Colombia,250410|250490,Raw,98648.0,direct,37.09024,-95.712891,4.570868,-74.297333
Graphite,USA,ARE,USA,United Arab Emirates,250410|250490,Raw,88817.0,direct,37.09024,-95.712891,23.424076,53.847818
Graphite,USA,PER,USA,Peru,250410|250490,Raw,87577.0,direct,37.09024,-95.712891,-9.189967,-75.015152
Graphite,USA,NZL,USA,New Zealand,250410|250490,Raw,82188.741,direct,37.09024,-95.712891,-40.900557,174.885971
Graphite,USA,FRA,USA,France,250410|250490,Raw,80148.109,mirror,37.09024,-95.712891,46.227638,2.213749
Graphite,USA,MAR,USA,Morocco,250410|250490,Raw,73663.554,direct,37.09024,-95.712891,31.791702,-7.09262
Graphite,USA,IDN,USA,Indonesia,250410|250490,Raw,72788.0,mirror,37.09024,-95.712891,-0.789275,113.921327
Graphite,USA,NOR,USA,Norway,250410|250490,Raw,72116.88,mirror,37.09024,-95.712891,60.472024,8.468946
Graphite,USA,SGP,USA,Singapore,250410|250490,Raw,64394.724,direct,37.09024,-95.712891,1.352083,103.819836
Graphite,USA,AUT,USA,Austria,250410|250490,Raw,59504.971,direct,37.09024,-95.712891,47.516231,14.550072
Graphite,USA,THA,USA,Thailand,250410|250490,Raw,57428.0,direct,37.09024,-95.712891,15.870032,100.992541
Graphite,USA,BRA,USA,Brazil,250410|250490,Raw,56571.0,direct,37.09024,-95.712891,-14.235004,-51.92528
Graphite,USA,PRT,USA,Portugal,250410|250490,Raw,48965.0,direct,37.09024,-95.712891,39.399872,-8.224454
Graphite,USA,CRI,USA,Costa Rica,250410|250490,Raw,44758.19,direct,37.09024,-95.712891,9.748917,-83.753428
Graphite,USA,DNK,USA,Denmark,250410,Raw,44091.0,direct,37.09024,-95.712891,56.26392,9.501785
Graphite,USA,BLZ,USA,Belize,250410,Raw,41292.02,mirror,37.09024,-95.712891,17.189877,-88.49765
Graphite,USA,ISR,USA,Israel,250410|250490,Raw,40298.0,direct,37.09024,-95.712891,31.046051,34.851612
Graphite,USA,VNM,USA,Viet Nam,250410,Raw,40020.0,direct,37.09024,-95.712891,14.058324,108.277199
Graphite,USA,CZE,USA,Czechia,250410|250490,Raw,28457.0,direct,37.09024,-95.712891,49.817492,15.472962
Graphite,USA,LBY,USA,Libya,250490,Raw,26032.0,direct,37.09024,-95.712891,26.3351,17.228331
Graphite,USA,ARG,USA,Argentina,250410,Raw,25409.0,direct,37.09024,-95.712891,-38.416097,-63.616672
Graphite,USA,ROU,USA,Romania,250410,Raw,19006.0,direct,37.09024,-95.712891,45.943161,24.96676
Graphite,USA,ITA,USA,Italy,250410|250490,Raw,17932.0,direct,37.09024,-95.712891,41.87194,12.56738
Graphite,USA,FIN,USA,Finland,250410|250490,Raw,17915.432,direct,37.09024,-95.712891,61.92411,25.748151
Graphite,USA,BHR,USA,Bahrain,250410|250490,Raw,17157.83,direct,37.09024,-95.712891,26.0275,50.55
Graphite,USA,LTU,USA,Lithuania,250410,Raw,15799.0,direct,37.09024,-95.712891,55.169438,23.881275
Graphite,USA,ESP,USA,Spain,250410|250490,Raw,15686.672,direct,37.09024,-95.712891,40.463667,-3.74922
Graphite,USA,GTM,USA,Guatemala,250410|250490,Raw,14979.0,direct,37.09024,-95.712891,15.783471,-90.230759
Graphite,USA,HUN,USA,Hungary,250410,Raw,9952.332,mirror,37.09024,-95.712891,47.162494,19.503304
Graphite,USA,OMN,USA,Oman,250490,Raw,8165.0,direct,37.09024,-95.712891,21.512583,55.923255
Graphite,USA,BHS,USA,Bahamas,250410|250490,Raw,8140.0,direct,37.09024,-95.712891,25.03428,-77.39628
Graphite,USA,ECU,USA,Ecuador,250410|250490,Raw,8105.24,direct,37.09024,-95.712891,-1.831239,-78.183406
Graphite,USA,TTO,USA,Trinidad and Tobago,250410|250490,Raw,7023.0,direct,37.09024,-95.712891,10.691803,-61.222503
Graphite,USA,SRB,USA,Serbia,250410,Raw,5656.0,mirror,37.09024,-95.712891,44.016521,21.005859
Graphite,USA,VEN,USA,Venezuela,250410,Raw,5468.0,direct,37.09024,-95.712891,6.42375,-66.58973
Graphite,USA,URY,USA,Uruguay,250410,Raw,4829.0,mirror,37.09024,-95.712891,-32.522779,-55.765835
Graphite,USA,SLV,USA,El Salvador,250410,Raw,3426.0,direct,37.09024,-95.712891,13.794185,-88.89653
Graphite,USA,UKR,USA,Ukraine,250410,Raw,3386.0,mirror,37.09024,-95.712891,48.379433,31.16558
Graphite,USA,ZAF,USA,South Africa,250410|250490,Raw,3194.56,mirror,37.09024,-95.712891,-30.559482,22.937506
Graphite,USA,MDA,USA,Rep. of Moldova,250410,Raw,2912.0,mirror,37.09024,-95.712891,47.411631,28.369885
Graphite,USA,MDG,USA,Madagascar,250410,Raw,1630.576,mirror,37.09024,-95.712891,-18.766947,46.869107
Graphite,USA,NGA,USA,Nigeria,250410|250490,Raw,1507.588,mirror,37.09024,-95.712891,9.081999,8.675277
Graphite,USA,PHL,USA,Philippines,250490,Raw,1486.0,mirror,37.09024,-95.712891,12.879721,121.774017
Graphite,USA,KAZ,USA,Kazakhstan,250410|250490,Raw,1311.3200000000002,mirror,37.09024,-95.712891,48.019573,66.923684
Graphite,USA,GRD,USA,Grenada,250490,Raw,1041.676,mirror,37.09024,-95.712891,,
Graphite,USA,HRV,USA,Croatia,250410,Raw,1015.0,mirror,37.09024,-95.712891,45.1,15.2
Graphite,USA,LUX,USA,Luxembourg,250490,Raw,499.064,mirror,37.09024,-95.712891,49.815273,6.129583
Graphite,USA,TZA,USA,United Rep. of Tanzania,250410,Raw,396.012,mirror,37.09024,-95.712891,-6.369028,34.888822
Graphite,USA,HND,USA,Honduras,250410,Raw,296.19,mirror,37.09024,-95.712891,15.199999,-86.241905
Graphite,USA,SVN,USA,Slovenia,250410,Raw,287.52,mirror,37.09024,-95.712891,46.151241,14.995463
Graphite,USA,KWT,USA,Kuwait,250410,Raw,221.0,mirror,37.09024,-95.712891,29.31166,47.481766
Graphite,USA,LKA,USA,Sri Lanka,250490,Raw,101.564,mirror,37.09024,-95.712891,7.873054,80.771797
Graphite,USA,TUN,USA,Tunisia,250410,Raw,96.22,mirror,37.09024,-95.712891,33.886917,9.537499
Graphite,USA,MSR,USA,Montserrat,250410,Raw,78.437,mirror,37.09024,-95.712891,,
Graphite,USA,BMU,USA,Bermuda,250490,Raw,59.97,mirror,37.09024,-95.712891,,
Graphite,USA,BRB,USA,Barbados,250410,Raw,51.0,mirror,37.09024,-95.712891,,
Graphite,UGA,CHN,Uganda,China,250410|250490,Raw,103064.85,direct,1.373333,32.290275,35.86166,104.195397
Graphite,UGA,BDI,Uganda,Burundi,250490,Raw,621.14,direct,1.373333,32.290275,-3.373056,29.918886
Graphite,UKR,DEU,Ukraine,Germany,250410,Raw,284854.336,mirror,48.379433,31.16558,51.165691,10.451526
Graphite,UKR,AUT,Ukraine,Austria,250410,Raw,205366.5,direct,48.379433,31.16558,47.516231,14.550072
Graphite,UKR,POL,Ukraine,Poland,250410,Raw,168400.0,mirror,48.379433,31.16558,51.919438,19.145136
Graphite,UKR,JPN,Ukraine,Japan,250410,Raw,73600.24,direct,48.379433,31.16558,36.204824,138.252924
Graphite,UKR,CZE,Ukraine,Czechia,250410,Raw,72168.34,direct,48.379433,31.16558,49.817492,15.472962
Graphite,UKR,SVK,Ukraine,Slovakia,250410,Raw,47616.46,direct,48.379433,31.16558,48.669026,19.699024
Graphite,UKR,ITA,Ukraine,Italy,250410,Raw,37524.9,direct,48.379433,31.16558,41.87194,12.56738
Graphite,UKR,IND,Ukraine,India,250410,Raw,985.02,direct,48.379433,31.16558,20.593684,78.96288
Graphite,UKR,ARE,Ukraine,United Arab Emirates,250410,Raw,456.3,direct,48.379433,31.16558,23.424076,53.847818
Graphite,UKR,USA,Ukraine,USA,250490,Raw,50.12,direct,48.379433,31.16558,37.09024,-95.712891
Graphite,ARE,CAN,United Arab Emirates,Canada,250410,Raw,1360472.784,mirror,23.424076,53.847818,56.130366,-106.346771
Graphite,ARE,KWT,United Arab Emirates,Kuwait,250490,Raw,319760.0,mirror,23.424076,53.847818,29.31166,47.481766
Graphite,ARE,AGO,United Arab Emirates,Angola,250410,Raw,67485.4,mirror,23.424076,53.847818,-11.202692,17.873887
Graphite,ARE,PAK,United Arab Emirates,Pakistan,250410|250490,Raw,57598.019,mirror,23.424076,53.847818,30.375321,69.345116
Graphite,ARE,ZAF,United Arab Emirates,South Africa,250410,Raw,49241.14,mirror,23.424076,53.847818,-30.559482,22.937506
Graphite,ARE,BRA,United Arab Emirates,Brazil,250410,Raw,25834.0,mirror,23.424076,53.847818,-14.235004,-51.92528
Graphite,ARE,NAM,United Arab Emirates,Namibia,250410,Raw,23103.592,mirror,23.424076,53.847818,-22.95764,18.49041
Graphite,ARE,QAT,United Arab Emirates,Qatar,250490,Raw,5849.912,mirror,23.424076,53.847818,25.354826,51.183884
Graphite,ARE,SAU,United Arab Emirates,Saudi Arabia,250490,Raw,1684.8,mirror,23.424076,53.847818,23.885942,45.079162
Graphite,ARE,LKA,United Arab Emirates,Sri Lanka,250490,Raw,831.855,mirror,23.424076,53.847818,7.873054,80.771797
Graphite,ARE,UGA,United Arab Emirates,Uganda,250490,Raw,600.0,mirror,23.424076,53.847818,1.373333,32.290275
Graphite,ARE,FRA,United Arab Emirates,France,250410,Raw,493.564,mirror,23.424076,53.847818,46.227638,2.213749
Graphite,ARE,SEN,United Arab Emirates,Senegal,250490,Raw,287.773,mirror,23.424076,53.847818,14.497401,14.452362
Graphite,ARE,UKR,United Arab Emirates,Ukraine,250410,Raw,256.62,mirror,23.424076,53.847818,48.379433,31.16558
Graphite,GBR,CHN,United Kingdom,China,250410|250490,Raw,4644600.8440000005,direct,55.378051,-3.435973,35.86166,104.195397
Graphite,GBR,TUR,United Kingdom,Türkiye,250410|250490,Raw,1124794.392,direct,55.378051,-3.435973,38.963745,35.243322
Graphite,GBR,ISR,United Kingdom,Israel,250410|250490,Raw,832662.564,direct,55.378051,-3.435973,31.046051,34.851612
Graphite,GBR,FRA,United Kingdom,France,250410|250490,Raw,814639.238,direct,55.378051,-3.435973,46.227638,2.213749
Graphite,GBR,ESP,United Kingdom,Spain,250410,Raw,783205.688,direct,55.378051,-3.435973,40.463667,-3.74922
Graphite,GBR,DEU,United Kingdom,Germany,250410|250490,Raw,769817.514,direct,55.378051,-3.435973,51.165691,10.451526
Graphite,GBR,IND,United Kingdom,India,250410|250490,Raw,555307.396,direct,55.378051,-3.435973,20.593684,78.96288
Graphite,GBR,ITA,United Kingdom,Italy,250410,Raw,534344.936,direct,55.378051,-3.435973,41.87194,12.56738
Graphite,GBR,KOR,United Kingdom,Rep. of Korea,250410|250490,Raw,474653.668,direct,55.378051,-3.435973,35.907757,127.766922
Graphite,GBR,POL,United Kingdom,Poland,250410|250490,Raw,471929.356,direct,55.378051,-3.435973,51.919438,19.145136
Graphite,GBR,CZE,United Kingdom,Czechia,250410|250490,Raw,448389.708,direct,55.378051,-3.435973,49.817492,15.472962
Graphite,GBR,USA,United Kingdom,USA,250410|250490,Raw,443773.096,direct,55.378051,-3.435973,37.09024,-95.712891
Graphite,GBR,ARE,United Kingdom,United Arab Emirates,250490,Raw,415484.932,direct,55.378051,-3.435973,23.424076,53.847818
Graphite,GBR,S19,United Kingdom,"Other Asia, nes",250410|250490,Raw,349391.284,direct,55.378051,-3.435973,,
Graphite,GBR,SRB,United Kingdom,Serbia,250410,Raw,339858.74,direct,55.378051,-3.435973,44.016521,21.005859
Graphite,GBR,IRL,United Kingdom,Ireland,250410|250490,Raw,267636.664,direct,55.378051,-3.435973,53.41291,-8.24389
Graphite,GBR,IDN,United Kingdom,Indonesia,250410,Raw,258484.612,direct,55.378051,-3.435973,-0.789275,113.921327
Graphite,GBR,COL,United Kingdom,Colombia,250410,Raw,254715.224,direct,55.378051,-3.435973,4.570868,-74.297333
Graphite,GBR,PER,United Kingdom,Peru,250490,Raw,207211.856,mirror,55.378051,-3.435973,-9.189967,-75.015152
Graphite,GBR,FIN,United Kingdom,Finland,250410|250490,Raw,128500.568,direct,55.378051,-3.435973,61.92411,25.748151
Graphite,GBR,NLD,United Kingdom,Netherlands,250410|250490,Raw,125150.772,direct,55.378051,-3.435973,52.132633,5.291266
Graphite,GBR,ECU,United Kingdom,Ecuador,250410,Raw,108591.848,direct,55.378051,-3.435973,-1.831239,-78.183406
Graphite,GBR,THA,United Kingdom,Thailand,250410|250490,Raw,103995.528,direct,55.378051,-3.435973,15.870032,100.992541
Graphite,GBR,BEL,United Kingdom,Belgium,250410|250490,Raw,95844.34,direct,55.378051,-3.435973,50.503887,4.469936
Graphite,GBR,MYS,United Kingdom,Malaysia,250410|250490,Raw,77282.70400000001,direct,55.378051,-3.435973,4.210484,101.975766
Graphite,GBR,AUT,United Kingdom,Austria,250410,Raw,70334.165,mirror,55.378051,-3.435973,47.516231,14.550072
Graphite,GBR,SWE,United Kingdom,Sweden,250410|250490,Raw,64531.104,direct,55.378051,-3.435973,60.128161,18.643501
Graphite,GBR,CYP,United Kingdom,Cyprus,250490,Raw,62790.996,direct,55.378051,-3.435973,35.126413,33.429859
Graphite,GBR,JPN,United Kingdom,Japan,250410|250490,Raw,53755.628,direct,55.378051,-3.435973,36.204824,138.252924
Graphite,GBR,KAZ,United Kingdom,Kazakhstan,250490,Raw,28506.312,direct,55.378051,-3.435973,48.019573,66.923684
Graphite,GBR,DNK,United Kingdom,Denmark,250410|250490,Raw,27358.246,direct,55.378051,-3.435973,56.26392,9.501785
Graphite,GBR,ISL,United Kingdom,Iceland,250490,Raw,27312.809,mirror,55.378051,-3.435973,64.963051,-19.020835
Graphite,GBR,ROU,United Kingdom,Romania,250410,Raw,21292.22,direct,55.378051,-3.435973,45.943161,24.96676
Graphite,GBR,PRT,United Kingdom,Portugal,250410,Raw,21256.708,direct,55.378051,-3.435973,39.399872,-8.224454
Graphite,GBR,MEX,United Kingdom,Mexico,250410|250490,Raw,17096.684,direct,55.378051,-3.435973,23.634501,-102.552784
Graphite,GBR,OMN,United Kingdom,Oman,250410,Raw,14712.28,direct,55.378051,-3.435973,21.512583,55.923255
Graphite,GBR,SAU,United Kingdom,Saudi Arabia,250410|250490,Raw,12989.332999999999,mirror,55.378051,-3.435973,23.885942,45.079162
Graphite,GBR,QAT,United Kingdom,Qatar,250490,Raw,12089.436,direct,55.378051,-3.435973,25.354826,51.183884
Graphite,GBR,CAN,United Kingdom,Canada,250410,Raw,9004.932,direct,55.378051,-3.435973,56.130366,-106.346771
Graphite,GBR,MAR,United Kingdom,Morocco,250410,Raw,7895.71,mirror,55.378051,-3.435973,31.791702,-7.09262
Graphite,GBR,GBR,United Kingdom,United Kingdom,250490,Raw,6600.232,mirror,55.378051,-3.435973,55.378051,-3.435973
Graphite,GBR,NGA,United Kingdom,Nigeria,250490,Raw,4570.952,direct,55.378051,-3.435973,9.081999,8.675277
Graphite,GBR,KWT,United Kingdom,Kuwait,250410,Raw,3476.0,mirror,55.378051,-3.435973,29.31166,47.481766
Graphite,GBR,AUS,United Kingdom,Australia,250410,Raw,3399.044,direct,55.378051,-3.435973,-25.274398,133.775136
Graphite,GBR,BRA,United Kingdom,Brazil,250410|250490,Raw,3044.0,mirror,55.378051,-3.435973,-14.235004,-51.92528
Graphite,GBR,GTM,United Kingdom,Guatemala,250410,Raw,2178.0,mirror,55.378051,-3.435973,15.783471,-90.230759
Graphite,GBR,NOR,United Kingdom,Norway,250410|250490,Raw,1422.69,mirror,55.378051,-3.435973,60.472024,8.468946
Graphite,GBR,LKA,United Kingdom,Sri Lanka,250410,Raw,1213.613,mirror,55.378051,-3.435973,7.873054,80.771797
Graphite,GBR,BGR,United Kingdom,Bulgaria,250490,Raw,1119.568,mirror,55.378051,-3.435973,42.733883,25.48583
Graphite,GBR,LVA,United Kingdom,Latvia,250410|250490,Raw,1119.1319999999998,mirror,55.378051,-3.435973,56.879635,24.603189
Graphite,GBR,CHE,United Kingdom,Switzerland,250410,Raw,508.836,mirror,55.378051,-3.435973,46.818188,8.227512
Graphite,GBR,MLT,United Kingdom,Malta,250410,Raw,497.896,mirror,55.378051,-3.435973,35.937496,14.375416
Graphite,GBR,SGP,United Kingdom,Singapore,250410,Raw,417.592,mirror,55.378051,-3.435973,1.352083,103.819836
Graphite,GBR,TUN,United Kingdom,Tunisia,250410,Raw,380.698,mirror,55.378051,-3.435973,33.886917,9.537499
Graphite,GBR,NZL,United Kingdom,New Zealand,250410,Raw,301.397,mirror,55.378051,-3.435973,-40.900557,174.885971
Graphite,GBR,MNE,United Kingdom,Montenegro,250410,Raw,102.036,mirror,55.378051,-3.435973,42.708678,19.37439
Graphite,GBR,NAM,United Kingdom,Namibia,250490,Raw,9.104,mirror,55.378051,-3.435973,-22.95764,18.49041
Graphite,TZA,CHN,United Rep. of Tanzania,China,250410|250490,Raw,28396158.718,direct,-6.369028,34.888822,35.86166,104.195397
Graphite,TZA,IND,United Rep. of Tanzania,India,250410|250490,Raw,6814382.388,direct,-6.369028,34.888822,20.593684,78.96288
Graphite,TZA,DEU,United Rep. of Tanzania,Germany,250410|250490,Raw,29685.373999999996,direct,-6.369028,34.888822,51.165691,10.451526
Graphite,TZA,KOR,United Rep. of Tanzania,Rep. of Korea,250410|250490,Raw,1169.0,mirror,-6.369028,34.888822,35.907757,127.766922
Graphite,TZA,AUS,United Rep. of Tanzania,Australia,250410|250490,Raw,190.3,direct,-6.369028,34.888822,-25.274398,133.775136
Graphite,TZA,SGP,United Rep. of Tanzania,Singapore,250410|250490,Raw,84.479,direct,-6.369028,34.888822,1.352083,103.819836
Graphite,TZA,ZAF,United Rep. of Tanzania,South Africa,250410|250490,Raw,74.45400000000001,direct,-6.369028,34.888822,-30.559482,22.937506
Graphite,TZA,JPN,United Rep. of Tanzania,Japan,250490,Raw,20.3,direct,-6.369028,34.888822,36.204824,138.252924
Graphite,TZA,ZWE,United Rep. of Tanzania,Zimbabwe,250410,Raw,10.15,direct,-6.369028,34.888822,-19.015438,29.154857
Graphite,URY,BRA,Uruguay,Brazil,250410,Raw,27193.0,direct,-32.522779,-55.765835,-14.235004,-51.92528
Graphite,URY,ZAF,Uruguay,South Africa,250490,Raw,288.072,mirror,-32.522779,-55.765835,-30.559482,22.937506
Graphite,UZB,KGZ,Uzbekistan,Kyrgyzstan,250410,Raw,2260.0,mirror,41.377491,64.585262,41.20438,74.766098
Graphite,VNM,IND,Viet Nam,India,250410,Raw,199025.524,mirror,14.058324,108.277199,20.593684,78.96288
Graphite,VNM,SWE,Viet Nam,Sweden,250490,Raw,21953.82,mirror,14.058324,108.277199,60.128161,18.643501
Graphite,VNM,IDN,Viet Nam,Indonesia,250490,Raw,9146.0,mirror,14.058324,108.277199,-0.789275,113.921327
Graphite,VNM,CAN,Viet Nam,Canada,250410|250490,Raw,8111.692,mirror,14.058324,108.277199,56.130366,-106.346771
Graphite,VNM,KOR,Viet Nam,Rep. of Korea,250410,Raw,1429.0,mirror,14.058324,108.277199,35.907757,127.766922
Graphite,VNM,CHN,Viet Nam,China,250410,Raw,15.0,mirror,14.058324,108.277199,35.86166,104.195397
Graphite,ZMB,CIV,Zambia,Côte d'Ivoire,250410,Raw,35199.311,mirror,-13.133897,27.849332,7.539989,-5.54708
Graphite,ZMB,ZAF,Zambia,South Africa,250410|250490,Raw,761.8679999999999,mirror,-13.133897,27.849332,-30.559482,22.937506
Graphite,ZWE,CHN,Zimbabwe,China,250490,Raw,651.0,mirror,-19.015438,29.154857,35.86166,104.195397
Graphite,ZWE,NLD,Zimbabwe,Netherlands,250410,Raw,1.99,direct,-19.015438,29.154857,52.132633,5.291266
