Mineral,reporterISO,partnerISO,Exporter,Importer,hs_codes,stage,trade_value_usd,mirror,source_lat,source_lng,target_lat,target_lng
Lithium,_X ,CHN,"Areas, nes",China,284590,Processed,4284283.0,mirror,,,35.86166,104.195397
Lithium,_X ,FRA,"Areas, nes",France,282520|283691|284590,Processed,605371.063,mirror,,,46.227638,2.213749
Lithium,_X ,LUX,"Areas, nes",Luxembourg,284590,Processed,22503.069,mirror,,,49.815273,6.129583
Lithium,_X ,CHL,"Areas, nes",Chile,282520|283691|284590,Processed,20767.74,mirror,,,-35.675147,-71.542969
Lithium,_X ,CZE,"Areas, nes",Czechia,284590,Processed,5760.0,mirror,,,49.817492,15.472962
Lithium,_X ,SVK,"Areas, nes",Slovakia,284590,Processed,2242.696,mirror,,,48.669026,19.699024
Lithium,_X ,PRT,"Areas, nes",Portugal,284590,Processed,100.592,mirror,,,39.399872,-8.224454
Lithium,_X ,DNK,"Areas, nes",Denmark,282520,Processed,12.039,mirror,,,56.26392,9.501785
Lithium,ARG,CHN,Argentina,China,282520|283691,Processed,406032246.05,direct,-38.416097,-63.616672,35.86166,104.195397
Lithium,ARG,KOR,Argentina,Rep. of Korea,282520|283691,Processed,95819023.0,mirror,-38.416097,-63.616672,35.907757,127.766922
Lithium,ARG,USA,Argentina,USA,283691,Processed,78541685.0,mirror,-38.416097,-63.616672,37.09024,-95.712891
Lithium,ARG,JPN,Argentina,Japan,283691,Processed,65818695.937,mirror,-38.416097,-63.616672,36.204824,138.252924
Lithium,ARG,ESP,Argentina,Spain,283691,Processed,36437396.736,mirror,-38.416097,-63.616672,40.463667,-3.74922
Lithium,ARG,FRA,Argentina,France,283691,Processed,24456325.879,mirror,-38.416097,-63.616672,46.227638,2.213749
Lithium,ARG,DEU,Argentina,Germany,283691,Processed,7928582.72,mirror,-38.416097,-63.616672,51.165691,10.451526
Lithium,ARG,GBR,Argentina,United Kingdom,283691,Processed,7452094.504,mirror,-38.416097,-63.616672,55.378051,-3.435973
Lithium,ARG,THA,Argentina,Thailand,283691,Processed,3171203.6,mirror,-38.416097,-63.616672,15.870032,100.992541
Lithium,ARG,NLD,Argentina,Netherlands,283691,Processed,2152511.62,mirror,-38.416097,-63.616672,52.132633,5.291266
Lithium,ARG,CAN,Argentina,Canada,283691,Processed,640163.236,mirror,-38.416097,-63.616672,56.130366,-106.346771
Lithium,ARG,BRA,Argentina,Brazil,283691,Processed,157574.0,mirror,-38.416097,-63.616672,-14.235004,-51.92528
Lithium,ARG,AUT,Argentina,Austria,283691,Processed,88375.282,mirror,-38.416097,-63.616672,47.516231,14.550072
Lithium,ARG,MAR,Argentina,Morocco,283691,Processed,56827.956,mirror,-38.416097,-63.616672,31.791702,-7.09262
Lithium,ARG,CZE,Argentina,Czechia,283691,Processed,49364.0,mirror,-38.416097,-63.616672,49.817492,15.472962
Lithium,ARG,ISL,Argentina,Iceland,283691,Processed,39797.727,mirror,-38.416097,-63.616672,64.963051,-19.020835
Lithium,ARG,IRL,Argentina,Ireland,283691,Processed,7474.919,mirror,-38.416097,-63.616672,53.41291,-8.24389
Lithium,ARG,ARG,Argentina,Argentina,283691,Processed,3518.54,mirror,-38.416097,-63.616672,-38.416097,-63.616672
Lithium,ARG,EST,Argentina,Estonia,283691,Processed,1250.08,mirror,-38.416097,-63.616672,58.595272,25.013607
Lithium,ARG,NOR,Argentina,Norway,283691,Processed,1220.938,mirror,-38.416097,-63.616672,60.472024,8.468946
Lithium,ARG,CHL,Argentina,Chile,283691,Processed,845.85,mirror,-38.416097,-63.616672,-35.675147,-71.542969
Lithium,ARG,FIN,Argentina,Finland,283691,Processed,821.534,mirror,-38.416097,-63.616672,61.92411,25.748151
Lithium,ARG,NZL,Argentina,New Zealand,283691,Processed,461.173,mirror,-38.416097,-63.616672,-40.900557,174.885971
Lithium,ARG,ZAF,Argentina,South Africa,283691,Processed,405.048,mirror,-38.416097,-63.616672,-30.559482,22.937506
Lithium,ARG,PRY,Argentina,Paraguay,282520|284590,Processed,98.88000000000001,mirror,-38.416097,-63.616672,-23.442503,-58.443832
Lithium,ARG,POL,Argentina,Poland,283691,Processed,28.0,mirror,-38.416097,-63.616672,51.919438,19.145136
Lithium,ARM,RUS,Armenia,Russian Federation,284590,Processed,16488.14,direct,40.069099,45.038189,61.52401,105.318756
Lithium,AUS,CHN,Australia,China,282520|284590,Processed,47369963.136,direct,-25.274398,133.775136,35.86166,104.195397
Lithium,AUS,KOR,Australia,Rep. of Korea,282520|283691|284590,Processed,25010149.688,direct,-25.274398,133.775136,35.907757,127.766922
Lithium,AUS,DEU,Australia,Germany,284590,Processed,305501.672,mirror,-25.274398,133.775136,51.165691,10.451526
Lithium,AUS,JPN,Australia,Japan,282520|284590,Processed,162836.765,mirror,-25.274398,133.775136,36.204824,138.252924
Lithium,AUS,MYS,Australia,Malaysia,283691,Processed,135789.69,direct,-25.274398,133.775136,4.210484,101.975766
Lithium,AUS,NZL,Australia,New Zealand,283691|284590,Processed,55584.607,direct,-25.274398,133.775136,-40.900557,174.885971
Lithium,AUS,SWE,Australia,Sweden,282520,Processed,46178.724,mirror,-25.274398,133.775136,60.128161,18.643501
Lithium,AUS,CHE,Australia,Switzerland,284590,Processed,33714.928,mirror,-25.274398,133.775136,46.818188,8.227512
Lithium,AUS,PNG,Australia,Papua New Guinea,283691,Processed,29999.51,direct,-25.274398,133.775136,-6.314993,143.95555
Lithium,AUS,FRA,Australia,France,284590,Processed,28657.104,mirror,-25.274398,133.775136,46.227638,2.213749
Lithium,AUS,AUS,Australia,Australia,282520|284590,Processed,15398.79,mirror,-25.274398,133.775136,-25.274398,133.775136
Lithium,AUS,ESP,Australia,Spain,284590,Processed,11954.328,mirror,-25.274398,133.775136,40.463667,-3.74922
Lithium,AUS,THA,Australia,Thailand,284590,Processed,9513.92,mirror,-25.274398,133.775136,15.870032,100.992541
Lithium,AUS,PHL,Australia,Philippines,282520,Processed,8109.0,mirror,-25.274398,133.775136,12.879721,121.774017
Lithium,AUS,ARE,Australia,United Arab Emirates,283691,Processed,7332.92,direct,-25.274398,133.775136,23.424076,53.847818
Lithium,AUS,POL,Australia,Poland,282520|284590,Processed,7208.0,mirror,-25.274398,133.775136,51.919438,19.145136
Lithium,AUS,USA,Australia,USA,284590,Processed,7117.79,direct,-25.274398,133.775136,37.09024,-95.712891
Lithium,AUS,TUR,Australia,Türkiye,284590,Processed,3560.0,mirror,-25.274398,133.775136,38.963745,35.243322
Lithium,AUS,FIN,Australia,Finland,282520,Processed,3269.37,mirror,-25.274398,133.775136,61.92411,25.748151
Lithium,AUS,CHL,Australia,Chile,284590,Processed,2178.86,mirror,-25.274398,133.775136,-35.675147,-71.542969
Lithium,AUS,CIV,Australia,Côte d'Ivoire,283691,Processed,1305.213,mirror,-25.274398,133.775136,7.539989,-5.54708
Lithium,AUS,SAU,Australia,Saudi Arabia,284590,Processed,816.267,mirror,-25.274398,133.775136,23.885942,45.079162
Lithium,AUS,IRL,Australia,Ireland,284590,Processed,334.456,mirror,-25.274398,133.775136,53.41291,-8.24389
Lithium,AUS,BEL,Australia,Belgium,282520,Processed,329.542,mirror,-25.274398,133.775136,50.503887,4.469936
Lithium,AUS,IND,Australia,India,282520,Processed,71.282,mirror,-25.274398,133.775136,20.593684,78.96288
Lithium,AUT,DEU,Austria,Germany,282520|283691|284590,Processed,2933919.522,direct,47.516231,14.550072,51.165691,10.451526
Lithium,AUT,GBR,Austria,United Kingdom,284590,Processed,537356.438,direct,47.516231,14.550072,55.378051,-3.435973
Lithium,AUT,ESP,Austria,Spain,284590,Processed,401730.964,mirror,47.516231,14.550072,40.463667,-3.74922
Lithium,AUT,CZE,Austria,Czechia,282520|283691|284590,Processed,257497.119,direct,47.516231,14.550072,49.817492,15.472962
Lithium,AUT,IND,Austria,India,284590,Processed,140064.361,direct,47.516231,14.550072,20.593684,78.96288
Lithium,AUT,HRV,Austria,Croatia,283691|284590,Processed,129582.785,direct,47.516231,14.550072,45.1,15.2
Lithium,AUT,USA,Austria,USA,283691|284590,Processed,94122.722,direct,47.516231,14.550072,37.09024,-95.712891
Lithium,AUT,HUN,Austria,Hungary,283691|284590,Processed,84063.079,direct,47.516231,14.550072,47.162494,19.503304
Lithium,AUT,FRA,Austria,France,284590,Processed,72402.592,mirror,47.516231,14.550072,46.227638,2.213749
Lithium,AUT,SRB,Austria,Serbia,283691|284590,Processed,68158.378,direct,47.516231,14.550072,44.016521,21.005859
Lithium,AUT,TUR,Austria,Türkiye,283691,Processed,65885.581,direct,47.516231,14.550072,38.963745,35.243322
Lithium,AUT,CHE,Austria,Switzerland,283691|284590,Processed,41307.968,direct,47.516231,14.550072,46.818188,8.227512
Lithium,AUT,POL,Austria,Poland,283691|284590,Processed,27925.941,direct,47.516231,14.550072,51.919438,19.145136
Lithium,AUT,LTU,Austria,Lithuania,282520|283691|284590,Processed,27452.127,direct,47.516231,14.550072,55.169438,23.881275
Lithium,AUT,KWT,Austria,Kuwait,284590,Processed,27363.0,mirror,47.516231,14.550072,29.31166,47.481766
Lithium,AUT,QAT,Austria,Qatar,284590,Processed,20566.733,mirror,47.516231,14.550072,25.354826,51.183884
Lithium,AUT,S19,Austria,"Other Asia, nes",284590,Processed,17164.798,mirror,47.516231,14.550072,,
Lithium,AUT,CHN,Austria,China,283691|284590,Processed,15517.182,direct,47.516231,14.550072,35.86166,104.195397
Lithium,AUT,BLZ,Austria,Belize,284590,Processed,12339.137,direct,47.516231,14.550072,17.189877,-88.49765
Lithium,AUT,KOR,Austria,Rep. of Korea,284590,Processed,12302.0,mirror,47.516231,14.550072,35.907757,127.766922
Lithium,AUT,JPN,Austria,Japan,284590,Processed,11108.471,direct,47.516231,14.550072,36.204824,138.252924
Lithium,AUT,ROU,Austria,Romania,282520|283691|284590,Processed,10568.362000000001,direct,47.516231,14.550072,45.943161,24.96676
Lithium,AUT,LSO,Austria,Lesotho,284590,Processed,8615.748,direct,47.516231,14.550072,-29.609988,28.233608
Lithium,AUT,SDN,Austria,Sudan,284590,Processed,7089.592,direct,47.516231,14.550072,12.862807,30.217636
Lithium,AUT,ZAF,Austria,South Africa,284590,Processed,5604.566,direct,47.516231,14.550072,-30.559482,22.937506
Lithium,AUT,SAU,Austria,Saudi Arabia,284590,Processed,5197.6,mirror,47.516231,14.550072,23.885942,45.079162
Lithium,AUT,MLT,Austria,Malta,282520,Processed,4649.908,mirror,47.516231,14.550072,35.937496,14.375416
Lithium,AUT,CRI,Austria,Costa Rica,284590,Processed,4023.208,direct,47.516231,14.550072,9.748917,-83.753428
Lithium,AUT,ITA,Austria,Italy,283691,Processed,3958.265,direct,47.516231,14.550072,41.87194,12.56738
Lithium,AUT,SVN,Austria,Slovenia,283691|284590,Processed,3648.705,direct,47.516231,14.550072,46.151241,14.995463
Lithium,AUT,SGP,Austria,Singapore,284590,Processed,2860.279,mirror,47.516231,14.550072,1.352083,103.819836
Lithium,AUT,SVK,Austria,Slovakia,283691,Processed,2457.004,direct,47.516231,14.550072,48.669026,19.699024
Lithium,AUT,CUB,Austria,Cuba,284590,Processed,2332.53,direct,47.516231,14.550072,21.521757,-77.781167
Lithium,AUT,PAK,Austria,Pakistan,284590,Processed,1448.225,direct,47.516231,14.550072,30.375321,69.345116
Lithium,AUT,ARG,Austria,Argentina,284590,Processed,1363.799,direct,47.516231,14.550072,-38.416097,-63.616672
Lithium,AUT,PHL,Austria,Philippines,284590,Processed,1145.0,mirror,47.516231,14.550072,12.879721,121.774017
Lithium,AUT,DZA,Austria,Algeria,284590,Processed,1063.98,direct,47.516231,14.550072,28.033886,1.659626
Lithium,AUT,BGR,Austria,Bulgaria,284590,Processed,987.131,direct,47.516231,14.550072,42.733883,25.48583
Lithium,AUT,NLD,Austria,Netherlands,282520|283691|284590,Processed,723.03,mirror,47.516231,14.550072,52.132633,5.291266
Lithium,AUT,PER,Austria,Peru,284590,Processed,571.497,direct,47.516231,14.550072,-9.189967,-75.015152
Lithium,AUT,MLI,Austria,Mali,284590,Processed,437.282,direct,47.516231,14.550072,17.570692,-3.996166
Lithium,AUT,KAZ,Austria,Kazakhstan,284590,Processed,403.728,direct,47.516231,14.550072,48.019573,66.923684
Lithium,AUT,ARM,Austria,Armenia,282520,Processed,285.748,direct,47.516231,14.550072,40.069099,45.038189
Lithium,AUT,CHL,Austria,Chile,282520,Processed,99.579,direct,47.516231,14.550072,-35.675147,-71.542969
Lithium,AUT,GRC,Austria,Greece,284590,Processed,99.579,direct,47.516231,14.550072,39.074208,21.824312
Lithium,AUT,MKD,Austria,North Macedonia,282520,Processed,80.096,direct,47.516231,14.550072,41.608635,21.745275
Lithium,AUT,EST,Austria,Estonia,284590,Processed,70.355,direct,47.516231,14.550072,58.595272,25.013607
Lithium,AUT,GTM,Austria,Guatemala,282520,Processed,18.4,direct,47.516231,14.550072,15.783471,-90.230759
Lithium,BLR,KAZ,Belarus,Kazakhstan,284590,Processed,1337.61,mirror,53.709807,27.953389,48.019573,66.923684
Lithium,BEL,USA,Belgium,USA,282520|283691|284590,Processed,3729806.8109999998,direct,50.503887,4.469936,37.09024,-95.712891
Lithium,BEL,GBR,Belgium,United Kingdom,282520|283691|284590,Processed,1975870.138,direct,50.503887,4.469936,55.378051,-3.435973
Lithium,BEL,SRB,Belgium,Serbia,284590,Processed,1491536.0,mirror,50.503887,4.469936,44.016521,21.005859
Lithium,BEL,CHN,Belgium,China,282520|283691|284590,Processed,505210.951,direct,50.503887,4.469936,35.86166,104.195397
Lithium,BEL,DEU,Belgium,Germany,282520|283691|284590,Processed,486812.25800000003,direct,50.503887,4.469936,51.165691,10.451526
Lithium,BEL,FRA,Belgium,France,282520|283691|284590,Processed,298112.051,direct,50.503887,4.469936,46.227638,2.213749
Lithium,BEL,POL,Belgium,Poland,282520|283691|284590,Processed,281015.474,direct,50.503887,4.469936,51.919438,19.145136
Lithium,BEL,NLD,Belgium,Netherlands,282520|283691|284590,Processed,279390.755,direct,50.503887,4.469936,52.132633,5.291266
Lithium,BEL,ESP,Belgium,Spain,282520|283691|284590,Processed,200194.515,direct,50.503887,4.469936,40.463667,-3.74922
Lithium,BEL,SWE,Belgium,Sweden,282520|283691|284590,Processed,196079.877,direct,50.503887,4.469936,60.128161,18.643501
Lithium,BEL,CHE,Belgium,Switzerland,282520|283691|284590,Processed,183176.53700000004,direct,50.503887,4.469936,46.818188,8.227512
Lithium,BEL,JPN,Belgium,Japan,284590,Processed,181009.883,direct,50.503887,4.469936,36.204824,138.252924
Lithium,BEL,KOR,Belgium,Rep. of Korea,282520|283691|284590,Processed,156907.98700000002,direct,50.503887,4.469936,35.907757,127.766922
Lithium,BEL,IND,Belgium,India,282520|283691,Processed,120798.173,direct,50.503887,4.469936,20.593684,78.96288
Lithium,BEL,ROU,Belgium,Romania,282520|283691|284590,Processed,112488.731,direct,50.503887,4.469936,45.943161,24.96676
Lithium,BEL,DZA,Belgium,Algeria,282520,Processed,105085.072,direct,50.503887,4.469936,28.033886,1.659626
Lithium,BEL,ITA,Belgium,Italy,282520|283691|284590,Processed,99592.63,direct,50.503887,4.469936,41.87194,12.56738
Lithium,BEL,GEO,Belgium,Georgia,282520,Processed,63600.0,mirror,50.503887,4.469936,42.315407,43.356892
Lithium,BEL,COL,Belgium,Colombia,282520,Processed,53424.1,mirror,50.503887,4.469936,4.570868,-74.297333
Lithium,BEL,TZA,Belgium,United Rep. of Tanzania,282520,Processed,53314.54,mirror,50.503887,4.469936,-6.369028,34.888822
Lithium,BEL,TUR,Belgium,Türkiye,282520|283691|284590,Processed,39227.557,direct,50.503887,4.469936,38.963745,35.243322
Lithium,BEL,IRL,Belgium,Ireland,282520|283691|284590,Processed,30653.177,direct,50.503887,4.469936,53.41291,-8.24389
Lithium,BEL,S19,Belgium,"Other Asia, nes",282520|283691|284590,Processed,30648.836000000003,direct,50.503887,4.469936,,
Lithium,BEL,HUN,Belgium,Hungary,282520|283691|284590,Processed,27098.38,direct,50.503887,4.469936,47.162494,19.503304
Lithium,BEL,AUT,Belgium,Austria,282520|283691|284590,Processed,26831.615999999998,direct,50.503887,4.469936,47.516231,14.550072
Lithium,BEL,CZE,Belgium,Czechia,282520|283691|284590,Processed,26301.444,direct,50.503887,4.469936,49.817492,15.472962
Lithium,BEL,DNK,Belgium,Denmark,282520|283691|284590,Processed,20221.508,direct,50.503887,4.469936,56.26392,9.501785
Lithium,BEL,CAN,Belgium,Canada,282520|283691|284590,Processed,19600.275999999998,direct,50.503887,4.469936,56.130366,-106.346771
Lithium,BEL,FIN,Belgium,Finland,282520|283691|284590,Processed,11276.401,direct,50.503887,4.469936,61.92411,25.748151
Lithium,BEL,NOR,Belgium,Norway,282520|283691|284590,Processed,9792.458,direct,50.503887,4.469936,60.472024,8.468946
Lithium,BEL,PRT,Belgium,Portugal,282520|283691|284590,Processed,8982.739,direct,50.503887,4.469936,39.399872,-8.224454
Lithium,BEL,ISR,Belgium,Israel,282520|283691|284590,Processed,8251.646,direct,50.503887,4.469936,31.046051,34.851612
Lithium,BEL,KAZ,Belgium,Kazakhstan,283691,Processed,7841.154,direct,50.503887,4.469936,48.019573,66.923684
Lithium,BEL,LUX,Belgium,Luxembourg,283691|284530|284590,Processed,7726.259,direct,50.503887,4.469936,49.815273,6.129583
Lithium,BEL,NZL,Belgium,New Zealand,284590,Processed,6833.999,direct,50.503887,4.469936,-40.900557,174.885971
Lithium,BEL,AUS,Belgium,Australia,282520|283691|284590,Processed,5144.814,direct,50.503887,4.469936,-25.274398,133.775136
Lithium,BEL,ZMB,Belgium,Zambia,282520,Processed,4850.404,mirror,50.503887,4.469936,-13.133897,27.849332
Lithium,BEL,ARE,Belgium,United Arab Emirates,283691,Processed,4582.561,direct,50.503887,4.469936,23.424076,53.847818
Lithium,BEL,SVN,Belgium,Slovenia,282520|283691|284590,Processed,4283.110000000001,direct,50.503887,4.469936,46.151241,14.995463
Lithium,BEL,THA,Belgium,Thailand,283691|284590,Processed,2988.3689999999997,direct,50.503887,4.469936,15.870032,100.992541
Lithium,BEL,ARG,Belgium,Argentina,283691|284590,Processed,2969.851,direct,50.503887,4.469936,-38.416097,-63.616672
Lithium,BEL,GRC,Belgium,Greece,282520|283691|284590,Processed,2871.848,direct,50.503887,4.469936,39.074208,21.824312
Lithium,BEL,BGR,Belgium,Bulgaria,282520|283691|284590,Processed,2596.837,direct,50.503887,4.469936,42.733883,25.48583
Lithium,BEL,MYS,Belgium,Malaysia,284590,Processed,2312.354,direct,50.503887,4.469936,4.210484,101.975766
Lithium,BEL,OMN,Belgium,Oman,283691|284590,Processed,2299.788,direct,50.503887,4.469936,21.512583,55.923255
Lithium,BEL,ISL,Belgium,Iceland,283691|284590,Processed,1848.188,direct,50.503887,4.469936,64.963051,-19.020835
Lithium,BEL,LBN,Belgium,Lebanon,284590,Processed,1688.676,direct,50.503887,4.469936,33.854721,35.862285
Lithium,BEL,JOR,Belgium,Jordan,284590,Processed,1589.032,direct,50.503887,4.469936,30.585164,36.238414
Lithium,BEL,SVK,Belgium,Slovakia,283691|284590,Processed,1448.1170000000002,direct,50.503887,4.469936,48.669026,19.699024
Lithium,BEL,LTU,Belgium,Lithuania,283691|284590,Processed,1424.38,direct,50.503887,4.469936,55.169438,23.881275
Lithium,BEL,EST,Belgium,Estonia,283691|284590,Processed,1352.749,direct,50.503887,4.469936,58.595272,25.013607
Lithium,BEL,BRA,Belgium,Brazil,284590,Processed,1249.381,direct,50.503887,4.469936,-14.235004,-51.92528
Lithium,BEL,CYP,Belgium,Cyprus,284590,Processed,952.646,direct,50.503887,4.469936,35.126413,33.429859
Lithium,BEL,HKG,Belgium,"China, Hong Kong SAR",283691|284590,Processed,698.557,direct,50.503887,4.469936,22.396428,114.109497
Lithium,BEL,KEN,Belgium,Kenya,283691,Processed,611.642,direct,50.503887,4.469936,-0.023559,37.906193
Lithium,BEL,BIH,Belgium,Bosnia Herzegovina,283691,Processed,586.65,direct,50.503887,4.469936,43.915886,17.679076
Lithium,BEL,SAU,Belgium,Saudi Arabia,282520|284590,Processed,532.835,direct,50.503887,4.469936,23.885942,45.079162
Lithium,BEL,HRV,Belgium,Croatia,284590,Processed,500.904,direct,50.503887,4.469936,45.1,15.2
Lithium,BEL,LVA,Belgium,Latvia,282520|283691|284590,Processed,405.6,direct,50.503887,4.469936,56.879635,24.603189
Lithium,BEL,MLT,Belgium,Malta,282520|284590,Processed,353.516,direct,50.503887,4.469936,35.937496,14.375416
Lithium,BEL,LKA,Belgium,Sri Lanka,284590,Processed,149.621,mirror,50.503887,4.469936,7.873054,80.771797
Lithium,BEL,GIN,Belgium,Guinea,283691,Processed,79.241,direct,50.503887,4.469936,9.945587,-9.696645
Lithium,BEL,ZAF,Belgium,South Africa,284590,Processed,70.571,direct,50.503887,4.469936,-30.559482,22.937506
Lithium,BEN,TGO,Benin,Togo,284590,Processed,803.4,direct,9.30769,2.315834,8.619543,0.824782
Lithium,BOL,CHN,Bolivia (Plurinational State of),China,283691,Processed,25677870.0,direct,-16.290154,-63.588653,35.86166,104.195397
Lithium,BOL,LVA,Bolivia (Plurinational State of),Latvia,283691,Processed,4060000.0,direct,-16.290154,-63.588653,56.879635,24.603189
Lithium,BOL,NLD,Bolivia (Plurinational State of),Netherlands,283691,Processed,1128304.0,direct,-16.290154,-63.588653,52.132633,5.291266
Lithium,BOL,FRA,Bolivia (Plurinational State of),France,283691,Processed,881222.216,mirror,-16.290154,-63.588653,46.227638,2.213749
Lithium,BOL,TUR,Bolivia (Plurinational State of),Türkiye,283691,Processed,320000.0,direct,-16.290154,-63.588653,38.963745,35.243322
Lithium,BOL,BRA,Bolivia (Plurinational State of),Brazil,283691,Processed,33224.0,direct,-16.290154,-63.588653,-14.235004,-51.92528
Lithium,BOL,KOR,Bolivia (Plurinational State of),Rep. of Korea,283691,Processed,2886.0,direct,-16.290154,-63.588653,35.907757,127.766922
Lithium,BOL,CHL,Bolivia (Plurinational State of),Chile,283691,Processed,1740.0,direct,-16.290154,-63.588653,-35.675147,-71.542969
Lithium,BOL,IND,Bolivia (Plurinational State of),India,283691,Processed,998.82,direct,-16.290154,-63.588653,20.593684,78.96288
Lithium,BIH,DEU,Bosnia Herzegovina,Germany,284590,Processed,83.832,mirror,43.915886,17.679076,51.165691,10.451526
Lithium,BRA,CHN,Brazil,China,282520|283691,Processed,14664906.0,direct,-14.235004,-51.92528,35.86166,104.195397
Lithium,BRA,DEU,Brazil,Germany,283691,Processed,2430120.0,direct,-14.235004,-51.92528,51.165691,10.451526
Lithium,BRA,ESP,Brazil,Spain,283691,Processed,755434.0,direct,-14.235004,-51.92528,40.463667,-3.74922
Lithium,BRA,CHE,Brazil,Switzerland,282520,Processed,344313.88,mirror,-14.235004,-51.92528,46.818188,8.227512
Lithium,BRA,COL,Brazil,Colombia,283691,Processed,225636.0,direct,-14.235004,-51.92528,4.570868,-74.297333
Lithium,BRA,IND,Brazil,India,283691,Processed,72000.0,direct,-14.235004,-51.92528,20.593684,78.96288
Lithium,BRA,POL,Brazil,Poland,283691,Processed,11800.0,direct,-14.235004,-51.92528,51.919438,19.145136
Lithium,BRA,PER,Brazil,Peru,283691,Processed,6034.0,direct,-14.235004,-51.92528,-9.189967,-75.015152
Lithium,BRA,CAN,Brazil,Canada,283691,Processed,6000.0,direct,-14.235004,-51.92528,56.130366,-106.346771
Lithium,BRA,ARG,Brazil,Argentina,283691,Processed,2666.0,direct,-14.235004,-51.92528,-38.416097,-63.616672
Lithium,BRA,KOR,Brazil,Rep. of Korea,283691,Processed,849.0,mirror,-14.235004,-51.92528,35.907757,127.766922
Lithium,BRA,PRT,Brazil,Portugal,284590,Processed,452.68,mirror,-14.235004,-51.92528,39.399872,-8.224454
Lithium,BRA,FRA,Brazil,France,282520,Processed,277.088,mirror,-14.235004,-51.92528,46.227638,2.213749
Lithium,BRA,IRL,Brazil,Ireland,284590,Processed,205.652,mirror,-14.235004,-51.92528,53.41291,-8.24389
Lithium,BRA,PRY,Brazil,Paraguay,283691,Processed,30.0,direct,-14.235004,-51.92528,-23.442503,-58.443832
Lithium,BRA,ZAF,Brazil,South Africa,283691,Processed,7.856,mirror,-14.235004,-51.92528,-30.559482,22.937506
Lithium,BRN,KOR,Brunei Darussalam,Rep. of Korea,282520,Processed,4970.729,direct,4.535277,114.727669,35.907757,127.766922
Lithium,BGR,DEU,Bulgaria,Germany,284530|284590,Processed,379674.444,mirror,42.733883,25.48583,51.165691,10.451526
Lithium,BGR,SAU,Bulgaria,Saudi Arabia,284590,Processed,75302.398,mirror,42.733883,25.48583,23.885942,45.079162
Lithium,BGR,FRA,Bulgaria,France,284590,Processed,57803.446,mirror,42.733883,25.48583,46.227638,2.213749
Lithium,BGR,ESP,Bulgaria,Spain,284590,Processed,7341.664,mirror,42.733883,25.48583,40.463667,-3.74922
Lithium,BGR,TUR,Bulgaria,Türkiye,284590,Processed,4168.0,mirror,42.733883,25.48583,38.963745,35.243322
Lithium,BGR,SVN,Bulgaria,Slovenia,284590,Processed,4127.048,mirror,42.733883,25.48583,46.151241,14.995463
Lithium,BGR,USA,Bulgaria,USA,284590,Processed,3150.0,mirror,42.733883,25.48583,37.09024,-95.712891
Lithium,BGR,NOR,Bulgaria,Norway,284590,Processed,2585.002,mirror,42.733883,25.48583,60.472024,8.468946
Lithium,BGR,CZE,Bulgaria,Czechia,284590,Processed,1936.0,mirror,42.733883,25.48583,49.817492,15.472962
Lithium,BGR,AUT,Bulgaria,Austria,284590,Processed,1664.701,mirror,42.733883,25.48583,47.516231,14.550072
Lithium,BGR,JPN,Bulgaria,Japan,284590,Processed,1645.016,mirror,42.733883,25.48583,36.204824,138.252924
Lithium,BGR,FIN,Bulgaria,Finland,284590,Processed,1632.59,mirror,42.733883,25.48583,61.92411,25.748151
Lithium,BGR,EST,Bulgaria,Estonia,284590,Processed,566.72,mirror,42.733883,25.48583,58.595272,25.013607
Lithium,BGR,NLD,Bulgaria,Netherlands,283691|284590,Processed,25.977,mirror,42.733883,25.48583,52.132633,5.291266
Lithium,BDI,IND,Burundi,India,282520,Processed,21298.506,mirror,-3.373056,29.918886,20.593684,78.96288
Lithium,BDI,USA,Burundi,USA,283691,Processed,4313.0,mirror,-3.373056,29.918886,37.09024,-95.712891
Lithium,CMR,CAN,Cameroon,Canada,284590,Processed,84.644,mirror,3.848033,11.502075,56.130366,-106.346771
Lithium,CAN,USA,Canada,USA,282520|284590,Processed,145671804.956,direct,56.130366,-106.346771,37.09024,-95.712891
Lithium,CAN,CAN,Canada,Canada,283691|284590,Processed,36551780.002,mirror,56.130366,-106.346771,56.130366,-106.346771
Lithium,CAN,DEU,Canada,Germany,283691|284590,Processed,33611784.344,direct,56.130366,-106.346771,51.165691,10.451526
Lithium,CAN,GBR,Canada,United Kingdom,284590,Processed,23555482.464,direct,56.130366,-106.346771,55.378051,-3.435973
Lithium,CAN,KOR,Canada,Rep. of Korea,282520|284590|290433,Processed,17920068.158,direct,56.130366,-106.346771,35.907757,127.766922
Lithium,CAN,ISR,Canada,Israel,284590,Processed,11362817.741999999,direct,56.130366,-106.346771,31.046051,34.851612
Lithium,CAN,CHN,Canada,China,282520|284590,Processed,9391542.944,direct,56.130366,-106.346771,35.86166,104.195397
Lithium,CAN,IND,Canada,India,284590,Processed,2874277.66,direct,56.130366,-106.346771,20.593684,78.96288
Lithium,CAN,JPN,Canada,Japan,284590,Processed,2375178.816,direct,56.130366,-106.346771,36.204824,138.252924
Lithium,CAN,S19,Canada,"Other Asia, nes",284590,Processed,1558273.86,direct,56.130366,-106.346771,,
Lithium,CAN,IDN,Canada,Indonesia,282520|284530|284590,Processed,1226246.788,direct,56.130366,-106.346771,-0.789275,113.921327
Lithium,CAN,FRA,Canada,France,282520|283691|284590,Processed,1108235.782,direct,56.130366,-106.346771,46.227638,2.213749
Lithium,CAN,AUS,Canada,Australia,284590,Processed,738603.876,direct,56.130366,-106.346771,-25.274398,133.775136
Lithium,CAN,MEX,Canada,Mexico,284590,Processed,586273.404,direct,56.130366,-106.346771,23.634501,-102.552784
Lithium,CAN,NLD,Canada,Netherlands,283691|284590,Processed,552367.956,direct,56.130366,-106.346771,52.132633,5.291266
Lithium,CAN,SGP,Canada,Singapore,284590,Processed,453848.312,direct,56.130366,-106.346771,1.352083,103.819836
Lithium,CAN,NOR,Canada,Norway,284590,Processed,408456.712,direct,56.130366,-106.346771,60.472024,8.468946
Lithium,CAN,HKG,Canada,"China, Hong Kong SAR",284590,Processed,330192.308,direct,56.130366,-106.346771,22.396428,114.109497
Lithium,CAN,CHE,Canada,Switzerland,284590,Processed,323920.212,direct,56.130366,-106.346771,46.818188,8.227512
Lithium,CAN,VNM,Canada,Viet Nam,284590,Processed,317095.104,direct,56.130366,-106.346771,14.058324,108.277199
Lithium,CAN,CHL,Canada,Chile,284590,Processed,298498.88,direct,56.130366,-106.346771,-35.675147,-71.542969
Lithium,CAN,BRA,Canada,Brazil,284590,Processed,297861.232,direct,56.130366,-106.346771,-14.235004,-51.92528
Lithium,CAN,MYS,Canada,Malaysia,284590,Processed,295457.352,direct,56.130366,-106.346771,4.210484,101.975766
Lithium,CAN,THA,Canada,Thailand,282520|284590,Processed,271093.792,direct,56.130366,-106.346771,15.870032,100.992541
Lithium,CAN,ARM,Canada,Armenia,284590,Processed,257627.252,direct,56.130366,-106.346771,40.069099,45.038189
Lithium,CAN,TUR,Canada,Türkiye,284590,Processed,223544.052,direct,56.130366,-106.346771,38.963745,35.243322
Lithium,CAN,ITA,Canada,Italy,284590,Processed,199691.452,direct,56.130366,-106.346771,41.87194,12.56738
Lithium,CAN,SWE,Canada,Sweden,283691|284590,Processed,190499.02000000002,direct,56.130366,-106.346771,60.128161,18.643501
Lithium,CAN,POL,Canada,Poland,284590,Processed,176796.0,mirror,56.130366,-106.346771,51.919438,19.145136
Lithium,CAN,ESP,Canada,Spain,284590|290433,Processed,152392.968,direct,56.130366,-106.346771,40.463667,-3.74922
Lithium,CAN,PAN,Canada,Panama,284590,Processed,118408.092,direct,56.130366,-106.346771,8.537981,-80.782127
Lithium,CAN,CZE,Canada,Czechia,284590,Processed,108070.272,direct,56.130366,-106.346771,49.817492,15.472962
Lithium,CAN,ZAF,Canada,South Africa,282520|284590,Processed,102816.552,direct,56.130366,-106.346771,-30.559482,22.937506
Lithium,CAN,BEL,Canada,Belgium,284590,Processed,95308.824,direct,56.130366,-106.346771,50.503887,4.469936
Lithium,CAN,MAR,Canada,Morocco,284590,Processed,77265.604,direct,56.130366,-106.346771,31.791702,-7.09262
Lithium,CAN,DNK,Canada,Denmark,284590,Processed,62500.92,direct,56.130366,-106.346771,56.26392,9.501785
Lithium,CAN,FIN,Canada,Finland,284590,Processed,60113.968,direct,56.130366,-106.346771,61.92411,25.748151
Lithium,CAN,PAK,Canada,Pakistan,284590,Processed,59239.316,direct,56.130366,-106.346771,30.375321,69.345116
Lithium,CAN,JOR,Canada,Jordan,284590,Processed,57772.156,direct,56.130366,-106.346771,30.585164,36.238414
Lithium,CAN,KAZ,Canada,Kazakhstan,284590,Processed,54675.54,mirror,56.130366,-106.346771,48.019573,66.923684
Lithium,CAN,ARG,Canada,Argentina,284590,Processed,51215.092,direct,56.130366,-106.346771,-38.416097,-63.616672
Lithium,CAN,SVN,Canada,Slovenia,284590,Processed,44888.656,mirror,56.130366,-106.346771,46.151241,14.995463
Lithium,CAN,ROU,Canada,Romania,284590,Processed,43899.052,direct,56.130366,-106.346771,45.943161,24.96676
Lithium,CAN,AUT,Canada,Austria,284590,Processed,42714.04,direct,56.130366,-106.346771,47.516231,14.550072
Lithium,CAN,NZL,Canada,New Zealand,284590,Processed,35028.392,direct,56.130366,-106.346771,-40.900557,174.885971
Lithium,CAN,ARE,Canada,United Arab Emirates,284590,Processed,30260.128,direct,56.130366,-106.346771,23.424076,53.847818
Lithium,CAN,KEN,Canada,Kenya,284590,Processed,27952.176,direct,56.130366,-106.346771,-0.023559,37.906193
Lithium,CAN,ECU,Canada,Ecuador,284590,Processed,25223.828,direct,56.130366,-106.346771,-1.831239,-78.183406
Lithium,CAN,BGD,Canada,Bangladesh,284590,Processed,22481.372,direct,56.130366,-106.346771,23.684994,90.356331
Lithium,CAN,LTU,Canada,Lithuania,284590,Processed,21744.972,direct,56.130366,-106.346771,55.169438,23.881275
Lithium,CAN,MDA,Canada,Rep. of Moldova,284590,Processed,21556.0,mirror,56.130366,-106.346771,47.411631,28.369885
Lithium,CAN,SAU,Canada,Saudi Arabia,284590,Processed,17151.64,direct,56.130366,-106.346771,23.885942,45.079162
Lithium,CAN,SVK,Canada,Slovakia,284590,Processed,13788.46,direct,56.130366,-106.346771,48.669026,19.699024
Lithium,CAN,COL,Canada,Colombia,284590,Processed,13771.532,direct,56.130366,-106.346771,4.570868,-74.297333
Lithium,CAN,GTM,Canada,Guatemala,284590,Processed,11170.0,mirror,56.130366,-106.346771,15.783471,-90.230759
Lithium,CAN,IRL,Canada,Ireland,284590,Processed,11093.317,mirror,56.130366,-106.346771,53.41291,-8.24389
Lithium,CAN,EGY,Canada,Egypt,283691|284590,Processed,8918.084,direct,56.130366,-106.346771,26.820553,30.802498
Lithium,CAN,UKR,Canada,Ukraine,284590,Processed,8488.16,mirror,56.130366,-106.346771,48.379433,31.16558
Lithium,CAN,SRB,Canada,Serbia,284590,Processed,7224.0,mirror,56.130366,-106.346771,44.016521,21.005859
Lithium,CAN,HUN,Canada,Hungary,284590,Processed,6277.744,direct,56.130366,-106.346771,47.162494,19.503304
Lithium,CAN,ISL,Canada,Iceland,284590,Processed,5925.06,direct,56.130366,-106.346771,64.963051,-19.020835
Lithium,CAN,PRT,Canada,Portugal,282520|283691,Processed,5281.2880000000005,mirror,56.130366,-106.346771,39.399872,-8.224454
Lithium,CAN,MKD,Canada,North Macedonia,284590,Processed,4483.98,mirror,56.130366,-106.346771,41.608635,21.745275
Lithium,CAN,TTO,Canada,Trinidad and Tobago,284590,Processed,3802.004,mirror,56.130366,-106.346771,10.691803,-61.222503
Lithium,CAN,LUX,Canada,Luxembourg,284590,Processed,2617.899,mirror,56.130366,-106.346771,49.815273,6.129583
Lithium,CAN,GRC,Canada,Greece,284590,Processed,1489.356,mirror,56.130366,-106.346771,39.074208,21.824312
Lithium,CAN,EST,Canada,Estonia,284590,Processed,1208.24,mirror,56.130366,-106.346771,58.595272,25.013607
Lithium,CAN,PHL,Canada,Philippines,284590,Processed,856.0,mirror,56.130366,-106.346771,12.879721,121.774017
Lithium,CAN,CRI,Canada,Costa Rica,284590,Processed,211.07,mirror,56.130366,-106.346771,9.748917,-83.753428
Lithium,CHL,CHN,Chile,China,282520|283691,Processed,2024400433.57,direct,-35.675147,-71.542969,35.86166,104.195397
Lithium,CHL,KOR,Chile,Rep. of Korea,282520|283691,Processed,455174473.24,direct,-35.675147,-71.542969,35.907757,127.766922
Lithium,CHL,GBR,Chile,United Kingdom,282520|283691,Processed,136834553.327,mirror,-35.675147,-71.542969,55.378051,-3.435973
Lithium,CHL,JPN,Chile,Japan,282520|283691,Processed,118375504.0,direct,-35.675147,-71.542969,36.204824,138.252924
Lithium,CHL,USA,Chile,USA,282520|283691,Processed,117679636.04,direct,-35.675147,-71.542969,37.09024,-95.712891
Lithium,CHL,BEL,Chile,Belgium,282520|283691,Processed,113042061.85,direct,-35.675147,-71.542969,50.503887,4.469936
Lithium,CHL,NLD,Chile,Netherlands,282520|283691,Processed,103515717.467,mirror,-35.675147,-71.542969,52.132633,5.291266
Lithium,CHL,FRA,Chile,France,282520|283691,Processed,40306038.589,mirror,-35.675147,-71.542969,46.227638,2.213749
Lithium,CHL,DEU,Chile,Germany,283691,Processed,19348578.06,direct,-35.675147,-71.542969,51.165691,10.451526
Lithium,CHL,TUR,Chile,Türkiye,282520,Processed,17988984.0,mirror,-35.675147,-71.542969,38.963745,35.243322
Lithium,CHL,IND,Chile,India,282520|283691,Processed,11105520.618999999,direct,-35.675147,-71.542969,20.593684,78.96288
Lithium,CHL,POL,Chile,Poland,282520|283691,Processed,10790699.88,direct,-35.675147,-71.542969,51.919438,19.145136
Lithium,CHL,ESP,Chile,Spain,282520|283691,Processed,4406686.408,mirror,-35.675147,-71.542969,40.463667,-3.74922
Lithium,CHL,S19,Chile,"Other Asia, nes",282520|283691,Processed,4078125.772,direct,-35.675147,-71.542969,,
Lithium,CHL,BRA,Chile,Brazil,282520|283691,Processed,3671685.28,direct,-35.675147,-71.542969,-14.235004,-51.92528
Lithium,CHL,CAN,Chile,Canada,282520|283691,Processed,2503176.498,direct,-35.675147,-71.542969,56.130366,-106.346771
Lithium,CHL,CHE,Chile,Switzerland,282520|283691,Processed,2057551.088,mirror,-35.675147,-71.542969,46.818188,8.227512
Lithium,CHL,AUS,Chile,Australia,282520|283691,Processed,1812217.6,direct,-35.675147,-71.542969,-25.274398,133.775136
Lithium,CHL,THA,Chile,Thailand,282520|283691,Processed,1781567.5899999999,direct,-35.675147,-71.542969,15.870032,100.992541
Lithium,CHL,ZAF,Chile,South Africa,282520|283691,Processed,1748952.046,direct,-35.675147,-71.542969,-30.559482,22.937506
Lithium,CHL,VNM,Chile,Viet Nam,283691,Processed,1268017.14,direct,-35.675147,-71.542969,14.058324,108.277199
Lithium,CHL,ARG,Chile,Argentina,282520|283691,Processed,1169540.34,direct,-35.675147,-71.542969,-38.416097,-63.616672
Lithium,CHL,MEX,Chile,Mexico,282520|283691,Processed,880216.78,direct,-35.675147,-71.542969,23.634501,-102.552784
Lithium,CHL,UKR,Chile,Ukraine,282520,Processed,778508.38,mirror,-35.675147,-71.542969,48.379433,31.16558
Lithium,CHL,NOR,Chile,Norway,283691,Processed,657427.058,mirror,-35.675147,-71.542969,60.472024,8.468946
Lithium,CHL,AUT,Chile,Austria,282520|283691,Processed,598370.2250000001,mirror,-35.675147,-71.542969,47.516231,14.550072
Lithium,CHL,SVN,Chile,Slovenia,283691,Processed,535081.752,mirror,-35.675147,-71.542969,46.151241,14.995463
Lithium,CHL,SAU,Chile,Saudi Arabia,282520|283691,Processed,492388.521,mirror,-35.675147,-71.542969,23.885942,45.079162
Lithium,CHL,CZE,Chile,Czechia,283691,Processed,446876.0,mirror,-35.675147,-71.542969,49.817492,15.472962
Lithium,CHL,IDN,Chile,Indonesia,282520|283691,Processed,424138.93,direct,-35.675147,-71.542969,-0.789275,113.921327
Lithium,CHL,FIN,Chile,Finland,283691,Processed,258856.562,mirror,-35.675147,-71.542969,61.92411,25.748151
Lithium,CHL,EGY,Chile,Egypt,282520|283691,Processed,160402.626,mirror,-35.675147,-71.542969,26.820553,30.802498
Lithium,CHL,QAT,Chile,Qatar,282520,Processed,145333.171,mirror,-35.675147,-71.542969,25.354826,51.183884
Lithium,CHL,COL,Chile,Colombia,282520|283691,Processed,131670.43,direct,-35.675147,-71.542969,4.570868,-74.297333
Lithium,CHL,MAR,Chile,Morocco,282520,Processed,115392.722,mirror,-35.675147,-71.542969,31.791702,-7.09262
Lithium,CHL,SRB,Chile,Serbia,282520|283691,Processed,96936.0,mirror,-35.675147,-71.542969,44.016521,21.005859
Lithium,CHL,MYS,Chile,Malaysia,283691,Processed,69917.848,mirror,-35.675147,-71.542969,4.210484,101.975766
Lithium,CHL,PER,Chile,Peru,282520,Processed,68645.264,direct,-35.675147,-71.542969,-9.189967,-75.015152
Lithium,CHL,HRV,Chile,Croatia,282520,Processed,47683.0,mirror,-35.675147,-71.542969,45.1,15.2
Lithium,CHL,EST,Chile,Estonia,283691,Processed,38123.92,mirror,-35.675147,-71.542969,58.595272,25.013607
Lithium,CHL,NZL,Chile,New Zealand,282520,Processed,19164.704,mirror,-35.675147,-71.542969,-40.900557,174.885971
Lithium,CHL,KAZ,Chile,Kazakhstan,283691,Processed,17392.76,mirror,-35.675147,-71.542969,48.019573,66.923684
Lithium,CHL,ITA,Chile,Italy,282520,Processed,15381.757,mirror,-35.675147,-71.542969,41.87194,12.56738
Lithium,CHL,JOR,Chile,Jordan,283691,Processed,14197.141,mirror,-35.675147,-71.542969,30.585164,36.238414
Lithium,CHL,KEN,Chile,Kenya,282520,Processed,9893.062,mirror,-35.675147,-71.542969,-0.023559,37.906193
Lithium,CHL,BOL,Chile,Bolivia (Plurinational State of),282520,Processed,2585.356,direct,-35.675147,-71.542969,-16.290154,-63.588653
Lithium,CHL,IRL,Chile,Ireland,282520,Processed,2218.88,mirror,-35.675147,-71.542969,53.41291,-8.24389
Lithium,CHL,KWT,Chile,Kuwait,283691,Processed,1580.0,mirror,-35.675147,-71.542969,29.31166,47.481766
Lithium,CHL,DNK,Chile,Denmark,283691,Processed,1.16,mirror,-35.675147,-71.542969,56.26392,9.501785
Lithium,CHN,KOR,China,Rep. of Korea,282520|283691|284530|284590,Processed,1601259669.0,direct,35.86166,104.195397,35.907757,127.766922
Lithium,CHN,JPN,China,Japan,282520|283691|284590,Processed,719358238.0,direct,35.86166,104.195397,36.204824,138.252924
Lithium,CHN,SWE,China,Sweden,282520|284590,Processed,34609114.0,direct,35.86166,104.195397,60.128161,18.643501
Lithium,CHN,PRT,China,Portugal,283691|284590,Processed,16015434.0,direct,35.86166,104.195397,39.399872,-8.224454
Lithium,CHN,CHN,China,China,282520|283691|284590,Processed,15448781.0,mirror,35.86166,104.195397,35.86166,104.195397
Lithium,CHN,IND,China,India,282520|283691|284590,Processed,15059842.0,direct,35.86166,104.195397,20.593684,78.96288
Lithium,CHN,SGP,China,Singapore,282520|283691|284590,Processed,9506541.0,direct,35.86166,104.195397,1.352083,103.819836
Lithium,CHN,GBR,China,United Kingdom,282520|283691|284590,Processed,7772427.312,direct,35.86166,104.195397,55.378051,-3.435973
Lithium,CHN,DEU,China,Germany,282520|283691|284590,Processed,6829145.0,direct,35.86166,104.195397,51.165691,10.451526
Lithium,CHN,S19,China,"Other Asia, nes",282520|283691|284590,Processed,6417426.0,direct,35.86166,104.195397,,
Lithium,CHN,THA,China,Thailand,282520|283691,Processed,4714743.0,direct,35.86166,104.195397,15.870032,100.992541
Lithium,CHN,RUS,China,Russian Federation,282520|283691,Processed,4280804.0,direct,35.86166,104.195397,61.52401,105.318756
Lithium,CHN,NLD,China,Netherlands,282520|283691|284530|284590,Processed,3710300.149,direct,35.86166,104.195397,52.132633,5.291266
Lithium,CHN,USA,China,USA,282520|283691|284590|290433,Processed,3536916.0,direct,35.86166,104.195397,37.09024,-95.712891
Lithium,CHN,IDN,China,Indonesia,282520|283691|284530|284590,Processed,3256811.0,direct,35.86166,104.195397,-0.789275,113.921327
Lithium,CHN,AUS,China,Australia,282520|283691|284590,Processed,3099071.0,direct,35.86166,104.195397,-25.274398,133.775136
Lithium,CHN,ARE,China,United Arab Emirates,282520|283691|284590,Processed,3058926.0,direct,35.86166,104.195397,23.424076,53.847818
Lithium,CHN,IRL,China,Ireland,283691|284590,Processed,2867747.032,direct,35.86166,104.195397,53.41291,-8.24389
Lithium,CHN,CAN,China,Canada,282520|283691|284530|284590,Processed,2817711.752,direct,35.86166,104.195397,56.130366,-106.346771
Lithium,CHN,TUR,China,Türkiye,282520|283691|284590,Processed,2375012.0,direct,35.86166,104.195397,38.963745,35.243322
Lithium,CHN,ITA,China,Italy,282520|283691|284590,Processed,1469102.0,direct,35.86166,104.195397,41.87194,12.56738
Lithium,CHN,AUT,China,Austria,282520|283691|284590,Processed,1178212.36,direct,35.86166,104.195397,47.516231,14.550072
Lithium,CHN,CHE,China,Switzerland,282520|283691|284590,Processed,920576.324,direct,35.86166,104.195397,46.818188,8.227512
Lithium,CHN,PER,China,Peru,282520|283691|284590,Processed,835584.0,direct,35.86166,104.195397,-9.189967,-75.015152
Lithium,CHN,SRB,China,Serbia,282520,Processed,828000.0,mirror,35.86166,104.195397,44.016521,21.005859
Lithium,CHN,ZAF,China,South Africa,282520|283691|284590,Processed,642145.432,direct,35.86166,104.195397,-30.559482,22.937506
Lithium,CHN,EGY,China,Egypt,282520|283691|284590,Processed,626096.0,direct,35.86166,104.195397,26.820553,30.802498
Lithium,CHN,SAU,China,Saudi Arabia,282520|283691|284590,Processed,617383.862,direct,35.86166,104.195397,23.885942,45.079162
Lithium,CHN,TUN,China,Tunisia,282520|283691,Processed,534254.759,mirror,35.86166,104.195397,33.886917,9.537499
Lithium,CHN,BRA,China,Brazil,282520|283691|284590,Processed,522375.0,direct,35.86166,104.195397,-14.235004,-51.92528
Lithium,CHN,BEL,China,Belgium,282520|283691|284590,Processed,499478.173,direct,35.86166,104.195397,50.503887,4.469936
Lithium,CHN,ESP,China,Spain,282520|283691|284590,Processed,476086.184,direct,35.86166,104.195397,40.463667,-3.74922
Lithium,CHN,MEX,China,Mexico,282520|284590,Processed,470253.0,direct,35.86166,104.195397,23.634501,-102.552784
Lithium,CHN,ARG,China,Argentina,282520|283691,Processed,450352.0,direct,35.86166,104.195397,-38.416097,-63.616672
Lithium,CHN,FRA,China,France,282520|283691|284590,Processed,378741.847,direct,35.86166,104.195397,46.227638,2.213749
Lithium,CHN,PAK,China,Pakistan,282520|283691|284590,Processed,376855.0,direct,35.86166,104.195397,30.375321,69.345116
Lithium,CHN,CHL,China,Chile,282520|283691|284590,Processed,359998.0,direct,35.86166,104.195397,-35.675147,-71.542969
Lithium,CHN,COL,China,Colombia,282520|283691|284590,Processed,346381.0,direct,35.86166,104.195397,4.570868,-74.297333
Lithium,CHN,VNM,China,Viet Nam,282520|283691|284590,Processed,333705.0,direct,35.86166,104.195397,14.058324,108.277199
Lithium,CHN,MYS,China,Malaysia,282520|283691|284590,Processed,299554.0,direct,35.86166,104.195397,4.210484,101.975766
Lithium,CHN,UZB,China,Uzbekistan,282520|284590,Processed,279702.0,direct,35.86166,104.195397,41.377491,64.585262
Lithium,CHN,POL,China,Poland,282520|283691|284590,Processed,259421.0,direct,35.86166,104.195397,51.919438,19.145136
Lithium,CHN,UKR,China,Ukraine,282520|283691|284590,Processed,254523.90000000002,direct,35.86166,104.195397,48.379433,31.16558
Lithium,CHN,CZE,China,Czechia,282520|283691|284590,Processed,185176.0,mirror,35.86166,104.195397,49.817492,15.472962
Lithium,CHN,TTO,China,Trinidad and Tobago,282520,Processed,176792.92,mirror,35.86166,104.195397,10.691803,-61.222503
Lithium,CHN,GRC,China,Greece,282520|283691|284590,Processed,172737.614,direct,35.86166,104.195397,39.074208,21.824312
Lithium,CHN,MAR,China,Morocco,282520|284590,Processed,145200.0,direct,35.86166,104.195397,31.791702,-7.09262
Lithium,CHN,BGD,China,Bangladesh,282520|283691|284590,Processed,140504.0,direct,35.86166,104.195397,23.684994,90.356331
Lithium,CHN,IRN,China,Iran,283691,Processed,124600.0,direct,35.86166,104.195397,32.427908,53.688046
Lithium,CHN,UGA,China,Uganda,284590,Processed,120526.0,mirror,35.86166,104.195397,1.373333,32.290275
Lithium,CHN,ROU,China,Romania,282520|284590,Processed,100926.0,direct,35.86166,104.195397,45.943161,24.96676
Lithium,CHN,EST,China,Estonia,282520,Processed,98264.48,mirror,35.86166,104.195397,58.595272,25.013607
Lithium,CHN,NOR,China,Norway,282520|283691,Processed,82323.067,mirror,35.86166,104.195397,60.472024,8.468946
Lithium,CHN,KWT,China,Kuwait,282520,Processed,78776.0,direct,35.86166,104.195397,29.31166,47.481766
Lithium,CHN,BGR,China,Bulgaria,282520|284590,Processed,77996.144,direct,35.86166,104.195397,42.733883,25.48583
Lithium,CHN,IRQ,China,Iraq,284590,Processed,76028.0,direct,35.86166,104.195397,33.223191,43.679291
Lithium,CHN,PRY,China,Paraguay,283691|284590,Processed,64250.0,direct,35.86166,104.195397,-23.442503,-58.443832
Lithium,CHN,HKG,China,"China, Hong Kong SAR",284590,Processed,63934.0,direct,35.86166,104.195397,22.396428,114.109497
Lithium,CHN,PRK,China,Dem. People's Rep. of Korea,283691,Processed,63063.0,direct,35.86166,104.195397,40.339852,127.510093
Lithium,CHN,ISR,China,Israel,282520|283691|284590,Processed,62517.0,direct,35.86166,104.195397,31.046051,34.851612
Lithium,CHN,ECU,China,Ecuador,282520,Processed,60784.0,direct,35.86166,104.195397,-1.831239,-78.183406
Lithium,CHN,URY,China,Uruguay,283691|284590,Processed,60586.0,direct,35.86166,104.195397,-32.522779,-55.765835
Lithium,CHN,NZL,China,New Zealand,283691|284590,Processed,51559.147,direct,35.86166,104.195397,-40.900557,174.885971
Lithium,CHN,BHR,China,Bahrain,284590,Processed,40872.0,direct,35.86166,104.195397,26.0275,50.55
Lithium,CHN,SVN,China,Slovenia,283691|284590,Processed,36627.592,mirror,35.86166,104.195397,46.151241,14.995463
Lithium,CHN,GTM,China,Guatemala,283691|284590,Processed,36411.0,direct,35.86166,104.195397,15.783471,-90.230759
Lithium,CHN,AGO,China,Angola,283691|284590,Processed,35584.0,direct,35.86166,104.195397,-11.202692,17.873887
Lithium,CHN,PHL,China,Philippines,282520|283691|284590,Processed,32331.0,direct,35.86166,104.195397,12.879721,121.774017
Lithium,CHN,MKD,China,North Macedonia,284590,Processed,32000.0,direct,35.86166,104.195397,41.608635,21.745275
Lithium,CHN,MAC,China,"China, Macao SAR",284590,Processed,28248.0,direct,35.86166,104.195397,22.198745,113.543873
Lithium,CHN,OMN,China,Oman,284590,Processed,28085.0,direct,35.86166,104.195397,21.512583,55.923255
Lithium,CHN,CRI,China,Costa Rica,283691,Processed,25607.0,direct,35.86166,104.195397,9.748917,-83.753428
Lithium,CHN,HRV,China,Croatia,282520|284590,Processed,25545.0,direct,35.86166,104.195397,45.1,15.2
Lithium,CHN,JOR,China,Jordan,283691|284590,Processed,19250.0,direct,35.86166,104.195397,30.585164,36.238414
Lithium,CHN,BOL,China,Bolivia (Plurinational State of),283691|284590,Processed,18670.0,direct,35.86166,104.195397,-16.290154,-63.588653
Lithium,CHN,ZWE,China,Zimbabwe,283691,Processed,16124.069,mirror,35.86166,104.195397,-19.015438,29.154857
Lithium,CHN,DOM,China,Dominican Rep.,283691,Processed,15005.0,direct,35.86166,104.195397,18.735693,-70.162651
Lithium,CHN,PAN,China,Panama,283691,Processed,14978.0,direct,35.86166,104.195397,8.537981,-80.782127
Lithium,CHN,LBY,China,Libya,284590,Processed,14381.0,direct,35.86166,104.195397,26.3351,17.228331
Lithium,CHN,BRN,China,Brunei Darussalam,284590,Processed,12990.0,direct,35.86166,104.195397,4.535277,114.727669
Lithium,CHN,LBN,China,Lebanon,282520|284590,Processed,10558.0,direct,35.86166,104.195397,33.854721,35.862285
Lithium,CHN,NGA,China,Nigeria,284590,Processed,9636.0,direct,35.86166,104.195397,9.081999,8.675277
Lithium,CHN,KGZ,China,Kyrgyzstan,284590,Processed,7000.0,direct,35.86166,104.195397,41.20438,74.766098
Lithium,CHN,_X ,China,"Areas, nes",284590,Processed,7000.0,direct,35.86166,104.195397,,
Lithium,CHN,PSE,China,State of Palestine,284590,Processed,6442.0,direct,35.86166,104.195397,,
Lithium,CHN,DZA,China,Algeria,284590,Processed,6326.0,direct,35.86166,104.195397,28.033886,1.659626
Lithium,CHN,DJI,China,Djibouti,284590,Processed,5311.0,direct,35.86166,104.195397,11.825138,42.590275
Lithium,CHN,YEM,China,Yemen,284590,Processed,4744.0,direct,35.86166,104.195397,15.552727,48.516388
Lithium,CHN,LKA,China,Sri Lanka,283691|284590,Processed,3423.0,direct,35.86166,104.195397,7.873054,80.771797
Lithium,CHN,MUS,China,Mauritius,284590,Processed,3019.0,direct,35.86166,104.195397,-20.348404,57.552152
Lithium,CHN,SVK,China,Slovakia,283691,Processed,2866.144,mirror,35.86166,104.195397,48.669026,19.699024
Lithium,CHN,TZA,China,United Rep. of Tanzania,284590,Processed,2791.0,direct,35.86166,104.195397,-6.369028,34.888822
Lithium,CHN,FIN,China,Finland,283691|284590,Processed,2382.666,direct,35.86166,104.195397,61.92411,25.748151
Lithium,CHN,GIN,China,Guinea,283691,Processed,1634.0,direct,35.86166,104.195397,9.945587,-9.696645
Lithium,CHN,CIV,China,Côte d'Ivoire,284590,Processed,1200.0,direct,35.86166,104.195397,7.539989,-5.54708
Lithium,CHN,ETH,China,Ethiopia,284590,Processed,360.0,direct,35.86166,104.195397,9.145,40.489673
Lithium,CHN,DNK,China,Denmark,282520|284590,Processed,284.087,direct,35.86166,104.195397,56.26392,9.501785
Lithium,CHN,LTU,China,Lithuania,282520,Processed,224.0,mirror,35.86166,104.195397,55.169438,23.881275
Lithium,CHN,GHA,China,Ghana,284590,Processed,160.0,direct,35.86166,104.195397,7.946527,-1.023194
Lithium,CHN,LVA,China,Latvia,284590,Processed,48.0,direct,35.86166,104.195397,56.879635,24.603189
Lithium,CHN,SEN,China,Senegal,284590,Processed,20.0,direct,35.86166,104.195397,14.497401,14.452362
Lithium,CHN,HUN,China,Hungary,284590,Processed,12.0,direct,35.86166,104.195397,47.162494,19.503304
Lithium,HKG,CHN,"China, Hong Kong SAR",China,283691|284590,Processed,314900975.809,direct,22.396428,114.109497,35.86166,104.195397
Lithium,HKG,KOR,"China, Hong Kong SAR",Rep. of Korea,282520|284590,Processed,630065.0,mirror,22.396428,114.109497,35.907757,127.766922
Lithium,HKG,IND,"China, Hong Kong SAR",India,284590,Processed,284092.941,direct,22.396428,114.109497,20.593684,78.96288
Lithium,HKG,NLD,"China, Hong Kong SAR",Netherlands,282520|283691|284590,Processed,248944.25900000002,mirror,22.396428,114.109497,52.132633,5.291266
Lithium,HKG,IDN,"China, Hong Kong SAR",Indonesia,282520,Processed,194544.0,mirror,22.396428,114.109497,-0.789275,113.921327
Lithium,HKG,ISR,"China, Hong Kong SAR",Israel,283691|284590,Processed,65312.581,direct,22.396428,114.109497,31.046051,34.851612
Lithium,HKG,USA,"China, Hong Kong SAR",USA,282520|283691|284590,Processed,44307.83899999999,direct,22.396428,114.109497,37.09024,-95.712891
Lithium,HKG,DEU,"China, Hong Kong SAR",Germany,282520|284590,Processed,16792.966,direct,22.396428,114.109497,51.165691,10.451526
Lithium,HKG,CHE,"China, Hong Kong SAR",Switzerland,284590,Processed,6796.596,mirror,22.396428,114.109497,46.818188,8.227512
Lithium,HKG,HUN,"China, Hong Kong SAR",Hungary,284590,Processed,2795.572,mirror,22.396428,114.109497,47.162494,19.503304
Lithium,HKG,SWE,"China, Hong Kong SAR",Sweden,284590,Processed,1547.829,direct,22.396428,114.109497,60.128161,18.643501
Lithium,HRV,SVN,Croatia,Slovenia,283691|284590,Processed,323340.056,direct,45.1,15.2,46.151241,14.995463
Lithium,HRV,HUN,Croatia,Hungary,282520,Processed,51368.0,direct,45.1,15.2,47.162494,19.503304
Lithium,HRV,SRB,Croatia,Serbia,283691,Processed,38005.0,direct,45.1,15.2,44.016521,21.005859
Lithium,HRV,ISR,Croatia,Israel,282520,Processed,16098.0,direct,45.1,15.2,31.046051,34.851612
Lithium,HRV,ALB,Croatia,Albania,282520,Processed,6188.0,direct,45.1,15.2,41.153332,20.168331
Lithium,HRV,DEU,Croatia,Germany,284530,Processed,1693.368,mirror,45.1,15.2,51.165691,10.451526
Lithium,HRV,BIH,Croatia,Bosnia Herzegovina,283691,Processed,802.0,direct,45.1,15.2,43.915886,17.679076
Lithium,HRV,USA,Croatia,USA,284590,Processed,367.0,direct,45.1,15.2,37.09024,-95.712891
Lithium,HRV,NLD,Croatia,Netherlands,284590,Processed,22.73,mirror,45.1,15.2,52.132633,5.291266
Lithium,CUW,ARM,Curaçao,Armenia,284590,Processed,41931.72,mirror,,,40.069099,45.038189
Lithium,CYP,NOR,Cyprus,Norway,284590,Processed,701.296,mirror,35.126413,33.429859,60.472024,8.468946
Lithium,CZE,GBR,Czechia,United Kingdom,283691,Processed,379368.824,mirror,49.817492,15.472962,55.378051,-3.435973
Lithium,CZE,SVK,Czechia,Slovakia,283691|284590,Processed,249847.824,direct,49.817492,15.472962,48.669026,19.699024
Lithium,CZE,ZAF,Czechia,South Africa,282520|283691,Processed,106126.088,direct,49.817492,15.472962,-30.559482,22.937506
Lithium,CZE,BEL,Czechia,Belgium,283691,Processed,92034.843,mirror,49.817492,15.472962,50.503887,4.469936
Lithium,CZE,SAU,Czechia,Saudi Arabia,282520,Processed,88048.0,direct,49.817492,15.472962,23.885942,45.079162
Lithium,CZE,ISR,Czechia,Israel,284590,Processed,38642.0,direct,49.817492,15.472962,31.046051,34.851612
Lithium,CZE,CHN,Czechia,China,283691|284590,Processed,12663.0,direct,49.817492,15.472962,35.86166,104.195397
Lithium,CZE,HUN,Czechia,Hungary,283691,Processed,5905.756,mirror,49.817492,15.472962,47.162494,19.503304
Lithium,CZE,NLD,Czechia,Netherlands,282520|283691|284590,Processed,5805.888000000001,mirror,49.817492,15.472962,52.132633,5.291266
Lithium,CZE,USA,Czechia,USA,284590,Processed,4664.0,direct,49.817492,15.472962,37.09024,-95.712891
Lithium,CZE,KOR,Czechia,Rep. of Korea,283691|284590,Processed,4513.0,mirror,49.817492,15.472962,35.907757,127.766922
Lithium,CZE,JPN,Czechia,Japan,284590,Processed,3578.0,direct,49.817492,15.472962,36.204824,138.252924
Lithium,CZE,SVN,Czechia,Slovenia,282520,Processed,3387.264,mirror,49.817492,15.472962,46.151241,14.995463
Lithium,CZE,CAN,Czechia,Canada,283691,Processed,3069.7470000000003,mirror,49.817492,15.472962,56.130366,-106.346771
Lithium,CZE,ROU,Czechia,Romania,283691,Processed,2606.0,direct,49.817492,15.472962,45.943161,24.96676
Lithium,CZE,HRV,Czechia,Croatia,283691,Processed,2320.0,direct,49.817492,15.472962,45.1,15.2
Lithium,CZE,DEU,Czechia,Germany,284590,Processed,2070.6,mirror,49.817492,15.472962,51.165691,10.451526
Lithium,CZE,ARG,Czechia,Argentina,283691,Processed,398.44,mirror,49.817492,15.472962,-38.416097,-63.616672
Lithium,CZE,NOR,Czechia,Norway,283691,Processed,316.402,mirror,49.817492,15.472962,60.472024,8.468946
Lithium,CIV,MLI,Côte d'Ivoire,Mali,283691,Processed,4618.833,direct,7.539989,-5.54708,17.570692,-3.996166
Lithium,DNK,SWE,Denmark,Sweden,282520|283691,Processed,346268.68,direct,56.26392,9.501785,60.128161,18.643501
Lithium,DNK,SVN,Denmark,Slovenia,284590,Processed,285177.32,mirror,56.26392,9.501785,46.151241,14.995463
Lithium,DNK,AUT,Denmark,Austria,283691,Processed,36984.94,mirror,56.26392,9.501785,47.516231,14.550072
Lithium,DNK,EST,Denmark,Estonia,283691,Processed,10566.712,direct,56.26392,9.501785,58.595272,25.013607
Lithium,DNK,CHE,Denmark,Switzerland,284590,Processed,881.376,mirror,56.26392,9.501785,46.818188,8.227512
Lithium,DNK,NLD,Denmark,Netherlands,282520|283691|284590,Processed,535.778,mirror,56.26392,9.501785,52.132633,5.291266
Lithium,DNK,NOR,Denmark,Norway,284590,Processed,523.752,direct,56.26392,9.501785,60.472024,8.468946
Lithium,DNK,CHN,Denmark,China,284590,Processed,444.0,mirror,56.26392,9.501785,35.86166,104.195397
Lithium,DNK,CAN,Denmark,Canada,284590,Processed,380.896,mirror,56.26392,9.501785,56.130366,-106.346771
Lithium,ECU,USA,Ecuador,USA,284590,Processed,3200.0,direct,-1.831239,-78.183406,37.09024,-95.712891
Lithium,EGY,BEL,Egypt,Belgium,284590,Processed,29.928,mirror,26.820553,30.802498,50.503887,4.469936
Lithium,EGY,NLD,Egypt,Netherlands,284590,Processed,3.247,mirror,26.820553,30.802498,52.132633,5.291266
Lithium,EST,ARG,Estonia,Argentina,282520,Processed,856946.08,direct,58.595272,25.013607,-38.416097,-63.616672
Lithium,EST,POL,Estonia,Poland,282520,Processed,722769.92,direct,58.595272,25.013607,51.919438,19.145136
Lithium,EST,NLD,Estonia,Netherlands,282520|284590,Processed,580816.494,direct,58.595272,25.013607,52.132633,5.291266
Lithium,EST,CZE,Estonia,Czechia,282520,Processed,123100.0,mirror,58.595272,25.013607,49.817492,15.472962
Lithium,EST,TUR,Estonia,Türkiye,284590,Processed,4431.84,direct,58.595272,25.013607,38.963745,35.243322
Lithium,EST,ARE,Estonia,United Arab Emirates,282520,Processed,2270.32,direct,58.595272,25.013607,23.424076,53.847818
Lithium,EST,BEL,Estonia,Belgium,284590,Processed,687.084,mirror,58.595272,25.013607,50.503887,4.469936
Lithium,FIN,USA,Finland,USA,282520|284590,Processed,4917803.12,direct,61.92411,25.748151,37.09024,-95.712891
Lithium,FIN,JPN,Finland,Japan,284590,Processed,2796575.088,direct,61.92411,25.748151,36.204824,138.252924
Lithium,FIN,S19,Finland,"Other Asia, nes",284590,Processed,229882.818,direct,61.92411,25.748151,,
Lithium,FIN,CHN,Finland,China,284590,Processed,27705.814,direct,61.92411,25.748151,35.86166,104.195397
Lithium,FIN,AUT,Finland,Austria,284590,Processed,24935.234,direct,61.92411,25.748151,47.516231,14.550072
Lithium,FIN,BRA,Finland,Brazil,284590,Processed,24792.722,direct,61.92411,25.748151,-14.235004,-51.92528
Lithium,FIN,AUS,Finland,Australia,284590,Processed,24291.838,direct,61.92411,25.748151,-25.274398,133.775136
Lithium,FIN,BEL,Finland,Belgium,284590,Processed,10937.72,direct,61.92411,25.748151,50.503887,4.469936
Lithium,FIN,ESP,Finland,Spain,284590,Processed,6769.272,direct,61.92411,25.748151,40.463667,-3.74922
Lithium,FIN,IND,Finland,India,284590,Processed,1381.1,direct,61.92411,25.748151,20.593684,78.96288
Lithium,FIN,SWE,Finland,Sweden,284590,Processed,1366.428,direct,61.92411,25.748151,60.128161,18.643501
Lithium,FIN,DEU,Finland,Germany,284590,Processed,1297.27,direct,61.92411,25.748151,51.165691,10.451526
Lithium,FIN,NOR,Finland,Norway,282520|283691|284590,Processed,1177.812,direct,61.92411,25.748151,60.472024,8.468946
Lithium,FIN,CAN,Finland,Canada,284590,Processed,926.322,direct,61.92411,25.748151,56.130366,-106.346771
Lithium,FIN,NLD,Finland,Netherlands,282520|283691|284590,Processed,843.174,mirror,61.92411,25.748151,52.132633,5.291266
Lithium,FIN,KOR,Finland,Rep. of Korea,282520,Processed,104.788,direct,61.92411,25.748151,35.907757,127.766922
Lithium,FIN,GBR,Finland,United Kingdom,284590,Processed,54.49,direct,61.92411,25.748151,55.378051,-3.435973
Lithium,FIN,CHE,Finland,Switzerland,282520,Processed,2.096,direct,61.92411,25.748151,46.818188,8.227512
Lithium,FRA,NLD,France,Netherlands,282520|283691|284590,Processed,33579797.363,direct,46.227638,2.213749,52.132633,5.291266
Lithium,FRA,DEU,France,Germany,282520|283691|284590,Processed,30484492.310999997,direct,46.227638,2.213749,51.165691,10.451526
Lithium,FRA,USA,France,USA,283691|284590,Processed,28056799.54,direct,46.227638,2.213749,37.09024,-95.712891
Lithium,FRA,BEL,France,Belgium,282520|283691|284590,Processed,12644610.987,direct,46.227638,2.213749,50.503887,4.469936
Lithium,FRA,ESP,France,Spain,282520|283691|284590,Processed,10135181.164,direct,46.227638,2.213749,40.463667,-3.74922
Lithium,FRA,GBR,France,United Kingdom,282520|283691|284590,Processed,9128099.744,direct,46.227638,2.213749,55.378051,-3.435973
Lithium,FRA,IND,France,India,283691|284590,Processed,6363531.2,direct,46.227638,2.213749,20.593684,78.96288
Lithium,FRA,CHE,France,Switzerland,282520|283691|284590,Processed,5756579.868,direct,46.227638,2.213749,46.818188,8.227512
Lithium,FRA,ITA,France,Italy,282520|283691|284590,Processed,5088538.973,direct,46.227638,2.213749,41.87194,12.56738
Lithium,FRA,AUT,France,Austria,283691|284530|284590,Processed,3934798.251,direct,46.227638,2.213749,47.516231,14.550072
Lithium,FRA,JPN,France,Japan,282520|284590,Processed,2741206.277,direct,46.227638,2.213749,36.204824,138.252924
Lithium,FRA,FRA,France,France,282520|283691|284590,Processed,2355134.324,mirror,46.227638,2.213749,46.227638,2.213749
Lithium,FRA,IRL,France,Ireland,284590,Processed,2211675.6180000002,direct,46.227638,2.213749,53.41291,-8.24389
Lithium,FRA,ARE,France,United Arab Emirates,284590,Processed,1783620.124,direct,46.227638,2.213749,23.424076,53.847818
Lithium,FRA,CHN,France,China,283691|284590,Processed,1259873.304,direct,46.227638,2.213749,35.86166,104.195397
Lithium,FRA,CZE,France,Czechia,282520|283691|284590,Processed,1187593.384,direct,46.227638,2.213749,49.817492,15.472962
Lithium,FRA,S19,France,"Other Asia, nes",284590,Processed,1074920.692,direct,46.227638,2.213749,,
Lithium,FRA,KOR,France,Rep. of Korea,284530|284590,Processed,1067867.448,direct,46.227638,2.213749,35.907757,127.766922
Lithium,FRA,DNK,France,Denmark,282520|283691|284590,Processed,899505.4130000001,direct,46.227638,2.213749,56.26392,9.501785
Lithium,FRA,HKG,France,"China, Hong Kong SAR",284590,Processed,899436.516,direct,46.227638,2.213749,22.396428,114.109497
Lithium,FRA,SWE,France,Sweden,282520|284590,Processed,879027.147,direct,46.227638,2.213749,60.128161,18.643501
Lithium,FRA,MAR,France,Morocco,282520|283691|284590,Processed,866549.468,direct,46.227638,2.213749,31.791702,-7.09262
Lithium,FRA,PRT,France,Portugal,282520|283691|284590,Processed,809863.035,direct,46.227638,2.213749,39.399872,-8.224454
Lithium,FRA,POL,France,Poland,282520|284590,Processed,716726.365,direct,46.227638,2.213749,51.919438,19.145136
Lithium,FRA,HUN,France,Hungary,284590,Processed,701815.492,direct,46.227638,2.213749,47.162494,19.503304
Lithium,FRA,BRA,France,Brazil,282520|283691,Processed,483689.848,direct,46.227638,2.213749,-14.235004,-51.92528
Lithium,FRA,FIN,France,Finland,284590,Processed,368312.424,direct,46.227638,2.213749,61.92411,25.748151
Lithium,FRA,SVN,France,Slovenia,284590,Processed,341538.662,direct,46.227638,2.213749,46.151241,14.995463
Lithium,FRA,CAN,France,Canada,282520|284590,Processed,324246.548,direct,46.227638,2.213749,56.130366,-106.346771
Lithium,FRA,COL,France,Colombia,284590,Processed,311009.95,mirror,46.227638,2.213749,4.570868,-74.297333
Lithium,FRA,ROU,France,Romania,282520|284590,Processed,247609.685,direct,46.227638,2.213749,45.943161,24.96676
Lithium,FRA,LUX,France,Luxembourg,284590,Processed,203799.252,direct,46.227638,2.213749,49.815273,6.129583
Lithium,FRA,NOR,France,Norway,284590,Processed,193157.288,direct,46.227638,2.213749,60.472024,8.468946
Lithium,FRA,ISR,France,Israel,284590,Processed,154568.26,direct,46.227638,2.213749,31.046051,34.851612
Lithium,FRA,LVA,France,Latvia,284590,Processed,145103.924,direct,46.227638,2.213749,56.879635,24.603189
Lithium,FRA,EST,France,Estonia,283691|284590,Processed,112551.144,direct,46.227638,2.213749,58.595272,25.013607
Lithium,FRA,JOR,France,Jordan,284590,Processed,87811.36,direct,46.227638,2.213749,30.585164,36.238414
Lithium,FRA,QAT,France,Qatar,284590,Processed,85707.216,direct,46.227638,2.213749,25.354826,51.183884
Lithium,FRA,HRV,France,Croatia,282520|284590,Processed,78569.729,direct,46.227638,2.213749,45.1,15.2
Lithium,FRA,NZL,France,New Zealand,284590,Processed,77117.444,direct,46.227638,2.213749,-40.900557,174.885971
Lithium,FRA,GRC,France,Greece,283691|284590,Processed,75411.61,direct,46.227638,2.213749,39.074208,21.824312
Lithium,FRA,LTU,France,Lithuania,284590,Processed,70614.50200000001,direct,46.227638,2.213749,55.169438,23.881275
Lithium,FRA,DZA,France,Algeria,283691|284590,Processed,68848.056,direct,46.227638,2.213749,28.033886,1.659626
Lithium,FRA,THA,France,Thailand,284590,Processed,68765.796,direct,46.227638,2.213749,15.870032,100.992541
Lithium,FRA,SVK,France,Slovakia,284590,Processed,67817.63,direct,46.227638,2.213749,48.669026,19.699024
Lithium,FRA,SAU,France,Saudi Arabia,284590,Processed,66549.08,direct,46.227638,2.213749,23.885942,45.079162
Lithium,FRA,AUS,France,Australia,284590,Processed,49720.228,direct,46.227638,2.213749,-25.274398,133.775136
Lithium,FRA,CHL,France,Chile,284590,Processed,28388.676,direct,46.227638,2.213749,-35.675147,-71.542969
Lithium,FRA,ZAF,France,South Africa,282520|284590,Processed,28219.664,direct,46.227638,2.213749,-30.559482,22.937506
Lithium,FRA,SGP,France,Singapore,282520|283691|284590,Processed,26821.388,direct,46.227638,2.213749,1.352083,103.819836
Lithium,FRA,KAZ,France,Kazakhstan,284590,Processed,24232.332,direct,46.227638,2.213749,48.019573,66.923684
Lithium,FRA,PYF,France,French Polynesia,284590,Processed,20058.676,direct,46.227638,2.213749,,
Lithium,FRA,MYS,France,Malaysia,284590,Processed,16105.82,direct,46.227638,2.213749,4.210484,101.975766
Lithium,FRA,TUN,France,Tunisia,282520|284590,Processed,15354.038,direct,46.227638,2.213749,33.886917,9.537499
Lithium,FRA,SRB,France,Serbia,284590,Processed,14317.728,direct,46.227638,2.213749,44.016521,21.005859
Lithium,FRA,CYP,France,Cyprus,284590,Processed,13954.048,direct,46.227638,2.213749,35.126413,33.429859
Lithium,FRA,TUR,France,Türkiye,282520,Processed,10376.0,mirror,46.227638,2.213749,38.963745,35.243322
Lithium,FRA,BRB,France,Barbados,284590,Processed,8721.5,mirror,46.227638,2.213749,,
Lithium,FRA,MLT,France,Malta,284590,Processed,7684.9,direct,46.227638,2.213749,35.937496,14.375416
Lithium,FRA,KWT,France,Kuwait,284590,Processed,6315.0,mirror,46.227638,2.213749,29.31166,47.481766
Lithium,FRA,MEX,France,Mexico,283691,Processed,5195.428,direct,46.227638,2.213749,23.634501,-102.552784
Lithium,FRA,BGR,France,Bulgaria,284590,Processed,4914.008,direct,46.227638,2.213749,42.733883,25.48583
Lithium,FRA,OMN,France,Oman,284590,Processed,4182.32,direct,46.227638,2.213749,21.512583,55.923255
Lithium,FRA,PAK,France,Pakistan,284590,Processed,4107.989,mirror,46.227638,2.213749,30.375321,69.345116
Lithium,FRA,MNE,France,Montenegro,284590,Processed,2987.372,direct,46.227638,2.213749,42.708678,19.37439
Lithium,FRA,TGO,France,Togo,284590,Processed,1746.906,mirror,46.227638,2.213749,8.619543,0.824782
Lithium,FRA,EGY,France,Egypt,284590,Processed,1580.276,direct,46.227638,2.213749,26.820553,30.802498
Lithium,FRA,GEO,France,Georgia,284590,Processed,1502.344,direct,46.227638,2.213749,42.315407,43.356892
Lithium,FRA,AZE,France,Azerbaijan,283691,Processed,936.0,mirror,46.227638,2.213749,40.143105,47.576927
Lithium,FRA,BFA,France,Burkina Faso,283691,Processed,709.652,mirror,46.227638,2.213749,12.364566,-1.561593
Lithium,FRA,CIV,France,Côte d'Ivoire,282520,Processed,437.28,direct,46.227638,2.213749,7.539989,-5.54708
Lithium,FRA,UKR,France,Ukraine,282520|283691,Processed,180.74,mirror,46.227638,2.213749,48.379433,31.16558
Lithium,FRA,PRY,France,Paraguay,283691|284590,Processed,163.82,mirror,46.227638,2.213749,-23.442503,-58.443832
Lithium,FRA,GTM,France,Guatemala,284590,Processed,128.0,mirror,46.227638,2.213749,15.783471,-90.230759
Lithium,FRA,KEN,France,Kenya,283691,Processed,108.24,direct,46.227638,2.213749,-0.023559,37.906193
Lithium,FRA,MRT,France,Mauritania,284590,Processed,10.867,mirror,46.227638,2.213749,21.00789,-10.940835
Lithium,PYF,FRA,French Polynesia,France,284590,Processed,1229.584,mirror,,,46.227638,2.213749
Lithium,GEO,DEU,Georgia,Germany,284590,Processed,12926535.699000001,mirror,42.315407,43.356892,51.165691,10.451526
Lithium,GEO,USA,Georgia,USA,284590,Processed,2321527.0,mirror,42.315407,43.356892,37.09024,-95.712891
Lithium,GEO,JPN,Georgia,Japan,284590,Processed,1644817.815,mirror,42.315407,43.356892,36.204824,138.252924
Lithium,GEO,CAN,Georgia,Canada,284590,Processed,1495928.121,mirror,42.315407,43.356892,56.130366,-106.346771
Lithium,GEO,KOR,Georgia,Rep. of Korea,284590,Processed,547502.0,mirror,42.315407,43.356892,35.907757,127.766922
Lithium,GEO,FRA,Georgia,France,284590,Processed,528205.995,mirror,42.315407,43.356892,46.227638,2.213749
Lithium,GEO,GBR,Georgia,United Kingdom,284590,Processed,447730.195,mirror,42.315407,43.356892,55.378051,-3.435973
Lithium,GEO,CHE,Georgia,Switzerland,284590,Processed,405024.376,mirror,42.315407,43.356892,46.818188,8.227512
Lithium,GEO,ESP,Georgia,Spain,284590,Processed,148851.064,mirror,42.315407,43.356892,40.463667,-3.74922
Lithium,GEO,AUT,Georgia,Austria,284590,Processed,78244.201,mirror,42.315407,43.356892,47.516231,14.550072
Lithium,GEO,SGP,Georgia,Singapore,284590,Processed,34892.11,mirror,42.315407,43.356892,1.352083,103.819836
Lithium,GEO,POL,Georgia,Poland,284590,Processed,14338.0,mirror,42.315407,43.356892,51.919438,19.145136
Lithium,GEO,CZE,Georgia,Czechia,284590,Processed,13780.0,mirror,42.315407,43.356892,49.817492,15.472962
Lithium,GEO,S19,Georgia,"Other Asia, nes",284590,Processed,11526.271,mirror,42.315407,43.356892,,
Lithium,GEO,ISR,Georgia,Israel,284590,Processed,9000.0,mirror,42.315407,43.356892,31.046051,34.851612
Lithium,GEO,FIN,Georgia,Finland,284590,Processed,7965.946,mirror,42.315407,43.356892,61.92411,25.748151
Lithium,GEO,AUS,Georgia,Australia,284590,Processed,6517.43,mirror,42.315407,43.356892,-25.274398,133.775136
Lithium,GEO,TUR,Georgia,Türkiye,284590,Processed,5008.0,mirror,42.315407,43.356892,38.963745,35.243322
Lithium,GEO,NZL,Georgia,New Zealand,284590,Processed,1670.996,mirror,42.315407,43.356892,-40.900557,174.885971
Lithium,GEO,THA,Georgia,Thailand,284590,Processed,1212.92,mirror,42.315407,43.356892,15.870032,100.992541
Lithium,GEO,ZAF,Georgia,South Africa,284590,Processed,783.256,mirror,42.315407,43.356892,-30.559482,22.937506
Lithium,GEO,IRL,Georgia,Ireland,284590,Processed,271.677,mirror,42.315407,43.356892,53.41291,-8.24389
Lithium,GEO,NLD,Georgia,Netherlands,284590,Processed,263.018,mirror,42.315407,43.356892,52.132633,5.291266
Lithium,DEU,FRA,Germany,France,282520|283691|284530|284590,Processed,143552233.724,direct,51.165691,10.451526,46.227638,2.213749
Lithium,DEU,CAN,Germany,Canada,282520|283691|284590,Processed,116656857.60100001,direct,51.165691,10.451526,56.130366,-106.346771
Lithium,DEU,USA,Germany,USA,282520|283691|284590,Processed,107757340.294,direct,51.165691,10.451526,37.09024,-95.712891
Lithium,DEU,CHN,Germany,China,282520|283691|284590,Processed,86216875.256,direct,51.165691,10.451526,35.86166,104.195397
Lithium,DEU,ITA,Germany,Italy,282520|283691|284530|284590,Processed,72665990.043,direct,51.165691,10.451526,41.87194,12.56738
Lithium,DEU,TUR,Germany,Türkiye,282520|283691|284590,Processed,68733019.72399999,direct,51.165691,10.451526,38.963745,35.243322
Lithium,DEU,KOR,Germany,Rep. of Korea,282520|283691|284590,Processed,53504255.312,direct,51.165691,10.451526,35.907757,127.766922
Lithium,DEU,S19,Germany,"Other Asia, nes",282520|283691|284530|284590,Processed,47741287.268999994,direct,51.165691,10.451526,,
Lithium,DEU,ESP,Germany,Spain,282520|283691|284530|284590,Processed,36974973.628,direct,51.165691,10.451526,40.463667,-3.74922
Lithium,DEU,JPN,Germany,Japan,283691|284590,Processed,34410555.164,direct,51.165691,10.451526,36.204824,138.252924
Lithium,DEU,BEL,Germany,Belgium,282520|283691|284590,Processed,33533202.564,direct,51.165691,10.451526,50.503887,4.469936
Lithium,DEU,GBR,Germany,United Kingdom,283691|284590,Processed,26689610.974,direct,51.165691,10.451526,55.378051,-3.435973
Lithium,DEU,CHE,Germany,Switzerland,282520|283691|284530|284590,Processed,23693879.058,direct,51.165691,10.451526,46.818188,8.227512
Lithium,DEU,NLD,Germany,Netherlands,282520|283691|284590,Processed,23125329.244,direct,51.165691,10.451526,52.132633,5.291266
Lithium,DEU,POL,Germany,Poland,282520|283691|284530|284590,Processed,15617558.368,direct,51.165691,10.451526,51.919438,19.145136
Lithium,DEU,IND,Germany,India,282520|283691|284590,Processed,14300219.456,direct,51.165691,10.451526,20.593684,78.96288
Lithium,DEU,AUT,Germany,Austria,282520|283691|284530|284590,Processed,13303097.053,direct,51.165691,10.451526,47.516231,14.550072
Lithium,DEU,ZAF,Germany,South Africa,284590,Processed,11980069.85,direct,51.165691,10.451526,-30.559482,22.937506
Lithium,DEU,DNK,Germany,Denmark,282520|283691|284590,Processed,10219160.18,direct,51.165691,10.451526,56.26392,9.501785
Lithium,DEU,VNM,Germany,Viet Nam,284590,Processed,10071059.56,direct,51.165691,10.451526,14.058324,108.277199
Lithium,DEU,SWE,Germany,Sweden,282520|283691|284590,Processed,9730686.18,direct,51.165691,10.451526,60.128161,18.643501
Lithium,DEU,FIN,Germany,Finland,282520|283691|284590,Processed,8736628.468,direct,51.165691,10.451526,61.92411,25.748151
Lithium,DEU,GRC,Germany,Greece,282520|283691|284590,Processed,7039715.56,direct,51.165691,10.451526,39.074208,21.824312
Lithium,DEU,CZE,Germany,Czechia,282520|283691|284590,Processed,5333453.512,direct,51.165691,10.451526,49.817492,15.472962
Lithium,DEU,SAU,Germany,Saudi Arabia,282520|283691|284590,Processed,4064965.519,direct,51.165691,10.451526,23.885942,45.079162
Lithium,DEU,PRT,Germany,Portugal,282520|283691|284530|284590,Processed,3950865.98,direct,51.165691,10.451526,39.399872,-8.224454
Lithium,DEU,SVK,Germany,Slovakia,282520|283691|284590,Processed,3214089.6399999997,direct,51.165691,10.451526,48.669026,19.699024
Lithium,DEU,HUN,Germany,Hungary,282520|283691|284590,Processed,3173520.248,direct,51.165691,10.451526,47.162494,19.503304
Lithium,DEU,SVN,Germany,Slovenia,282520|283691|284530|284590,Processed,2834876.072,direct,51.165691,10.451526,46.151241,14.995463
Lithium,DEU,NOR,Germany,Norway,283691|284590,Processed,2834376.128,direct,51.165691,10.451526,60.472024,8.468946
Lithium,DEU,HRV,Germany,Croatia,282520|283691|284590,Processed,1757111.84,direct,51.165691,10.451526,45.1,15.2
Lithium,DEU,ROU,Germany,Romania,282520|283691|284590,Processed,1640183.84,direct,51.165691,10.451526,45.943161,24.96676
Lithium,DEU,THA,Germany,Thailand,282520|283691|284590,Processed,1431840.808,direct,51.165691,10.451526,15.870032,100.992541
Lithium,DEU,HKG,Germany,"China, Hong Kong SAR",284590,Processed,1402945.348,direct,51.165691,10.451526,22.396428,114.109497
Lithium,DEU,SGP,Germany,Singapore,283691|284590,Processed,1374908.7980000002,direct,51.165691,10.451526,1.352083,103.819836
Lithium,DEU,IRL,Germany,Ireland,282520|283691|284530|284590,Processed,1258978.396,direct,51.165691,10.451526,53.41291,-8.24389
Lithium,DEU,BRA,Germany,Brazil,283691|284590,Processed,1225435.32,direct,51.165691,10.451526,-14.235004,-51.92528
Lithium,DEU,KAZ,Germany,Kazakhstan,282520|284590,Processed,1130596.008,direct,51.165691,10.451526,48.019573,66.923684
Lithium,DEU,LTU,Germany,Lithuania,282520|284590,Processed,971398.592,direct,51.165691,10.451526,55.169438,23.881275
Lithium,DEU,AUS,Germany,Australia,282520|284590,Processed,923150.718,direct,51.165691,10.451526,-25.274398,133.775136
Lithium,DEU,GEO,Germany,Georgia,282520|284590,Processed,872555.024,mirror,51.165691,10.451526,42.315407,43.356892
Lithium,DEU,IDN,Germany,Indonesia,282520|283691|284530|284590,Processed,865318.016,direct,51.165691,10.451526,-0.789275,113.921327
Lithium,DEU,CHL,Germany,Chile,282520|283691|284590,Processed,863884.774,direct,51.165691,10.451526,-35.675147,-71.542969
Lithium,DEU,ARE,Germany,United Arab Emirates,284590,Processed,802814.76,direct,51.165691,10.451526,23.424076,53.847818
Lithium,DEU,MYS,Germany,Malaysia,282520|283691|284590,Processed,793002.704,direct,51.165691,10.451526,4.210484,101.975766
Lithium,DEU,BGR,Germany,Bulgaria,282520|283691|284590,Processed,743511.752,direct,51.165691,10.451526,42.733883,25.48583
Lithium,DEU,SRB,Germany,Serbia,284590,Processed,629621.984,direct,51.165691,10.451526,44.016521,21.005859
Lithium,DEU,ARM,Germany,Armenia,284590,Processed,607080.096,direct,51.165691,10.451526,40.069099,45.038189
Lithium,DEU,NGA,Germany,Nigeria,284590,Processed,554771.872,mirror,51.165691,10.451526,9.081999,8.675277
Lithium,DEU,ISR,Germany,Israel,282520|283691|284590,Processed,541998.216,direct,51.165691,10.451526,31.046051,34.851612
Lithium,DEU,EST,Germany,Estonia,283691|284590,Processed,534642.5920000001,direct,51.165691,10.451526,58.595272,25.013607
Lithium,DEU,ISL,Germany,Iceland,283691|284590,Processed,486934.944,direct,51.165691,10.451526,64.963051,-19.020835
Lithium,DEU,LVA,Germany,Latvia,282520|283691|284590,Processed,479872.25999999995,direct,51.165691,10.451526,56.879635,24.603189
Lithium,DEU,KWT,Germany,Kuwait,283691|284590,Processed,454981.616,direct,51.165691,10.451526,29.31166,47.481766
Lithium,DEU,ARG,Germany,Argentina,284590,Processed,351926.724,direct,51.165691,10.451526,-38.416097,-63.616672
Lithium,DEU,PER,Germany,Peru,283691|284590,Processed,326155.89999999997,direct,51.165691,10.451526,-9.189967,-75.015152
Lithium,DEU,UKR,Germany,Ukraine,282520|284590,Processed,293212.59599999996,direct,51.165691,10.451526,48.379433,31.16558
Lithium,DEU,LUX,Germany,Luxembourg,283691|284530|284590,Processed,280820.253,direct,51.165691,10.451526,49.815273,6.129583
Lithium,DEU,QAT,Germany,Qatar,283691|284590,Processed,276167.302,direct,51.165691,10.451526,25.354826,51.183884
Lithium,DEU,NZL,Germany,New Zealand,284590,Processed,239896.312,direct,51.165691,10.451526,-40.900557,174.885971
Lithium,DEU,BGD,Germany,Bangladesh,284590,Processed,231563.608,direct,51.165691,10.451526,23.684994,90.356331
Lithium,DEU,CYP,Germany,Cyprus,284590,Processed,209340.276,direct,51.165691,10.451526,35.126413,33.429859
Lithium,DEU,EGY,Germany,Egypt,284590,Processed,198962.12,direct,51.165691,10.451526,26.820553,30.802498
Lithium,DEU,AZE,Germany,Azerbaijan,283691|284590,Processed,196714.416,direct,51.165691,10.451526,40.143105,47.576927
Lithium,DEU,RUS,Germany,Russian Federation,283691,Processed,178172.28,direct,51.165691,10.451526,61.52401,105.318756
Lithium,DEU,MAR,Germany,Morocco,282520|283691|284590,Processed,172992.2,direct,51.165691,10.451526,31.791702,-7.09262
Lithium,DEU,MEX,Germany,Mexico,284590,Processed,141538.57200000001,direct,51.165691,10.451526,23.634501,-102.552784
Lithium,DEU,COL,Germany,Colombia,283691|284590,Processed,123495.674,direct,51.165691,10.451526,4.570868,-74.297333
Lithium,DEU,LBY,Germany,Libya,284590,Processed,96488.328,direct,51.165691,10.451526,26.3351,17.228331
Lithium,DEU,JOR,Germany,Jordan,284590,Processed,80577.392,direct,51.165691,10.451526,30.585164,36.238414
Lithium,DEU,ALB,Germany,Albania,284590,Processed,71582.44,direct,51.165691,10.451526,41.153332,20.168331
Lithium,DEU,RWA,Germany,Rwanda,284590,Processed,65773.016,direct,51.165691,10.451526,-1.940278,29.873888
Lithium,DEU,ETH,Germany,Ethiopia,284590,Processed,60835.432,direct,51.165691,10.451526,9.145,40.489673
Lithium,DEU,ECU,Germany,Ecuador,283691|284590,Processed,59305.295999999995,direct,51.165691,10.451526,-1.831239,-78.183406
Lithium,DEU,MDA,Germany,Rep. of Moldova,284590,Processed,53626.048,direct,51.165691,10.451526,47.411631,28.369885
Lithium,DEU,MLI,Germany,Mali,284590,Processed,38645.632,direct,51.165691,10.451526,17.570692,-3.996166
Lithium,DEU,UZB,Germany,Uzbekistan,284590,Processed,30061.44,direct,51.165691,10.451526,41.377491,64.585262
Lithium,DEU,TUN,Germany,Tunisia,284590,Processed,25584.912,direct,51.165691,10.451526,33.886917,9.537499
Lithium,DEU,OMN,Germany,Oman,284590,Processed,20529.968,direct,51.165691,10.451526,21.512583,55.923255
Lithium,DEU,URY,Germany,Uruguay,284590,Processed,19951.536,direct,51.165691,10.451526,-32.522779,-55.765835
Lithium,DEU,PHL,Germany,Philippines,284590,Processed,19750.344,direct,51.165691,10.451526,12.879721,121.774017
Lithium,DEU,PYF,Germany,French Polynesia,284590,Processed,19272.52,direct,51.165691,10.451526,,
Lithium,DEU,UGA,Germany,Uganda,284590,Processed,17042.64,direct,51.165691,10.451526,1.373333,32.290275
Lithium,DEU,MNG,Germany,Mongolia,284590,Processed,15181.616,direct,51.165691,10.451526,46.862496,103.846656
Lithium,DEU,LKA,Germany,Sri Lanka,284590,Processed,13572.08,direct,51.165691,10.451526,7.873054,80.771797
Lithium,DEU,CRI,Germany,Costa Rica,284590,Processed,11023.648,direct,51.165691,10.451526,9.748917,-83.753428
Lithium,DEU,BIH,Germany,Bosnia Herzegovina,282520|284590,Processed,8797.696,mirror,51.165691,10.451526,43.915886,17.679076
Lithium,DEU,LSO,Germany,Lesotho,284590,Processed,3746.324,mirror,51.165691,10.451526,-29.609988,28.233608
Lithium,DEU,MNE,Germany,Montenegro,284590,Processed,3142.128,mirror,51.165691,10.451526,42.708678,19.37439
Lithium,DEU,MLT,Germany,Malta,282520,Processed,2684.304,mirror,51.165691,10.451526,35.937496,14.375416
Lithium,DEU,PAK,Germany,Pakistan,284590,Processed,1931.069,mirror,51.165691,10.451526,30.375321,69.345116
Lithium,DEU,TZA,Germany,United Rep. of Tanzania,284590,Processed,1145.036,mirror,51.165691,10.451526,-6.369028,34.888822
Lithium,DEU,BHR,Germany,Bahrain,284590,Processed,603.576,direct,51.165691,10.451526,26.0275,50.55
Lithium,DEU,GTM,Germany,Guatemala,283691,Processed,209.576,direct,51.165691,10.451526,15.783471,-90.230759
Lithium,DEU,KEN,Germany,Kenya,283691,Processed,66.774,mirror,51.165691,10.451526,-0.023559,37.906193
Lithium,GRC,PRT,Greece,Portugal,284590,Processed,3839.416,mirror,39.074208,21.824312,39.399872,-8.224454
Lithium,GRC,NLD,Greece,Netherlands,284590,Processed,297.655,mirror,39.074208,21.824312,52.132633,5.291266
Lithium,GTM,DOM,Guatemala,Dominican Rep.,283691,Processed,18459.0,direct,15.783471,-90.230759,18.735693,-70.162651
Lithium,GUY,TTO,Guyana,Trinidad and Tobago,282520,Processed,11231.992,direct,4.860416,-58.93018,10.691803,-61.222503
Lithium,HUN,ROU,Hungary,Romania,283691,Processed,244148.04,direct,47.162494,19.503304,45.943161,24.96676
Lithium,HUN,RUS,Hungary,Russian Federation,284590,Processed,76399.66,direct,47.162494,19.503304,61.52401,105.318756
Lithium,HUN,NLD,Hungary,Netherlands,282520|284590,Processed,9431.864,mirror,47.162494,19.503304,52.132633,5.291266
Lithium,HUN,ITA,Hungary,Italy,284590,Processed,6658.198,mirror,47.162494,19.503304,41.87194,12.56738
Lithium,ISL,ISR,Iceland,Israel,284590,Processed,3000.0,mirror,64.963051,-19.020835,31.046051,34.851612
Lithium,IND,USA,India,USA,282520|283691|284590,Processed,14762637.136,direct,20.593684,78.96288,37.09024,-95.712891
Lithium,IND,CHN,India,China,283691|284590,Processed,4039798.3,direct,20.593684,78.96288,35.86166,104.195397
Lithium,IND,KOR,India,Rep. of Korea,282520|283691|284530|284590,Processed,3383192.922,direct,20.593684,78.96288,35.907757,127.766922
Lithium,IND,ARE,India,United Arab Emirates,282520|283691|284590,Processed,2475980.8600000003,direct,20.593684,78.96288,23.424076,53.847818
Lithium,IND,TUR,India,Türkiye,283691|284590,Processed,1829951.816,direct,20.593684,78.96288,38.963745,35.243322
Lithium,IND,CAN,India,Canada,283691|284590,Processed,1312056.744,direct,20.593684,78.96288,56.130366,-106.346771
Lithium,IND,FRA,India,France,282520|283691|284590,Processed,889726.514,direct,20.593684,78.96288,46.227638,2.213749
Lithium,IND,GBR,India,United Kingdom,284590,Processed,669429.032,mirror,20.593684,78.96288,55.378051,-3.435973
Lithium,IND,VNM,India,Viet Nam,283691,Processed,601171.426,direct,20.593684,78.96288,14.058324,108.277199
Lithium,IND,THA,India,Thailand,282520|283691|284590,Processed,533417.182,direct,20.593684,78.96288,15.870032,100.992541
Lithium,IND,LBN,India,Lebanon,282520,Processed,441855.032,direct,20.593684,78.96288,33.854721,35.862285
Lithium,IND,DEU,India,Germany,283691|284590,Processed,405961.718,direct,20.593684,78.96288,51.165691,10.451526
Lithium,IND,NPL,India,Nepal,282520|283691|284590,Processed,404777.24399999995,direct,20.593684,78.96288,28.394857,84.124008
Lithium,IND,ESP,India,Spain,283691|284590,Processed,386370.993,direct,20.593684,78.96288,40.463667,-3.74922
Lithium,IND,PHL,India,Philippines,282520|283691|284590,Processed,313412.984,direct,20.593684,78.96288,12.879721,121.774017
Lithium,IND,LKA,India,Sri Lanka,282520|283691,Processed,290533.51,direct,20.593684,78.96288,7.873054,80.771797
Lithium,IND,EGY,India,Egypt,282520|283691,Processed,285636.45800000004,direct,20.593684,78.96288,26.820553,30.802498
Lithium,IND,QAT,India,Qatar,282520|283691,Processed,278041.652,direct,20.593684,78.96288,25.354826,51.183884
Lithium,IND,CHE,India,Switzerland,282520|283691|284590,Processed,199821.32,direct,20.593684,78.96288,46.818188,8.227512
Lithium,IND,MYS,India,Malaysia,282520|283691|284590,Processed,164340.972,direct,20.593684,78.96288,4.210484,101.975766
Lithium,IND,URY,India,Uruguay,283691,Processed,130956.768,direct,20.593684,78.96288,-32.522779,-55.765835
Lithium,IND,BGD,India,Bangladesh,282520|283691,Processed,128499.56999999999,direct,20.593684,78.96288,23.684994,90.356331
Lithium,IND,ECU,India,Ecuador,283691,Processed,125325.128,direct,20.593684,78.96288,-1.831239,-78.183406
Lithium,IND,KEN,India,Kenya,282520|283691|284590,Processed,92605.386,direct,20.593684,78.96288,-0.023559,37.906193
Lithium,IND,SAU,India,Saudi Arabia,282520|283691|284590,Processed,84105.728,direct,20.593684,78.96288,23.885942,45.079162
Lithium,IND,FIN,India,Finland,283691|284590,Processed,76808.212,direct,20.593684,78.96288,61.92411,25.748151
Lithium,IND,JPN,India,Japan,282520|283691|284590,Processed,62705.486000000004,direct,20.593684,78.96288,36.204824,138.252924
Lithium,IND,NLD,India,Netherlands,283691,Processed,53582.53,direct,20.593684,78.96288,52.132633,5.291266
Lithium,IND,S19,India,"Other Asia, nes",282520|283691|284590,Processed,46535.884000000005,direct,20.593684,78.96288,,
Lithium,IND,NGA,India,Nigeria,282520,Processed,44872.484,direct,20.593684,78.96288,9.081999,8.675277
Lithium,IND,DNK,India,Denmark,283691,Processed,41036.428,direct,20.593684,78.96288,56.26392,9.501785
Lithium,IND,IND,India,India,283691,Processed,37474.418,mirror,20.593684,78.96288,20.593684,78.96288
Lithium,IND,HND,India,Honduras,283691,Processed,31279.25,direct,20.593684,78.96288,15.199999,-86.241905
Lithium,IND,BEL,India,Belgium,283691|284590,Processed,21433.111,direct,20.593684,78.96288,50.503887,4.469936
Lithium,IND,DOM,India,Dominican Rep.,283691,Processed,21337.006,direct,20.593684,78.96288,18.735693,-70.162651
Lithium,IND,IRL,India,Ireland,282520|283691|284590,Processed,19932.637000000002,direct,20.593684,78.96288,53.41291,-8.24389
Lithium,IND,ARG,India,Argentina,282520|283691|284590,Processed,17611.626,direct,20.593684,78.96288,-38.416097,-63.616672
Lithium,IND,AUS,India,Australia,282520|283691|284590,Processed,14855.666000000001,direct,20.593684,78.96288,-25.274398,133.775136
Lithium,IND,CZE,India,Czechia,284590,Processed,14104.0,mirror,20.593684,78.96288,49.817492,15.472962
Lithium,IND,AUT,India,Austria,283691|284590,Processed,11255.251,direct,20.593684,78.96288,47.516231,14.550072
Lithium,IND,AGO,India,Angola,283691|284590,Processed,10929.800000000001,direct,20.593684,78.96288,-11.202692,17.873887
Lithium,IND,ZAF,India,South Africa,283691|284590,Processed,9355.742,direct,20.593684,78.96288,-30.559482,22.937506
Lithium,IND,UKR,India,Ukraine,284590,Processed,5919.14,mirror,20.593684,78.96288,48.379433,31.16558
Lithium,IND,UZB,India,Uzbekistan,282520|283691,Processed,5733.706,direct,20.593684,78.96288,41.377491,64.585262
Lithium,IND,GIN,India,Guinea,284590,Processed,5334.322,direct,20.593684,78.96288,9.945587,-9.696645
Lithium,IND,OMN,India,Oman,282520|283691|284590,Processed,5140.197999999999,direct,20.593684,78.96288,21.512583,55.923255
Lithium,IND,ISR,India,Israel,284590,Processed,4891.968,direct,20.593684,78.96288,31.046051,34.851612
Lithium,IND,BTN,India,Bhutan,284590,Processed,4530.756,direct,20.593684,78.96288,27.514162,90.433601
Lithium,IND,PER,India,Peru,283691,Processed,4343.268,direct,20.593684,78.96288,-9.189967,-75.015152
Lithium,IND,HKG,India,"China, Hong Kong SAR",284590,Processed,3748.158,mirror,20.593684,78.96288,22.396428,114.109497
Lithium,IND,CIV,India,Côte d'Ivoire,282520,Processed,3524.336,direct,20.593684,78.96288,7.539989,-5.54708
Lithium,IND,SGP,India,Singapore,283691|284590,Processed,3503.1299999999997,mirror,20.593684,78.96288,1.352083,103.819836
Lithium,IND,MKD,India,North Macedonia,284590,Processed,2748.76,mirror,20.593684,78.96288,41.608635,21.745275
Lithium,IND,RUS,India,Russian Federation,282520|283691,Processed,2450.726,direct,20.593684,78.96288,61.52401,105.318756
Lithium,IND,NOR,India,Norway,283691|284590,Processed,2385.112,mirror,20.593684,78.96288,60.472024,8.468946
Lithium,IND,IDN,India,Indonesia,282520|283691,Processed,2190.874,direct,20.593684,78.96288,-0.789275,113.921327
Lithium,IND,GTM,India,Guatemala,283691|284590,Processed,2124.0,mirror,20.593684,78.96288,15.783471,-90.230759
Lithium,IND,HRV,India,Croatia,283691,Processed,1835.85,direct,20.593684,78.96288,45.1,15.2
Lithium,IND,POL,India,Poland,283691|284590,Processed,1784.0,mirror,20.593684,78.96288,51.919438,19.145136
Lithium,IND,NZL,India,New Zealand,283691|284590,Processed,1723.65,mirror,20.593684,78.96288,-40.900557,174.885971
Lithium,IND,TZA,India,United Rep. of Tanzania,283691,Processed,1538.982,mirror,20.593684,78.96288,-6.369028,34.888822
Lithium,IND,LBR,India,Liberia,284590,Processed,1390.578,direct,20.593684,78.96288,6.428055,-9.429499
Lithium,IND,KAZ,India,Kazakhstan,284590,Processed,1289.92,mirror,20.593684,78.96288,48.019573,66.923684
Lithium,IND,ZMB,India,Zambia,283691,Processed,1210.478,direct,20.593684,78.96288,-13.133897,27.849332
Lithium,IND,BRA,India,Brazil,283691,Processed,926.0,mirror,20.593684,78.96288,-14.235004,-51.92528
Lithium,IND,COL,India,Colombia,282520|283691,Processed,636.44,mirror,20.593684,78.96288,4.570868,-74.297333
Lithium,IND,MAR,India,Morocco,283691,Processed,273.15,direct,20.593684,78.96288,31.791702,-7.09262
Lithium,IND,BOL,India,Bolivia (Plurinational State of),283691,Processed,196.738,direct,20.593684,78.96288,-16.290154,-63.588653
Lithium,IND,BHR,India,Bahrain,283691,Processed,132.452,mirror,20.593684,78.96288,26.0275,50.55
Lithium,IND,TUN,India,Tunisia,282520,Processed,117.642,direct,20.593684,78.96288,33.886917,9.537499
Lithium,IND,FJI,India,Fiji,284590,Processed,94.132,direct,20.593684,78.96288,-16.578193,179.414413
Lithium,IND,JOR,India,Jordan,283691,Processed,40.266,direct,20.593684,78.96288,30.585164,36.238414
Lithium,IND,SLV,India,El Salvador,283691,Processed,0.894,direct,20.593684,78.96288,13.794185,-88.89653
Lithium,IDN,JPN,Indonesia,Japan,282520,Processed,101250.0,direct,-0.789275,113.921327,36.204824,138.252924
Lithium,IDN,CHN,Indonesia,China,282520,Processed,30.3,direct,-0.789275,113.921327,35.86166,104.195397
Lithium,IDN,SGP,Indonesia,Singapore,283691,Processed,2.0,direct,-0.789275,113.921327,1.352083,103.819836
Lithium,IRN,CHN,Iran,China,284590,Processed,4347491.0,mirror,32.427908,53.688046,35.86166,104.195397
Lithium,IRN,TUR,Iran,Türkiye,284590,Processed,633800.0,mirror,32.427908,53.688046,38.963745,35.243322
Lithium,IRN,DEU,Iran,Germany,284590,Processed,170560.516,mirror,32.427908,53.688046,51.165691,10.451526
Lithium,IRN,KEN,Iran,Kenya,284590,Processed,657.37,mirror,32.427908,53.688046,-0.023559,37.906193
Lithium,IRL,CAN,Ireland,Canada,284590,Processed,1450129998.547,direct,53.41291,-8.24389,56.130366,-106.346771
Lithium,IRL,CHN,Ireland,China,284590,Processed,23261446.0,mirror,53.41291,-8.24389,35.86166,104.195397
Lithium,IRL,USA,Ireland,USA,284590,Processed,15536940.475,direct,53.41291,-8.24389,37.09024,-95.712891
Lithium,IRL,PRT,Ireland,Portugal,284590,Processed,9826742.78,direct,53.41291,-8.24389,39.399872,-8.224454
Lithium,IRL,IRL,Ireland,Ireland,284590,Processed,3451705.875,mirror,53.41291,-8.24389,53.41291,-8.24389
Lithium,IRL,IND,Ireland,India,283691,Processed,450407.64,mirror,53.41291,-8.24389,20.593684,78.96288
Lithium,IRL,GBR,Ireland,United Kingdom,283691|284590,Processed,15366.555,direct,53.41291,-8.24389,55.378051,-3.435973
Lithium,IRL,ESP,Ireland,Spain,284590,Processed,11638.456,mirror,53.41291,-8.24389,40.463667,-3.74922
Lithium,IRL,DEU,Ireland,Germany,284590,Processed,11551.776,mirror,53.41291,-8.24389,51.165691,10.451526
Lithium,IRL,NLD,Ireland,Netherlands,282520|283691|284590,Processed,9282.494,mirror,53.41291,-8.24389,52.132633,5.291266
Lithium,IRL,MUS,Ireland,Mauritius,284590,Processed,8650.264,mirror,53.41291,-8.24389,-20.348404,57.552152
Lithium,IRL,CZE,Ireland,Czechia,284590,Processed,6420.0,mirror,53.41291,-8.24389,49.817492,15.472962
Lithium,IRL,BEL,Ireland,Belgium,284590,Processed,888.905,mirror,53.41291,-8.24389,50.503887,4.469936
Lithium,IRL,LTU,Ireland,Lithuania,284590,Processed,296.0,mirror,53.41291,-8.24389,55.169438,23.881275
Lithium,ISR,USA,Israel,USA,284590,Processed,9720000.0,direct,31.046051,34.851612,37.09024,-95.712891
Lithium,ISR,DEU,Israel,Germany,284590,Processed,4065000.0,direct,31.046051,34.851612,51.165691,10.451526
Lithium,ISR,RUS,Israel,Russian Federation,284590,Processed,1409000.0,direct,31.046051,34.851612,61.52401,105.318756
Lithium,ISR,BEL,Israel,Belgium,284590,Processed,1076000.0,direct,31.046051,34.851612,50.503887,4.469936
Lithium,ISR,NLD,Israel,Netherlands,284590,Processed,847000.0,direct,31.046051,34.851612,52.132633,5.291266
Lithium,ISR,TUR,Israel,Türkiye,284590,Processed,845000.0,direct,31.046051,34.851612,38.963745,35.243322
Lithium,ISR,FRA,Israel,France,284590,Processed,829000.0,direct,31.046051,34.851612,46.227638,2.213749
Lithium,ISR,ITA,Israel,Italy,284590,Processed,740000.0,direct,31.046051,34.851612,41.87194,12.56738
Lithium,ISR,AUS,Israel,Australia,284590,Processed,669000.0,direct,31.046051,34.851612,-25.274398,133.775136
Lithium,ISR,CHE,Israel,Switzerland,284590,Processed,577333.512,mirror,31.046051,34.851612,46.818188,8.227512
Lithium,ISR,JPN,Israel,Japan,284590,Processed,508000.0,direct,31.046051,34.851612,36.204824,138.252924
Lithium,ISR,CHN,Israel,China,284590,Processed,479000.0,direct,31.046051,34.851612,35.86166,104.195397
Lithium,ISR,ARE,Israel,United Arab Emirates,284590,Processed,356000.0,direct,31.046051,34.851612,23.424076,53.847818
Lithium,ISR,ESP,Israel,Spain,284590,Processed,263000.0,direct,31.046051,34.851612,40.463667,-3.74922
Lithium,ISR,NOR,Israel,Norway,284590,Processed,188824.805,mirror,31.046051,34.851612,60.472024,8.468946
Lithium,ISR,AZE,Israel,Azerbaijan,284590,Processed,184044.4,mirror,31.046051,34.851612,40.143105,47.576927
Lithium,ISR,GBR,Israel,United Kingdom,284590,Processed,171000.0,direct,31.046051,34.851612,55.378051,-3.435973
Lithium,ISR,CAN,Israel,Canada,284590,Processed,102000.0,direct,31.046051,34.851612,56.130366,-106.346771
Lithium,ISR,AUT,Israel,Austria,284590,Processed,100000.0,direct,31.046051,34.851612,47.516231,14.550072
Lithium,ISR,PRT,Israel,Portugal,284590,Processed,91000.0,direct,31.046051,34.851612,39.399872,-8.224454
Lithium,ISR,CZE,Israel,Czechia,284590,Processed,60000.0,direct,31.046051,34.851612,49.817492,15.472962
Lithium,ISR,KOR,Israel,Rep. of Korea,284590,Processed,48000.0,direct,31.046051,34.851612,35.907757,127.766922
Lithium,ISR,ZAF,Israel,South Africa,284590,Processed,42000.0,direct,31.046051,34.851612,-30.559482,22.937506
Lithium,ISR,FIN,Israel,Finland,284590,Processed,25222.352,mirror,31.046051,34.851612,61.92411,25.748151
Lithium,ISR,POL,Israel,Poland,284590,Processed,22000.0,direct,31.046051,34.851612,51.919438,19.145136
Lithium,ISR,KEN,Israel,Kenya,284590,Processed,21000.0,direct,31.046051,34.851612,-0.023559,37.906193
Lithium,ISR,ROU,Israel,Romania,284590,Processed,16400.0,mirror,31.046051,34.851612,45.943161,24.96676
Lithium,ISR,SGP,Israel,Singapore,284590,Processed,12000.0,direct,31.046051,34.851612,1.352083,103.819836
Lithium,ISR,IRL,Israel,Ireland,284590,Processed,10000.0,direct,31.046051,34.851612,53.41291,-8.24389
Lithium,ISR,BRA,Israel,Brazil,284590,Processed,5000.0,direct,31.046051,34.851612,-14.235004,-51.92528
Lithium,ISR,SWE,Israel,Sweden,284590,Processed,1514.056,mirror,31.046051,34.851612,60.128161,18.643501
Lithium,ITA,USA,Italy,USA,284590,Processed,1116255.131,direct,41.87194,12.56738,37.09024,-95.712891
Lithium,ITA,NLD,Italy,Netherlands,282520|283691|284590,Processed,931441.639,direct,41.87194,12.56738,52.132633,5.291266
Lithium,ITA,ESP,Italy,Spain,282520|283691|284590,Processed,374373.25399999996,direct,41.87194,12.56738,40.463667,-3.74922
Lithium,ITA,POL,Italy,Poland,282520|283691|284590,Processed,279626.49199999997,direct,41.87194,12.56738,51.919438,19.145136
Lithium,ITA,ARE,Italy,United Arab Emirates,283691|284590,Processed,271597.673,direct,41.87194,12.56738,23.424076,53.847818
Lithium,ITA,MYS,Italy,Malaysia,283691|284590,Processed,212209.486,direct,41.87194,12.56738,4.210484,101.975766
Lithium,ITA,PRT,Italy,Portugal,283691,Processed,180174.771,direct,41.87194,12.56738,39.399872,-8.224454
Lithium,ITA,FRA,Italy,France,282520|283691|284590,Processed,171366.33399999997,direct,41.87194,12.56738,46.227638,2.213749
Lithium,ITA,HRV,Italy,Croatia,283691,Processed,105190.932,direct,41.87194,12.56738,45.1,15.2
Lithium,ITA,ZAF,Italy,South Africa,283691,Processed,86965.242,direct,41.87194,12.56738,-30.559482,22.937506
Lithium,ITA,DEU,Italy,Germany,283691|284530|284590,Processed,84866.349,direct,41.87194,12.56738,51.165691,10.451526
Lithium,ITA,KOR,Italy,Rep. of Korea,283691|284590,Processed,82862.81099999999,direct,41.87194,12.56738,35.907757,127.766922
Lithium,ITA,TUR,Italy,Türkiye,283691|284590,Processed,82859.668,direct,41.87194,12.56738,38.963745,35.243322
Lithium,ITA,GBR,Italy,United Kingdom,284590,Processed,63533.709,direct,41.87194,12.56738,55.378051,-3.435973
Lithium,ITA,DNK,Italy,Denmark,284590,Processed,62558.137,direct,41.87194,12.56738,56.26392,9.501785
Lithium,ITA,CHE,Italy,Switzerland,282520|283691|284590,Processed,61784.806000000004,direct,41.87194,12.56738,46.818188,8.227512
Lithium,ITA,CHN,Italy,China,283691|284590,Processed,60053.716,direct,41.87194,12.56738,35.86166,104.195397
Lithium,ITA,GRC,Italy,Greece,283691,Processed,59001.65,direct,41.87194,12.56738,39.074208,21.824312
Lithium,ITA,ARG,Italy,Argentina,283691,Processed,55483.933,direct,41.87194,12.56738,-38.416097,-63.616672
Lithium,ITA,SGP,Italy,Singapore,283691|284590,Processed,45692.589,direct,41.87194,12.56738,1.352083,103.819836
Lithium,ITA,BGR,Italy,Bulgaria,283691,Processed,39402.196,direct,41.87194,12.56738,42.733883,25.48583
Lithium,ITA,SVN,Italy,Slovenia,283691|284590,Processed,35783.883,direct,41.87194,12.56738,46.151241,14.995463
Lithium,ITA,KAZ,Italy,Kazakhstan,284590,Processed,21062.25,mirror,41.87194,12.56738,48.019573,66.923684
Lithium,ITA,SRB,Italy,Serbia,283691,Processed,20245.993,direct,41.87194,12.56738,44.016521,21.005859
Lithium,ITA,ROU,Italy,Romania,283691|284590,Processed,15577.708999999999,direct,41.87194,12.56738,45.943161,24.96676
Lithium,ITA,BEL,Italy,Belgium,282520|284590,Processed,14969.942,direct,41.87194,12.56738,50.503887,4.469936
Lithium,ITA,SAU,Italy,Saudi Arabia,284590,Processed,14572.798,direct,41.87194,12.56738,23.885942,45.079162
Lithium,ITA,IRL,Italy,Ireland,284590,Processed,10553.209,mirror,41.87194,12.56738,53.41291,-8.24389
Lithium,ITA,IND,Italy,India,283691|284590,Processed,10213.637999999999,direct,41.87194,12.56738,20.593684,78.96288
Lithium,ITA,AUS,Italy,Australia,284590,Processed,9325.04,direct,41.87194,12.56738,-25.274398,133.775136
Lithium,ITA,JPN,Italy,Japan,284590,Processed,8301.266,direct,41.87194,12.56738,36.204824,138.252924
Lithium,ITA,NOR,Italy,Norway,284590,Processed,6357.998,mirror,41.87194,12.56738,60.472024,8.468946
Lithium,ITA,HKG,Italy,"China, Hong Kong SAR",284590,Processed,6224.377,direct,41.87194,12.56738,22.396428,114.109497
Lithium,ITA,COL,Italy,Colombia,283691,Processed,4882.05,direct,41.87194,12.56738,4.570868,-74.297333
Lithium,ITA,QAT,Italy,Qatar,284590,Processed,4788.789,direct,41.87194,12.56738,25.354826,51.183884
Lithium,ITA,EGY,Italy,Egypt,283691,Processed,4063.659,direct,41.87194,12.56738,26.820553,30.802498
Lithium,ITA,ISR,Italy,Israel,284590,Processed,2043.356,direct,41.87194,12.56738,31.046051,34.851612
Lithium,ITA,KEN,Italy,Kenya,284590,Processed,1507.892,direct,41.87194,12.56738,-0.023559,37.906193
Lithium,ITA,MLT,Italy,Malta,283691,Processed,1207.152,direct,41.87194,12.56738,35.937496,14.375416
Lithium,ITA,MNE,Italy,Montenegro,284590,Processed,1154.758,direct,41.87194,12.56738,42.708678,19.37439
Lithium,ITA,PAN,Italy,Panama,284590,Processed,1148.471,direct,41.87194,12.56738,8.537981,-80.782127
Lithium,ITA,AUT,Italy,Austria,284590,Processed,985.002,direct,41.87194,12.56738,47.516231,14.550072
Lithium,ITA,CZE,Italy,Czechia,284590,Processed,985.002,direct,41.87194,12.56738,49.817492,15.472962
Lithium,JPN,DEU,Japan,Germany,282520|284590,Processed,29077937.216,direct,36.204824,138.252924,51.165691,10.451526
Lithium,JPN,FRA,Japan,France,282520|284590,Processed,9344122.560999999,direct,36.204824,138.252924,46.227638,2.213749
Lithium,JPN,ISR,Japan,Israel,284590,Processed,7077915.913,direct,36.204824,138.252924,31.046051,34.851612
Lithium,JPN,USA,Japan,USA,282520|283691|284590,Processed,5382958.05,direct,36.204824,138.252924,37.09024,-95.712891
Lithium,JPN,SGP,Japan,Singapore,282520|284590,Processed,2810017.3619999997,direct,36.204824,138.252924,1.352083,103.819836
Lithium,JPN,NLD,Japan,Netherlands,282520|283691|284590,Processed,2144529.035,direct,36.204824,138.252924,52.132633,5.291266
Lithium,JPN,KOR,Japan,Rep. of Korea,282520|283691|284590,Processed,1749768.5150000001,direct,36.204824,138.252924,35.907757,127.766922
Lithium,JPN,CHN,Japan,China,282520|283691|284590,Processed,1226983.7480000001,direct,36.204824,138.252924,35.86166,104.195397
Lithium,JPN,IND,Japan,India,282520|283691|284590,Processed,698658.379,direct,36.204824,138.252924,20.593684,78.96288
Lithium,JPN,GBR,Japan,United Kingdom,282520|283691|284590,Processed,460504.826,direct,36.204824,138.252924,55.378051,-3.435973
Lithium,JPN,ECU,Japan,Ecuador,282520,Processed,318845.76,mirror,36.204824,138.252924,-1.831239,-78.183406
Lithium,JPN,TUR,Japan,Türkiye,282520|284590,Processed,238160.0,mirror,36.204824,138.252924,38.963745,35.243322
Lithium,JPN,BRA,Japan,Brazil,282520|284590,Processed,229450.907,direct,36.204824,138.252924,-14.235004,-51.92528
Lithium,JPN,IDN,Japan,Indonesia,282520|283691|284530|284590,Processed,165199.555,direct,36.204824,138.252924,-0.789275,113.921327
Lithium,JPN,AUS,Japan,Australia,282520|284590,Processed,160912.054,direct,36.204824,138.252924,-25.274398,133.775136
Lithium,JPN,NOR,Japan,Norway,284590,Processed,154803.274,direct,36.204824,138.252924,60.472024,8.468946
Lithium,JPN,HKG,Japan,"China, Hong Kong SAR",284590,Processed,140870.186,direct,36.204824,138.252924,22.396428,114.109497
Lithium,JPN,DNK,Japan,Denmark,284590,Processed,140143.472,direct,36.204824,138.252924,56.26392,9.501785
Lithium,JPN,ITA,Japan,Italy,284590,Processed,139218.564,direct,36.204824,138.252924,41.87194,12.56738
Lithium,JPN,SWE,Japan,Sweden,284590,Processed,122874.108,direct,36.204824,138.252924,60.128161,18.643501
Lithium,JPN,ROU,Japan,Romania,282520,Processed,107760.0,mirror,36.204824,138.252924,45.943161,24.96676
Lithium,JPN,MEX,Japan,Mexico,284590,Processed,106760.878,direct,36.204824,138.252924,23.634501,-102.552784
Lithium,JPN,ZAF,Japan,South Africa,284590,Processed,103147.128,direct,36.204824,138.252924,-30.559482,22.937506
Lithium,JPN,S19,Japan,"Other Asia, nes",282520|283691|284590,Processed,99565.495,direct,36.204824,138.252924,,
Lithium,JPN,CHE,Japan,Switzerland,282520|283691|284590,Processed,94988.745,direct,36.204824,138.252924,46.818188,8.227512
Lithium,JPN,COL,Japan,Colombia,284590,Processed,92398.369,direct,36.204824,138.252924,4.570868,-74.297333
Lithium,JPN,ARE,Japan,United Arab Emirates,284590,Processed,71997.528,direct,36.204824,138.252924,23.424076,53.847818
Lithium,JPN,ARG,Japan,Argentina,283691|284590,Processed,70081.64600000001,direct,36.204824,138.252924,-38.416097,-63.616672
Lithium,JPN,IRQ,Japan,Iraq,284590,Processed,54113.76,direct,36.204824,138.252924,33.223191,43.679291
Lithium,JPN,POL,Japan,Poland,282520,Processed,51213.0,mirror,36.204824,138.252924,51.919438,19.145136
Lithium,JPN,VNM,Japan,Viet Nam,283691,Processed,46635.213,direct,36.204824,138.252924,14.058324,108.277199
Lithium,JPN,MYS,Japan,Malaysia,282520|283691|284590,Processed,44878.834,direct,36.204824,138.252924,4.210484,101.975766
Lithium,JPN,CHL,Japan,Chile,284590,Processed,43437.672,direct,36.204824,138.252924,-35.675147,-71.542969
Lithium,JPN,FIN,Japan,Finland,282520|284590,Processed,39328.541,direct,36.204824,138.252924,61.92411,25.748151
Lithium,JPN,PHL,Japan,Philippines,282520|284590,Processed,38895.0,mirror,36.204824,138.252924,12.879721,121.774017
Lithium,JPN,THA,Japan,Thailand,282520|284590,Processed,37478.604,direct,36.204824,138.252924,15.870032,100.992541
Lithium,JPN,CRI,Japan,Costa Rica,284590,Processed,34168.766,direct,36.204824,138.252924,9.748917,-83.753428
Lithium,JPN,PAK,Japan,Pakistan,284590,Processed,33594.002,direct,36.204824,138.252924,30.375321,69.345116
Lithium,JPN,KWT,Japan,Kuwait,284590,Processed,29484.765,direct,36.204824,138.252924,29.31166,47.481766
Lithium,JPN,BGR,Japan,Bulgaria,284590,Processed,28857.148,direct,36.204824,138.252924,42.733883,25.48583
Lithium,JPN,EGY,Japan,Egypt,282520,Processed,24108.318,mirror,36.204824,138.252924,26.820553,30.802498
Lithium,JPN,CAN,Japan,Canada,282520|283691|284590,Processed,18847.334,mirror,36.204824,138.252924,56.130366,-106.346771
Lithium,JPN,UKR,Japan,Ukraine,282520,Processed,18227.16,mirror,36.204824,138.252924,48.379433,31.16558
Lithium,JPN,BEL,Japan,Belgium,282520|283691|284590,Processed,16284.263,mirror,36.204824,138.252924,50.503887,4.469936
Lithium,JPN,OMN,Japan,Oman,284590,Processed,15479.006,direct,36.204824,138.252924,21.512583,55.923255
Lithium,JPN,PER,Japan,Peru,282520,Processed,14302.3,mirror,36.204824,138.252924,-9.189967,-75.015152
Lithium,JPN,LBN,Japan,Lebanon,284590,Processed,13265.832,direct,36.204824,138.252924,33.854721,35.862285
Lithium,JPN,ESP,Japan,Spain,284590,Processed,11990.544,mirror,36.204824,138.252924,40.463667,-3.74922
Lithium,JPN,SAU,Japan,Saudi Arabia,282520,Processed,8324.177,direct,36.204824,138.252924,23.885942,45.079162
Lithium,JPN,DMA,Japan,Dominica,284590,Processed,8291.145,direct,36.204824,138.252924,,
Lithium,JPN,JAM,Japan,Jamaica,284590,Processed,5655.155,direct,36.204824,138.252924,18.109581,-77.297508
Lithium,JPN,PRT,Japan,Portugal,284590,Processed,3963.894,direct,36.204824,138.252924,39.399872,-8.224454
Lithium,JPN,CZE,Japan,Czechia,282520|284590,Processed,2052.0,mirror,36.204824,138.252924,49.817492,15.472962
Lithium,JPN,MAR,Japan,Morocco,283691|284590,Processed,1730.374,mirror,36.204824,138.252924,31.791702,-7.09262
Lithium,JPN,AUT,Japan,Austria,283691|284590,Processed,1254.479,mirror,36.204824,138.252924,47.516231,14.550072
Lithium,JPN,IRL,Japan,Ireland,282520,Processed,642.934,mirror,36.204824,138.252924,53.41291,-8.24389
Lithium,JPN,HUN,Japan,Hungary,284590,Processed,0.768,mirror,36.204824,138.252924,47.162494,19.503304
Lithium,JOR,NLD,Jordan,Netherlands,284590,Processed,209.982,mirror,30.585164,36.238414,52.132633,5.291266
Lithium,JOR,DEU,Jordan,Germany,284590,Processed,150.896,mirror,30.585164,36.238414,51.165691,10.451526
Lithium,KAZ,RUS,Kazakhstan,Russian Federation,284590,Processed,42544.96,direct,48.019573,66.923684,61.52401,105.318756
Lithium,KAZ,CHN,Kazakhstan,China,284590,Processed,40.0,direct,48.019573,66.923684,35.86166,104.195397
Lithium,KEN,RWA,Kenya,Rwanda,282520,Processed,1863.359,direct,-0.023559,37.906193,-1.940278,29.873888
Lithium,KWT,OMN,Kuwait,Oman,284590,Processed,604.0,direct,29.31166,47.481766,21.512583,55.923255
Lithium,LAO,CHN,Lao People's Dem. Rep.,China,283691,Processed,1254042.0,mirror,19.85627,102.495496,35.86166,104.195397
Lithium,LAO,THA,Lao People's Dem. Rep.,Thailand,283691,Processed,617810.6799999999,mirror,19.85627,102.495496,15.870032,100.992541
Lithium,LVA,DEU,Latvia,Germany,282520|284590,Processed,41994.636,direct,56.879635,24.603189,51.165691,10.451526
Lithium,LVA,POL,Latvia,Poland,282520|283691|284590,Processed,16376.188,direct,56.879635,24.603189,51.919438,19.145136
Lithium,LVA,FRA,Latvia,France,284590,Processed,8445.872,direct,56.879635,24.603189,46.227638,2.213749
Lithium,LVA,UKR,Latvia,Ukraine,284590,Processed,5759.12,direct,56.879635,24.603189,48.379433,31.16558
Lithium,LVA,EST,Latvia,Estonia,284590,Processed,2066.408,direct,56.879635,24.603189,58.595272,25.013607
Lithium,LVA,SWE,Latvia,Sweden,282520,Processed,757.028,mirror,56.879635,24.603189,60.128161,18.643501
Lithium,LVA,NLD,Latvia,Netherlands,284590,Processed,6.494,mirror,56.879635,24.603189,52.132633,5.291266
Lithium,LTU,LVA,Lithuania,Latvia,283691|284590,Processed,31477.0,direct,55.169438,23.881275,56.879635,24.603189
Lithium,LTU,EST,Lithuania,Estonia,283691|284590,Processed,21849.0,direct,55.169438,23.881275,58.595272,25.013607
Lithium,LTU,POL,Lithuania,Poland,284590,Processed,7754.0,direct,55.169438,23.881275,51.919438,19.145136
Lithium,LTU,BLR,Lithuania,Belarus,283691,Processed,1466.0,direct,55.169438,23.881275,53.709807,27.953389
Lithium,LTU,SAU,Lithuania,Saudi Arabia,284590,Processed,1030.933,mirror,55.169438,23.881275,23.885942,45.079162
Lithium,LTU,NLD,Lithuania,Netherlands,283691|284590,Processed,619.121,mirror,55.169438,23.881275,52.132633,5.291266
Lithium,LUX,NLD,Luxembourg,Netherlands,282520|283691|284590,Processed,1083.463,mirror,49.815273,6.129583,52.132633,5.291266
Lithium,MYS,NGA,Malaysia,Nigeria,284590,Processed,343721.264,mirror,4.210484,101.975766,9.081999,8.675277
Lithium,MYS,PAK,Malaysia,Pakistan,284590,Processed,185109.87,direct,4.210484,101.975766,30.375321,69.345116
Lithium,MYS,ARE,Malaysia,United Arab Emirates,284590,Processed,69118.972,direct,4.210484,101.975766,23.424076,53.847818
Lithium,MYS,SGP,Malaysia,Singapore,284590,Processed,55241.336,direct,4.210484,101.975766,1.352083,103.819836
Lithium,MYS,THA,Malaysia,Thailand,282520,Processed,22749.184,direct,4.210484,101.975766,15.870032,100.992541
Lithium,MYS,PRT,Malaysia,Portugal,283691,Processed,1492.176,mirror,4.210484,101.975766,39.399872,-8.224454
Lithium,MYS,BRN,Malaysia,Brunei Darussalam,284590,Processed,1294.022,direct,4.210484,101.975766,4.535277,114.727669
Lithium,MYS,IRN,Malaysia,Iran,284590,Processed,479.85,direct,4.210484,101.975766,32.427908,53.688046
Lithium,MYS,GBR,Malaysia,United Kingdom,284590,Processed,305.042,direct,4.210484,101.975766,55.378051,-3.435973
Lithium,MYS,MDV,Malaysia,Maldives,284590,Processed,242.984,direct,4.210484,101.975766,3.202778,73.22068
Lithium,MYS,IDN,Malaysia,Indonesia,282520,Processed,60.0,mirror,4.210484,101.975766,-0.789275,113.921327
Lithium,MYS,CHN,Malaysia,China,283691,Processed,53.754,direct,4.210484,101.975766,35.86166,104.195397
Lithium,MYS,DEU,Malaysia,Germany,284590,Processed,16.768,mirror,4.210484,101.975766,51.165691,10.451526
Lithium,MLT,GBR,Malta,United Kingdom,282520,Processed,20340.092,direct,35.937496,14.375416,55.378051,-3.435973
Lithium,MLT,NLD,Malta,Netherlands,282520,Processed,18.4,mirror,35.937496,14.375416,52.132633,5.291266
Lithium,MEX,USA,Mexico,USA,282520,Processed,31623.0,mirror,23.634501,-102.552784,37.09024,-95.712891
Lithium,MAR,CHN,Morocco,China,282520,Processed,45.0,mirror,31.791702,-7.09262,35.86166,104.195397
Lithium,MOZ,CHN,Mozambique,China,283691,Processed,582330.8,direct,-18.665695,35.529562,35.86166,104.195397
Lithium,MMR,CHN,Myanmar,China,283691,Processed,1788.0,mirror,21.913965,95.956223,35.86166,104.195397
Lithium,NAM,DEU,Namibia,Germany,283691,Processed,610.652,direct,-22.95764,18.49041,51.165691,10.451526
Lithium,NAM,NLD,Namibia,Netherlands,284590,Processed,282.332,direct,-22.95764,18.49041,52.132633,5.291266
Lithium,NAM,ZAF,Namibia,South Africa,283691,Processed,6.548,mirror,-22.95764,18.49041,-30.559482,22.937506
Lithium,NPL,CHE,Nepal,Switzerland,284590,Processed,16196.432,mirror,28.394857,84.124008,46.818188,8.227512
Lithium,NPL,AUT,Nepal,Austria,284590,Processed,5038.481,mirror,28.394857,84.124008,47.516231,14.550072
Lithium,NPL,AUS,Nepal,Australia,284590,Processed,2463.008,mirror,28.394857,84.124008,-25.274398,133.775136
Lithium,NPL,CAN,Nepal,Canada,284590,Processed,1027.012,mirror,28.394857,84.124008,56.130366,-106.346771
Lithium,NLD,DEU,Netherlands,Germany,282520|283691|284590,Processed,41196918.886999995,direct,52.132633,5.291266,51.165691,10.451526
Lithium,NLD,GBR,Netherlands,United Kingdom,282520|283691|284590,Processed,34030837.212,direct,52.132633,5.291266,55.378051,-3.435973
Lithium,NLD,USA,Netherlands,USA,283691|284590,Processed,15785464.771,direct,52.132633,5.291266,37.09024,-95.712891
Lithium,NLD,SGP,Netherlands,Singapore,283691|284590,Processed,15286625.924,direct,52.132633,5.291266,1.352083,103.819836
Lithium,NLD,FRA,Netherlands,France,282520|283691|284590,Processed,10348044.269000001,direct,52.132633,5.291266,46.227638,2.213749
Lithium,NLD,KOR,Netherlands,Rep. of Korea,282520|284590,Processed,8331407.115,direct,52.132633,5.291266,35.907757,127.766922
Lithium,NLD,IND,Netherlands,India,282520|283691|284590,Processed,6304940.864,direct,52.132633,5.291266,20.593684,78.96288
Lithium,NLD,BEL,Netherlands,Belgium,282520|283691|284590,Processed,5029901.012,direct,52.132633,5.291266,50.503887,4.469936
Lithium,NLD,CHN,Netherlands,China,282520|284590,Processed,3728731.413,direct,52.132633,5.291266,35.86166,104.195397
Lithium,NLD,SWE,Netherlands,Sweden,282520|283691|284590,Processed,2889562.924,direct,52.132633,5.291266,60.128161,18.643501
Lithium,NLD,TUR,Netherlands,Türkiye,282520|283691|284590,Processed,2557128.166,direct,52.132633,5.291266,38.963745,35.243322
Lithium,NLD,ESP,Netherlands,Spain,282520|283691|284590,Processed,2368736.6,direct,52.132633,5.291266,40.463667,-3.74922
Lithium,NLD,ITA,Netherlands,Italy,282520|283691|284590,Processed,1887504.836,direct,52.132633,5.291266,41.87194,12.56738
Lithium,NLD,POL,Netherlands,Poland,282520|283691|284590,Processed,1797123.903,direct,52.132633,5.291266,51.919438,19.145136
Lithium,NLD,CHE,Netherlands,Switzerland,282520|284590,Processed,1369682.118,direct,52.132633,5.291266,46.818188,8.227512
Lithium,NLD,ZAF,Netherlands,South Africa,282520|283691|284590,Processed,1060878.972,direct,52.132633,5.291266,-30.559482,22.937506
Lithium,NLD,AUT,Netherlands,Austria,282520|283691|284590,Processed,944492.7660000001,direct,52.132633,5.291266,47.516231,14.550072
Lithium,NLD,S19,Netherlands,"Other Asia, nes",282520|284590,Processed,634464.367,direct,52.132633,5.291266,,
Lithium,NLD,ARE,Netherlands,United Arab Emirates,282520,Processed,542741.281,direct,52.132633,5.291266,23.424076,53.847818
Lithium,NLD,NOR,Netherlands,Norway,283691|284590,Processed,473093.34599999996,direct,52.132633,5.291266,60.472024,8.468946
Lithium,NLD,AUS,Netherlands,Australia,282520|283691|284590,Processed,467822.153,direct,52.132633,5.291266,-25.274398,133.775136
Lithium,NLD,JPN,Netherlands,Japan,284590,Processed,459039.718,direct,52.132633,5.291266,36.204824,138.252924
Lithium,NLD,HUN,Netherlands,Hungary,282520|283691|284590,Processed,436250.198,direct,52.132633,5.291266,47.162494,19.503304
Lithium,NLD,SAU,Netherlands,Saudi Arabia,282520|284590,Processed,435767.455,direct,52.132633,5.291266,23.885942,45.079162
Lithium,NLD,EGY,Netherlands,Egypt,282520,Processed,306316.917,direct,52.132633,5.291266,26.820553,30.802498
Lithium,NLD,CUB,Netherlands,Cuba,282520,Processed,258315.509,direct,52.132633,5.291266,21.521757,-77.781167
Lithium,NLD,UKR,Netherlands,Ukraine,282520,Processed,219327.082,direct,52.132633,5.291266,48.379433,31.16558
Lithium,NLD,FIN,Netherlands,Finland,282520|283691|284590,Processed,212403.09500000003,direct,52.132633,5.291266,61.92411,25.748151
Lithium,NLD,ROU,Netherlands,Romania,282520|283691|284590,Processed,199742.49,direct,52.132633,5.291266,45.943161,24.96676
Lithium,NLD,CZE,Netherlands,Czechia,282520|283691|284590,Processed,190442.678,direct,52.132633,5.291266,49.817492,15.472962
Lithium,NLD,HRV,Netherlands,Croatia,282520|283691|284590,Processed,151894.779,direct,52.132633,5.291266,45.1,15.2
Lithium,NLD,CAN,Netherlands,Canada,284590,Processed,147734.109,direct,52.132633,5.291266,56.130366,-106.346771
Lithium,NLD,PHL,Netherlands,Philippines,283691,Processed,101622.537,direct,52.132633,5.291266,12.879721,121.774017
Lithium,NLD,MAR,Netherlands,Morocco,282520,Processed,90487.006,direct,52.132633,5.291266,31.791702,-7.09262
Lithium,NLD,ISR,Netherlands,Israel,282520|283691|284590,Processed,86653.214,direct,52.132633,5.291266,31.046051,34.851612
Lithium,NLD,VEN,Netherlands,Venezuela,282520,Processed,84066.326,direct,52.132633,5.291266,6.42375,-66.58973
Lithium,NLD,SVN,Netherlands,Slovenia,282520|283691|284590,Processed,78971.561,direct,52.132633,5.291266,46.151241,14.995463
Lithium,NLD,DNK,Netherlands,Denmark,282520|284590,Processed,68298.441,direct,52.132633,5.291266,56.26392,9.501785
Lithium,NLD,EST,Netherlands,Estonia,282520|283691|284590,Processed,62644.933999999994,direct,52.132633,5.291266,58.595272,25.013607
Lithium,NLD,IRL,Netherlands,Ireland,282520|283691|284590,Processed,56886.668999999994,direct,52.132633,5.291266,53.41291,-8.24389
Lithium,NLD,NZL,Netherlands,New Zealand,283691|284590,Processed,53400.323,direct,52.132633,5.291266,-40.900557,174.885971
Lithium,NLD,COL,Netherlands,Colombia,282520,Processed,52460.816,direct,52.132633,5.291266,4.570868,-74.297333
Lithium,NLD,GRC,Netherlands,Greece,282520|283691|284590,Processed,49741.87699999999,direct,52.132633,5.291266,39.074208,21.824312
Lithium,NLD,GEO,Netherlands,Georgia,282520,Processed,43091.731,direct,52.132633,5.291266,42.315407,43.356892
Lithium,NLD,TTO,Netherlands,Trinidad and Tobago,282520,Processed,41084.998,direct,52.132633,5.291266,10.691803,-61.222503
Lithium,NLD,AZE,Netherlands,Azerbaijan,283691,Processed,30132.72,mirror,52.132633,5.291266,40.143105,47.576927
Lithium,NLD,TZA,Netherlands,United Rep. of Tanzania,282520,Processed,23733.356,direct,52.132633,5.291266,-6.369028,34.888822
Lithium,NLD,PRT,Netherlands,Portugal,283691|284590,Processed,17678.52,direct,52.132633,5.291266,39.399872,-8.224454
Lithium,NLD,THA,Netherlands,Thailand,283691,Processed,12988.566,direct,52.132633,5.291266,15.870032,100.992541
Lithium,NLD,MYS,Netherlands,Malaysia,282520|283691|284590,Processed,12350.012999999999,direct,52.132633,5.291266,4.210484,101.975766
Lithium,NLD,KAZ,Netherlands,Kazakhstan,283691,Processed,8932.886,direct,52.132633,5.291266,48.019573,66.923684
Lithium,NLD,IDN,Netherlands,Indonesia,283691,Processed,8777.023,direct,52.132633,5.291266,-0.789275,113.921327
Lithium,NLD,SVK,Netherlands,Slovakia,282520|284590,Processed,5694.4039999999995,direct,52.132633,5.291266,48.669026,19.699024
Lithium,NLD,BGR,Netherlands,Bulgaria,282520|284590,Processed,5089.353,direct,52.132633,5.291266,42.733883,25.48583
Lithium,NLD,LUX,Netherlands,Luxembourg,282520|284590,Processed,4590.375,direct,52.132633,5.291266,49.815273,6.129583
Lithium,NLD,IRN,Netherlands,Iran,284590,Processed,3809.979,direct,52.132633,5.291266,32.427908,53.688046
Lithium,NLD,OMN,Netherlands,Oman,284590,Processed,2663.738,direct,52.132633,5.291266,21.512583,55.923255
Lithium,NLD,LTU,Netherlands,Lithuania,282520|283691|284590,Processed,2029.463,direct,52.132633,5.291266,55.169438,23.881275
Lithium,NLD,MLT,Netherlands,Malta,282520|283691,Processed,1441.73,direct,52.132633,5.291266,35.937496,14.375416
Lithium,NLD,CYP,Netherlands,Cyprus,282520|283691|284590,Processed,1094.287,direct,52.132633,5.291266,35.126413,33.429859
Lithium,NLD,KWT,Netherlands,Kuwait,284590,Processed,774.984,direct,52.132633,5.291266,29.31166,47.481766
Lithium,NLD,LVA,Netherlands,Latvia,282520|283691|284590,Processed,417.799,direct,52.132633,5.291266,56.879635,24.603189
Lithium,NLD,X1 ,Netherlands,Bunkers,284590,Processed,243.536,direct,52.132633,5.291266,,
Lithium,NZL,DEU,New Zealand,Germany,284590,Processed,126868.32,mirror,-40.900557,174.885971,51.165691,10.451526
Lithium,NZL,USA,New Zealand,USA,284590,Processed,102614.018,direct,-40.900557,174.885971,37.09024,-95.712891
Lithium,NZL,CHN,New Zealand,China,284590,Processed,100326.915,direct,-40.900557,174.885971,35.86166,104.195397
Lithium,NZL,AUS,New Zealand,Australia,284590,Processed,43324.843,direct,-40.900557,174.885971,-25.274398,133.775136
Lithium,NZL,IND,New Zealand,India,284590,Processed,34307.156,direct,-40.900557,174.885971,20.593684,78.96288
Lithium,NZL,JAM,New Zealand,Jamaica,283691,Processed,18120.104,direct,-40.900557,174.885971,18.109581,-77.297508
Lithium,NZL,CAN,New Zealand,Canada,284590,Processed,13777.695,direct,-40.900557,174.885971,56.130366,-106.346771
Lithium,NZL,GBR,New Zealand,United Kingdom,284590,Processed,11532.351,direct,-40.900557,174.885971,55.378051,-3.435973
Lithium,NZL,JOR,New Zealand,Jordan,284590,Processed,8605.537,direct,-40.900557,174.885971,30.585164,36.238414
Lithium,NZL,JPN,New Zealand,Japan,284590,Processed,5756.795,direct,-40.900557,174.885971,36.204824,138.252924
Lithium,NZL,FRA,New Zealand,France,284590,Processed,4385.804,mirror,-40.900557,174.885971,46.227638,2.213749
Lithium,NZL,CHE,New Zealand,Switzerland,284590,Processed,3116.62,mirror,-40.900557,174.885971,46.818188,8.227512
Lithium,NZL,SWE,New Zealand,Sweden,284590,Processed,2649.6,mirror,-40.900557,174.885971,60.128161,18.643501
Lithium,NZL,KOR,New Zealand,Rep. of Korea,284590,Processed,2201.768,direct,-40.900557,174.885971,35.907757,127.766922
Lithium,NZL,NOR,New Zealand,Norway,284590,Processed,1382.914,direct,-40.900557,174.885971,60.472024,8.468946
Lithium,NZL,S19,New Zealand,"Other Asia, nes",284590,Processed,1181.983,direct,-40.900557,174.885971,,
Lithium,NZL,HKG,New Zealand,"China, Hong Kong SAR",284590,Processed,1180.167,direct,-40.900557,174.885971,22.396428,114.109497
Lithium,NZL,FIN,New Zealand,Finland,284590,Processed,549.086,mirror,-40.900557,174.885971,61.92411,25.748151
Lithium,NZL,ESP,New Zealand,Spain,284590,Processed,455.536,mirror,-40.900557,174.885971,40.463667,-3.74922
Lithium,NZL,POL,New Zealand,Poland,284590,Processed,176.0,mirror,-40.900557,174.885971,51.919438,19.145136
Lithium,NZL,THA,New Zealand,Thailand,284590,Processed,153.8,mirror,-40.900557,174.885971,15.870032,100.992541
Lithium,NZL,COL,New Zealand,Colombia,284590,Processed,78.51,mirror,-40.900557,174.885971,4.570868,-74.297333
Lithium,NGA,CHN,Nigeria,China,282520|290433,Processed,9892222.824000001,direct,9.081999,8.675277,35.86166,104.195397
Lithium,NGA,BEN,Nigeria,Benin,283691,Processed,16.534,mirror,9.081999,8.675277,9.30769,2.315834
Lithium,NGA,NLD,Nigeria,Netherlands,283691,Processed,2.165,mirror,9.081999,8.675277,52.132633,5.291266
Lithium,NOR,DEU,Norway,Germany,284590,Processed,14863.056,mirror,60.472024,8.468946,51.165691,10.451526
Lithium,NOR,USA,Norway,USA,284590,Processed,6950.0,mirror,60.472024,8.468946,37.09024,-95.712891
Lithium,NOR,S19,Norway,"Other Asia, nes",284590,Processed,4298.988,mirror,60.472024,8.468946,,
Lithium,NOR,CZE,Norway,Czechia,284590,Processed,4032.0,mirror,60.472024,8.468946,49.817492,15.472962
Lithium,NOR,JPN,Norway,Japan,282520,Processed,3577.386,direct,60.472024,8.468946,36.204824,138.252924
Lithium,NOR,SVK,Norway,Slovakia,284590,Processed,2909.44,mirror,60.472024,8.468946,48.669026,19.699024
Lithium,NOR,DNK,Norway,Denmark,282520|284590,Processed,1762.4279999999999,direct,60.472024,8.468946,56.26392,9.501785
Lithium,S19,KOR,"Other Asia, nes",Rep. of Korea,283691|284590,Processed,1193218.2480000001,direct,,,35.907757,127.766922
Lithium,S19,JPN,"Other Asia, nes",Japan,283691|284590,Processed,309683.12,direct,,,36.204824,138.252924
Lithium,S19,USA,"Other Asia, nes",USA,282520|283691|284590,Processed,59407.023,direct,,,37.09024,-95.712891
Lithium,S19,SWE,"Other Asia, nes",Sweden,282520,Processed,16654.62,mirror,,,60.128161,18.643501
Lithium,S19,CHN,"Other Asia, nes",China,283691|284590,Processed,15825.258,direct,,,35.86166,104.195397
Lithium,S19,DEU,"Other Asia, nes",Germany,282520|283691,Processed,12703.69,direct,,,51.165691,10.451526
Lithium,S19,MYS,"Other Asia, nes",Malaysia,282520,Processed,9906.362,direct,,,4.210484,101.975766
Lithium,S19,CHE,"Other Asia, nes",Switzerland,282520,Processed,4652.216,mirror,,,46.818188,8.227512
Lithium,S19,PHL,"Other Asia, nes",Philippines,282520|283691,Processed,3336.817,direct,,,12.879721,121.774017
Lithium,S19,CAN,"Other Asia, nes",Canada,284590,Processed,2492.167,direct,,,56.130366,-106.346771
Lithium,S19,HUN,"Other Asia, nes",Hungary,284590,Processed,58.916,mirror,,,47.162494,19.503304
Lithium,E19,ESP,"Other Europe, nes",Spain,282520|284590,Processed,4751016.712,mirror,,,40.463667,-3.74922
Lithium,E19,SVK,"Other Europe, nes",Slovakia,282520|283691|284590,Processed,100366.96800000001,mirror,,,48.669026,19.699024
Lithium,E19,EST,"Other Europe, nes",Estonia,284590,Processed,43286.16,mirror,,,58.595272,25.013607
Lithium,E19,LUX,"Other Europe, nes",Luxembourg,284590,Processed,602.886,mirror,,,49.815273,6.129583
Lithium,E19,FIN,"Other Europe, nes",Finland,284590,Processed,427.532,mirror,,,61.92411,25.748151
Lithium,E19,POL,"Other Europe, nes",Poland,284590,Processed,161.0,mirror,,,51.919438,19.145136
Lithium,PAN,GTM,Panama,Guatemala,284590,Processed,194.0,mirror,8.537981,-80.782127,15.783471,-90.230759
Lithium,PHL,CHN,Philippines,China,283691,Processed,111323.0,mirror,12.879721,121.774017,35.86166,104.195397
Lithium,POL,ESP,Poland,Spain,282520,Processed,398434.0,direct,51.919438,19.145136,40.463667,-3.74922
Lithium,POL,ITA,Poland,Italy,282520,Processed,202837.0,direct,51.919438,19.145136,41.87194,12.56738
Lithium,POL,UKR,Poland,Ukraine,282520|283691|284590,Processed,188000.0,direct,51.919438,19.145136,48.379433,31.16558
Lithium,POL,MUS,Poland,Mauritius,284590,Processed,175352.332,mirror,51.919438,19.145136,-20.348404,57.552152
Lithium,POL,DEU,Poland,Germany,282520|283691|284590,Processed,166264.0,direct,51.919438,19.145136,51.165691,10.451526
Lithium,POL,GRC,Poland,Greece,282520,Processed,142557.0,direct,51.919438,19.145136,39.074208,21.824312
Lithium,POL,BGR,Poland,Bulgaria,282520,Processed,110631.0,direct,51.919438,19.145136,42.733883,25.48583
Lithium,POL,SRB,Poland,Serbia,282520,Processed,102314.0,direct,51.919438,19.145136,44.016521,21.005859
Lithium,POL,HUN,Poland,Hungary,282520,Processed,101925.0,direct,51.919438,19.145136,47.162494,19.503304
Lithium,POL,PRT,Poland,Portugal,282520,Processed,97365.0,direct,51.919438,19.145136,39.399872,-8.224454
Lithium,POL,CZE,Poland,Czechia,282520|283691|284590,Processed,90115.0,direct,51.919438,19.145136,49.817492,15.472962
Lithium,POL,TUR,Poland,Türkiye,282520,Processed,70949.0,direct,51.919438,19.145136,38.963745,35.243322
Lithium,POL,BEL,Poland,Belgium,282520|283691|284590,Processed,38966.573000000004,direct,51.919438,19.145136,50.503887,4.469936
Lithium,POL,EST,Poland,Estonia,283691,Processed,37226.0,direct,51.919438,19.145136,58.595272,25.013607
Lithium,POL,HRV,Poland,Croatia,282520|283691,Processed,36537.0,direct,51.919438,19.145136,45.1,15.2
Lithium,POL,VEN,Poland,Venezuela,282520,Processed,26995.0,direct,51.919438,19.145136,6.42375,-66.58973
Lithium,POL,BLR,Poland,Belarus,283691|284590,Processed,24261.0,direct,51.919438,19.145136,53.709807,27.953389
Lithium,POL,ISR,Poland,Israel,284590,Processed,21634.0,direct,51.919438,19.145136,31.046051,34.851612
Lithium,POL,USA,Poland,USA,282520|284590,Processed,16974.0,direct,51.919438,19.145136,37.09024,-95.712891
Lithium,POL,LTU,Poland,Lithuania,284590,Processed,15974.0,mirror,51.919438,19.145136,55.169438,23.881275
Lithium,POL,ARG,Poland,Argentina,282520,Processed,15367.0,direct,51.919438,19.145136,-38.416097,-63.616672
Lithium,POL,NLD,Poland,Netherlands,282520|284590,Processed,12252.379,direct,51.919438,19.145136,52.132633,5.291266
Lithium,POL,KAZ,Poland,Kazakhstan,284590,Processed,8912.0,direct,51.919438,19.145136,48.019573,66.923684
Lithium,POL,ROU,Poland,Romania,282520|283691,Processed,6339.04,direct,51.919438,19.145136,45.943161,24.96676
Lithium,POL,DNK,Poland,Denmark,282520,Processed,4727.0,direct,51.919438,19.145136,56.26392,9.501785
Lithium,POL,IRL,Poland,Ireland,284590,Processed,3328.32,mirror,51.919438,19.145136,53.41291,-8.24389
Lithium,POL,ARM,Poland,Armenia,284590,Processed,2189.0,direct,51.919438,19.145136,40.069099,45.038189
Lithium,POL,KOR,Poland,Rep. of Korea,282520|284590,Processed,1825.0,direct,51.919438,19.145136,35.907757,127.766922
Lithium,POL,CHN,Poland,China,282520|284590,Processed,477.0,direct,51.919438,19.145136,35.86166,104.195397
Lithium,POL,NOR,Poland,Norway,283691,Processed,376.0,direct,51.919438,19.145136,60.472024,8.468946
Lithium,POL,MLT,Poland,Malta,282520,Processed,247.0,direct,51.919438,19.145136,35.937496,14.375416
Lithium,POL,ZAF,Poland,South Africa,282520|283691,Processed,242.908,direct,51.919438,19.145136,-30.559482,22.937506
Lithium,POL,CYP,Poland,Cyprus,282520,Processed,241.0,direct,51.919438,19.145136,35.126413,33.429859
Lithium,POL,LVA,Poland,Latvia,282520,Processed,195.0,direct,51.919438,19.145136,56.879635,24.603189
Lithium,POL,SGP,Poland,Singapore,282520,Processed,184.0,direct,51.919438,19.145136,1.352083,103.819836
Lithium,POL,FRA,Poland,France,282520,Processed,155.0,direct,51.919438,19.145136,46.227638,2.213749
Lithium,POL,GBR,Poland,United Kingdom,282520|283691,Processed,84.0,direct,51.919438,19.145136,55.378051,-3.435973
Lithium,POL,SVK,Poland,Slovakia,282520,Processed,52.0,direct,51.919438,19.145136,48.669026,19.699024
Lithium,POL,CHE,Poland,Switzerland,282520,Processed,34.0,direct,51.919438,19.145136,46.818188,8.227512
Lithium,POL,THA,Poland,Thailand,282520,Processed,32.0,direct,51.919438,19.145136,15.870032,100.992541
Lithium,POL,CAN,Poland,Canada,282520,Processed,20.0,direct,51.919438,19.145136,56.130366,-106.346771
Lithium,PRT,IRL,Portugal,Ireland,284590,Processed,137059753.056,direct,39.399872,-8.224454,53.41291,-8.24389
Lithium,PRT,ESP,Portugal,Spain,282520|283691,Processed,2960285.688,direct,39.399872,-8.224454,40.463667,-3.74922
Lithium,PRT,FRA,Portugal,France,283691,Processed,173916.892,mirror,39.399872,-8.224454,46.227638,2.213749
Lithium,PRT,AUS,Portugal,Australia,284590,Processed,164977.44,direct,39.399872,-8.224454,-25.274398,133.775136
Lithium,PRT,ZAF,Portugal,South Africa,284590,Processed,134513.616,direct,39.399872,-8.224454,-30.559482,22.937506
Lithium,PRT,DEU,Portugal,Germany,283691,Processed,89438.224,direct,39.399872,-8.224454,51.165691,10.451526
Lithium,PRT,TZA,Portugal,United Rep. of Tanzania,284590,Processed,70886.648,direct,39.399872,-8.224454,-6.369028,34.888822
Lithium,PRT,THA,Portugal,Thailand,284590,Processed,64800.592,direct,39.399872,-8.224454,15.870032,100.992541
Lithium,PRT,CRI,Portugal,Costa Rica,284590,Processed,64549.096,direct,39.399872,-8.224454,9.748917,-83.753428
Lithium,PRT,HKG,Portugal,"China, Hong Kong SAR",284590,Processed,58270.232,direct,39.399872,-8.224454,22.396428,114.109497
Lithium,PRT,CAN,Portugal,Canada,284590,Processed,33637.412,mirror,39.399872,-8.224454,56.130366,-106.346771
Lithium,PRT,BEL,Portugal,Belgium,283691|284590,Processed,29147.614,direct,39.399872,-8.224454,50.503887,4.469936
Lithium,PRT,S19,Portugal,"Other Asia, nes",284590,Processed,26261.206,mirror,39.399872,-8.224454,,
Lithium,PRT,SGP,Portugal,Singapore,284590,Processed,19607.84,direct,39.399872,-8.224454,1.352083,103.819836
Lithium,PRT,ISR,Portugal,Israel,283691,Processed,8014.144,direct,39.399872,-8.224454,31.046051,34.851612
Lithium,PRT,KAZ,Portugal,Kazakhstan,284590,Processed,7427.336,direct,39.399872,-8.224454,48.019573,66.923684
Lithium,PRT,CPV,Portugal,Cabo Verde,283691,Processed,3856.176,direct,39.399872,-8.224454,16.002082,-24.013197
Lithium,PRT,USA,Portugal,USA,284590,Processed,2565.2,direct,39.399872,-8.224454,37.09024,-95.712891
Lithium,PRT,GBR,Portugal,United Kingdom,284590,Processed,1986.768,direct,39.399872,-8.224454,55.378051,-3.435973
Lithium,PRT,DNK,Portugal,Denmark,282520,Processed,891.728,mirror,39.399872,-8.224454,56.26392,9.501785
Lithium,PRT,AGO,Portugal,Angola,283691,Processed,352.088,direct,39.399872,-8.224454,-11.202692,17.873887
Lithium,PRT,NLD,Portugal,Netherlands,282520|283691|284590,Processed,37.882999999999996,mirror,39.399872,-8.224454,52.132633,5.291266
Lithium,KOR,CHN,Rep. of Korea,China,282520|283691|284590,Processed,136275292.0,direct,35.907757,127.766922,35.86166,104.195397
Lithium,KOR,JPN,Rep. of Korea,Japan,282520|283691|284590,Processed,24435762.0,direct,35.907757,127.766922,36.204824,138.252924
Lithium,KOR,S19,Rep. of Korea,"Other Asia, nes",282520|283691|284590,Processed,5758011.0,direct,35.907757,127.766922,,
Lithium,KOR,LVA,Rep. of Korea,Latvia,283691,Processed,3074165.0,direct,35.907757,127.766922,56.879635,24.603189
Lithium,KOR,HKG,Rep. of Korea,"China, Hong Kong SAR",282520,Processed,2684751.0,direct,35.907757,127.766922,22.396428,114.109497
Lithium,KOR,USA,Rep. of Korea,USA,282520|283691|284590,Processed,2530097.0,direct,35.907757,127.766922,37.09024,-95.712891
Lithium,KOR,CHE,Rep. of Korea,Switzerland,282520,Processed,2152845.0,direct,35.907757,127.766922,46.818188,8.227512
Lithium,KOR,MYS,Rep. of Korea,Malaysia,283691|284590,Processed,1742032.0,direct,35.907757,127.766922,4.210484,101.975766
Lithium,KOR,IDN,Rep. of Korea,Indonesia,282520|283691,Processed,1400639.0,direct,35.907757,127.766922,-0.789275,113.921327
Lithium,KOR,NLD,Rep. of Korea,Netherlands,282520|283691,Processed,1234161.0,direct,35.907757,127.766922,52.132633,5.291266
Lithium,KOR,SGP,Rep. of Korea,Singapore,282520|284590,Processed,1172558.0,direct,35.907757,127.766922,1.352083,103.819836
Lithium,KOR,FRA,Rep. of Korea,France,282520,Processed,822293.096,mirror,35.907757,127.766922,46.227638,2.213749
Lithium,KOR,HUN,Rep. of Korea,Hungary,282520|283691,Processed,704691.0,direct,35.907757,127.766922,47.162494,19.503304
Lithium,KOR,AUS,Rep. of Korea,Australia,282520|283691|284590,Processed,187930.0,direct,35.907757,127.766922,-25.274398,133.775136
Lithium,KOR,PHL,Rep. of Korea,Philippines,284590,Processed,181888.0,direct,35.907757,127.766922,12.879721,121.774017
Lithium,KOR,GBR,Rep. of Korea,United Kingdom,282520,Processed,145499.376,mirror,35.907757,127.766922,55.378051,-3.435973
Lithium,KOR,IND,Rep. of Korea,India,282520|283691|284590,Processed,74807.622,direct,35.907757,127.766922,20.593684,78.96288
Lithium,KOR,CAN,Rep. of Korea,Canada,282520|284590,Processed,43408.0,direct,35.907757,127.766922,56.130366,-106.346771
Lithium,KOR,SAU,Rep. of Korea,Saudi Arabia,282520,Processed,41594.132,mirror,35.907757,127.766922,23.885942,45.079162
Lithium,KOR,THA,Rep. of Korea,Thailand,282520|283691|284590,Processed,36017.0,direct,35.907757,127.766922,15.870032,100.992541
Lithium,KOR,BEL,Rep. of Korea,Belgium,282520|283691,Processed,14846.0,direct,35.907757,127.766922,50.503887,4.469936
Lithium,KOR,DEU,Rep. of Korea,Germany,282520|283691|284590,Processed,5188.104,direct,35.907757,127.766922,51.165691,10.451526
Lithium,KOR,PAK,Rep. of Korea,Pakistan,283691,Processed,1779.0,direct,35.907757,127.766922,30.375321,69.345116
Lithium,KOR,ESP,Rep. of Korea,Spain,283691,Processed,698.72,mirror,35.907757,127.766922,40.463667,-3.74922
Lithium,KOR,NZL,Rep. of Korea,New Zealand,283691,Processed,252.0,direct,35.907757,127.766922,-40.900557,174.885971
Lithium,KOR,VNM,Rep. of Korea,Viet Nam,282520|284590|290433,Processed,137.0,direct,35.907757,127.766922,14.058324,108.277199
Lithium,KOR,LUX,Rep. of Korea,Luxembourg,283691,Processed,3.994,mirror,35.907757,127.766922,49.815273,6.129583
Lithium,ROU,USA,Romania,USA,282520,Processed,3992000.0,direct,45.943161,24.96676,37.09024,-95.712891
Lithium,ROU,NLD,Romania,Netherlands,284590,Processed,338643.292,mirror,45.943161,24.96676,52.132633,5.291266
Lithium,ROU,CYP,Romania,Cyprus,284590,Processed,34225.24,direct,45.943161,24.96676,35.126413,33.429859
Lithium,ROU,GBR,Romania,United Kingdom,282520,Processed,24464.0,direct,45.943161,24.96676,55.378051,-3.435973
Lithium,RUS,CHN,Russian Federation,China,282520|284590,Processed,167987053.0,mirror,61.52401,105.318756,35.86166,104.195397
Lithium,RUS,NLD,Russian Federation,Netherlands,284590,Processed,39760194.124,mirror,61.52401,105.318756,52.132633,5.291266
Lithium,RUS,DEU,Russian Federation,Germany,284590,Processed,36113637.06,mirror,61.52401,105.318756,51.165691,10.451526
Lithium,RUS,FRA,Russian Federation,France,282520|284590,Processed,26754020.438,mirror,61.52401,105.318756,46.227638,2.213749
Lithium,RUS,USA,Russian Federation,USA,284590,Processed,16866372.0,mirror,61.52401,105.318756,37.09024,-95.712891
Lithium,RUS,SGP,Russian Federation,Singapore,284590,Processed,15433833.656,mirror,61.52401,105.318756,1.352083,103.819836
Lithium,RUS,TUR,Russian Federation,Türkiye,282520|284590,Processed,13713536.0,mirror,61.52401,105.318756,38.963745,35.243322
Lithium,RUS,SWE,Russian Federation,Sweden,284590,Processed,8902273.588,mirror,61.52401,105.318756,60.128161,18.643501
Lithium,RUS,IND,Russian Federation,India,282520,Processed,7161562.817,mirror,61.52401,105.318756,20.593684,78.96288
Lithium,RUS,ISR,Russian Federation,Israel,284590,Processed,4101000.0,mirror,61.52401,105.318756,31.046051,34.851612
Lithium,RUS,CAN,Russian Federation,Canada,282520|283691|284590,Processed,3771300.712,mirror,61.52401,105.318756,56.130366,-106.346771
Lithium,RUS,KOR,Russian Federation,Rep. of Korea,282520|284590,Processed,2110272.0,mirror,61.52401,105.318756,35.907757,127.766922
Lithium,RUS,POL,Russian Federation,Poland,282520,Processed,1608709.0,mirror,61.52401,105.318756,51.919438,19.145136
Lithium,RUS,EGY,Russian Federation,Egypt,282520,Processed,1203615.92,mirror,61.52401,105.318756,26.820553,30.802498
Lithium,RUS,JPN,Russian Federation,Japan,284590,Processed,1140795.48,mirror,61.52401,105.318756,36.204824,138.252924
Lithium,RUS,BRA,Russian Federation,Brazil,284590,Processed,1025730.0,mirror,61.52401,105.318756,-14.235004,-51.92528
Lithium,RUS,CHE,Russian Federation,Switzerland,284590,Processed,861550.224,mirror,61.52401,105.318756,46.818188,8.227512
Lithium,RUS,KAZ,Russian Federation,Kazakhstan,282520|283691|284530|284590,Processed,441121.05,mirror,61.52401,105.318756,48.019573,66.923684
Lithium,RUS,GBR,Russian Federation,United Kingdom,284590,Processed,347443.176,mirror,61.52401,105.318756,55.378051,-3.435973
Lithium,RUS,ARG,Russian Federation,Argentina,282520,Processed,292900.0,mirror,61.52401,105.318756,-38.416097,-63.616672
Lithium,RUS,UZB,Russian Federation,Uzbekistan,282520|284590,Processed,198453.99,mirror,61.52401,105.318756,41.377491,64.585262
Lithium,RUS,AUS,Russian Federation,Australia,284590,Processed,143886.656,mirror,61.52401,105.318756,-25.274398,133.775136
Lithium,RUS,BEL,Russian Federation,Belgium,282520|284590,Processed,76193.718,mirror,61.52401,105.318756,50.503887,4.469936
Lithium,RUS,ROU,Russian Federation,Romania,284590,Processed,62666.48,mirror,61.52401,105.318756,45.943161,24.96676
Lithium,RUS,ZMB,Russian Federation,Zambia,282520,Processed,56119.069,mirror,61.52401,105.318756,-13.133897,27.849332
Lithium,RUS,HUN,Russian Federation,Hungary,284590,Processed,46058.42,mirror,61.52401,105.318756,47.162494,19.503304
Lithium,RUS,S19,Russian Federation,"Other Asia, nes",284590,Processed,44640.935,mirror,61.52401,105.318756,,
Lithium,RUS,ARM,Russian Federation,Armenia,282520|284590,Processed,42659.88,mirror,61.52401,105.318756,40.069099,45.038189
Lithium,RUS,ESP,Russian Federation,Spain,282520|284590,Processed,32026.408,mirror,61.52401,105.318756,40.463667,-3.74922
Lithium,RUS,ITA,Russian Federation,Italy,284590,Processed,15472.922,mirror,61.52401,105.318756,41.87194,12.56738
Lithium,RUS,BHR,Russian Federation,Bahrain,284590,Processed,15153.258,mirror,61.52401,105.318756,26.0275,50.55
Lithium,RUS,KGZ,Russian Federation,Kyrgyzstan,283691,Processed,7236.0,mirror,61.52401,105.318756,41.20438,74.766098
Lithium,RUS,GEO,Russian Federation,Georgia,282520,Processed,6599.66,mirror,61.52401,105.318756,42.315407,43.356892
Lithium,RUS,LKA,Russian Federation,Sri Lanka,282520,Processed,6360.844,mirror,61.52401,105.318756,7.873054,80.771797
Lithium,RUS,AUT,Russian Federation,Austria,284590,Processed,3648.705,mirror,61.52401,105.318756,47.516231,14.550072
Lithium,RUS,THA,Russian Federation,Thailand,282520,Processed,1266.76,mirror,61.52401,105.318756,15.870032,100.992541
Lithium,RUS,CZE,Russian Federation,Czechia,282520,Processed,160.0,mirror,61.52401,105.318756,49.817492,15.472962
Lithium,SAU,SGP,Saudi Arabia,Singapore,284590,Processed,547.06,mirror,23.885942,45.079162,1.352083,103.819836
Lithium,SGP,CAN,Singapore,Canada,283691,Processed,1601318.012,mirror,1.352083,103.819836,56.130366,-106.346771
Lithium,SGP,NLD,Singapore,Netherlands,282520,Processed,600202.695,mirror,1.352083,103.819836,52.132633,5.291266
Lithium,SGP,MYS,Singapore,Malaysia,282520|283691|284590,Processed,494433.856,direct,1.352083,103.819836,4.210484,101.975766
Lithium,SGP,IDN,Singapore,Indonesia,282520|283691|284590,Processed,184627.934,direct,1.352083,103.819836,-0.789275,113.921327
Lithium,SGP,KOR,Singapore,Rep. of Korea,284590,Processed,128872.702,direct,1.352083,103.819836,35.907757,127.766922
Lithium,SGP,ISR,Singapore,Israel,282520|283691,Processed,88000.0,mirror,1.352083,103.819836,31.046051,34.851612
Lithium,SGP,IND,Singapore,India,283691|284590,Processed,13078.236,direct,1.352083,103.819836,20.593684,78.96288
Lithium,SGP,FIN,Singapore,Finland,284590,Processed,12056.85,mirror,1.352083,103.819836,61.92411,25.748151
Lithium,SGP,THA,Singapore,Thailand,284590,Processed,5163.769,direct,1.352083,103.819836,15.870032,100.992541
Lithium,SGP,USA,Singapore,USA,284590,Processed,4595.754,direct,1.352083,103.819836,37.09024,-95.712891
Lithium,SGP,MDV,Singapore,Maldives,283691,Processed,3648.315,direct,1.352083,103.819836,3.202778,73.22068
Lithium,SGP,PHL,Singapore,Philippines,283691|284590,Processed,3277.1220000000003,direct,1.352083,103.819836,12.879721,121.774017
Lithium,SGP,NZL,Singapore,New Zealand,284590,Processed,2432.21,direct,1.352083,103.819836,-40.900557,174.885971
Lithium,SGP,AUS,Singapore,Australia,284590,Processed,2012.316,mirror,1.352083,103.819836,-25.274398,133.775136
Lithium,SGP,VNM,Singapore,Viet Nam,284590,Processed,1735.475,direct,1.352083,103.819836,14.058324,108.277199
Lithium,SGP,AUT,Singapore,Austria,284590,Processed,1661.454,mirror,1.352083,103.819836,47.516231,14.550072
Lithium,SVK,FRA,Slovakia,France,283691|284590,Processed,1680659.76,direct,48.669026,19.699024,46.227638,2.213749
Lithium,SVK,NLD,Slovakia,Netherlands,282520|283691|284590,Processed,49005.855,direct,48.669026,19.699024,52.132633,5.291266
Lithium,SVK,USA,Slovakia,USA,282520|284590,Processed,48655.096,direct,48.669026,19.699024,37.09024,-95.712891
Lithium,SVK,DNK,Slovakia,Denmark,284590,Processed,24167.392,direct,48.669026,19.699024,56.26392,9.501785
Lithium,SVK,HUN,Slovakia,Hungary,284590,Processed,20998.184,direct,48.669026,19.699024,47.162494,19.503304
Lithium,SVK,ESP,Slovakia,Spain,284590,Processed,19240.392,direct,48.669026,19.699024,40.463667,-3.74922
Lithium,SVK,CHL,Slovakia,Chile,284590,Processed,10542.93,mirror,48.669026,19.699024,-35.675147,-71.542969
Lithium,SVK,LTU,Slovakia,Lithuania,284590,Processed,8711.0,direct,48.669026,19.699024,55.169438,23.881275
Lithium,SVK,SAU,Slovakia,Saudi Arabia,284590,Processed,5706.312,direct,48.669026,19.699024,23.885942,45.079162
Lithium,SVK,POL,Slovakia,Poland,284590,Processed,5541.784,direct,48.669026,19.699024,51.919438,19.145136
Lithium,SVK,DEU,Slovakia,Germany,284590,Processed,3939.864,direct,48.669026,19.699024,51.165691,10.451526
Lithium,SVN,HUN,Slovenia,Hungary,282520,Processed,175854.352,mirror,46.151241,14.995463,47.162494,19.503304
Lithium,SVN,SRB,Slovenia,Serbia,284590,Processed,70232.832,direct,46.151241,14.995463,44.016521,21.005859
Lithium,SVN,CHN,Slovenia,China,283691,Processed,33417.328,direct,46.151241,14.995463,35.86166,104.195397
Lithium,SVN,BIH,Slovenia,Bosnia Herzegovina,282520|283691|284590,Processed,9084.912,direct,46.151241,14.995463,43.915886,17.679076
Lithium,SVN,HRV,Slovenia,Croatia,282520|284590,Processed,8854.88,direct,46.151241,14.995463,45.1,15.2
Lithium,SVN,AUT,Slovenia,Austria,284590,Processed,7951.976,direct,46.151241,14.995463,47.516231,14.550072
Lithium,SVN,IND,Slovenia,India,282520,Processed,2099.048,direct,46.151241,14.995463,20.593684,78.96288
Lithium,SVN,CAN,Slovenia,Canada,283691,Processed,1158.64,direct,46.151241,14.995463,56.130366,-106.346771
Lithium,SVN,NLD,Slovenia,Netherlands,282520|283691|284590,Processed,1147.3229999999999,mirror,46.151241,14.995463,52.132633,5.291266
Lithium,SVN,SVN,Slovenia,Slovenia,284590,Processed,1105.584,mirror,46.151241,14.995463,46.151241,14.995463
Lithium,ZAF,NLD,South Africa,Netherlands,282520,Processed,623516.264,direct,-30.559482,22.937506,52.132633,5.291266
Lithium,ZAF,COD,South Africa,Dem. Rep. of the Congo,284530|284590,Processed,100056.20800000001,direct,-30.559482,22.937506,-4.038333,21.758664
Lithium,ZAF,XX ,South Africa,Special Categories,284590,Processed,58779.428,direct,-30.559482,22.937506,,
Lithium,ZAF,KEN,South Africa,Kenya,282520,Processed,24410.3,direct,-30.559482,22.937506,-0.023559,37.906193
Lithium,ZAF,NAM,South Africa,Namibia,284590,Processed,13330.82,direct,-30.559482,22.937506,-22.95764,18.49041
Lithium,ZAF,BWA,South Africa,Botswana,284590,Processed,2744.336,direct,-30.559482,22.937506,-22.328474,24.684866
Lithium,ZAF,MOZ,South Africa,Mozambique,284590,Processed,2638.272,direct,-30.559482,22.937506,-18.665695,35.529562
Lithium,ZAF,ZMB,South Africa,Zambia,282520,Processed,2350.2,direct,-30.559482,22.937506,-13.133897,27.849332
Lithium,ZAF,X1 ,South Africa,Bunkers,282520,Processed,1473.104,direct,-30.559482,22.937506,,
Lithium,ZAF,MUS,South Africa,Mauritius,284590,Processed,674.352,direct,-30.559482,22.937506,-20.348404,57.552152
Lithium,ZAF,AUS,South Africa,Australia,282520,Processed,529.88,direct,-30.559482,22.937506,-25.274398,133.775136
Lithium,ZAF,MWI,South Africa,Malawi,283691,Processed,237.858,mirror,-30.559482,22.937506,-13.254308,34.301525
Lithium,ZAF,SWZ,South Africa,Eswatini,283691,Processed,216.056,direct,-30.559482,22.937506,-26.522503,31.465866
Lithium,ZAF,SYC,South Africa,Seychelles,283691,Processed,179.392,direct,-30.559482,22.937506,,
Lithium,ZAF,DNK,South Africa,Denmark,284590,Processed,176.953,mirror,-30.559482,22.937506,56.26392,9.501785
Lithium,ZAF,GHA,South Africa,Ghana,282520,Processed,127.668,direct,-30.559482,22.937506,7.946527,-1.023194
Lithium,ZAF,CHN,South Africa,China,283691,Processed,26.408,direct,-30.559482,22.937506,35.86166,104.195397
Lithium,ZAF,TUR,South Africa,Türkiye,282520,Processed,24.0,mirror,-30.559482,22.937506,38.963745,35.243322
Lithium,ESP,PRT,Spain,Portugal,282520|283691|284530|284590,Processed,12841224.672,direct,40.463667,-3.74922,39.399872,-8.224454
Lithium,ESP,FRA,Spain,France,282520|283691|284590,Processed,5291432.344,direct,40.463667,-3.74922,46.227638,2.213749
Lithium,ESP,IND,Spain,India,284590,Processed,5093253.864,direct,40.463667,-3.74922,20.593684,78.96288
Lithium,ESP,MEX,Spain,Mexico,283691,Processed,3444058.64,direct,40.463667,-3.74922,23.634501,-102.552784
Lithium,ESP,ITA,Spain,Italy,283691|284590,Processed,2310816.284,direct,40.463667,-3.74922,41.87194,12.56738
Lithium,ESP,SEN,Spain,Senegal,283691,Processed,1050532.408,direct,40.463667,-3.74922,14.497401,14.452362
Lithium,ESP,GBR,Spain,United Kingdom,282520|284590,Processed,796569.424,direct,40.463667,-3.74922,55.378051,-3.435973
Lithium,ESP,DEU,Spain,Germany,282520|283691|284590|290433,Processed,407655.904,direct,40.463667,-3.74922,51.165691,10.451526
Lithium,ESP,MAR,Spain,Morocco,282520|283691,Processed,378525.89999999997,direct,40.463667,-3.74922,31.791702,-7.09262
Lithium,ESP,USA,Spain,USA,284590,Processed,182888.56,direct,40.463667,-3.74922,37.09024,-95.712891
Lithium,ESP,COL,Spain,Colombia,283691,Processed,116561.008,direct,40.463667,-3.74922,4.570868,-74.297333
Lithium,ESP,NLD,Spain,Netherlands,282520|283691|284590,Processed,108249.462,direct,40.463667,-3.74922,52.132633,5.291266
Lithium,ESP,AND,Spain,Andorra,282520,Processed,101467.832,direct,40.463667,-3.74922,,
Lithium,ESP,CZE,Spain,Czechia,282520|284590,Processed,47832.0,mirror,40.463667,-3.74922,49.817492,15.472962
Lithium,ESP,PHL,Spain,Philippines,284590,Processed,40272.352,direct,40.463667,-3.74922,12.879721,121.774017
Lithium,ESP,BGR,Spain,Bulgaria,283691,Processed,30903.088,direct,40.463667,-3.74922,42.733883,25.48583
Lithium,ESP,POL,Spain,Poland,284590,Processed,29910.544,direct,40.463667,-3.74922,51.919438,19.145136
Lithium,ESP,CUB,Spain,Cuba,283691,Processed,23876.376,direct,40.463667,-3.74922,21.521757,-77.781167
Lithium,ESP,IRL,Spain,Ireland,283691|284590,Processed,23178.094999999998,mirror,40.463667,-3.74922,53.41291,-8.24389
Lithium,ESP,PRY,Spain,Paraguay,284590,Processed,22115.192,direct,40.463667,-3.74922,-23.442503,-58.443832
Lithium,ESP,QAT,Spain,Qatar,284590,Processed,16833.064,direct,40.463667,-3.74922,25.354826,51.183884
Lithium,ESP,GRC,Spain,Greece,283691,Processed,11757.24,direct,40.463667,-3.74922,39.074208,21.824312
Lithium,ESP,CHE,Spain,Switzerland,282520|284590,Processed,10344.616,direct,40.463667,-3.74922,46.818188,8.227512
Lithium,ESP,IRN,Spain,Iran,284590,Processed,10277.56,direct,40.463667,-3.74922,32.427908,53.688046
Lithium,ESP,TUR,Spain,Türkiye,284590,Processed,7209.376,direct,40.463667,-3.74922,38.963745,35.243322
Lithium,ESP,LTU,Spain,Lithuania,284590,Processed,4648.376,direct,40.463667,-3.74922,55.169438,23.881275
Lithium,ESP,HUN,Spain,Hungary,284590,Processed,3537.544,direct,40.463667,-3.74922,47.162494,19.503304
Lithium,ESP,GIB,Spain,Gibraltar,284590,Processed,2032.88,direct,40.463667,-3.74922,,
Lithium,ESP,CHL,Spain,Chile,284590,Processed,551.688,direct,40.463667,-3.74922,-35.675147,-71.542969
Lithium,ESP,ROU,Spain,Romania,283691,Processed,283.2,mirror,40.463667,-3.74922,45.943161,24.96676
Lithium,ESP,SVN,Spain,Slovenia,284590,Processed,41.232,mirror,40.463667,-3.74922,46.151241,14.995463
Lithium,XX ,ZAF,Special Categories,South Africa,284590,Processed,8074.788,mirror,,,-30.559482,22.937506
Lithium,SWE,DEU,Sweden,Germany,284590,Processed,5054488.302,direct,60.128161,18.643501,51.165691,10.451526
Lithium,SWE,NLD,Sweden,Netherlands,282520|283691|284590,Processed,3187719.818,direct,60.128161,18.643501,52.132633,5.291266
Lithium,SWE,USA,Sweden,USA,282520|284590,Processed,1958242.8,direct,60.128161,18.643501,37.09024,-95.712891
Lithium,SWE,CHN,Sweden,China,284590,Processed,452513.63,direct,60.128161,18.643501,35.86166,104.195397
Lithium,SWE,CHE,Sweden,Switzerland,282520|284590,Processed,437373.064,direct,60.128161,18.643501,46.818188,8.227512
Lithium,SWE,S19,Sweden,"Other Asia, nes",284590,Processed,322872.544,direct,60.128161,18.643501,,
Lithium,SWE,DNK,Sweden,Denmark,282520|284590,Processed,284434.96,direct,60.128161,18.643501,56.26392,9.501785
Lithium,SWE,FRA,Sweden,France,284590,Processed,263445.828,direct,60.128161,18.643501,46.227638,2.213749
Lithium,SWE,ISL,Sweden,Iceland,283691|284590,Processed,148945.30599999998,direct,60.128161,18.643501,64.963051,-19.020835
Lithium,SWE,GBR,Sweden,United Kingdom,284590,Processed,99181.06,mirror,60.128161,18.643501,55.378051,-3.435973
Lithium,SWE,HUN,Sweden,Hungary,284590,Processed,72674.712,direct,60.128161,18.643501,47.162494,19.503304
Lithium,SWE,FIN,Sweden,Finland,282520|283691|284590,Processed,62265.574,direct,60.128161,18.643501,61.92411,25.748151
Lithium,SWE,NOR,Sweden,Norway,283691|284590,Processed,54506.034,direct,60.128161,18.643501,60.472024,8.468946
Lithium,SWE,SGP,Sweden,Singapore,284590,Processed,37851.412,direct,60.128161,18.643501,1.352083,103.819836
Lithium,SWE,CAN,Sweden,Canada,283691|284590,Processed,35387.592000000004,direct,60.128161,18.643501,56.130366,-106.346771
Lithium,SWE,AUT,Sweden,Austria,284590,Processed,27589.878,mirror,60.128161,18.643501,47.516231,14.550072
Lithium,SWE,BEL,Sweden,Belgium,284590,Processed,23467.876,direct,60.128161,18.643501,50.503887,4.469936
Lithium,SWE,ROU,Sweden,Romania,284590,Processed,23437.0,mirror,60.128161,18.643501,45.943161,24.96676
Lithium,SWE,JPN,Sweden,Japan,284590,Processed,22332.334,direct,60.128161,18.643501,36.204824,138.252924
Lithium,SWE,EGY,Sweden,Egypt,284590,Processed,21386.048,direct,60.128161,18.643501,26.820553,30.802498
Lithium,SWE,ARE,Sweden,United Arab Emirates,284590,Processed,20629.02,direct,60.128161,18.643501,23.424076,53.847818
Lithium,SWE,KOR,Sweden,Rep. of Korea,282520|284590,Processed,17222.392,direct,60.128161,18.643501,35.907757,127.766922
Lithium,SWE,AUS,Sweden,Australia,284590,Processed,7759.54,direct,60.128161,18.643501,-25.274398,133.775136
Lithium,SWE,ESP,Sweden,Spain,284590,Processed,4542.17,direct,60.128161,18.643501,40.463667,-3.74922
Lithium,SWE,THA,Sweden,Thailand,284590,Processed,3217.37,direct,60.128161,18.643501,15.870032,100.992541
Lithium,SWE,TUR,Sweden,Türkiye,284590,Processed,2838.856,direct,60.128161,18.643501,38.963745,35.243322
Lithium,SWE,SAU,Sweden,Saudi Arabia,284590,Processed,1135.542,direct,60.128161,18.643501,23.885942,45.079162
Lithium,CHE,USA,Switzerland,USA,282520|283691|284590,Processed,40028079.748,direct,46.818188,8.227512,37.09024,-95.712891
Lithium,CHE,IRL,Switzerland,Ireland,284590,Processed,38106687.728,direct,46.818188,8.227512,53.41291,-8.24389
Lithium,CHE,CHN,Switzerland,China,284590,Processed,26863642.658,direct,46.818188,8.227512,35.86166,104.195397
Lithium,CHE,DEU,Switzerland,Germany,282520|283691|284530|284590,Processed,15464016.938000001,direct,46.818188,8.227512,51.165691,10.451526
Lithium,CHE,IND,Switzerland,India,282520|284590,Processed,12744683.731999999,direct,46.818188,8.227512,20.593684,78.96288
Lithium,CHE,BEL,Switzerland,Belgium,282520|283691|284590,Processed,5690119.068,direct,46.818188,8.227512,50.503887,4.469936
Lithium,CHE,ESP,Switzerland,Spain,282520|284590,Processed,3856767.952,direct,46.818188,8.227512,40.463667,-3.74922
Lithium,CHE,JPN,Switzerland,Japan,284590,Processed,3769052.8,direct,46.818188,8.227512,36.204824,138.252924
Lithium,CHE,FRA,Switzerland,France,282520|283691|284590,Processed,2476386.724,direct,46.818188,8.227512,46.227638,2.213749
Lithium,CHE,GBR,Switzerland,United Kingdom,282520|284590,Processed,710171.512,direct,46.818188,8.227512,55.378051,-3.435973
Lithium,CHE,KOR,Switzerland,Rep. of Korea,282520|284590,Processed,537539.808,direct,46.818188,8.227512,35.907757,127.766922
Lithium,CHE,UKR,Switzerland,Ukraine,284590,Processed,376765.804,direct,46.818188,8.227512,48.379433,31.16558
Lithium,CHE,CAN,Switzerland,Canada,282520|283691|284590,Processed,369067.08999999997,direct,46.818188,8.227512,56.130366,-106.346771
Lithium,CHE,NOR,Switzerland,Norway,283691|284590,Processed,255859.901,mirror,46.818188,8.227512,60.472024,8.468946
Lithium,CHE,ISR,Switzerland,Israel,282520|284530|284590,Processed,241459.452,direct,46.818188,8.227512,31.046051,34.851612
Lithium,CHE,AUS,Switzerland,Australia,282520|284590,Processed,148815.444,direct,46.818188,8.227512,-25.274398,133.775136
Lithium,CHE,ZAF,Switzerland,South Africa,283691|284590,Processed,102729.83600000001,mirror,46.818188,8.227512,-30.559482,22.937506
Lithium,CHE,SVN,Switzerland,Slovenia,284590,Processed,94430.504,mirror,46.818188,8.227512,46.151241,14.995463
Lithium,CHE,CZE,Switzerland,Czechia,284590,Processed,56016.0,mirror,46.818188,8.227512,49.817492,15.472962
Lithium,CHE,HUN,Switzerland,Hungary,284590,Processed,55585.792,direct,46.818188,8.227512,47.162494,19.503304
Lithium,CHE,RUS,Switzerland,Russian Federation,284590,Processed,48162.238,direct,46.818188,8.227512,61.52401,105.318756
Lithium,CHE,ITA,Switzerland,Italy,284590,Processed,39830.048,direct,46.818188,8.227512,41.87194,12.56738
Lithium,CHE,S19,Switzerland,"Other Asia, nes",284590,Processed,35659.408,direct,46.818188,8.227512,,
Lithium,CHE,BRA,Switzerland,Brazil,283691|284590,Processed,31378.8,direct,46.818188,8.227512,-14.235004,-51.92528
Lithium,CHE,MYS,Switzerland,Malaysia,284590,Processed,27195.468,direct,46.818188,8.227512,4.210484,101.975766
Lithium,CHE,THA,Switzerland,Thailand,284590,Processed,25400.912,direct,46.818188,8.227512,15.870032,100.992541
Lithium,CHE,SVK,Switzerland,Slovakia,284590,Processed,25076.592,mirror,46.818188,8.227512,48.669026,19.699024
Lithium,CHE,LVA,Switzerland,Latvia,284590,Processed,22947.596,direct,46.818188,8.227512,56.879635,24.603189
Lithium,CHE,SWE,Switzerland,Sweden,282520|284590,Processed,22184.34,direct,46.818188,8.227512,60.128161,18.643501
Lithium,CHE,CHL,Switzerland,Chile,284590,Processed,16041.964,direct,46.818188,8.227512,-35.675147,-71.542969
Lithium,CHE,NZL,Switzerland,New Zealand,284590,Processed,15332.489,mirror,46.818188,8.227512,-40.900557,174.885971
Lithium,CHE,FIN,Switzerland,Finland,284590,Processed,8267.733,mirror,46.818188,8.227512,61.92411,25.748151
Lithium,CHE,TUR,Switzerland,Türkiye,284590,Processed,7809.724,direct,46.818188,8.227512,38.963745,35.243322
Lithium,CHE,NLD,Switzerland,Netherlands,283691|284590,Processed,5109.344,direct,46.818188,8.227512,52.132633,5.291266
Lithium,CHE,ARG,Switzerland,Argentina,284590,Processed,3629.44,mirror,46.818188,8.227512,-38.416097,-63.616672
Lithium,CHE,EST,Switzerland,Estonia,284590,Processed,2857.28,mirror,46.818188,8.227512,58.595272,25.013607
Lithium,CHE,KAZ,Switzerland,Kazakhstan,284590,Processed,2854.28,mirror,46.818188,8.227512,48.019573,66.923684
Lithium,CHE,SAU,Switzerland,Saudi Arabia,284590,Processed,2638.133,mirror,46.818188,8.227512,23.885942,45.079162
Lithium,CHE,CRI,Switzerland,Costa Rica,283691,Processed,2416.05,mirror,46.818188,8.227512,9.748917,-83.753428
Lithium,CHE,URY,Switzerland,Uruguay,284590,Processed,2277.0,mirror,46.818188,8.227512,-32.522779,-55.765835
Lithium,CHE,LBN,Switzerland,Lebanon,284590,Processed,1924.0,mirror,46.818188,8.227512,33.854721,35.862285
Lithium,CHE,SGP,Switzerland,Singapore,284590,Processed,1603.762,mirror,46.818188,8.227512,1.352083,103.819836
Lithium,CHE,PER,Switzerland,Peru,284590,Processed,1224.648,mirror,46.818188,8.227512,-9.189967,-75.015152
Lithium,CHE,LTU,Switzerland,Lithuania,284590,Processed,1178.0,mirror,46.818188,8.227512,55.169438,23.881275
Lithium,CHE,POL,Switzerland,Poland,284590,Processed,887.0,mirror,46.818188,8.227512,51.919438,19.145136
Lithium,CHE,SRB,Switzerland,Serbia,284590,Processed,712.0,mirror,46.818188,8.227512,44.016521,21.005859
Lithium,CHE,DNK,Switzerland,Denmark,284590,Processed,396.114,mirror,46.818188,8.227512,56.26392,9.501785
Lithium,CHE,MAR,Switzerland,Morocco,284590,Processed,231.334,mirror,46.818188,8.227512,31.791702,-7.09262
Lithium,CHE,AUT,Switzerland,Austria,283691|284590,Processed,214.213,direct,46.818188,8.227512,47.516231,14.550072
Lithium,THA,CHN,Thailand,China,283691,Processed,556466.36,direct,15.870032,100.992541,35.86166,104.195397
Lithium,THA,BEL,Thailand,Belgium,282520,Processed,204826.48,direct,15.870032,100.992541,50.503887,4.469936
Lithium,THA,IND,Thailand,India,283691,Processed,73600.0,direct,15.870032,100.992541,20.593684,78.96288
Lithium,THA,VNM,Thailand,Viet Nam,282520|283691,Processed,22247.440000000002,direct,15.870032,100.992541,14.058324,108.277199
Lithium,THA,HKG,Thailand,"China, Hong Kong SAR",282520|284590,Processed,4909.08,direct,15.870032,100.992541,22.396428,114.109497
Lithium,THA,SGP,Thailand,Singapore,282520,Processed,2752.2,direct,15.870032,100.992541,1.352083,103.819836
Lithium,THA,IDN,Thailand,Indonesia,283691,Processed,194.0,mirror,15.870032,100.992541,-0.789275,113.921327
Lithium,THA,LAO,Thailand,Lao People's Dem. Rep.,284590,Processed,13.6,direct,15.870032,100.992541,19.85627,102.495496
Lithium,TTO,GUY,Trinidad and Tobago,Guyana,284590,Processed,12672.658,direct,10.691803,-61.222503,4.860416,-58.93018
Lithium,TTO,GRD,Trinidad and Tobago,Grenada,282520,Processed,74.666,direct,10.691803,-61.222503,,
Lithium,TTO,AUT,Trinidad and Tobago,Austria,284590,Processed,34.636,mirror,10.691803,-61.222503,47.516231,14.550072
Lithium,TUN,FRA,Tunisia,France,284590,Processed,643.615,direct,33.886917,9.537499,46.227638,2.213749
Lithium,TUR,IRQ,Türkiye,Iraq,284590,Processed,767632.0,direct,38.963745,35.243322,33.223191,43.679291
Lithium,TUR,ARE,Türkiye,United Arab Emirates,283691|284590,Processed,648056.0,direct,38.963745,35.243322,23.424076,53.847818
Lithium,TUR,MEX,Türkiye,Mexico,282520,Processed,469680.0,direct,38.963745,35.243322,23.634501,-102.552784
Lithium,TUR,KWT,Türkiye,Kuwait,284590,Processed,357056.0,direct,38.963745,35.243322,29.31166,47.481766
Lithium,TUR,_X ,Türkiye,"Areas, nes",282520,Processed,313120.0,direct,38.963745,35.243322,,
Lithium,TUR,PAK,Türkiye,Pakistan,284590,Processed,142704.0,direct,38.963745,35.243322,30.375321,69.345116
Lithium,TUR,TKM,Türkiye,Turkmenistan,282520,Processed,129200.0,direct,38.963745,35.243322,38.969719,59.556278
Lithium,TUR,GRC,Türkiye,Greece,282520|283691,Processed,110520.0,direct,38.963745,35.243322,39.074208,21.824312
Lithium,TUR,RUS,Türkiye,Russian Federation,282520|283691|284590,Processed,63656.0,direct,38.963745,35.243322,61.52401,105.318756
Lithium,TUR,AZE,Türkiye,Azerbaijan,283691,Processed,63176.0,direct,38.963745,35.243322,40.143105,47.576927
Lithium,TUR,MUS,Türkiye,Mauritius,284590,Processed,51264.706,mirror,38.963745,35.243322,-20.348404,57.552152
Lithium,TUR,NLD,Türkiye,Netherlands,283691|284590,Processed,27197.714,direct,38.963745,35.243322,52.132633,5.291266
Lithium,TUR,CYP,Türkiye,Cyprus,283691|284590,Processed,20320.0,direct,38.963745,35.243322,35.126413,33.429859
Lithium,TUR,USA,Türkiye,USA,284590,Processed,16021.0,mirror,38.963745,35.243322,37.09024,-95.712891
Lithium,TUR,BGR,Türkiye,Bulgaria,282520,Processed,12536.0,direct,38.963745,35.243322,42.733883,25.48583
Lithium,TUR,GBR,Türkiye,United Kingdom,284590,Processed,8030.876,mirror,38.963745,35.243322,55.378051,-3.435973
Lithium,TUR,SVK,Türkiye,Slovakia,284530,Processed,4970.288,mirror,38.963745,35.243322,48.669026,19.699024
Lithium,TUR,UZB,Türkiye,Uzbekistan,284590,Processed,4240.0,direct,38.963745,35.243322,41.377491,64.585262
Lithium,TUR,LBR,Türkiye,Liberia,284590,Processed,3896.0,direct,38.963745,35.243322,6.428055,-9.429499
Lithium,TUR,DEU,Türkiye,Germany,284530,Processed,3629.84,mirror,38.963745,35.243322,51.165691,10.451526
Lithium,TUR,PRT,Türkiye,Portugal,282520|283691,Processed,2832.0,direct,38.963745,35.243322,39.399872,-8.224454
Lithium,TUR,GEO,Türkiye,Georgia,283691,Processed,2736.0,direct,38.963745,35.243322,42.315407,43.356892
Lithium,TUR,HKG,Türkiye,"China, Hong Kong SAR",282520,Processed,1280.0,direct,38.963745,35.243322,22.396428,114.109497
Lithium,TUR,JOR,Türkiye,Jordan,283691,Processed,1188.324,mirror,38.963745,35.243322,30.585164,36.238414
Lithium,TUR,ESP,Türkiye,Spain,282520|284590,Processed,1101.48,direct,38.963745,35.243322,40.463667,-3.74922
Lithium,TUR,CHN,Türkiye,China,284590,Processed,930.0,mirror,38.963745,35.243322,35.86166,104.195397
Lithium,TUR,CHL,Türkiye,Chile,283691,Processed,125.49,mirror,38.963745,35.243322,-35.675147,-71.542969
Lithium,TUR,POL,Türkiye,Poland,282520,Processed,93.0,mirror,38.963745,35.243322,51.919438,19.145136
Lithium,USA,CHN,USA,China,282520|283691|284530|284590,Processed,110412706.0,direct,37.09024,-95.712891,35.86166,104.195397
Lithium,USA,JPN,USA,Japan,282520|283691|284530|284590,Processed,94078959.0,direct,37.09024,-95.712891,36.204824,138.252924
Lithium,USA,KOR,USA,Rep. of Korea,282520|283691|284530|284590,Processed,82536494.0,direct,37.09024,-95.712891,35.907757,127.766922
Lithium,USA,DEU,USA,Germany,282520|283691|284530|284590,Processed,76490600.0,direct,37.09024,-95.712891,51.165691,10.451526
Lithium,USA,ESP,USA,Spain,282520|283691|284530|284590,Processed,15320614.472,direct,37.09024,-95.712891,40.463667,-3.74922
Lithium,USA,CAN,USA,Canada,282520|283691|284530|284590|290433,Processed,12299219.636,direct,37.09024,-95.712891,56.130366,-106.346771
Lithium,USA,ISR,USA,Israel,282520|283691|284530|284590,Processed,11597087.0,direct,37.09024,-95.712891,31.046051,34.851612
Lithium,USA,POL,USA,Poland,282520|283691|284530|284590,Processed,9757659.0,direct,37.09024,-95.712891,51.919438,19.145136
Lithium,USA,GBR,USA,United Kingdom,282520|283691|284530|284590,Processed,9556744.764,direct,37.09024,-95.712891,55.378051,-3.435973
Lithium,USA,IRL,USA,Ireland,282520|284590,Processed,8805413.142,direct,37.09024,-95.712891,53.41291,-8.24389
Lithium,USA,S19,USA,"Other Asia, nes",282520|283691|284590,Processed,8612275.544,direct,37.09024,-95.712891,,
Lithium,USA,FRA,USA,France,282520|283691|284530|284590,Processed,7713834.2,direct,37.09024,-95.712891,46.227638,2.213749
Lithium,USA,IND,USA,India,282520|283691|284590,Processed,7193537.0,direct,37.09024,-95.712891,20.593684,78.96288
Lithium,USA,NLD,USA,Netherlands,282520|283691|284590,Processed,6063190.0,direct,37.09024,-95.712891,52.132633,5.291266
Lithium,USA,ARG,USA,Argentina,282520|284590,Processed,4828824.0,direct,37.09024,-95.712891,-38.416097,-63.616672
Lithium,USA,SGP,USA,Singapore,282520|283691|284590,Processed,2171907.566,direct,37.09024,-95.712891,1.352083,103.819836
Lithium,USA,MEX,USA,Mexico,282520|283691|284590,Processed,2109280.0,direct,37.09024,-95.712891,23.634501,-102.552784
Lithium,USA,ITA,USA,Italy,282520|283691|284530|284590,Processed,1889277.0,direct,37.09024,-95.712891,41.87194,12.56738
Lithium,USA,BEL,USA,Belgium,282520|283691|284530|284590,Processed,1726397.574,direct,37.09024,-95.712891,50.503887,4.469936
Lithium,USA,TUR,USA,Türkiye,282520|284590,Processed,1186216.0,direct,37.09024,-95.712891,38.963745,35.243322
Lithium,USA,AUS,USA,Australia,282520|283691|284590,Processed,1078276.0,direct,37.09024,-95.712891,-25.274398,133.775136
Lithium,USA,BRA,USA,Brazil,282520|283691|284590,Processed,1000539.0,direct,37.09024,-95.712891,-14.235004,-51.92528
Lithium,USA,THA,USA,Thailand,282520|283691|284590,Processed,989785.0,direct,37.09024,-95.712891,15.870032,100.992541
Lithium,USA,PRT,USA,Portugal,282520|284590,Processed,693936.354,mirror,37.09024,-95.712891,39.399872,-8.224454
Lithium,USA,COL,USA,Colombia,282520|283691|284590,Processed,629839.0,direct,37.09024,-95.712891,4.570868,-74.297333
Lithium,USA,ZAF,USA,South Africa,282520|283691|284590,Processed,541956.384,direct,37.09024,-95.712891,-30.559482,22.937506
Lithium,USA,CHE,USA,Switzerland,282520|283691|284530|284590,Processed,511758.244,direct,37.09024,-95.712891,46.818188,8.227512
Lithium,USA,CZE,USA,Czechia,282520|284590,Processed,444152.0,direct,37.09024,-95.712891,49.817492,15.472962
Lithium,USA,NGA,USA,Nigeria,284590,Processed,408498.76,mirror,37.09024,-95.712891,9.081999,8.675277
Lithium,USA,FIN,USA,Finland,282520|283691|284590,Processed,304213.364,direct,37.09024,-95.712891,61.92411,25.748151
Lithium,USA,SWE,USA,Sweden,283691|284590,Processed,286685.032,direct,37.09024,-95.712891,60.128161,18.643501
Lithium,USA,SAU,USA,Saudi Arabia,282520|284590,Processed,275037.0,direct,37.09024,-95.712891,23.885942,45.079162
Lithium,USA,DNK,USA,Denmark,282520|284530|284590,Processed,263174.896,direct,37.09024,-95.712891,56.26392,9.501785
Lithium,USA,CHL,USA,Chile,282520|283691|284590,Processed,255000.0,direct,37.09024,-95.712891,-35.675147,-71.542969
Lithium,USA,LTU,USA,Lithuania,284590,Processed,249332.0,direct,37.09024,-95.712891,55.169438,23.881275
Lithium,USA,HKG,USA,"China, Hong Kong SAR",284590,Processed,174611.0,direct,37.09024,-95.712891,22.396428,114.109497
Lithium,USA,AUT,USA,Austria,282520|283691|284530|284590,Processed,136186.141,direct,37.09024,-95.712891,47.516231,14.550072
Lithium,USA,SVK,USA,Slovakia,284590,Processed,118923.304,mirror,37.09024,-95.712891,48.669026,19.699024
Lithium,USA,GTM,USA,Guatemala,282520|283691|284590,Processed,97618.0,direct,37.09024,-95.712891,15.783471,-90.230759
Lithium,USA,IDN,USA,Indonesia,282520|283691|284530|284590,Processed,82537.0,direct,37.09024,-95.712891,-0.789275,113.921327
Lithium,USA,NZL,USA,New Zealand,282520|284590,Processed,79982.421,direct,37.09024,-95.712891,-40.900557,174.885971
Lithium,USA,DOM,USA,Dominican Rep.,284590,Processed,75891.608,mirror,37.09024,-95.712891,18.735693,-70.162651
Lithium,USA,URY,USA,Uruguay,284590,Processed,71776.0,direct,37.09024,-95.712891,-32.522779,-55.765835
Lithium,USA,HUN,USA,Hungary,284590,Processed,71515.0,direct,37.09024,-95.712891,47.162494,19.503304
Lithium,USA,ECU,USA,Ecuador,282520|283691|284590,Processed,69965.432,direct,37.09024,-95.712891,-1.831239,-78.183406
Lithium,USA,NOR,USA,Norway,282520|283691|284590,Processed,65510.75,direct,37.09024,-95.712891,60.472024,8.468946
Lithium,USA,MYS,USA,Malaysia,282520|283691|284590,Processed,65196.954,direct,37.09024,-95.712891,4.210484,101.975766
Lithium,USA,CRI,USA,Costa Rica,282520|284590,Processed,56841.0,direct,37.09024,-95.712891,9.748917,-83.753428
Lithium,USA,ARE,USA,United Arab Emirates,282520|284590,Processed,47686.0,direct,37.09024,-95.712891,23.424076,53.847818
Lithium,USA,SRB,USA,Serbia,284590,Processed,46896.0,mirror,37.09024,-95.712891,44.016521,21.005859
Lithium,USA,HND,USA,Honduras,283691,Processed,44221.4,mirror,37.09024,-95.712891,15.199999,-86.241905
Lithium,USA,ARM,USA,Armenia,282520|284590,Processed,41651.72,mirror,37.09024,-95.712891,40.069099,45.038189
Lithium,USA,UZB,USA,Uzbekistan,283691|284590,Processed,39841.0,direct,37.09024,-95.712891,41.377491,64.585262
Lithium,USA,ROU,USA,Romania,284590,Processed,39623.0,direct,37.09024,-95.712891,45.943161,24.96676
Lithium,USA,SVN,USA,Slovenia,282520|283691|284590,Processed,34448.936,direct,37.09024,-95.712891,46.151241,14.995463
Lithium,USA,VEN,USA,Venezuela,282520,Processed,34320.0,direct,37.09024,-95.712891,6.42375,-66.58973
Lithium,USA,EST,USA,Estonia,282520|284590,Processed,33204.72,mirror,37.09024,-95.712891,58.595272,25.013607
Lithium,USA,UGA,USA,Uganda,284590,Processed,32400.0,direct,37.09024,-95.712891,1.373333,32.290275
Lithium,USA,KAZ,USA,Kazakhstan,282520|284530|284590,Processed,28635.76,direct,37.09024,-95.712891,48.019573,66.923684
Lithium,USA,QAT,USA,Qatar,284590,Processed,25205.527,mirror,37.09024,-95.712891,25.354826,51.183884
Lithium,USA,PHL,USA,Philippines,282520|284590,Processed,23873.0,direct,37.09024,-95.712891,12.879721,121.774017
Lithium,USA,GRC,USA,Greece,284590,Processed,16856.0,direct,37.09024,-95.712891,39.074208,21.824312
Lithium,USA,KWT,USA,Kuwait,284590,Processed,14921.0,direct,37.09024,-95.712891,29.31166,47.481766
Lithium,USA,PAK,USA,Pakistan,284590,Processed,14756.0,direct,37.09024,-95.712891,30.375321,69.345116
Lithium,USA,PER,USA,Peru,282520|284590,Processed,12732.0,direct,37.09024,-95.712891,-9.189967,-75.015152
Lithium,USA,MAR,USA,Morocco,282520|283691|284590,Processed,11574.564,direct,37.09024,-95.712891,31.791702,-7.09262
Lithium,USA,VNM,USA,Viet Nam,284590,Processed,10129.0,direct,37.09024,-95.712891,14.058324,108.277199
Lithium,USA,MUS,USA,Mauritius,284590,Processed,8489.0,direct,37.09024,-95.712891,-20.348404,57.552152
Lithium,USA,TZA,USA,United Rep. of Tanzania,284590,Processed,7200.2,mirror,37.09024,-95.712891,-6.369028,34.888822
Lithium,USA,TTO,USA,Trinidad and Tobago,284590|290490,Processed,6861.799999999999,mirror,37.09024,-95.712891,10.691803,-61.222503
Lithium,USA,OMN,USA,Oman,284590,Processed,6197.0,direct,37.09024,-95.712891,21.512583,55.923255
Lithium,USA,MNE,USA,Montenegro,284590,Processed,5278.768,mirror,37.09024,-95.712891,42.708678,19.37439
Lithium,USA,CYP,USA,Cyprus,284590,Processed,5178.112,mirror,37.09024,-95.712891,35.126413,33.429859
Lithium,USA,ISL,USA,Iceland,284590,Processed,4424.649,mirror,37.09024,-95.712891,64.963051,-19.020835
Lithium,USA,CUW,USA,Curaçao,284590,Processed,4046.0,direct,37.09024,-95.712891,,
Lithium,USA,GUY,USA,Guyana,282520,Processed,3770.0,direct,37.09024,-95.712891,4.860416,-58.93018
Lithium,USA,AZE,USA,Azerbaijan,284590,Processed,3604.16,mirror,37.09024,-95.712891,40.143105,47.576927
Lithium,USA,BHS,USA,Bahamas,283691|284530,Processed,3427.0,mirror,37.09024,-95.712891,25.03428,-77.39628
Lithium,USA,UKR,USA,Ukraine,282520|284590,Processed,3400.32,direct,37.09024,-95.712891,48.379433,31.16558
Lithium,USA,JOR,USA,Jordan,284590,Processed,2487.479,mirror,37.09024,-95.712891,30.585164,36.238414
Lithium,USA,BMU,USA,Bermuda,284590,Processed,2222.05,mirror,37.09024,-95.712891,,
Lithium,USA,LVA,USA,Latvia,284590,Processed,1986.772,mirror,37.09024,-95.712891,56.879635,24.603189
Lithium,USA,BGR,USA,Bulgaria,282520,Processed,1637.312,mirror,37.09024,-95.712891,42.733883,25.48583
Lithium,USA,LUX,USA,Luxembourg,284590,Processed,1370.294,mirror,37.09024,-95.712891,49.815273,6.129583
Lithium,USA,GRD,USA,Grenada,290490,Processed,1172.504,mirror,37.09024,-95.712891,,
Lithium,USA,LBN,USA,Lebanon,284590,Processed,378.0,mirror,37.09024,-95.712891,33.854721,35.862285
Lithium,USA,TUN,USA,Tunisia,282520|284590,Processed,248.757,mirror,37.09024,-95.712891,33.886917,9.537499
Lithium,USA,BRB,USA,Barbados,283691,Processed,247.5,mirror,37.09024,-95.712891,,
Lithium,USA,PRY,USA,Paraguay,282520,Processed,189.42,mirror,37.09024,-95.712891,-23.442503,-58.443832
Lithium,USA,CIV,USA,Côte d'Ivoire,282520,Processed,129.195,mirror,37.09024,-95.712891,7.539989,-5.54708
Lithium,USA,BHR,USA,Bahrain,284590,Processed,98.261,mirror,37.09024,-95.712891,26.0275,50.55
Lithium,USA,SLV,USA,El Salvador,284590,Processed,21.35,mirror,37.09024,-95.712891,13.794185,-88.89653
Lithium,UKR,LVA,Ukraine,Latvia,284590,Processed,15679.14,direct,48.379433,31.16558,56.879635,24.603189
Lithium,ARE,EGY,United Arab Emirates,Egypt,284590,Processed,2063399.421,mirror,23.424076,53.847818,26.820553,30.802498
Lithium,ARE,DEU,United Arab Emirates,Germany,284590,Processed,630560.88,mirror,23.424076,53.847818,51.165691,10.451526
Lithium,ARE,TUR,United Arab Emirates,Türkiye,284590,Processed,462456.0,mirror,23.424076,53.847818,38.963745,35.243322
Lithium,ARE,SAU,United Arab Emirates,Saudi Arabia,282520,Processed,273999.993,mirror,23.424076,53.847818,23.885942,45.079162
Lithium,ARE,IDN,United Arab Emirates,Indonesia,282520,Processed,137120.0,mirror,23.424076,53.847818,-0.789275,113.921327
Lithium,ARE,ISR,United Arab Emirates,Israel,284590,Processed,78000.0,mirror,23.424076,53.847818,31.046051,34.851612
Lithium,ARE,BRA,United Arab Emirates,Brazil,282520,Processed,64000.0,mirror,23.424076,53.847818,-14.235004,-51.92528
Lithium,ARE,MYS,United Arab Emirates,Malaysia,284590,Processed,58704.3,mirror,23.424076,53.847818,4.210484,101.975766
Lithium,ARE,PAK,United Arab Emirates,Pakistan,282520|284590,Processed,18189.408000000003,mirror,23.424076,53.847818,30.375321,69.345116
Lithium,ARE,IND,United Arab Emirates,India,283691,Processed,5874.222,mirror,23.424076,53.847818,20.593684,78.96288
Lithium,ARE,JOR,United Arab Emirates,Jordan,283691,Processed,287.592,mirror,23.424076,53.847818,30.585164,36.238414
Lithium,ARE,LKA,United Arab Emirates,Sri Lanka,290433,Processed,163.814,mirror,23.424076,53.847818,7.873054,80.771797
Lithium,GBR,CHN,United Kingdom,China,282520|283691|284590,Processed,55108664.904,direct,55.378051,-3.435973,35.86166,104.195397
Lithium,GBR,NLD,United Kingdom,Netherlands,282520|283691|284590,Processed,14715394.944,direct,55.378051,-3.435973,52.132633,5.291266
Lithium,GBR,DEU,United Kingdom,Germany,282520|283691|284530|284590,Processed,12105789.127999999,direct,55.378051,-3.435973,51.165691,10.451526
Lithium,GBR,USA,United Kingdom,USA,282520|283691|284590,Processed,5906579.636,direct,55.378051,-3.435973,37.09024,-95.712891
Lithium,GBR,ARE,United Kingdom,United Arab Emirates,282520,Processed,5407097.732,direct,55.378051,-3.435973,23.424076,53.847818
Lithium,GBR,IND,United Kingdom,India,282520|283691|284590,Processed,3908981.772,direct,55.378051,-3.435973,20.593684,78.96288
Lithium,GBR,CHE,United Kingdom,Switzerland,282520|283691|284590,Processed,3839179.612,direct,55.378051,-3.435973,46.818188,8.227512
Lithium,GBR,JPN,United Kingdom,Japan,282520|283691|284590,Processed,3754025.952,direct,55.378051,-3.435973,36.204824,138.252924
Lithium,GBR,ESP,United Kingdom,Spain,282520|283691|284590,Processed,1916639.74,direct,55.378051,-3.435973,40.463667,-3.74922
Lithium,GBR,SWE,United Kingdom,Sweden,283691|284590,Processed,1672821.748,direct,55.378051,-3.435973,60.128161,18.643501
Lithium,GBR,BEL,United Kingdom,Belgium,282520|283691|284590,Processed,1586120.761,direct,55.378051,-3.435973,50.503887,4.469936
Lithium,GBR,DNK,United Kingdom,Denmark,282520|283691|284530|284590,Processed,1549292.343,direct,55.378051,-3.435973,56.26392,9.501785
Lithium,GBR,POL,United Kingdom,Poland,282520|283691|284590,Processed,1469026.232,direct,55.378051,-3.435973,51.919438,19.145136
Lithium,GBR,CZE,United Kingdom,Czechia,282520|283691|284590,Processed,1403475.416,direct,55.378051,-3.435973,49.817492,15.472962
Lithium,GBR,SVN,United Kingdom,Slovenia,283691,Processed,1322091.14,direct,55.378051,-3.435973,46.151241,14.995463
Lithium,GBR,AUT,United Kingdom,Austria,282520|283691|284590,Processed,1292556.591,direct,55.378051,-3.435973,47.516231,14.550072
Lithium,GBR,KOR,United Kingdom,Rep. of Korea,282520|283691|284590,Processed,1138994.28,direct,55.378051,-3.435973,35.907757,127.766922
Lithium,GBR,SGP,United Kingdom,Singapore,282520|283691|284590,Processed,872514.304,direct,55.378051,-3.435973,1.352083,103.819836
Lithium,GBR,GBR,United Kingdom,United Kingdom,282520|283691|284590,Processed,824648.657,mirror,55.378051,-3.435973,55.378051,-3.435973
Lithium,GBR,AUS,United Kingdom,Australia,282520|283691,Processed,743107.1159999999,direct,55.378051,-3.435973,-25.274398,133.775136
Lithium,GBR,FIN,United Kingdom,Finland,282520|283691|284590,Processed,611775.002,direct,55.378051,-3.435973,61.92411,25.748151
Lithium,GBR,CHL,United Kingdom,Chile,282520,Processed,556540.188,direct,55.378051,-3.435973,-35.675147,-71.542969
Lithium,GBR,VNM,United Kingdom,Viet Nam,282520,Processed,555561.06,direct,55.378051,-3.435973,14.058324,108.277199
Lithium,GBR,ITA,United Kingdom,Italy,282520|283691|284590,Processed,541640.2,direct,55.378051,-3.435973,41.87194,12.56738
Lithium,GBR,MEX,United Kingdom,Mexico,282520,Processed,520743.688,direct,55.378051,-3.435973,23.634501,-102.552784
Lithium,GBR,FRA,United Kingdom,France,282520|283691|284590,Processed,397378.68200000003,direct,55.378051,-3.435973,46.227638,2.213749
Lithium,GBR,EST,United Kingdom,Estonia,283691,Processed,319465.44,mirror,55.378051,-3.435973,58.595272,25.013607
Lithium,GBR,BRA,United Kingdom,Brazil,282520|283691,Processed,310446.08,direct,55.378051,-3.435973,-14.235004,-51.92528
Lithium,GBR,TUR,United Kingdom,Türkiye,282520,Processed,300927.004,direct,55.378051,-3.435973,38.963745,35.243322
Lithium,GBR,IRL,United Kingdom,Ireland,282520|283691|284590,Processed,272430.844,direct,55.378051,-3.435973,53.41291,-8.24389
Lithium,GBR,ROU,United Kingdom,Romania,282520|283691|284590,Processed,259279.83599999998,direct,55.378051,-3.435973,45.943161,24.96676
Lithium,GBR,S19,United Kingdom,"Other Asia, nes",282520|283691|284590,Processed,255442.972,direct,55.378051,-3.435973,,
Lithium,GBR,HUN,United Kingdom,Hungary,282520|283691|284590,Processed,242854.084,direct,55.378051,-3.435973,47.162494,19.503304
Lithium,GBR,NOR,United Kingdom,Norway,282520|283691|284590,Processed,228791.25,direct,55.378051,-3.435973,60.472024,8.468946
Lithium,GBR,SRB,United Kingdom,Serbia,282520|283691,Processed,221815.524,direct,55.378051,-3.435973,44.016521,21.005859
Lithium,GBR,HRV,United Kingdom,Croatia,282520,Processed,182097.44,direct,55.378051,-3.435973,45.1,15.2
Lithium,GBR,MYS,United Kingdom,Malaysia,282520|283691,Processed,180621.14,direct,55.378051,-3.435973,4.210484,101.975766
Lithium,GBR,DZA,United Kingdom,Algeria,282520,Processed,169825.368,direct,55.378051,-3.435973,28.033886,1.659626
Lithium,GBR,CAN,United Kingdom,Canada,282520|283691|284590,Processed,164160.842,mirror,55.378051,-3.435973,56.130366,-106.346771
Lithium,GBR,PRT,United Kingdom,Portugal,283691,Processed,152317.756,direct,55.378051,-3.435973,39.399872,-8.224454
Lithium,GBR,UKR,United Kingdom,Ukraine,283691,Processed,116961.04,mirror,55.378051,-3.435973,48.379433,31.16558
Lithium,GBR,EGY,United Kingdom,Egypt,282520,Processed,110971.176,direct,55.378051,-3.435973,26.820553,30.802498
Lithium,GBR,MAR,United Kingdom,Morocco,282520|284590,Processed,97232.95199999999,direct,55.378051,-3.435973,31.791702,-7.09262
Lithium,GBR,PHL,United Kingdom,Philippines,282520|284590,Processed,89058.988,direct,55.378051,-3.435973,12.879721,121.774017
Lithium,GBR,IDN,United Kingdom,Indonesia,282520|283691,Processed,81366.712,direct,55.378051,-3.435973,-0.789275,113.921327
Lithium,GBR,GHA,United Kingdom,Ghana,284590,Processed,61334.988,direct,55.378051,-3.435973,7.946527,-1.023194
Lithium,GBR,PER,United Kingdom,Peru,284590,Processed,61334.988,direct,55.378051,-3.435973,-9.189967,-75.015152
Lithium,GBR,SAU,United Kingdom,Saudi Arabia,282520|283691|284590,Processed,55500.439999999995,direct,55.378051,-3.435973,23.885942,45.079162
Lithium,GBR,IRQ,United Kingdom,Iraq,284590,Processed,53811.432,direct,55.378051,-3.435973,33.223191,43.679291
Lithium,GBR,GRC,United Kingdom,Greece,283691,Processed,50919.708,direct,55.378051,-3.435973,39.074208,21.824312
Lithium,GBR,TTO,United Kingdom,Trinidad and Tobago,282520|290490,Processed,32470.792,direct,55.378051,-3.435973,10.691803,-61.222503
Lithium,GBR,KWT,United Kingdom,Kuwait,282520,Processed,28250.0,mirror,55.378051,-3.435973,29.31166,47.481766
Lithium,GBR,NZL,United Kingdom,New Zealand,283691|284590,Processed,18750.544,direct,55.378051,-3.435973,-40.900557,174.885971
Lithium,GBR,BGR,United Kingdom,Bulgaria,283691,Processed,17309.036,mirror,55.378051,-3.435973,42.733883,25.48583
Lithium,GBR,THA,United Kingdom,Thailand,283691,Processed,7868.532,direct,55.378051,-3.435973,15.870032,100.992541
Lithium,GBR,OMN,United Kingdom,Oman,283691,Processed,6513.988,direct,55.378051,-3.435973,21.512583,55.923255
Lithium,GBR,ISR,United Kingdom,Israel,282520|284590,Processed,6000.0,mirror,55.378051,-3.435973,31.046051,34.851612
Lithium,GBR,KEN,United Kingdom,Kenya,282520|284590,Processed,5474.784000000001,direct,55.378051,-3.435973,-0.023559,37.906193
Lithium,GBR,QAT,United Kingdom,Qatar,282520,Processed,4915.932,direct,55.378051,-3.435973,25.354826,51.183884
Lithium,GBR,NGA,United Kingdom,Nigeria,282520,Processed,3536.484,mirror,55.378051,-3.435973,9.081999,8.675277
Lithium,GBR,SVK,United Kingdom,Slovakia,283691,Processed,2874.8,mirror,55.378051,-3.435973,48.669026,19.699024
Lithium,GBR,SLV,United Kingdom,El Salvador,283691,Processed,2315.43,mirror,55.378051,-3.435973,13.794185,-88.89653
Lithium,GBR,LKA,United Kingdom,Sri Lanka,284590,Processed,1501.443,mirror,55.378051,-3.435973,7.873054,80.771797
Lithium,GBR,ZAF,United Kingdom,South Africa,282520,Processed,1330.376,mirror,55.378051,-3.435973,-30.559482,22.937506
Lithium,GBR,LUX,United Kingdom,Luxembourg,283691,Processed,749.57,mirror,55.378051,-3.435973,49.815273,6.129583
Lithium,GBR,ECU,United Kingdom,Ecuador,282520,Processed,731.92,mirror,55.378051,-3.435973,-1.831239,-78.183406
Lithium,GBR,BHR,United Kingdom,Bahrain,282520|283691,Processed,388.665,mirror,55.378051,-3.435973,26.0275,50.55
Lithium,GBR,MLT,United Kingdom,Malta,283691,Processed,385.328,mirror,55.378051,-3.435973,35.937496,14.375416
Lithium,GBR,_X ,United Kingdom,"Areas, nes",282520,Processed,380.492,direct,55.378051,-3.435973,,
Lithium,GBR,URY,United Kingdom,Uruguay,282520,Processed,329.0,mirror,55.378051,-3.435973,-32.522779,-55.765835
Lithium,GBR,MKD,United Kingdom,North Macedonia,282520,Processed,169.04,mirror,55.378051,-3.435973,41.608635,21.745275
Lithium,GBR,LVA,United Kingdom,Latvia,283691,Processed,167.66,mirror,55.378051,-3.435973,56.879635,24.603189
Lithium,UMI,CAN,United States Minor Outlying Islands,Canada,284590,Processed,23135.948,mirror,,,56.130366,-106.346771
Lithium,URY,DEU,Uruguay,Germany,284590,Processed,3663.368,mirror,-32.522779,-55.765835,51.165691,10.451526
Lithium,UZB,JPN,Uzbekistan,Japan,284590,Processed,62893.785,mirror,41.377491,64.585262,36.204824,138.252924
Lithium,UZB,RUS,Uzbekistan,Russian Federation,284590,Processed,15.0,direct,41.377491,64.585262,61.52401,105.318756
Lithium,VNM,CHN,Viet Nam,China,283691,Processed,16211.0,mirror,14.058324,108.277199,35.86166,104.195397
Lithium,ZMB,COD,Zambia,Dem. Rep. of the Congo,284590,Processed,79952.217,direct,-13.133897,27.849332,-4.038333,21.758664
Lithium,ZMB,ZAF,Zambia,South Africa,283691,Processed,20.732,mirror,-13.133897,27.849332,-30.559482,22.937506
Lithium,ZWE,IND,Zimbabwe,India,283691,Processed,149.86,mirror,-19.015438,29.154857,20.593684,78.96288
Lithium,ZWE,ZAF,Zimbabwe,South Africa,282520,Processed,14.95,direct,-19.015438,29.154857,-30.559482,22.937506
