Mineral,reporterISO,partnerISO,Exporter,Importer,hs_codes,stage,trade_value_usd,mirror,source_lat,source_lng,target_lat,target_lng
Manganese,_X ,CHN,"Areas, nes",China,282090,Processed,215884.0,mirror,,,35.86166,104.195397
Manganese,_X ,FRA,"Areas, nes",France,282090,Processed,83693.988,mirror,,,46.227638,2.213749
Manganese,_X ,CHL,"Areas, nes",Chile,282090,Processed,85.12,mirror,,,-35.675147,-71.542969
Manganese,_X ,DNK,"Areas, nes",Denmark,282010,Processed,38.582,mirror,,,56.26392,9.501785
Manganese,AUS,IND,Australia,India,282010|282090,Processed,630656.238,direct,-25.274398,133.775136,20.593684,78.96288
Manganese,AUS,MYS,Australia,Malaysia,282090,Processed,143344.342,direct,-25.274398,133.775136,4.210484,101.975766
Manganese,AUS,COL,Australia,Colombia,282090,Processed,101864.91,mirror,-25.274398,133.775136,4.570868,-74.297333
Manganese,AUS,PHL,Australia,Philippines,282090,Processed,6625.0,mirror,-25.274398,133.775136,12.879721,121.774017
Manganese,AUS,NZL,Australia,New Zealand,282090,Processed,1253.398,mirror,-25.274398,133.775136,-40.900557,174.885971
Manganese,AUS,ZAF,Australia,South Africa,282090,Processed,3.96,direct,-25.274398,133.775136,-30.559482,22.937506
Manganese,AUT,FRA,Austria,France,282090,Processed,67021.0,mirror,47.516231,14.550072,46.227638,2.213749
Manganese,AUT,USA,Austria,USA,282090,Processed,4515.691,direct,47.516231,14.550072,37.09024,-95.712891
Manganese,AUT,SGP,Austria,Singapore,282090,Processed,2439.694,mirror,47.516231,14.550072,1.352083,103.819836
Manganese,AUT,DEU,Austria,Germany,282090,Processed,846.422,direct,47.516231,14.550072,51.165691,10.451526
Manganese,AUT,GRC,Austria,Greece,282010,Processed,69.272,direct,47.516231,14.550072,39.074208,21.824312
Manganese,AUT,LTU,Austria,Lithuania,282010,Processed,55.0,mirror,47.516231,14.550072,55.169438,23.881275
Manganese,AUT,MDA,Austria,Rep. of Moldova,282010,Processed,34.636,direct,47.516231,14.550072,47.411631,28.369885
Manganese,AUT,GBR,Austria,United Kingdom,282090,Processed,5.412,direct,47.516231,14.550072,55.378051,-3.435973
Manganese,BEL,JPN,Belgium,Japan,282090,Processed,2720441.616,direct,50.503887,4.469936,36.204824,138.252924
Manganese,BEL,POL,Belgium,Poland,282010|282090,Processed,2481951.1819999996,direct,50.503887,4.469936,51.919438,19.145136
Manganese,BEL,USA,Belgium,USA,282010|282090,Processed,1662165.1090000002,direct,50.503887,4.469936,37.09024,-95.712891
Manganese,BEL,S19,Belgium,"Other Asia, nes",282090,Processed,1336949.428,direct,50.503887,4.469936,,
Manganese,BEL,DEU,Belgium,Germany,282010|282090,Processed,1273159.163,direct,50.503887,4.469936,51.165691,10.451526
Manganese,BEL,GBR,Belgium,United Kingdom,282010|282090,Processed,1120985.6099999999,direct,50.503887,4.469936,55.378051,-3.435973
Manganese,BEL,CHN,Belgium,China,282010|282090,Processed,953508.086,direct,50.503887,4.469936,35.86166,104.195397
Manganese,BEL,HUN,Belgium,Hungary,282010|282090,Processed,760092.116,direct,50.503887,4.469936,47.162494,19.503304
Manganese,BEL,IND,Belgium,India,282010|282090,Processed,750872.653,direct,50.503887,4.469936,20.593684,78.96288
Manganese,BEL,ROU,Belgium,Romania,282010|282090,Processed,702552.2799999999,mirror,50.503887,4.469936,45.943161,24.96676
Manganese,BEL,KOR,Belgium,Rep. of Korea,282010|282090,Processed,364516.75299999997,direct,50.503887,4.469936,35.907757,127.766922
Manganese,BEL,ITA,Belgium,Italy,282010|282090,Processed,272659.46400000004,direct,50.503887,4.469936,41.87194,12.56738
Manganese,BEL,NLD,Belgium,Netherlands,282010|282090,Processed,248022.95799999998,direct,50.503887,4.469936,52.132633,5.291266
Manganese,BEL,FRA,Belgium,France,282010|282090,Processed,221632.683,direct,50.503887,4.469936,46.227638,2.213749
Manganese,BEL,MEX,Belgium,Mexico,282090,Processed,191439.42,direct,50.503887,4.469936,23.634501,-102.552784
Manganese,BEL,DNK,Belgium,Denmark,282010|282090,Processed,189389.532,direct,50.503887,4.469936,56.26392,9.501785
Manganese,BEL,BRA,Belgium,Brazil,282010|282090,Processed,162153.642,direct,50.503887,4.469936,-14.235004,-51.92528
Manganese,BEL,DZA,Belgium,Algeria,282090,Processed,107480.38,direct,50.503887,4.469936,28.033886,1.659626
Manganese,BEL,THA,Belgium,Thailand,282010|282090,Processed,100568.52500000001,direct,50.503887,4.469936,15.870032,100.992541
Manganese,BEL,TUN,Belgium,Tunisia,282090,Processed,89586.672,direct,50.503887,4.469936,33.886917,9.537499
Manganese,BEL,SVN,Belgium,Slovenia,282010|282090,Processed,80995.225,direct,50.503887,4.469936,46.151241,14.995463
Manganese,BEL,GTM,Belgium,Guatemala,282090,Processed,80560.0,mirror,50.503887,4.469936,15.783471,-90.230759
Manganese,BEL,SWE,Belgium,Sweden,282010|282090,Processed,70555.555,direct,50.503887,4.469936,60.128161,18.643501
Manganese,BEL,TUR,Belgium,Türkiye,282010|282090,Processed,62847.479,direct,50.503887,4.469936,38.963745,35.243322
Manganese,BEL,NGA,Belgium,Nigeria,282010|282090,Processed,49792.835999999996,mirror,50.503887,4.469936,9.081999,8.675277
Manganese,BEL,IRL,Belgium,Ireland,282010|282090,Processed,47905.466,direct,50.503887,4.469936,53.41291,-8.24389
Manganese,BEL,ESP,Belgium,Spain,282010|282090,Processed,41815.755999999994,direct,50.503887,4.469936,40.463667,-3.74922
Manganese,BEL,UZB,Belgium,Uzbekistan,282090,Processed,39097.379,direct,50.503887,4.469936,41.377491,64.585262
Manganese,BEL,ARE,Belgium,United Arab Emirates,282010,Processed,35592.003,direct,50.503887,4.469936,23.424076,53.847818
Manganese,BEL,ISR,Belgium,Israel,282010|282090,Processed,33560.916,direct,50.503887,4.469936,31.046051,34.851612
Manganese,BEL,KWT,Belgium,Kuwait,282090,Processed,27883.127,direct,50.503887,4.469936,29.31166,47.481766
Manganese,BEL,MYS,Belgium,Malaysia,282010|282090,Processed,25877.454999999998,direct,50.503887,4.469936,4.210484,101.975766
Manganese,BEL,PRT,Belgium,Portugal,282010|282090,Processed,23131.283,direct,50.503887,4.469936,39.399872,-8.224454
Manganese,BEL,DOM,Belgium,Dominican Rep.,282090,Processed,18885.244,direct,50.503887,4.469936,18.735693,-70.162651
Manganese,BEL,CZE,Belgium,Czechia,282010,Processed,16068.804,direct,50.503887,4.469936,49.817492,15.472962
Manganese,BEL,CHE,Belgium,Switzerland,282010|282090,Processed,15047.784,direct,50.503887,4.469936,46.818188,8.227512
Manganese,BEL,FIN,Belgium,Finland,282010|282090,Processed,9071.679,direct,50.503887,4.469936,61.92411,25.748151
Manganese,BEL,CMR,Belgium,Cameroon,282010,Processed,7273.597,direct,50.503887,4.469936,3.848033,11.502075
Manganese,BEL,GRC,Belgium,Greece,282010,Processed,5563.782,direct,50.503887,4.469936,39.074208,21.824312
Manganese,BEL,BIH,Belgium,Bosnia Herzegovina,282090,Processed,5098.5960000000005,mirror,50.503887,4.469936,43.915886,17.679076
Manganese,BEL,EST,Belgium,Estonia,282010,Processed,4038.61,direct,50.503887,4.469936,58.595272,25.013607
Manganese,BEL,CYP,Belgium,Cyprus,282090,Processed,3985.823,direct,50.503887,4.469936,35.126413,33.429859
Manganese,BEL,CAN,Belgium,Canada,282010|282090,Processed,3939.968,direct,50.503887,4.469936,56.130366,-106.346771
Manganese,BEL,COD,Belgium,Dem. Rep. of the Congo,282010,Processed,2751.465,direct,50.503887,4.469936,-4.038333,21.758664
Manganese,BEL,AUT,Belgium,Austria,282010|282090,Processed,2522.7690000000002,direct,50.503887,4.469936,47.516231,14.550072
Manganese,BEL,NOR,Belgium,Norway,282010,Processed,2363.583,direct,50.503887,4.469936,60.472024,8.468946
Manganese,BEL,VNM,Belgium,Viet Nam,282010,Processed,2271.917,direct,50.503887,4.469936,14.058324,108.277199
Manganese,BEL,KAZ,Belgium,Kazakhstan,282010,Processed,2069.078,direct,50.503887,4.469936,48.019573,66.923684
Manganese,BEL,AUS,Belgium,Australia,282010,Processed,1784.921,direct,50.503887,4.469936,-25.274398,133.775136
Manganese,BEL,IDN,Belgium,Indonesia,282090,Processed,1477.514,direct,50.503887,4.469936,-0.789275,113.921327
Manganese,BEL,PHL,Belgium,Philippines,282090,Processed,1408.816,direct,50.503887,4.469936,12.879721,121.774017
Manganese,BEL,PAK,Belgium,Pakistan,282010,Processed,1296.096,direct,50.503887,4.469936,30.375321,69.345116
Manganese,BEL,MKD,Belgium,North Macedonia,282090,Processed,1006.614,direct,50.503887,4.469936,41.608635,21.745275
Manganese,BEL,LVA,Belgium,Latvia,282010,Processed,986.482,direct,50.503887,4.469936,56.879635,24.603189
Manganese,BEL,SVK,Belgium,Slovakia,282010,Processed,572.06,direct,50.503887,4.469936,48.669026,19.699024
Manganese,BEL,SEN,Belgium,Senegal,282090,Processed,158.565,mirror,50.503887,4.469936,14.497401,14.452362
Manganese,BEL,MAR,Belgium,Morocco,282010,Processed,67.108,direct,50.503887,4.469936,31.791702,-7.09262
Manganese,BEL,ZAF,Belgium,South Africa,282010,Processed,42.992,mirror,50.503887,4.469936,-30.559482,22.937506
Manganese,BEL,UKR,Belgium,Ukraine,282010,Processed,24.072,direct,50.503887,4.469936,48.379433,31.16558
Manganese,BRA,DEU,Brazil,Germany,282010|282090,Processed,4442504.0,direct,-14.235004,-51.92528,51.165691,10.451526
Manganese,BRA,USA,Brazil,USA,282010|282090,Processed,2586622.0,direct,-14.235004,-51.92528,37.09024,-95.712891
Manganese,BRA,CAN,Brazil,Canada,282010|282090,Processed,2483773.884,mirror,-14.235004,-51.92528,56.130366,-106.346771
Manganese,BRA,ESP,Brazil,Spain,282090,Processed,2116220.0,direct,-14.235004,-51.92528,40.463667,-3.74922
Manganese,BRA,ARG,Brazil,Argentina,282010|282090,Processed,2022764.0,direct,-14.235004,-51.92528,-38.416097,-63.616672
Manganese,BRA,FRA,Brazil,France,282090,Processed,1752692.0,direct,-14.235004,-51.92528,46.227638,2.213749
Manganese,BRA,BEL,Brazil,Belgium,282010|282090,Processed,1566782.0,direct,-14.235004,-51.92528,50.503887,4.469936
Manganese,BRA,DOM,Brazil,Dominican Rep.,282090,Processed,1039311.0360000001,mirror,-14.235004,-51.92528,18.735693,-70.162651
Manganese,BRA,MAR,Brazil,Morocco,282090,Processed,991244.0,direct,-14.235004,-51.92528,31.791702,-7.09262
Manganese,BRA,CHL,Brazil,Chile,282010|282090,Processed,936452.0,direct,-14.235004,-51.92528,-35.675147,-71.542969
Manganese,BRA,SRB,Brazil,Serbia,282010|282090,Processed,823328.0,mirror,-14.235004,-51.92528,44.016521,21.005859
Manganese,BRA,PER,Brazil,Peru,282090,Processed,605554.0,direct,-14.235004,-51.92528,-9.189967,-75.015152
Manganese,BRA,DNK,Brazil,Denmark,282090,Processed,548920.0,direct,-14.235004,-51.92528,56.26392,9.501785
Manganese,BRA,SVN,Brazil,Slovenia,282090,Processed,452781.064,mirror,-14.235004,-51.92528,46.151241,14.995463
Manganese,BRA,EGY,Brazil,Egypt,282010|282090,Processed,435052.0,direct,-14.235004,-51.92528,26.820553,30.802498
Manganese,BRA,URY,Brazil,Uruguay,282090,Processed,311916.0,direct,-14.235004,-51.92528,-32.522779,-55.765835
Manganese,BRA,ITA,Brazil,Italy,282010|282090,Processed,272390.0,direct,-14.235004,-51.92528,41.87194,12.56738
Manganese,BRA,BOL,Brazil,Bolivia (Plurinational State of),282090,Processed,270286.0,direct,-14.235004,-51.92528,-16.290154,-63.588653
Manganese,BRA,NLD,Brazil,Netherlands,282010|282090,Processed,230605.371,direct,-14.235004,-51.92528,52.132633,5.291266
Manganese,BRA,UKR,Brazil,Ukraine,282090,Processed,209334.86,mirror,-14.235004,-51.92528,48.379433,31.16558
Manganese,BRA,PRT,Brazil,Portugal,282090,Processed,176180.0,direct,-14.235004,-51.92528,39.399872,-8.224454
Manganese,BRA,TUR,Brazil,Türkiye,282010|282090,Processed,167488.0,direct,-14.235004,-51.92528,38.963745,35.243322
Manganese,BRA,CRI,Brazil,Costa Rica,282090,Processed,162946.0,direct,-14.235004,-51.92528,9.748917,-83.753428
Manganese,BRA,JOR,Brazil,Jordan,282090,Processed,154986.0,direct,-14.235004,-51.92528,30.585164,36.238414
Manganese,BRA,TUN,Brazil,Tunisia,282090,Processed,153999.899,mirror,-14.235004,-51.92528,33.886917,9.537499
Manganese,BRA,NOR,Brazil,Norway,282010|282090,Processed,152391.134,direct,-14.235004,-51.92528,60.472024,8.468946
Manganese,BRA,IDN,Brazil,Indonesia,282010,Processed,135300.0,direct,-14.235004,-51.92528,-0.789275,113.921327
Manganese,BRA,POL,Brazil,Poland,282010|282090,Processed,134040.0,direct,-14.235004,-51.92528,51.919438,19.145136
Manganese,BRA,GBR,Brazil,United Kingdom,282010|282090,Processed,127157.772,direct,-14.235004,-51.92528,55.378051,-3.435973
Manganese,BRA,EST,Brazil,Estonia,282010,Processed,124769.52,mirror,-14.235004,-51.92528,58.595272,25.013607
Manganese,BRA,CHE,Brazil,Switzerland,282090,Processed,111139.78,mirror,-14.235004,-51.92528,46.818188,8.227512
Manganese,BRA,LTU,Brazil,Lithuania,282010,Processed,108240.0,direct,-14.235004,-51.92528,55.169438,23.881275
Manganese,BRA,PRY,Brazil,Paraguay,282010|282090,Processed,91711.34,direct,-14.235004,-51.92528,-23.442503,-58.443832
Manganese,BRA,PAK,Brazil,Pakistan,282090,Processed,80848.0,direct,-14.235004,-51.92528,30.375321,69.345116
Manganese,BRA,CZE,Brazil,Czechia,282090,Processed,77492.0,mirror,-14.235004,-51.92528,49.817492,15.472962
Manganese,BRA,ECU,Brazil,Ecuador,282090,Processed,56200.0,direct,-14.235004,-51.92528,-1.831239,-78.183406
Manganese,BRA,ISR,Brazil,Israel,282010|282090,Processed,55578.0,direct,-14.235004,-51.92528,31.046051,34.851612
Manganese,BRA,GTM,Brazil,Guatemala,282010|282090,Processed,53558.0,direct,-14.235004,-51.92528,15.783471,-90.230759
Manganese,BRA,SLV,Brazil,El Salvador,282010|282090,Processed,45212.42,mirror,-14.235004,-51.92528,13.794185,-88.89653
Manganese,BRA,NGA,Brazil,Nigeria,282010,Processed,42775.444,mirror,-14.235004,-51.92528,9.081999,8.675277
Manganese,BRA,IRL,Brazil,Ireland,282010,Processed,27607.196,mirror,-14.235004,-51.92528,53.41291,-8.24389
Manganese,BRA,AUT,Brazil,Austria,282010,Processed,21790.483,mirror,-14.235004,-51.92528,47.516231,14.550072
Manganese,BRA,MKD,Brazil,North Macedonia,282090,Processed,2232.56,mirror,-14.235004,-51.92528,41.608635,21.745275
Manganese,BRA,CHN,Brazil,China,282010,Processed,184.0,mirror,-14.235004,-51.92528,35.86166,104.195397
Manganese,BGR,TUR,Bulgaria,Türkiye,282010,Processed,261814.96,direct,42.733883,25.48583,38.963745,35.243322
Manganese,BGR,NLD,Bulgaria,Netherlands,282090,Processed,1.082,mirror,42.733883,25.48583,52.132633,5.291266
Manganese,CAN,GUY,Canada,Guyana,282010,Processed,116249.92,mirror,56.130366,-106.346771,4.860416,-58.93018
Manganese,CAN,TUR,Canada,Türkiye,282010|282090,Processed,44320.0,mirror,56.130366,-106.346771,38.963745,35.243322
Manganese,CAN,USA,Canada,USA,282090,Processed,36994.948,direct,56.130366,-106.346771,37.09024,-95.712891
Manganese,CAN,IRL,Canada,Ireland,282090,Processed,880.296,direct,56.130366,-106.346771,53.41291,-8.24389
Manganese,CAN,MYS,Canada,Malaysia,282010,Processed,862.244,mirror,56.130366,-106.346771,4.210484,101.975766
Manganese,CAN,KOR,Canada,Rep. of Korea,282010|282090,Processed,816.86,direct,56.130366,-106.346771,35.907757,127.766922
Manganese,CAN,AUT,Canada,Austria,282090,Processed,49.79,mirror,56.130366,-106.346771,47.516231,14.550072
Manganese,CHL,PER,Chile,Peru,282010,Processed,13411.84,direct,-35.675147,-71.542969,-9.189967,-75.015152
Manganese,CHN,IDN,China,Indonesia,282010|282090,Processed,30704821.0,direct,35.86166,104.195397,-0.789275,113.921327
Manganese,CHN,SGP,China,Singapore,282010|282090,Processed,17973841.995,direct,35.86166,104.195397,1.352083,103.819836
Manganese,CHN,IND,China,India,282010|282090,Processed,12959779.0,direct,35.86166,104.195397,20.593684,78.96288
Manganese,CHN,VNM,China,Viet Nam,282010|282090,Processed,10690407.0,direct,35.86166,104.195397,14.058324,108.277199
Manganese,CHN,KOR,China,Rep. of Korea,282010|282090,Processed,5899216.0,direct,35.86166,104.195397,35.907757,127.766922
Manganese,CHN,DEU,China,Germany,282010|282090,Processed,5552738.0,direct,35.86166,104.195397,51.165691,10.451526
Manganese,CHN,S19,China,"Other Asia, nes",282010|282090,Processed,3161906.0,direct,35.86166,104.195397,,
Manganese,CHN,THA,China,Thailand,282010|282090,Processed,2734480.0,direct,35.86166,104.195397,15.870032,100.992541
Manganese,CHN,BRA,China,Brazil,282010|282090,Processed,2506530.0,direct,35.86166,104.195397,-14.235004,-51.92528
Manganese,CHN,MYS,China,Malaysia,282010|282090,Processed,2187302.0,direct,35.86166,104.195397,4.210484,101.975766
Manganese,CHN,MMR,China,Myanmar,282010|282090,Processed,2055816.0,direct,35.86166,104.195397,21.913965,95.956223
Manganese,CHN,EGY,China,Egypt,282010|282090,Processed,1439673.0,direct,35.86166,104.195397,26.820553,30.802498
Manganese,CHN,NGA,China,Nigeria,282010,Processed,1297627.424,mirror,35.86166,104.195397,9.081999,8.675277
Manganese,CHN,CRI,China,Costa Rica,282010|282090,Processed,1286193.0,direct,35.86166,104.195397,9.748917,-83.753428
Manganese,CHN,BGD,China,Bangladesh,282010,Processed,1179946.0,direct,35.86166,104.195397,23.684994,90.356331
Manganese,CHN,POL,China,Poland,282010|282090,Processed,1026237.0,direct,35.86166,104.195397,51.919438,19.145136
Manganese,CHN,MAR,China,Morocco,282010|282090,Processed,945688.0,direct,35.86166,104.195397,31.791702,-7.09262
Manganese,CHN,ESP,China,Spain,282090,Processed,768009.968,mirror,35.86166,104.195397,40.463667,-3.74922
Manganese,CHN,KEN,China,Kenya,282010|282090,Processed,615861.122,direct,35.86166,104.195397,-0.023559,37.906193
Manganese,CHN,USA,China,USA,282010|282090,Processed,613308.0,direct,35.86166,104.195397,37.09024,-95.712891
Manganese,CHN,UGA,China,Uganda,282010,Processed,341296.55,mirror,35.86166,104.195397,1.373333,32.290275
Manganese,CHN,COL,China,Colombia,282010|282090,Processed,294730.0,direct,35.86166,104.195397,4.570868,-74.297333
Manganese,CHN,NLD,China,Netherlands,282010|282090,Processed,287026.1,direct,35.86166,104.195397,52.132633,5.291266
Manganese,CHN,JPN,China,Japan,282010|282090,Processed,258284.0,direct,35.86166,104.195397,36.204824,138.252924
Manganese,CHN,ITA,China,Italy,282010|282090,Processed,196988.027,direct,35.86166,104.195397,41.87194,12.56738
Manganese,CHN,BEL,China,Belgium,282010|282090,Processed,162070.899,direct,35.86166,104.195397,50.503887,4.469936
Manganese,CHN,PAK,China,Pakistan,282010|282090,Processed,156718.0,direct,35.86166,104.195397,30.375321,69.345116
Manganese,CHN,GBR,China,United Kingdom,282010|282090,Processed,152649.96,direct,35.86166,104.195397,55.378051,-3.435973
Manganese,CHN,HUN,China,Hungary,282090,Processed,149677.044,mirror,35.86166,104.195397,47.162494,19.503304
Manganese,CHN,DZA,China,Algeria,282090,Processed,131666.0,direct,35.86166,104.195397,28.033886,1.659626
Manganese,CHN,FRA,China,France,282010|282090,Processed,108349.0,direct,35.86166,104.195397,46.227638,2.213749
Manganese,CHN,RUS,China,Russian Federation,282010|282090,Processed,105916.0,direct,35.86166,104.195397,61.52401,105.318756
Manganese,CHN,KWT,China,Kuwait,282090,Processed,105813.0,mirror,35.86166,104.195397,29.31166,47.481766
Manganese,CHN,ZAF,China,South Africa,282010|282090,Processed,92325.0,direct,35.86166,104.195397,-30.559482,22.937506
Manganese,CHN,IRQ,China,Iraq,282010,Processed,82830.0,direct,35.86166,104.195397,33.223191,43.679291
Manganese,CHN,SLV,China,El Salvador,282010|282090,Processed,60514.759999999995,direct,35.86166,104.195397,13.794185,-88.89653
Manganese,CHN,CAN,China,Canada,282010|282090,Processed,58614.684,direct,35.86166,104.195397,56.130366,-106.346771
Manganese,CHN,SVN,China,Slovenia,282090,Processed,58004.376,mirror,35.86166,104.195397,46.151241,14.995463
Manganese,CHN,ARE,China,United Arab Emirates,282010|282090,Processed,56530.0,direct,35.86166,104.195397,23.424076,53.847818
Manganese,CHN,MLI,China,Mali,282010,Processed,54976.0,direct,35.86166,104.195397,17.570692,-3.996166
Manganese,CHN,PRK,China,Dem. People's Rep. of Korea,282010,Processed,52800.0,direct,35.86166,104.195397,40.339852,127.510093
Manganese,CHN,BOL,China,Bolivia (Plurinational State of),282010|282090,Processed,45009.0,direct,35.86166,104.195397,-16.290154,-63.588653
Manganese,CHN,LKA,China,Sri Lanka,282010|282090,Processed,43955.0,direct,35.86166,104.195397,7.873054,80.771797
Manganese,CHN,CHE,China,Switzerland,282010|282090,Processed,41115.765999999996,mirror,35.86166,104.195397,46.818188,8.227512
Manganese,CHN,TUR,China,Türkiye,282010|282090,Processed,38416.0,direct,35.86166,104.195397,38.963745,35.243322
Manganese,CHN,UKR,China,Ukraine,282090,Processed,35477.0,direct,35.86166,104.195397,48.379433,31.16558
Manganese,CHN,KAZ,China,Kazakhstan,282010|282090,Processed,30622.84,direct,35.86166,104.195397,48.019573,66.923684
Manganese,CHN,GRC,China,Greece,282090,Processed,29666.0,direct,35.86166,104.195397,39.074208,21.824312
Manganese,CHN,ECU,China,Ecuador,282090,Processed,21541.0,direct,35.86166,104.195397,-1.831239,-78.183406
Manganese,CHN,NZL,China,New Zealand,282090,Processed,19190.0,direct,35.86166,104.195397,-40.900557,174.885971
Manganese,CHN,SRB,China,Serbia,282090,Processed,18738.0,direct,35.86166,104.195397,44.016521,21.005859
Manganese,CHN,SYR,China,Syria,282090,Processed,18355.0,direct,35.86166,104.195397,34.802075,38.996815
Manganese,CHN,HRV,China,Croatia,282090,Processed,18189.0,direct,35.86166,104.195397,45.1,15.2
Manganese,CHN,MEX,China,Mexico,282090,Processed,17134.0,direct,35.86166,104.195397,23.634501,-102.552784
Manganese,CHN,VEN,China,Venezuela,282090,Processed,17098.0,direct,35.86166,104.195397,6.42375,-66.58973
Manganese,CHN,KGZ,China,Kyrgyzstan,282010,Processed,12747.0,direct,35.86166,104.195397,41.20438,74.766098
Manganese,CHN,LTU,China,Lithuania,282090,Processed,11820.0,direct,35.86166,104.195397,55.169438,23.881275
Manganese,CHN,PAN,China,Panama,282090,Processed,10733.0,direct,35.86166,104.195397,8.537981,-80.782127
Manganese,CHN,PER,China,Peru,282010|282090,Processed,10700.0,direct,35.86166,104.195397,-9.189967,-75.015152
Manganese,CHN,CHL,China,Chile,282090,Processed,9555.0,direct,35.86166,104.195397,-35.675147,-71.542969
Manganese,CHN,GTM,China,Guatemala,282090,Processed,6403.0,direct,35.86166,104.195397,15.783471,-90.230759
Manganese,CHN,PHL,China,Philippines,282010,Processed,6400.0,direct,35.86166,104.195397,12.879721,121.774017
Manganese,CHN,CZE,China,Czechia,282090,Processed,5552.0,mirror,35.86166,104.195397,49.817492,15.472962
Manganese,CHN,AUS,China,Australia,282010|282090,Processed,4972.0,direct,35.86166,104.195397,-25.274398,133.775136
Manganese,CHN,SAU,China,Saudi Arabia,282090,Processed,2854.0,direct,35.86166,104.195397,23.885942,45.079162
Manganese,CHN,MKD,China,North Macedonia,282010|282090,Processed,2411.1,mirror,35.86166,104.195397,41.608635,21.745275
Manganese,CHN,TZA,China,United Rep. of Tanzania,282090,Processed,2197.794,mirror,35.86166,104.195397,-6.369028,34.888822
Manganese,CHN,IRL,China,Ireland,282010,Processed,1111.605,mirror,35.86166,104.195397,53.41291,-8.24389
Manganese,CHN,PRT,China,Portugal,282090,Processed,670.64,mirror,35.86166,104.195397,39.399872,-8.224454
Manganese,CHN,AUT,China,Austria,282010|282090,Processed,368.009,mirror,35.86166,104.195397,47.516231,14.550072
Manganese,CHN,MWI,China,Malawi,282090,Processed,323.07,mirror,35.86166,104.195397,-13.254308,34.301525
Manganese,CHN,DNK,China,Denmark,282010,Processed,301.11,mirror,35.86166,104.195397,56.26392,9.501785
Manganese,CHN,CHN,China,China,282010|282090,Processed,210.0,mirror,35.86166,104.195397,35.86166,104.195397
Manganese,CHN,MLT,China,Malta,282090,Processed,121.228,mirror,35.86166,104.195397,35.937496,14.375416
Manganese,CHN,URY,China,Uruguay,282010,Processed,42.0,mirror,35.86166,104.195397,-32.522779,-55.765835
Manganese,CHN,TUN,China,Tunisia,282090,Processed,36.364,mirror,35.86166,104.195397,33.886917,9.537499
Manganese,CHN,IRN,China,Iran,282010,Processed,36.0,direct,35.86166,104.195397,32.427908,53.688046
Manganese,CHN,JOR,China,Jordan,282010,Processed,25.0,direct,35.86166,104.195397,30.585164,36.238414
Manganese,CHN,BHR,China,Bahrain,282090,Processed,6.053,mirror,35.86166,104.195397,26.0275,50.55
Manganese,CXR,FRA,Christmas Isds,France,282090,Processed,1151.652,mirror,,,46.227638,2.213749
Manganese,COL,USA,Colombia,USA,282010,Processed,9992631.5,direct,4.570868,-74.297333,37.09024,-95.712891
Manganese,COL,THA,Colombia,Thailand,282010,Processed,1694282.5,direct,4.570868,-74.297333,15.870032,100.992541
Manganese,COL,BRA,Colombia,Brazil,282010,Processed,995737.5,direct,4.570868,-74.297333,-14.235004,-51.92528
Manganese,COL,JPN,Colombia,Japan,282010,Processed,772590.0,direct,4.570868,-74.297333,36.204824,138.252924
Manganese,COL,POL,Colombia,Poland,282010,Processed,467782.0,mirror,4.570868,-74.297333,51.919438,19.145136
Manganese,COL,ARE,Colombia,United Arab Emirates,282090,Processed,154773.06,direct,4.570868,-74.297333,23.424076,53.847818
Manganese,COL,SAU,Colombia,Saudi Arabia,282090,Processed,76685.04,direct,4.570868,-74.297333,23.885942,45.079162
Manganese,COL,BEL,Colombia,Belgium,282010,Processed,17700.0,direct,4.570868,-74.297333,50.503887,4.469936
Manganese,COL,GTM,Colombia,Guatemala,282090,Processed,5590.0,direct,4.570868,-74.297333,15.783471,-90.230759
Manganese,COL,VEN,Colombia,Venezuela,282090,Processed,167.5,direct,4.570868,-74.297333,6.42375,-66.58973
Manganese,CRI,CAN,Costa Rica,Canada,282090,Processed,14840.864,mirror,9.748917,-83.753428,56.130366,-106.346771
Manganese,CRI,GTM,Costa Rica,Guatemala,282090,Processed,10200.0,direct,9.748917,-83.753428,15.783471,-90.230759
Manganese,HRV,SRB,Croatia,Serbia,282010,Processed,244.0,direct,45.1,15.2,44.016521,21.005859
Manganese,CZE,DEU,Czechia,Germany,282090,Processed,949777.136,mirror,49.817492,15.472962,51.165691,10.451526
Manganese,CZE,BEL,Czechia,Belgium,282010,Processed,349202.0,direct,49.817492,15.472962,50.503887,4.469936
Manganese,CZE,SVN,Czechia,Slovenia,282010,Processed,113378.52,mirror,49.817492,15.472962,46.151241,14.995463
Manganese,CZE,HUN,Czechia,Hungary,282010,Processed,82773.856,mirror,49.817492,15.472962,47.162494,19.503304
Manganese,CZE,KGZ,Czechia,Kyrgyzstan,282010,Processed,78202.0,direct,49.817492,15.472962,41.20438,74.766098
Manganese,CZE,AUT,Czechia,Austria,282010,Processed,20568.476,mirror,49.817492,15.472962,47.516231,14.550072
Manganese,CZE,SVK,Czechia,Slovakia,282010|282090,Processed,9816.0,direct,49.817492,15.472962,48.669026,19.699024
Manganese,CZE,NLD,Czechia,Netherlands,282010|282090,Processed,205.082,direct,49.817492,15.472962,52.132633,5.291266
Manganese,CZE,SWE,Czechia,Sweden,282090,Processed,4.0,direct,49.817492,15.472962,60.128161,18.643501
Manganese,DNK,SWE,Denmark,Sweden,282010|282090,Processed,206789.87099999998,direct,56.26392,9.501785,60.128161,18.643501
Manganese,DNK,POL,Denmark,Poland,282090,Processed,2958.0,mirror,56.26392,9.501785,51.919438,19.145136
Manganese,DNK,FIN,Denmark,Finland,282090,Processed,316.63,direct,56.26392,9.501785,61.92411,25.748151
Manganese,DNK,NOR,Denmark,Norway,282010,Processed,279.064,direct,56.26392,9.501785,60.472024,8.468946
Manganese,DNK,GBR,Denmark,United Kingdom,282090,Processed,33.505,direct,56.26392,9.501785,55.378051,-3.435973
Manganese,DNK,NLD,Denmark,Netherlands,282090,Processed,10.824,mirror,56.26392,9.501785,52.132633,5.291266
Manganese,EGY,NLD,Egypt,Netherlands,282090,Processed,42417.0,direct,26.820553,30.802498,52.132633,5.291266
Manganese,EGY,AGO,Egypt,Angola,282090,Processed,550.0,mirror,26.820553,30.802498,-11.202692,17.873887
Manganese,SLV,S19,El Salvador,"Other Asia, nes",282010,Processed,7.5,direct,13.794185,-88.89653,,
Manganese,EST,BLR,Estonia,Belarus,282090,Processed,428694.16,direct,58.595272,25.013607,53.709807,27.953389
Manganese,EST,DEU,Estonia,Germany,282090,Processed,323175.52,direct,58.595272,25.013607,51.165691,10.451526
Manganese,EST,UKR,Estonia,Ukraine,282090,Processed,173467.92,direct,58.595272,25.013607,48.379433,31.16558
Manganese,FIN,CHN,Finland,China,282090,Processed,1810.0,mirror,61.92411,25.748151,35.86166,104.195397
Manganese,FIN,NLD,Finland,Netherlands,282090,Processed,15.153,mirror,61.92411,25.748151,52.132633,5.291266
Manganese,FRA,DNK,France,Denmark,282010|282090,Processed,5765035.42,direct,46.227638,2.213749,56.26392,9.501785
Manganese,FRA,DEU,France,Germany,282010|282090,Processed,3400813.428,direct,46.227638,2.213749,51.165691,10.451526
Manganese,FRA,KWT,France,Kuwait,282090,Processed,2547304.48,direct,46.227638,2.213749,29.31166,47.481766
Manganese,FRA,NLD,France,Netherlands,282090,Processed,1610192.468,direct,46.227638,2.213749,52.132633,5.291266
Manganese,FRA,BEL,France,Belgium,282010|282090,Processed,1451606.412,direct,46.227638,2.213749,50.503887,4.469936
Manganese,FRA,COL,France,Colombia,282090,Processed,1424334.752,direct,46.227638,2.213749,4.570868,-74.297333
Manganese,FRA,USA,France,USA,282090,Processed,1042726.368,direct,46.227638,2.213749,37.09024,-95.712891
Manganese,FRA,CRI,France,Costa Rica,282010,Processed,898851.04,mirror,46.227638,2.213749,9.748917,-83.753428
Manganese,FRA,ITA,France,Italy,282010|282090,Processed,481317.272,direct,46.227638,2.213749,41.87194,12.56738
Manganese,FRA,LVA,France,Latvia,282090,Processed,426544.492,direct,46.227638,2.213749,56.879635,24.603189
Manganese,FRA,POL,France,Poland,282090,Processed,329519.908,direct,46.227638,2.213749,51.919438,19.145136
Manganese,FRA,IRQ,France,Iraq,282090,Processed,307456.664,direct,46.227638,2.213749,33.223191,43.679291
Manganese,FRA,TUN,France,Tunisia,282010|282090,Processed,299429.732,direct,46.227638,2.213749,33.886917,9.537499
Manganese,FRA,IND,France,India,282090,Processed,286423.848,direct,46.227638,2.213749,20.593684,78.96288
Manganese,FRA,DZA,France,Algeria,282010|282090,Processed,276825.296,direct,46.227638,2.213749,28.033886,1.659626
Manganese,FRA,ESP,France,Spain,282010|282090,Processed,230295.924,direct,46.227638,2.213749,40.463667,-3.74922
Manganese,FRA,GBR,France,United Kingdom,282090,Processed,110896.372,direct,46.227638,2.213749,55.378051,-3.435973
Manganese,FRA,LTU,France,Lithuania,282090,Processed,109103.952,direct,46.227638,2.213749,55.169438,23.881275
Manganese,FRA,GAB,France,Gabon,282010,Processed,92305.404,direct,46.227638,2.213749,-0.803689,11.609444
Manganese,FRA,TUR,France,Türkiye,282090,Processed,73177.58,direct,46.227638,2.213749,38.963745,35.243322
Manganese,FRA,IRL,France,Ireland,282090,Processed,55591.06,direct,46.227638,2.213749,53.41291,-8.24389
Manganese,FRA,KHM,France,Cambodia,282090,Processed,26042.072,direct,46.227638,2.213749,12.565679,104.990963
Manganese,FRA,CHN,France,China,282090,Processed,25171.84,direct,46.227638,2.213749,35.86166,104.195397
Manganese,FRA,AUT,France,Austria,282090,Processed,16127.468,direct,46.227638,2.213749,47.516231,14.550072
Manganese,FRA,TGO,France,Togo,282010,Processed,15330.836,direct,46.227638,2.213749,8.619543,0.824782
Manganese,FRA,MAR,France,Morocco,282090,Processed,10382.192,direct,46.227638,2.213749,31.791702,-7.09262
Manganese,FRA,ROU,France,Romania,282090,Processed,8078.888,direct,46.227638,2.213749,45.943161,24.96676
Manganese,FRA,PHL,France,Philippines,282090,Processed,3658.444,direct,46.227638,2.213749,12.879721,121.774017
Manganese,FRA,PRT,France,Portugal,282010|282090,Processed,1190.616,direct,46.227638,2.213749,39.399872,-8.224454
Manganese,FRA,UKR,France,Ukraine,282090,Processed,797.26,mirror,46.227638,2.213749,48.379433,31.16558
Manganese,FRA,CYP,France,Cyprus,282010,Processed,653.756,direct,46.227638,2.213749,35.126413,33.429859
Manganese,FRA,CAN,France,Canada,282010,Processed,515.212,direct,46.227638,2.213749,56.130366,-106.346771
Manganese,FRA,AZE,France,Azerbaijan,282010,Processed,421.2,mirror,46.227638,2.213749,40.143105,47.576927
Manganese,FRA,ARG,France,Argentina,282010,Processed,415.636,direct,46.227638,2.213749,-38.416097,-63.616672
Manganese,FRA,GRC,France,Greece,282010|282090,Processed,158.026,direct,46.227638,2.213749,39.074208,21.824312
Manganese,FRA,SVN,France,Slovenia,282010,Processed,142.876,direct,46.227638,2.213749,46.151241,14.995463
Manganese,FRA,MLT,France,Malta,282010,Processed,138.544,direct,46.227638,2.213749,35.937496,14.375416
Manganese,FRA,CHE,France,Switzerland,282090,Processed,90.92,direct,46.227638,2.213749,46.818188,8.227512
Manganese,FRA,MKD,France,North Macedonia,282010,Processed,73.6,direct,46.227638,2.213749,41.608635,21.745275
Manganese,FRA,KOR,France,Rep. of Korea,282010,Processed,17.0,mirror,46.227638,2.213749,35.907757,127.766922
Manganese,GAB,USA,Gabon,USA,282090,Processed,1631232.0,mirror,-0.803689,11.609444,37.09024,-95.712891
Manganese,GAB,IND,Gabon,India,282090,Processed,1271177.848,mirror,-0.803689,11.609444,20.593684,78.96288
Manganese,GAB,BRA,Gabon,Brazil,282090,Processed,20032.0,mirror,-0.803689,11.609444,-14.235004,-51.92528
Manganese,GAB,UGA,Gabon,Uganda,282010,Processed,6297.09,mirror,-0.803689,11.609444,1.373333,32.290275
Manganese,GAB,UKR,Gabon,Ukraine,282010,Processed,3592.5,mirror,-0.803689,11.609444,48.379433,31.16558
Manganese,GAB,NLD,Gabon,Netherlands,282010,Processed,114.732,mirror,-0.803689,11.609444,52.132633,5.291266
Manganese,GEO,RUS,Georgia,Russian Federation,282010|282090,Processed,11330317.074000001,direct,42.315407,43.356892,61.52401,105.318756
Manganese,GEO,TUR,Georgia,Türkiye,282090,Processed,3300286.0,direct,42.315407,43.356892,38.963745,35.243322
Manganese,GEO,GBR,Georgia,United Kingdom,282010|282090,Processed,2706065.52,direct,42.315407,43.356892,55.378051,-3.435973
Manganese,GEO,NLD,Georgia,Netherlands,282010|282090,Processed,2123786.198,direct,42.315407,43.356892,52.132633,5.291266
Manganese,GEO,FRA,Georgia,France,282010|282090,Processed,2077000.0,direct,42.315407,43.356892,46.227638,2.213749
Manganese,GEO,ESP,Georgia,Spain,282090,Processed,1725547.76,direct,42.315407,43.356892,40.463667,-3.74922
Manganese,GEO,ITA,Georgia,Italy,282010|282090,Processed,1166750.0,direct,42.315407,43.356892,41.87194,12.56738
Manganese,GEO,IRN,Georgia,Iran,282090,Processed,866039.27,direct,42.315407,43.356892,32.427908,53.688046
Manganese,GEO,POL,Georgia,Poland,282090,Processed,704060.166,direct,42.315407,43.356892,51.919438,19.145136
Manganese,GEO,EGY,Georgia,Egypt,282090,Processed,697000.0,direct,42.315407,43.356892,26.820553,30.802498
Manganese,GEO,CZE,Georgia,Czechia,282010|282090,Processed,674000.0,direct,42.315407,43.356892,49.817492,15.472962
Manganese,GEO,ISR,Georgia,Israel,282090,Processed,648000.0,direct,42.315407,43.356892,31.046051,34.851612
Manganese,GEO,UKR,Georgia,Ukraine,282090,Processed,499392.0,direct,42.315407,43.356892,48.379433,31.16558
Manganese,GEO,DNK,Georgia,Denmark,282010|282090,Processed,452167.684,direct,42.315407,43.356892,56.26392,9.501785
Manganese,GEO,CHN,Georgia,China,282090,Processed,440500.0,direct,42.315407,43.356892,35.86166,104.195397
Manganese,GEO,LTU,Georgia,Lithuania,282010|282090,Processed,369347.0,direct,42.315407,43.356892,55.169438,23.881275
Manganese,GEO,BLR,Georgia,Belarus,282010|282090,Processed,321583.128,direct,42.315407,43.356892,53.709807,27.953389
Manganese,GEO,DOM,Georgia,Dominican Rep.,282090,Processed,312896.208,mirror,42.315407,43.356892,18.735693,-70.162651
Manganese,GEO,SVN,Georgia,Slovenia,282090,Processed,300500.0,direct,42.315407,43.356892,46.151241,14.995463
Manganese,GEO,GRC,Georgia,Greece,282090,Processed,293500.0,direct,42.315407,43.356892,39.074208,21.824312
Manganese,GEO,IRL,Georgia,Ireland,282090,Processed,265934.7,direct,42.315407,43.356892,53.41291,-8.24389
Manganese,GEO,BEL,Georgia,Belgium,282090,Processed,223800.0,direct,42.315407,43.356892,50.503887,4.469936
Manganese,GEO,MYS,Georgia,Malaysia,282090,Processed,202580.0,direct,42.315407,43.356892,4.210484,101.975766
Manganese,GEO,CYP,Georgia,Cyprus,282090,Processed,126700.0,direct,42.315407,43.356892,35.126413,33.429859
Manganese,GEO,LBN,Georgia,Lebanon,282090,Processed,122375.0,direct,42.315407,43.356892,33.854721,35.862285
Manganese,GEO,HUN,Georgia,Hungary,282090,Processed,115500.0,direct,42.315407,43.356892,47.162494,19.503304
Manganese,GEO,ARE,Georgia,United Arab Emirates,282010,Processed,112759.19,direct,42.315407,43.356892,23.424076,53.847818
Manganese,GEO,DZA,Georgia,Algeria,282090,Processed,90000.0,direct,42.315407,43.356892,28.033886,1.659626
Manganese,GEO,SVK,Georgia,Slovakia,282090,Processed,80500.0,direct,42.315407,43.356892,48.669026,19.699024
Manganese,GEO,NGA,Georgia,Nigeria,282090,Processed,42500.0,direct,42.315407,43.356892,9.081999,8.675277
Manganese,GEO,AUT,Georgia,Austria,282090,Processed,41594.799,mirror,42.315407,43.356892,47.516231,14.550072
Manganese,GEO,SYR,Georgia,Syria,282090,Processed,38000.0,direct,42.315407,43.356892,34.802075,38.996815
Manganese,GEO,CHE,Georgia,Switzerland,282090,Processed,24078.848,mirror,42.315407,43.356892,46.818188,8.227512
Manganese,GEO,TUN,Georgia,Tunisia,282090,Processed,10064.2,mirror,42.315407,43.356892,33.886917,9.537499
Manganese,GEO,JOR,Georgia,Jordan,282090,Processed,8607.577,mirror,42.315407,43.356892,30.585164,36.238414
Manganese,DEU,SVN,Germany,Slovenia,282010|282090,Processed,1479556.3839999998,direct,51.165691,10.451526,46.151241,14.995463
Manganese,DEU,ITA,Germany,Italy,282010|282090,Processed,1165739.98,direct,51.165691,10.451526,41.87194,12.56738
Manganese,DEU,BGR,Germany,Bulgaria,282010,Processed,1133322.92,direct,51.165691,10.451526,42.733883,25.48583
Manganese,DEU,KAZ,Germany,Kazakhstan,282010|282090,Processed,750035.11,mirror,51.165691,10.451526,48.019573,66.923684
Manganese,DEU,BEL,Germany,Belgium,282010|282090,Processed,713812.448,direct,51.165691,10.451526,50.503887,4.469936
Manganese,DEU,IRN,Germany,Iran,282010,Processed,549748.76,direct,51.165691,10.451526,32.427908,53.688046
Manganese,DEU,FRA,Germany,France,282010|282090,Processed,517918.504,direct,51.165691,10.451526,46.227638,2.213749
Manganese,DEU,TUR,Germany,Türkiye,282010|282090,Processed,511497.128,direct,51.165691,10.451526,38.963745,35.243322
Manganese,DEU,THA,Germany,Thailand,282010|282090,Processed,435354.344,direct,51.165691,10.451526,15.870032,100.992541
Manganese,DEU,AUT,Germany,Austria,282010|282090,Processed,372431.544,direct,51.165691,10.451526,47.516231,14.550072
Manganese,DEU,POL,Germany,Poland,282010|282090,Processed,333190.712,direct,51.165691,10.451526,51.919438,19.145136
Manganese,DEU,IND,Germany,India,282010|282090,Processed,318294.124,direct,51.165691,10.451526,20.593684,78.96288
Manganese,DEU,VNM,Germany,Viet Nam,282010,Processed,261289.728,direct,51.165691,10.451526,14.058324,108.277199
Manganese,DEU,COD,Germany,Dem. Rep. of the Congo,282010,Processed,255111.456,direct,51.165691,10.451526,-4.038333,21.758664
Manganese,DEU,FIN,Germany,Finland,282010|282090,Processed,251749.872,direct,51.165691,10.451526,61.92411,25.748151
Manganese,DEU,SWE,Germany,Sweden,282010|282090,Processed,225511.08000000002,direct,51.165691,10.451526,60.128161,18.643501
Manganese,DEU,USA,Germany,USA,282010|282090,Processed,168380.296,direct,51.165691,10.451526,37.09024,-95.712891
Manganese,DEU,DNK,Germany,Denmark,282010|282090,Processed,119902.362,direct,51.165691,10.451526,56.26392,9.501785
Manganese,DEU,SRB,Germany,Serbia,282010|282090,Processed,99465.52799999999,direct,51.165691,10.451526,44.016521,21.005859
Manganese,DEU,CHE,Germany,Switzerland,282010|282090,Processed,91374.696,direct,51.165691,10.451526,46.818188,8.227512
Manganese,DEU,ROU,Germany,Romania,282010|282090,Processed,86244.304,direct,51.165691,10.451526,45.943161,24.96676
Manganese,DEU,ESP,Germany,Spain,282010|282090,Processed,80183.392,direct,51.165691,10.451526,40.463667,-3.74922
Manganese,DEU,NZL,Germany,New Zealand,282010,Processed,76704.448,direct,51.165691,10.451526,-40.900557,174.885971
Manganese,DEU,GBR,Germany,United Kingdom,282010|282090,Processed,75497.296,direct,51.165691,10.451526,55.378051,-3.435973
Manganese,DEU,IDN,Germany,Indonesia,282010|282090,Processed,55587.672,direct,51.165691,10.451526,-0.789275,113.921327
Manganese,DEU,JOR,Germany,Jordan,282010,Processed,54838.352,mirror,51.165691,10.451526,30.585164,36.238414
Manganese,DEU,CHN,Germany,China,282010|282090,Processed,43024.632,direct,51.165691,10.451526,35.86166,104.195397
Manganese,DEU,CAN,Germany,Canada,282010,Processed,41565.706,mirror,51.165691,10.451526,56.130366,-106.346771
Manganese,DEU,NLD,Germany,Netherlands,282010|282090,Processed,39710.272,direct,51.165691,10.451526,52.132633,5.291266
Manganese,DEU,MAR,Germany,Morocco,282010,Processed,27278.28,direct,51.165691,10.451526,31.791702,-7.09262
Manganese,DEU,LVA,Germany,Latvia,282010,Processed,26775.304,direct,51.165691,10.451526,56.879635,24.603189
Manganese,DEU,JPN,Germany,Japan,282010,Processed,25056.784,direct,51.165691,10.451526,36.204824,138.252924
Manganese,DEU,UKR,Germany,Ukraine,282010,Processed,19649.752,direct,51.165691,10.451526,48.379433,31.16558
Manganese,DEU,HUN,Germany,Hungary,282010|282090,Processed,17361.192,direct,51.165691,10.451526,47.162494,19.503304
Manganese,DEU,LUX,Germany,Luxembourg,282010|282090,Processed,16137.272,direct,51.165691,10.451526,49.815273,6.129583
Manganese,DEU,KOR,Germany,Rep. of Korea,282090,Processed,15399.568,direct,51.165691,10.451526,35.907757,127.766922
Manganese,DEU,NOR,Germany,Norway,282010|282090,Processed,15091.616,mirror,51.165691,10.451526,60.472024,8.468946
Manganese,DEU,UZB,Germany,Uzbekistan,282010,Processed,14400.0,mirror,51.165691,10.451526,41.377491,64.585262
Manganese,DEU,CZE,Germany,Czechia,282010|282090,Processed,13396.032,direct,51.165691,10.451526,49.817492,15.472962
Manganese,DEU,EST,Germany,Estonia,282010,Processed,11157.776,direct,51.165691,10.451526,58.595272,25.013607
Manganese,DEU,PRT,Germany,Portugal,282010|282090,Processed,9422.488,direct,51.165691,10.451526,39.399872,-8.224454
Manganese,DEU,SAU,Germany,Saudi Arabia,282090,Processed,8210.133,mirror,51.165691,10.451526,23.885942,45.079162
Manganese,DEU,GRC,Germany,Greece,282010|282090,Processed,7587.27,direct,51.165691,10.451526,39.074208,21.824312
Manganese,DEU,TUN,Germany,Tunisia,282010,Processed,5910.016,direct,51.165691,10.451526,33.886917,9.537499
Manganese,DEU,UGA,Germany,Uganda,282010,Processed,5692.056,direct,51.165691,10.451526,1.373333,32.290275
Manganese,DEU,S19,Germany,"Other Asia, nes",282010,Processed,3395.112,direct,51.165691,10.451526,,
Manganese,DEU,SVK,Germany,Slovakia,282010,Processed,3395.112,direct,51.165691,10.451526,48.669026,19.699024
Manganese,DEU,ZAF,Germany,South Africa,282010|282090,Processed,2187.96,direct,51.165691,10.451526,-30.559482,22.937506
Manganese,DEU,BRA,Germany,Brazil,282010,Processed,1483.792,direct,51.165691,10.451526,-14.235004,-51.92528
Manganese,DEU,OMN,Germany,Oman,282010,Processed,1098.176,direct,51.165691,10.451526,21.512583,55.923255
Manganese,DEU,SGP,Germany,Singapore,282010,Processed,642.103,mirror,51.165691,10.451526,1.352083,103.819836
Manganese,DEU,IRL,Germany,Ireland,282010,Processed,637.104,direct,51.165691,10.451526,53.41291,-8.24389
Manganese,DEU,ISR,Germany,Israel,282010,Processed,637.104,direct,51.165691,10.451526,31.046051,34.851612
Manganese,DEU,CHL,Germany,Chile,282010|282090,Processed,520.626,direct,51.165691,10.451526,-35.675147,-71.542969
Manganese,DEU,CYP,Germany,Cyprus,282010,Processed,432.952,mirror,51.165691,10.451526,35.126413,33.429859
Manganese,DEU,MYS,Germany,Malaysia,282010|282090,Processed,193.168,direct,51.165691,10.451526,4.210484,101.975766
Manganese,DEU,PER,Germany,Peru,282010,Processed,145.7,mirror,51.165691,10.451526,-9.189967,-75.015152
Manganese,DEU,GEO,Germany,Georgia,282010,Processed,143.632,mirror,51.165691,10.451526,42.315407,43.356892
Manganese,DEU,MDA,Germany,Rep. of Moldova,282010,Processed,136.0,mirror,51.165691,10.451526,47.411631,28.369885
Manganese,DEU,LTU,Germany,Lithuania,282010,Processed,97.0,mirror,51.165691,10.451526,55.169438,23.881275
Manganese,DEU,HRV,Germany,Croatia,282010|282090,Processed,84.0,mirror,51.165691,10.451526,45.1,15.2
Manganese,DEU,AUS,Germany,Australia,282010,Processed,58.68,direct,51.165691,10.451526,-25.274398,133.775136
Manganese,DEU,MKD,Germany,North Macedonia,282010,Processed,57.42,mirror,51.165691,10.451526,41.608635,21.745275
Manganese,DEU,MNE,Germany,Montenegro,282090,Processed,23.712,mirror,51.165691,10.451526,42.708678,19.37439
Manganese,GHA,BFA,Ghana,Burkina Faso,282010,Processed,4707.214,mirror,7.946527,-1.023194,12.364566,-1.561593
Manganese,GRC,DEU,Greece,Germany,282010,Processed,88270634.376,mirror,39.074208,21.824312,51.165691,10.451526
Manganese,GRC,BEL,Greece,Belgium,282010,Processed,7383035.043,mirror,39.074208,21.824312,50.503887,4.469936
Manganese,GRC,POL,Greece,Poland,282010,Processed,4526842.0,mirror,39.074208,21.824312,51.919438,19.145136
Manganese,GRC,BRA,Greece,Brazil,282010,Processed,1006236.0,mirror,39.074208,21.824312,-14.235004,-51.92528
Manganese,GRC,USA,Greece,USA,282010,Processed,791280.0,mirror,39.074208,21.824312,37.09024,-95.712891
Manganese,GRC,CHE,Greece,Switzerland,282010,Processed,112416.412,mirror,39.074208,21.824312,46.818188,8.227512
Manganese,GRC,IRL,Greece,Ireland,282090,Processed,25565.826,mirror,39.074208,21.824312,53.41291,-8.24389
Manganese,GRC,SVN,Greece,Slovenia,282090,Processed,2362.584,mirror,39.074208,21.824312,46.151241,14.995463
Manganese,GRC,NLD,Greece,Netherlands,282090,Processed,30.307,mirror,39.074208,21.824312,52.132633,5.291266
Manganese,GTM,SLV,Guatemala,El Salvador,282090,Processed,2654.0,direct,15.783471,-90.230759,13.794185,-88.89653
Manganese,HUN,SVK,Hungary,Slovakia,282010,Processed,116223.164,direct,47.162494,19.503304,48.669026,19.699024
Manganese,HUN,GBR,Hungary,United Kingdom,282090,Processed,113630.984,direct,47.162494,19.503304,55.378051,-3.435973
Manganese,HUN,CZE,Hungary,Czechia,282010,Processed,70807.472,direct,47.162494,19.503304,49.817492,15.472962
Manganese,HUN,ROU,Hungary,Romania,282010,Processed,39515.676,direct,47.162494,19.503304,45.943161,24.96676
Manganese,HUN,SRB,Hungary,Serbia,282010,Processed,22832.332,direct,47.162494,19.503304,44.016521,21.005859
Manganese,HUN,HRV,Hungary,Croatia,282010,Processed,22539.644,direct,47.162494,19.503304,45.1,15.2
Manganese,HUN,GRC,Hungary,Greece,282010,Processed,5619.84,direct,47.162494,19.503304,39.074208,21.824312
Manganese,HUN,NLD,Hungary,Netherlands,282010|282090,Processed,2.164,mirror,47.162494,19.503304,52.132633,5.291266
Manganese,IND,RUS,India,Russian Federation,282010|282090,Processed,15518006.193999998,direct,20.593684,78.96288,61.52401,105.318756
Manganese,IND,USA,India,USA,282010|282090,Processed,5121098.056,direct,20.593684,78.96288,37.09024,-95.712891
Manganese,IND,ZAF,India,South Africa,282010|282090,Processed,3650947.304,direct,20.593684,78.96288,-30.559482,22.937506
Manganese,IND,VNM,India,Viet Nam,282010|282090,Processed,3200183.2079999996,direct,20.593684,78.96288,14.058324,108.277199
Manganese,IND,TUR,India,Türkiye,282010|282090,Processed,2649123.844,direct,20.593684,78.96288,38.963745,35.243322
Manganese,IND,IDN,India,Indonesia,282010|282090,Processed,2472128.3540000003,direct,20.593684,78.96288,-0.789275,113.921327
Manganese,IND,GUY,India,Guyana,282010,Processed,2320881.998,direct,20.593684,78.96288,4.860416,-58.93018
Manganese,IND,ARE,India,United Arab Emirates,282010|282090,Processed,1785415.274,direct,20.593684,78.96288,23.424076,53.847818
Manganese,IND,FRA,India,France,282090,Processed,1753651.948,direct,20.593684,78.96288,46.227638,2.213749
Manganese,IND,CAN,India,Canada,282010|282090,Processed,1741995.994,direct,20.593684,78.96288,56.130366,-106.346771
Manganese,IND,THA,India,Thailand,282010|282090,Processed,1660186.398,direct,20.593684,78.96288,15.870032,100.992541
Manganese,IND,AUS,India,Australia,282010|282090,Processed,1468312.244,direct,20.593684,78.96288,-25.274398,133.775136
Manganese,IND,POL,India,Poland,282010|282090,Processed,968262.7339999999,direct,20.593684,78.96288,51.919438,19.145136
Manganese,IND,SAU,India,Saudi Arabia,282010|282090,Processed,944745.949,direct,20.593684,78.96288,23.885942,45.079162
Manganese,IND,JOR,India,Jordan,282090,Processed,853092.028,direct,20.593684,78.96288,30.585164,36.238414
Manganese,IND,JPN,India,Japan,282010|282090,Processed,753822.41,direct,20.593684,78.96288,36.204824,138.252924
Manganese,IND,ESP,India,Spain,282010|282090,Processed,733953.5700000001,direct,20.593684,78.96288,40.463667,-3.74922
Manganese,IND,UKR,India,Ukraine,282010|282090,Processed,676111.102,direct,20.593684,78.96288,48.379433,31.16558
Manganese,IND,PHL,India,Philippines,282010|282090,Processed,665818.146,direct,20.593684,78.96288,12.879721,121.774017
Manganese,IND,GBR,India,United Kingdom,282010|282090,Processed,507284.98399999994,direct,20.593684,78.96288,55.378051,-3.435973
Manganese,IND,MYS,India,Malaysia,282010|282090,Processed,487828.426,direct,20.593684,78.96288,4.210484,101.975766
Manganese,IND,TUN,India,Tunisia,282010|282090,Processed,405771.17000000004,direct,20.593684,78.96288,33.886917,9.537499
Manganese,IND,NLD,India,Netherlands,282010|282090,Processed,404763.806,direct,20.593684,78.96288,52.132633,5.291266
Manganese,IND,MMR,India,Myanmar,282010|282090,Processed,376373.488,direct,20.593684,78.96288,21.913965,95.956223
Manganese,IND,SGP,India,Singapore,282010|282090,Processed,350762.017,direct,20.593684,78.96288,1.352083,103.819836
Manganese,IND,LTU,India,Lithuania,282010,Processed,336587.62,direct,20.593684,78.96288,55.169438,23.881275
Manganese,IND,BEL,India,Belgium,282010|282090,Processed,306414.85599999997,direct,20.593684,78.96288,50.503887,4.469936
Manganese,IND,GTM,India,Guatemala,282090,Processed,271294.044,direct,20.593684,78.96288,15.783471,-90.230759
Manganese,IND,DJI,India,Djibouti,282010,Processed,242630.416,direct,20.593684,78.96288,11.825138,42.590275
Manganese,IND,DEU,India,Germany,282010|282090,Processed,224276.01,direct,20.593684,78.96288,51.165691,10.451526
Manganese,IND,EGY,India,Egypt,282010|282090,Processed,214747.90399999998,direct,20.593684,78.96288,26.820553,30.802498
Manganese,IND,IND,India,India,282090,Processed,205195.793,mirror,20.593684,78.96288,20.593684,78.96288
Manganese,IND,ITA,India,Italy,282010|282090,Processed,186132.59,direct,20.593684,78.96288,41.87194,12.56738
Manganese,IND,KEN,India,Kenya,282010|282090,Processed,185414.53300000002,direct,20.593684,78.96288,-0.023559,37.906193
Manganese,IND,DNK,India,Denmark,282090,Processed,154459.16,direct,20.593684,78.96288,56.26392,9.501785
Manganese,IND,GRC,India,Greece,282090,Processed,137340.814,direct,20.593684,78.96288,39.074208,21.824312
Manganese,IND,PRT,India,Portugal,282090,Processed,129503.334,direct,20.593684,78.96288,39.399872,-8.224454
Manganese,IND,NZL,India,New Zealand,282090,Processed,117511.04,direct,20.593684,78.96288,-40.900557,174.885971
Manganese,IND,IRL,India,Ireland,282010,Processed,100057.156,direct,20.593684,78.96288,53.41291,-8.24389
Manganese,IND,KWT,India,Kuwait,282010,Processed,99562.746,direct,20.593684,78.96288,29.31166,47.481766
Manganese,IND,NPL,India,Nepal,282010|282090,Processed,90942.34,direct,20.593684,78.96288,28.394857,84.124008
Manganese,IND,CHE,India,Switzerland,282010|282090,Processed,87719.692,mirror,20.593684,78.96288,46.818188,8.227512
Manganese,IND,EST,India,Estonia,282010,Processed,80669.44,mirror,20.593684,78.96288,58.595272,25.013607
Manganese,IND,VEN,India,Venezuela,282090,Processed,79096.964,direct,20.593684,78.96288,6.42375,-66.58973
Manganese,IND,PER,India,Peru,282090,Processed,77554.008,direct,20.593684,78.96288,-9.189967,-75.015152
Manganese,IND,ECU,India,Ecuador,282090,Processed,77115.914,direct,20.593684,78.96288,-1.831239,-78.183406
Manganese,IND,BGD,India,Bangladesh,282010|282090,Processed,62497.196,direct,20.593684,78.96288,23.684994,90.356331
Manganese,IND,LKA,India,Sri Lanka,282010|282090,Processed,57058.128,direct,20.593684,78.96288,7.873054,80.771797
Manganese,IND,KOR,India,Rep. of Korea,282010|282090,Processed,48859.013999999996,direct,20.593684,78.96288,35.907757,127.766922
Manganese,IND,OMN,India,Oman,282010,Processed,39064.298,direct,20.593684,78.96288,21.512583,55.923255
Manganese,IND,CYP,India,Cyprus,282090,Processed,32467.56,direct,20.593684,78.96288,35.126413,33.429859
Manganese,IND,UGA,India,Uganda,282010,Processed,31992.236,direct,20.593684,78.96288,1.373333,32.290275
Manganese,IND,SYR,India,Syria,282090,Processed,30892.294,direct,20.593684,78.96288,34.802075,38.996815
Manganese,IND,MEX,India,Mexico,282090,Processed,29170.768,direct,20.593684,78.96288,23.634501,-102.552784
Manganese,IND,DZA,India,Algeria,282090,Processed,26701.238,direct,20.593684,78.96288,28.033886,1.659626
Manganese,IND,ISR,India,Israel,282010|282090,Processed,21003.506,direct,20.593684,78.96288,31.046051,34.851612
Manganese,IND,MAR,India,Morocco,282010|282090,Processed,20496.14,mirror,20.593684,78.96288,31.791702,-7.09262
Manganese,IND,TZA,India,United Rep. of Tanzania,282010,Processed,11464.444,direct,20.593684,78.96288,-6.369028,34.888822
Manganese,IND,BHR,India,Bahrain,282010,Processed,8850.287,mirror,20.593684,78.96288,26.0275,50.55
Manganese,IND,NGA,India,Nigeria,282010|282090,Processed,8559.692,direct,20.593684,78.96288,9.081999,8.675277
Manganese,IND,AGO,India,Angola,282010,Processed,6947.006,direct,20.593684,78.96288,-11.202692,17.873887
Manganese,IND,S19,India,"Other Asia, nes",282010,Processed,6309.562,direct,20.593684,78.96288,,
Manganese,IND,CIV,India,Côte d'Ivoire,282010,Processed,4625.687,mirror,20.593684,78.96288,7.539989,-5.54708
Manganese,IND,MWI,India,Malawi,282010,Processed,4504.588,direct,20.593684,78.96288,-13.254308,34.301525
Manganese,IND,KAZ,India,Kazakhstan,282010,Processed,3571.49,mirror,20.593684,78.96288,48.019573,66.923684
Manganese,IND,CZE,India,Czechia,282090,Processed,2388.41,direct,20.593684,78.96288,49.817492,15.472962
Manganese,IND,AUT,India,Austria,282010,Processed,1603.005,mirror,20.593684,78.96288,47.516231,14.550072
Manganese,IND,CHN,India,China,282010,Processed,696.0,mirror,20.593684,78.96288,35.86166,104.195397
Manganese,IND,ZMB,India,Zambia,282010,Processed,626.314,direct,20.593684,78.96288,-13.133897,27.849332
Manganese,IND,BTN,India,Bhutan,282010,Processed,105.9,direct,20.593684,78.96288,27.514162,90.433601
Manganese,IND,MDV,India,Maldives,282090,Processed,103.96,mirror,20.593684,78.96288,3.202778,73.22068
Manganese,IND,CHL,India,Chile,282010,Processed,75.41,mirror,20.593684,78.96288,-35.675147,-71.542969
Manganese,IND,LBR,India,Liberia,282010,Processed,65.634,direct,20.593684,78.96288,6.428055,-9.429499
Manganese,IND,PAN,India,Panama,282010,Processed,31.322,direct,20.593684,78.96288,8.537981,-80.782127
Manganese,IND,BWA,India,Botswana,282010,Processed,14.92,direct,20.593684,78.96288,-22.328474,24.684866
Manganese,IDN,SGP,Indonesia,Singapore,282010|282090,Processed,599520.183,direct,-0.789275,113.921327,1.352083,103.819836
Manganese,IDN,USA,Indonesia,USA,282090,Processed,504000.0,direct,-0.789275,113.921327,37.09024,-95.712891
Manganese,IDN,IRN,Indonesia,Iran,282010|282090,Processed,424810.0,direct,-0.789275,113.921327,32.427908,53.688046
Manganese,IDN,CHN,Indonesia,China,282090,Processed,280000.0,direct,-0.789275,113.921327,35.86166,104.195397
Manganese,IDN,PAK,Indonesia,Pakistan,282090,Processed,213730.0,direct,-0.789275,113.921327,30.375321,69.345116
Manganese,IDN,THA,Indonesia,Thailand,282090,Processed,192429.12,mirror,-0.789275,113.921327,15.870032,100.992541
Manganese,IDN,HUN,Indonesia,Hungary,282090,Processed,145335.524,mirror,-0.789275,113.921327,47.162494,19.503304
Manganese,IDN,MYS,Indonesia,Malaysia,282090,Processed,129704.0,direct,-0.789275,113.921327,4.210484,101.975766
Manganese,IDN,RUS,Indonesia,Russian Federation,282090,Processed,120940.0,direct,-0.789275,113.921327,61.52401,105.318756
Manganese,IDN,FRA,Indonesia,France,282090,Processed,88214.008,mirror,-0.789275,113.921327,46.227638,2.213749
Manganese,IDN,ARE,Indonesia,United Arab Emirates,282090,Processed,80340.0,direct,-0.789275,113.921327,23.424076,53.847818
Manganese,IDN,PHL,Indonesia,Philippines,282090,Processed,79300.0,direct,-0.789275,113.921327,12.879721,121.774017
Manganese,IDN,DEU,Indonesia,Germany,282090,Processed,68500.0,direct,-0.789275,113.921327,51.165691,10.451526
Manganese,IDN,BEL,Indonesia,Belgium,282090,Processed,44701.555,mirror,-0.789275,113.921327,50.503887,4.469936
Manganese,IDN,SVN,Indonesia,Slovenia,282090,Processed,36500.0,direct,-0.789275,113.921327,46.151241,14.995463
Manganese,IRL,GBR,Ireland,United Kingdom,282090,Processed,17604.918,direct,53.41291,-8.24389,55.378051,-3.435973
Manganese,IRL,SWE,Ireland,Sweden,282090,Processed,2792.542,direct,53.41291,-8.24389,60.128161,18.643501
Manganese,IRL,CAN,Ireland,Canada,282010,Processed,978.472,direct,53.41291,-8.24389,56.130366,-106.346771
Manganese,IRL,BEL,Ireland,Belgium,282010,Processed,39.702,mirror,53.41291,-8.24389,50.503887,4.469936
Manganese,IRL,NLD,Ireland,Netherlands,282090,Processed,9.741,mirror,53.41291,-8.24389,52.132633,5.291266
Manganese,ISR,NGA,Israel,Nigeria,282090,Processed,24339.152,mirror,31.046051,34.851612,9.081999,8.675277
Manganese,ITA,ESP,Italy,Spain,282010|282090,Processed,859704.819,direct,41.87194,12.56738,40.463667,-3.74922
Manganese,ITA,TUR,Italy,Türkiye,282010|282090,Processed,201427.772,direct,41.87194,12.56738,38.963745,35.243322
Manganese,ITA,SRB,Italy,Serbia,282010,Processed,137936.0,mirror,41.87194,12.56738,44.016521,21.005859
Manganese,ITA,BGR,Italy,Bulgaria,282090,Processed,76464.66,mirror,41.87194,12.56738,42.733883,25.48583
Manganese,ITA,CHN,Italy,China,282090,Processed,62155.753,direct,41.87194,12.56738,35.86166,104.195397
Manganese,ITA,ZAF,Italy,South Africa,282090,Processed,48331.744,mirror,41.87194,12.56738,-30.559482,22.937506
Manganese,ITA,FRA,Italy,France,282090,Processed,22319.737,direct,41.87194,12.56738,46.227638,2.213749
Manganese,ITA,NOR,Italy,Norway,282010,Processed,16041.752,mirror,41.87194,12.56738,60.472024,8.468946
Manganese,ITA,HUN,Italy,Hungary,282010,Processed,15782.045,direct,41.87194,12.56738,47.162494,19.503304
Manganese,ITA,CZE,Italy,Czechia,282010|282090,Processed,14960.511,direct,41.87194,12.56738,49.817492,15.472962
Manganese,ITA,ROU,Italy,Romania,282010|282090,Processed,12091.429,direct,41.87194,12.56738,45.943161,24.96676
Manganese,ITA,ARG,Italy,Argentina,282010,Processed,11002.687,direct,41.87194,12.56738,-38.416097,-63.616672
Manganese,ITA,SVN,Italy,Slovenia,282090,Processed,9680.269,direct,41.87194,12.56738,46.151241,14.995463
Manganese,ITA,MEX,Italy,Mexico,282010|282090,Processed,7394.854,direct,41.87194,12.56738,23.634501,-102.552784
Manganese,ITA,IND,Italy,India,282090,Processed,5239.375,direct,41.87194,12.56738,20.593684,78.96288
Manganese,ITA,SVK,Italy,Slovakia,282090,Processed,4652.565,direct,41.87194,12.56738,48.669026,19.699024
Manganese,ITA,BRA,Italy,Brazil,282090,Processed,4422.032,direct,41.87194,12.56738,-14.235004,-51.92528
Manganese,ITA,SEN,Italy,Senegal,282010,Processed,3960.967,direct,41.87194,12.56738,14.497401,14.452362
Manganese,ITA,POL,Italy,Poland,282090,Processed,3692.711,direct,41.87194,12.56738,51.919438,19.145136
Manganese,ITA,HRV,Italy,Croatia,282090,Processed,2349.336,direct,41.87194,12.56738,45.1,15.2
Manganese,ITA,BIH,Italy,Bosnia Herzegovina,282090,Processed,1375.86,direct,41.87194,12.56738,43.915886,17.679076
Manganese,ITA,CIV,Italy,Côte d'Ivoire,282090,Processed,1288.399,mirror,41.87194,12.56738,7.539989,-5.54708
Manganese,ITA,LTU,Italy,Lithuania,282010,Processed,277.0,mirror,41.87194,12.56738,55.169438,23.881275
Manganese,ITA,GRC,Italy,Greece,282090,Processed,229.485,direct,41.87194,12.56738,39.074208,21.824312
Manganese,ITA,TUN,Italy,Tunisia,282090,Processed,201.773,mirror,41.87194,12.56738,33.886917,9.537499
Manganese,ITA,NLD,Italy,Netherlands,282010|282090,Processed,3.247,mirror,41.87194,12.56738,52.132633,5.291266
Manganese,JPN,IDN,Japan,Indonesia,282010|282090,Processed,21760604.771,direct,36.204824,138.252924,-0.789275,113.921327
Manganese,JPN,THA,Japan,Thailand,282010|282090,Processed,8418611.333,direct,36.204824,138.252924,15.870032,100.992541
Manganese,JPN,VNM,Japan,Viet Nam,282010,Processed,3852508.579,direct,36.204824,138.252924,14.058324,108.277199
Manganese,JPN,MYS,Japan,Malaysia,282010|282090,Processed,3535298.1210000003,direct,36.204824,138.252924,4.210484,101.975766
Manganese,JPN,CHN,Japan,China,282010|282090,Processed,3421309.583,direct,36.204824,138.252924,35.86166,104.195397
Manganese,JPN,SGP,Japan,Singapore,282010|282090,Processed,1515256.451,direct,36.204824,138.252924,1.352083,103.819836
Manganese,JPN,USA,Japan,USA,282010|282090,Processed,993033.159,direct,36.204824,138.252924,37.09024,-95.712891
Manganese,JPN,IND,Japan,India,282010|282090,Processed,873866.858,direct,36.204824,138.252924,20.593684,78.96288
Manganese,JPN,KOR,Japan,Rep. of Korea,282010|282090,Processed,804558.171,direct,36.204824,138.252924,35.907757,127.766922
Manganese,JPN,GRC,Japan,Greece,282010,Processed,643121.982,direct,36.204824,138.252924,39.074208,21.824312
Manganese,JPN,BRA,Japan,Brazil,282010,Processed,548477.406,direct,36.204824,138.252924,-14.235004,-51.92528
Manganese,JPN,S19,Japan,"Other Asia, nes",282010|282090,Processed,362650.056,direct,36.204824,138.252924,,
Manganese,JPN,PHL,Japan,Philippines,282010|282090,Processed,176581.516,direct,36.204824,138.252924,12.879721,121.774017
Manganese,JPN,NLD,Japan,Netherlands,282010,Processed,141563.868,direct,36.204824,138.252924,52.132633,5.291266
Manganese,JPN,DEU,Japan,Germany,282090,Processed,65932.77,direct,36.204824,138.252924,51.165691,10.451526
Manganese,JPN,AUT,Japan,Austria,282090,Processed,39432.203,mirror,36.204824,138.252924,47.516231,14.550072
Manganese,JPN,CHE,Japan,Switzerland,282010,Processed,4842.557,direct,36.204824,138.252924,46.818188,8.227512
Manganese,JPN,GBR,Japan,United Kingdom,282090,Processed,2972.92,direct,36.204824,138.252924,55.378051,-3.435973
Manganese,JPN,CRI,Japan,Costa Rica,282010,Processed,2054.618,direct,36.204824,138.252924,9.748917,-83.753428
Manganese,JPN,PAK,Japan,Pakistan,282010,Processed,474.913,mirror,36.204824,138.252924,30.375321,69.345116
Manganese,JPN,CAN,Japan,Canada,282090,Processed,208.788,mirror,36.204824,138.252924,56.130366,-106.346771
Manganese,JPN,BEL,Japan,Belgium,282010,Processed,151.046,mirror,36.204824,138.252924,50.503887,4.469936
Manganese,JOR,FRA,Jordan,France,282090,Processed,99.58,mirror,30.585164,36.238414,46.227638,2.213749
Manganese,JOR,DNK,Jordan,Denmark,282090,Processed,15.375,mirror,30.585164,36.238414,56.26392,9.501785
Manganese,KAZ,RUS,Kazakhstan,Russian Federation,282010|282090,Processed,377686.8,direct,48.019573,66.923684,61.52401,105.318756
Manganese,KWT,ARE,Kuwait,United Arab Emirates,282090,Processed,4001.0,direct,29.31166,47.481766,23.424076,53.847818
Manganese,LVA,BLR,Latvia,Belarus,282090,Processed,287151.28,direct,56.879635,24.603189,53.709807,27.953389
Manganese,LVA,LTU,Latvia,Lithuania,282010,Processed,190738.4,direct,56.879635,24.603189,55.169438,23.881275
Manganese,LVA,EST,Latvia,Estonia,282010,Processed,160039.852,direct,56.879635,24.603189,58.595272,25.013607
Manganese,LVA,UKR,Latvia,Ukraine,282010,Processed,27584.26,direct,56.879635,24.603189,48.379433,31.16558
Manganese,LVA,SWE,Latvia,Sweden,282010,Processed,21598.8,direct,56.879635,24.603189,60.128161,18.643501
Manganese,LVA,BEL,Latvia,Belgium,282010,Processed,8948.852,direct,56.879635,24.603189,50.503887,4.469936
Manganese,LVA,DNK,Latvia,Denmark,282010,Processed,6362.696,direct,56.879635,24.603189,56.26392,9.501785
Manganese,LVA,CZE,Latvia,Czechia,282010,Processed,2255.028,direct,56.879635,24.603189,49.817492,15.472962
Manganese,LVA,POL,Latvia,Poland,282010,Processed,435.916,direct,56.879635,24.603189,51.919438,19.145136
Manganese,LTU,TUR,Lithuania,Türkiye,282010,Processed,169312.0,direct,55.169438,23.881275,38.963745,35.243322
Manganese,LTU,FRA,Lithuania,France,282010,Processed,71197.0,direct,55.169438,23.881275,46.227638,2.213749
Manganese,LTU,POL,Lithuania,Poland,282010|282090,Processed,48762.0,direct,55.169438,23.881275,51.919438,19.145136
Manganese,LTU,SWE,Lithuania,Sweden,282010,Processed,46026.0,direct,55.169438,23.881275,60.128161,18.643501
Manganese,LTU,DEU,Lithuania,Germany,282010,Processed,44498.0,direct,55.169438,23.881275,51.165691,10.451526
Manganese,LTU,LVA,Lithuania,Latvia,282010,Processed,40833.0,direct,55.169438,23.881275,56.879635,24.603189
Manganese,LTU,HRV,Lithuania,Croatia,282010,Processed,18601.0,direct,55.169438,23.881275,45.1,15.2
Manganese,LTU,EST,Lithuania,Estonia,282010,Processed,18545.0,direct,55.169438,23.881275,58.595272,25.013607
Manganese,LTU,UKR,Lithuania,Ukraine,282010,Processed,18265.0,direct,55.169438,23.881275,48.379433,31.16558
Manganese,LTU,HUN,Lithuania,Hungary,282010,Processed,12470.0,direct,55.169438,23.881275,47.162494,19.503304
Manganese,LTU,CZE,Lithuania,Czechia,282010,Processed,8893.0,direct,55.169438,23.881275,49.817492,15.472962
Manganese,LTU,SVK,Lithuania,Slovakia,282010,Processed,3560.0,direct,55.169438,23.881275,48.669026,19.699024
Manganese,LTU,KAZ,Lithuania,Kazakhstan,282010,Processed,3546.0,direct,55.169438,23.881275,48.019573,66.923684
Manganese,LTU,GRC,Lithuania,Greece,282010,Processed,2043.0,direct,55.169438,23.881275,39.074208,21.824312
Manganese,LTU,AUT,Lithuania,Austria,282010,Processed,1878.0,direct,55.169438,23.881275,47.516231,14.550072
Manganese,LTU,ROU,Lithuania,Romania,282010,Processed,1860.0,direct,55.169438,23.881275,45.943161,24.96676
Manganese,LUX,DEU,Luxembourg,Germany,282010,Processed,349210.632,mirror,49.815273,6.129583,51.165691,10.451526
Manganese,LUX,NLD,Luxembourg,Netherlands,282090,Processed,6.494,mirror,49.815273,6.129583,52.132633,5.291266
Manganese,MYS,THA,Malaysia,Thailand,282090,Processed,1098238.622,direct,4.210484,101.975766,15.870032,100.992541
Manganese,MYS,CHN,Malaysia,China,282010|282090,Processed,932382.5619999999,direct,4.210484,101.975766,35.86166,104.195397
Manganese,MYS,ARE,Malaysia,United Arab Emirates,282090,Processed,371638.316,direct,4.210484,101.975766,23.424076,53.847818
Manganese,MYS,MMR,Malaysia,Myanmar,282090,Processed,192000.0,mirror,4.210484,101.975766,21.913965,95.956223
Manganese,MYS,VNM,Malaysia,Viet Nam,282090,Processed,129362.462,direct,4.210484,101.975766,14.058324,108.277199
Manganese,MYS,SGP,Malaysia,Singapore,282090,Processed,81581.968,direct,4.210484,101.975766,1.352083,103.819836
Manganese,MYS,IDN,Malaysia,Indonesia,282090,Processed,55632.034,direct,4.210484,101.975766,-0.789275,113.921327
Manganese,MYS,BRN,Malaysia,Brunei Darussalam,282090,Processed,11275.17,direct,4.210484,101.975766,4.535277,114.727669
Manganese,MYS,IND,Malaysia,India,282010,Processed,1311.066,direct,4.210484,101.975766,20.593684,78.96288
Manganese,MYS,KOR,Malaysia,Rep. of Korea,282090,Processed,21.0,mirror,4.210484,101.975766,35.907757,127.766922
Manganese,MYS,AUS,Malaysia,Australia,282090,Processed,20.104,direct,4.210484,101.975766,-25.274398,133.775136
Manganese,MYS,USA,Malaysia,USA,282090,Processed,5.682,direct,4.210484,101.975766,37.09024,-95.712891
Manganese,MEX,USA,Mexico,USA,282010|282090,Processed,2237747.0,mirror,23.634501,-102.552784,37.09024,-95.712891
Manganese,MEX,PER,Mexico,Peru,282090,Processed,1933732.0,mirror,23.634501,-102.552784,-9.189967,-75.015152
Manganese,MEX,FRA,Mexico,France,282090,Processed,1679785.2,mirror,23.634501,-102.552784,46.227638,2.213749
Manganese,MEX,ESP,Mexico,Spain,282010|282090,Processed,1548509.352,mirror,23.634501,-102.552784,40.463667,-3.74922
Manganese,MEX,GBR,Mexico,United Kingdom,282090,Processed,1336534.54,mirror,23.634501,-102.552784,55.378051,-3.435973
Manganese,MEX,CAN,Mexico,Canada,282010|282090,Processed,1259619.799,mirror,23.634501,-102.552784,56.130366,-106.346771
Manganese,MEX,IDN,Mexico,Indonesia,282010,Processed,1025248.0,mirror,23.634501,-102.552784,-0.789275,113.921327
Manganese,MEX,CRI,Mexico,Costa Rica,282090,Processed,545913.73,mirror,23.634501,-102.552784,9.748917,-83.753428
Manganese,MEX,CZE,Mexico,Czechia,282090,Processed,462804.0,mirror,23.634501,-102.552784,49.817492,15.472962
Manganese,MEX,GTM,Mexico,Guatemala,282010|282090,Processed,252551.0,mirror,23.634501,-102.552784,15.783471,-90.230759
Manganese,MEX,DEU,Mexico,Germany,282090,Processed,162915.218,mirror,23.634501,-102.552784,51.165691,10.451526
Manganese,MEX,CHE,Mexico,Switzerland,282090,Processed,121021.192,mirror,23.634501,-102.552784,46.818188,8.227512
Manganese,MEX,ITA,Mexico,Italy,282090,Processed,77747.086,mirror,23.634501,-102.552784,41.87194,12.56738
Manganese,MEX,EGY,Mexico,Egypt,282010,Processed,70030.256,mirror,23.634501,-102.552784,26.820553,30.802498
Manganese,MEX,POL,Mexico,Poland,282090,Processed,68692.0,mirror,23.634501,-102.552784,51.919438,19.145136
Manganese,MEX,NLD,Mexico,Netherlands,282010|282090,Processed,65836.874,mirror,23.634501,-102.552784,52.132633,5.291266
Manganese,MEX,COL,Mexico,Colombia,282010|282090,Processed,54860.61,mirror,23.634501,-102.552784,4.570868,-74.297333
Manganese,MEX,IRL,Mexico,Ireland,282090,Processed,46715.541,mirror,23.634501,-102.552784,53.41291,-8.24389
Manganese,MEX,AUT,Mexico,Austria,282010,Processed,24166.309,mirror,23.634501,-102.552784,47.516231,14.550072
Manganese,MEX,ISR,Mexico,Israel,282090,Processed,21000.0,mirror,23.634501,-102.552784,31.046051,34.851612
Manganese,MEX,DNK,Mexico,Denmark,282090,Processed,18623.3,mirror,23.634501,-102.552784,56.26392,9.501785
Manganese,MEX,BIH,Mexico,Bosnia Herzegovina,282090,Processed,12046.92,mirror,23.634501,-102.552784,43.915886,17.679076
Manganese,MAR,NAM,Morocco,Namibia,282010,Processed,62935466.948,mirror,31.791702,-7.09262,-22.95764,18.49041
Manganese,MAR,ZAF,Morocco,South Africa,282090,Processed,488945.072,direct,31.791702,-7.09262,-30.559482,22.937506
Manganese,MAR,NER,Morocco,Niger,282010,Processed,119096.634,mirror,31.791702,-7.09262,17.607789,8.081666
Manganese,MAR,USA,Morocco,USA,282010,Processed,29782.0,mirror,31.791702,-7.09262,37.09024,-95.712891
Manganese,MAR,ESP,Morocco,Spain,282010,Processed,838.296,mirror,31.791702,-7.09262,40.463667,-3.74922
Manganese,MAR,CHE,Morocco,Switzerland,282090,Processed,286.22,mirror,31.791702,-7.09262,46.818188,8.227512
Manganese,MAR,THA,Morocco,Thailand,282010,Processed,111.08,mirror,31.791702,-7.09262,15.870032,100.992541
Manganese,MAR,S19,Morocco,"Other Asia, nes",282090,Processed,93.456,mirror,31.791702,-7.09262,,
Manganese,MAR,KOR,Morocco,Rep. of Korea,282010,Processed,92.0,mirror,31.791702,-7.09262,35.907757,127.766922
Manganese,MMR,THA,Myanmar,Thailand,282010,Processed,2953058.76,direct,21.913965,95.956223,15.870032,100.992541
Manganese,NAM,ZAF,Namibia,South Africa,282090,Processed,1269.716,direct,-22.95764,18.49041,-30.559482,22.937506
Manganese,NLD,ARE,Netherlands,United Arab Emirates,282090,Processed,10157724.983,direct,52.132633,5.291266,23.424076,53.847818
Manganese,NLD,SAU,Netherlands,Saudi Arabia,282090,Processed,2437088.926,direct,52.132633,5.291266,23.885942,45.079162
Manganese,NLD,DEU,Netherlands,Germany,282010|282090,Processed,1680098.01,direct,52.132633,5.291266,51.165691,10.451526
Manganese,NLD,CHL,Netherlands,Chile,282090,Processed,1393638.444,direct,52.132633,5.291266,-35.675147,-71.542969
Manganese,NLD,TKM,Netherlands,Turkmenistan,282090,Processed,1177307.391,direct,52.132633,5.291266,38.969719,59.556278
Manganese,NLD,GBR,Netherlands,United Kingdom,282010|282090,Processed,1001864.343,direct,52.132633,5.291266,55.378051,-3.435973
Manganese,NLD,FRA,Netherlands,France,282010|282090,Processed,816393.039,direct,52.132633,5.291266,46.227638,2.213749
Manganese,NLD,NOR,Netherlands,Norway,282010|282090,Processed,576452.0210000001,direct,52.132633,5.291266,60.472024,8.468946
Manganese,NLD,HUN,Netherlands,Hungary,282010|282090,Processed,458204.064,direct,52.132633,5.291266,47.162494,19.503304
Manganese,NLD,BEL,Netherlands,Belgium,282010|282090,Processed,404743.185,direct,52.132633,5.291266,50.503887,4.469936
Manganese,NLD,CHN,Netherlands,China,282090,Processed,353012.975,direct,52.132633,5.291266,35.86166,104.195397
Manganese,NLD,POL,Netherlands,Poland,282010|282090,Processed,348552.368,direct,52.132633,5.291266,51.919438,19.145136
Manganese,NLD,JPN,Netherlands,Japan,282090,Processed,254549.907,direct,52.132633,5.291266,36.204824,138.252924
Manganese,NLD,THA,Netherlands,Thailand,282010,Processed,217308.36,mirror,52.132633,5.291266,15.870032,100.992541
Manganese,NLD,IND,Netherlands,India,282010|282090,Processed,196261.51799999998,direct,52.132633,5.291266,20.593684,78.96288
Manganese,NLD,SWE,Netherlands,Sweden,282010|282090,Processed,120210.256,direct,52.132633,5.291266,60.128161,18.643501
Manganese,NLD,SRB,Netherlands,Serbia,282010,Processed,106704.0,mirror,52.132633,5.291266,44.016521,21.005859
Manganese,NLD,TUR,Netherlands,Türkiye,282010|282090,Processed,80303.971,direct,52.132633,5.291266,38.963745,35.243322
Manganese,NLD,LVA,Netherlands,Latvia,282010|282090,Processed,78076.432,direct,52.132633,5.291266,56.879635,24.603189
Manganese,NLD,ISR,Netherlands,Israel,282090,Processed,72303.015,direct,52.132633,5.291266,31.046051,34.851612
Manganese,NLD,ESP,Netherlands,Spain,282010,Processed,72149.317,direct,52.132633,5.291266,40.463667,-3.74922
Manganese,NLD,ITA,Netherlands,Italy,282010|282090,Processed,68551.265,direct,52.132633,5.291266,41.87194,12.56738
Manganese,NLD,AUT,Netherlands,Austria,282010|282090,Processed,62428.457,direct,52.132633,5.291266,47.516231,14.550072
Manganese,NLD,USA,Netherlands,USA,282010|282090,Processed,58143.365,direct,52.132633,5.291266,37.09024,-95.712891
Manganese,NLD,IRQ,Netherlands,Iraq,282090,Processed,51872.001,direct,52.132633,5.291266,33.223191,43.679291
Manganese,NLD,GUY,Netherlands,Guyana,282010,Processed,45297.64,mirror,52.132633,5.291266,4.860416,-58.93018
Manganese,NLD,UKR,Netherlands,Ukraine,282010|282090,Processed,39218.973,direct,52.132633,5.291266,48.379433,31.16558
Manganese,NLD,CZE,Netherlands,Czechia,282090,Processed,28232.812,direct,52.132633,5.291266,49.817492,15.472962
Manganese,NLD,SVN,Netherlands,Slovenia,282010|282090,Processed,15114.324999999999,direct,52.132633,5.291266,46.151241,14.995463
Manganese,NLD,PER,Netherlands,Peru,282090,Processed,11600.912,mirror,52.132633,5.291266,-9.189967,-75.015152
Manganese,NLD,DOM,Netherlands,Dominican Rep.,282090,Processed,11211.297,direct,52.132633,5.291266,18.735693,-70.162651
Manganese,NLD,CHE,Netherlands,Switzerland,282090,Processed,11148.519,direct,52.132633,5.291266,46.818188,8.227512
Manganese,NLD,LTU,Netherlands,Lithuania,282010|282090,Processed,9574.737,direct,52.132633,5.291266,55.169438,23.881275
Manganese,NLD,SEN,Netherlands,Senegal,282090,Processed,4504.867,direct,52.132633,5.291266,14.497401,14.452362
Manganese,NLD,NGA,Netherlands,Nigeria,282010,Processed,4203.966,direct,52.132633,5.291266,9.081999,8.675277
Manganese,NLD,EST,Netherlands,Estonia,282010|282090,Processed,3228.741,direct,52.132633,5.291266,58.595272,25.013607
Manganese,NLD,SGP,Netherlands,Singapore,282010,Processed,1385.447,direct,52.132633,5.291266,1.352083,103.819836
Manganese,NLD,HRV,Netherlands,Croatia,282090,Processed,1296.692,direct,52.132633,5.291266,45.1,15.2
Manganese,NLD,NZL,Netherlands,New Zealand,282090,Processed,1167.458,mirror,52.132633,5.291266,-40.900557,174.885971
Manganese,NLD,SVK,Netherlands,Slovakia,282090,Processed,843.174,direct,52.132633,5.291266,48.669026,19.699024
Manganese,NLD,IRL,Netherlands,Ireland,282010|282090,Processed,665.664,direct,52.132633,5.291266,53.41291,-8.24389
Manganese,NLD,DNK,Netherlands,Denmark,282090,Processed,334.456,direct,52.132633,5.291266,56.26392,9.501785
Manganese,NLD,ROU,Netherlands,Romania,282010|282090,Processed,161.275,direct,52.132633,5.291266,45.943161,24.96676
Manganese,NLD,CYP,Netherlands,Cyprus,282010|282090,Processed,149.369,direct,52.132633,5.291266,35.126413,33.429859
Manganese,NLD,FIN,Netherlands,Finland,282090,Processed,101.744,direct,52.132633,5.291266,61.92411,25.748151
Manganese,NLD,GRC,Netherlands,Greece,282090,Processed,101.744,direct,52.132633,5.291266,39.074208,21.824312
Manganese,NLD,BGR,Netherlands,Bulgaria,282090,Processed,85.508,direct,52.132633,5.291266,42.733883,25.48583
Manganese,NLD,PRT,Netherlands,Portugal,282010|282090,Processed,61.695,direct,52.132633,5.291266,39.399872,-8.224454
Manganese,NLD,LUX,Netherlands,Luxembourg,282090,Processed,58.449,direct,52.132633,5.291266,49.815273,6.129583
Manganese,NLD,MLT,Netherlands,Malta,282010|282090,Processed,53.036,direct,52.132633,5.291266,35.937496,14.375416
Manganese,NZL,AUS,New Zealand,Australia,282090,Processed,4157.82,direct,-40.900557,174.885971,-25.274398,133.775136
Manganese,MKD,ALB,North Macedonia,Albania,282010,Processed,329.04,direct,41.608635,21.745275,41.153332,20.168331
Manganese,NOR,NLD,Norway,Netherlands,282090,Processed,37878846.07,direct,60.472024,8.468946,52.132633,5.291266
Manganese,NOR,THA,Norway,Thailand,282090,Processed,2241421.04,mirror,60.472024,8.468946,15.870032,100.992541
Manganese,NOR,UZB,Norway,Uzbekistan,282090,Processed,1896553.78,direct,60.472024,8.468946,41.377491,64.585262
Manganese,NOR,DEU,Norway,Germany,282010|282090,Processed,1679386.4579999999,direct,60.472024,8.468946,51.165691,10.451526
Manganese,NOR,FRA,Norway,France,282090,Processed,1548324.688,direct,60.472024,8.468946,46.227638,2.213749
Manganese,NOR,BOL,Norway,Bolivia (Plurinational State of),282090,Processed,1368082.0,mirror,60.472024,8.468946,-16.290154,-63.588653
Manganese,NOR,USA,Norway,USA,282090,Processed,720701.068,direct,60.472024,8.468946,37.09024,-95.712891
Manganese,NOR,ARE,Norway,United Arab Emirates,282090,Processed,654226.934,direct,60.472024,8.468946,23.424076,53.847818
Manganese,NOR,GBR,Norway,United Kingdom,282090,Processed,648382.436,direct,60.472024,8.468946,55.378051,-3.435973
Manganese,NOR,CHN,Norway,China,282090,Processed,600800.0,mirror,60.472024,8.468946,35.86166,104.195397
Manganese,NOR,KAZ,Norway,Kazakhstan,282090,Processed,584105.76,mirror,60.472024,8.468946,48.019573,66.923684
Manganese,NOR,BEL,Norway,Belgium,282090,Processed,503457.436,direct,60.472024,8.468946,50.503887,4.469936
Manganese,NOR,JPN,Norway,Japan,282090,Processed,472293.916,direct,60.472024,8.468946,36.204824,138.252924
Manganese,NOR,TUR,Norway,Türkiye,282090,Processed,431940.976,direct,60.472024,8.468946,38.963745,35.243322
Manganese,NOR,SAU,Norway,Saudi Arabia,282090,Processed,237657.498,direct,60.472024,8.468946,23.885942,45.079162
Manganese,NOR,KOR,Norway,Rep. of Korea,282090,Processed,230268.588,direct,60.472024,8.468946,35.907757,127.766922
Manganese,NOR,IND,Norway,India,282090,Processed,228946.79,mirror,60.472024,8.468946,20.593684,78.96288
Manganese,NOR,ESP,Norway,Spain,282010|282090,Processed,216059.97199999998,direct,60.472024,8.468946,40.463667,-3.74922
Manganese,NOR,DNK,Norway,Denmark,282090,Processed,168206.396,direct,60.472024,8.468946,56.26392,9.501785
Manganese,NOR,LVA,Norway,Latvia,282090,Processed,85156.35,direct,60.472024,8.468946,56.879635,24.603189
Manganese,NOR,GEO,Norway,Georgia,282090,Processed,78701.57,direct,60.472024,8.468946,42.315407,43.356892
Manganese,NOR,EST,Norway,Estonia,282090,Processed,77045.486,direct,60.472024,8.468946,58.595272,25.013607
Manganese,NOR,SVN,Norway,Slovenia,282090,Processed,68488.682,direct,60.472024,8.468946,46.151241,14.995463
Manganese,NOR,ARM,Norway,Armenia,282090,Processed,67032.118,direct,60.472024,8.468946,40.069099,45.038189
Manganese,NOR,POL,Norway,Poland,282090,Processed,64826.798,direct,60.472024,8.468946,51.919438,19.145136
Manganese,NOR,UKR,Norway,Ukraine,282090,Processed,48520.48,mirror,60.472024,8.468946,48.379433,31.16558
Manganese,NOR,IDN,Norway,Indonesia,282090,Processed,28600.0,mirror,60.472024,8.468946,-0.789275,113.921327
Manganese,NOR,ITA,Norway,Italy,282090,Processed,27283.521,mirror,60.472024,8.468946,41.87194,12.56738
Manganese,NOR,BRN,Norway,Brunei Darussalam,282090,Processed,19434.322,direct,60.472024,8.468946,4.535277,114.727669
Manganese,NOR,LTU,Norway,Lithuania,282090,Processed,15582.784,direct,60.472024,8.468946,55.169438,23.881275
Manganese,NOR,PAK,Norway,Pakistan,282090,Processed,11413.989,mirror,60.472024,8.468946,30.375321,69.345116
Manganese,NOR,SGP,Norway,Singapore,282090,Processed,9538.005,mirror,60.472024,8.468946,1.352083,103.819836
Manganese,NOR,COL,Norway,Colombia,282090,Processed,1074.8,mirror,60.472024,8.468946,4.570868,-74.297333
Manganese,NOR,ARG,Norway,Argentina,282090,Processed,172.32,mirror,60.472024,8.468946,-38.416097,-63.616672
Manganese,NOR,AUT,Norway,Austria,282090,Processed,98.497,mirror,60.472024,8.468946,47.516231,14.550072
Manganese,NOR,FIN,Norway,Finland,282010,Processed,20.958,mirror,60.472024,8.468946,61.92411,25.748151
Manganese,S19,BGD,"Other Asia, nes",Bangladesh,282010,Processed,19158.531,direct,,,23.684994,90.356331
Manganese,S19,NLD,"Other Asia, nes",Netherlands,282090,Processed,8597.975,direct,,,52.132633,5.291266
Manganese,S19,CHN,"Other Asia, nes",China,282010,Processed,6760.002,direct,,,35.86166,104.195397
Manganese,S19,THA,"Other Asia, nes",Thailand,282090,Processed,3239.817,direct,,,15.870032,100.992541
Manganese,S19,VNM,"Other Asia, nes",Viet Nam,282010,Processed,2616.775,direct,,,14.058324,108.277199
Manganese,S19,SGP,"Other Asia, nes",Singapore,282010,Processed,1814.054,mirror,,,1.352083,103.819836
Manganese,S19,PHL,"Other Asia, nes",Philippines,282090,Processed,1152.627,direct,,,12.879721,121.774017
Manganese,S19,IND,"Other Asia, nes",India,282010,Processed,265.784,mirror,,,20.593684,78.96288
Manganese,E19,LTU,"Other Europe, nes",Lithuania,282010,Processed,169312.0,mirror,,,55.169438,23.881275
Manganese,E19,SVK,"Other Europe, nes",Slovakia,282010,Processed,129703.812,mirror,,,48.669026,19.699024
Manganese,E19,ITA,"Other Europe, nes",Italy,282090,Processed,14579.085,mirror,,,41.87194,12.56738
Manganese,PAK,MYS,Pakistan,Malaysia,282010,Processed,75014.663,direct,30.375321,69.345116,4.210484,101.975766
Manganese,PER,IND,Peru,India,282010,Processed,2288101.12,direct,-9.189967,-75.015152,20.593684,78.96288
Manganese,PER,BOL,Peru,Bolivia (Plurinational State of),282090,Processed,38697.144,direct,-9.189967,-75.015152,-16.290154,-63.588653
Manganese,PER,ECU,Peru,Ecuador,282010|282090,Processed,10377.908,direct,-9.189967,-75.015152,-1.831239,-78.183406
Manganese,POL,KAZ,Poland,Kazakhstan,282010,Processed,781088.0,direct,51.919438,19.145136,48.019573,66.923684
Manganese,POL,ESP,Poland,Spain,282010|282090,Processed,442932.0,direct,51.919438,19.145136,40.463667,-3.74922
Manganese,POL,FRA,Poland,France,282090,Processed,304668.452,mirror,51.919438,19.145136,46.227638,2.213749
Manganese,POL,AUS,Poland,Australia,282090,Processed,290592.922,mirror,51.919438,19.145136,-25.274398,133.775136
Manganese,POL,GBR,Poland,United Kingdom,282090,Processed,226864.0,direct,51.919438,19.145136,55.378051,-3.435973
Manganese,POL,DEU,Poland,Germany,282010|282090,Processed,162362.0,direct,51.919438,19.145136,51.165691,10.451526
Manganese,POL,GRC,Poland,Greece,282010,Processed,136023.0,direct,51.919438,19.145136,39.074208,21.824312
Manganese,POL,ITA,Poland,Italy,282090,Processed,112505.0,direct,51.919438,19.145136,41.87194,12.56738
Manganese,POL,CZE,Poland,Czechia,282010|282090,Processed,108221.0,direct,51.919438,19.145136,49.817492,15.472962
Manganese,POL,LVA,Poland,Latvia,282010,Processed,84062.0,direct,51.919438,19.145136,56.879635,24.603189
Manganese,POL,UKR,Poland,Ukraine,282010|282090,Processed,79609.0,direct,51.919438,19.145136,48.379433,31.16558
Manganese,POL,HUN,Poland,Hungary,282010|282090,Processed,63800.244,direct,51.919438,19.145136,47.162494,19.503304
Manganese,POL,LTU,Poland,Lithuania,282010|282090,Processed,47277.0,direct,51.919438,19.145136,55.169438,23.881275
Manganese,POL,USA,Poland,USA,282090,Processed,39000.0,direct,51.919438,19.145136,37.09024,-95.712891
Manganese,POL,TUR,Poland,Türkiye,282010,Processed,27640.0,mirror,51.919438,19.145136,38.963745,35.243322
Manganese,POL,KGZ,Poland,Kyrgyzstan,282010,Processed,26294.0,direct,51.919438,19.145136,41.20438,74.766098
Manganese,POL,ROU,Poland,Romania,282010,Processed,20272.0,direct,51.919438,19.145136,45.943161,24.96676
Manganese,POL,IRL,Poland,Ireland,282010,Processed,15752.0,direct,51.919438,19.145136,53.41291,-8.24389
Manganese,POL,BLR,Poland,Belarus,282010|282090,Processed,11823.0,direct,51.919438,19.145136,53.709807,27.953389
Manganese,POL,SWE,Poland,Sweden,282010,Processed,7790.0,direct,51.919438,19.145136,60.128161,18.643501
Manganese,POL,EST,Poland,Estonia,282010,Processed,4458.0,direct,51.919438,19.145136,58.595272,25.013607
Manganese,POL,BEL,Poland,Belgium,282010,Processed,3971.0,direct,51.919438,19.145136,50.503887,4.469936
Manganese,POL,AUT,Poland,Austria,282010,Processed,1604.0,direct,51.919438,19.145136,47.516231,14.550072
Manganese,POL,SRB,Poland,Serbia,282090,Processed,296.0,direct,51.919438,19.145136,44.016521,21.005859
Manganese,POL,IND,Poland,India,282090,Processed,167.0,direct,51.919438,19.145136,20.593684,78.96288
Manganese,POL,NLD,Poland,Netherlands,282090,Processed,87.673,mirror,51.919438,19.145136,52.132633,5.291266
Manganese,PRT,DZA,Portugal,Algeria,282090,Processed,163510.416,direct,39.399872,-8.224454,28.033886,1.659626
Manganese,PRT,ESP,Portugal,Spain,282090,Processed,101342.084,direct,39.399872,-8.224454,40.463667,-3.74922
Manganese,PRT,NLD,Portugal,Netherlands,282090,Processed,3.247,mirror,39.399872,-8.224454,52.132633,5.291266
Manganese,KOR,IND,Rep. of Korea,India,282090,Processed,2879883.0,direct,35.907757,127.766922,20.593684,78.96288
Manganese,KOR,RUS,Rep. of Korea,Russian Federation,282090,Processed,576742.0,direct,35.907757,127.766922,61.52401,105.318756
Manganese,KOR,USA,Rep. of Korea,USA,282010|282090,Processed,574897.0,direct,35.907757,127.766922,37.09024,-95.712891
Manganese,KOR,COL,Rep. of Korea,Colombia,282090,Processed,260262.49,mirror,35.907757,127.766922,4.570868,-74.297333
Manganese,KOR,GBR,Rep. of Korea,United Kingdom,282090,Processed,112269.916,mirror,35.907757,127.766922,55.378051,-3.435973
Manganese,KOR,FRA,Rep. of Korea,France,282090,Processed,85807.0,direct,35.907757,127.766922,46.227638,2.213749
Manganese,KOR,DEU,Rep. of Korea,Germany,282090,Processed,52008.128,mirror,35.907757,127.766922,51.165691,10.451526
Manganese,KOR,ESP,Rep. of Korea,Spain,282090,Processed,35487.0,direct,35.907757,127.766922,40.463667,-3.74922
Manganese,KOR,CHN,Rep. of Korea,China,282010|282090,Processed,32760.0,direct,35.907757,127.766922,35.86166,104.195397
Manganese,KOR,SGP,Rep. of Korea,Singapore,282010|282090,Processed,20783.077,direct,35.907757,127.766922,1.352083,103.819836
Manganese,KOR,IDN,Rep. of Korea,Indonesia,282010,Processed,8102.0,direct,35.907757,127.766922,-0.789275,113.921327
Manganese,KOR,MYS,Rep. of Korea,Malaysia,282010|282090,Processed,7488.0,direct,35.907757,127.766922,4.210484,101.975766
Manganese,KOR,PHL,Rep. of Korea,Philippines,282090,Processed,3581.0,direct,35.907757,127.766922,12.879721,121.774017
Manganese,KOR,CRI,Rep. of Korea,Costa Rica,282010,Processed,2835.67,mirror,35.907757,127.766922,9.748917,-83.753428
Manganese,KOR,S19,Rep. of Korea,"Other Asia, nes",282010|282090,Processed,776.0,direct,35.907757,127.766922,,
Manganese,KOR,JPN,Rep. of Korea,Japan,282010,Processed,449.0,direct,35.907757,127.766922,36.204824,138.252924
Manganese,KOR,VNM,Rep. of Korea,Viet Nam,282010,Processed,220.0,direct,35.907757,127.766922,14.058324,108.277199
Manganese,KOR,AUS,Rep. of Korea,Australia,282010,Processed,191.0,direct,35.907757,127.766922,-25.274398,133.775136
Manganese,KOR,PAK,Rep. of Korea,Pakistan,282010,Processed,100.0,direct,35.907757,127.766922,30.375321,69.345116
Manganese,KOR,ZAF,Rep. of Korea,South Africa,282010,Processed,20.952,mirror,35.907757,127.766922,-30.559482,22.937506
Manganese,ROU,ISR,Romania,Israel,282010,Processed,15000.0,mirror,45.943161,24.96676,31.046051,34.851612
Manganese,ROU,MDA,Romania,Rep. of Moldova,282090,Processed,843.6,direct,45.943161,24.96676,47.411631,28.369885
Manganese,ROU,ITA,Romania,Italy,282010,Processed,46.106,mirror,45.943161,24.96676,41.87194,12.56738
Manganese,ROU,NLD,Romania,Netherlands,282090,Processed,2.165,mirror,45.943161,24.96676,52.132633,5.291266
Manganese,RUS,KAZ,Russian Federation,Kazakhstan,282010|282090,Processed,4682.38,mirror,61.52401,105.318756,48.019573,66.923684
Manganese,RUS,ARM,Russian Federation,Armenia,282010,Processed,313.28,mirror,61.52401,105.318756,40.069099,45.038189
Manganese,RUS,KGZ,Russian Federation,Kyrgyzstan,282090,Processed,86.0,mirror,61.52401,105.318756,41.20438,74.766098
Manganese,RWA,TZA,Rwanda,United Rep. of Tanzania,282010,Processed,413.554,mirror,-1.940278,29.873888,-6.369028,34.888822
Manganese,LCA,GRD,Saint Lucia,Grenada,282010,Processed,1505.364,mirror,,,,
Manganese,SAU,ARE,Saudi Arabia,United Arab Emirates,282090,Processed,11825.066,direct,23.885942,45.079162,23.424076,53.847818
Manganese,SAU,KWT,Saudi Arabia,Kuwait,282090,Processed,597.0,mirror,23.885942,45.079162,29.31166,47.481766
Manganese,SEN,MLI,Senegal,Mali,282090,Processed,36.815,direct,14.497401,14.452362,17.570692,-3.996166
Manganese,SEN,GIN,Senegal,Guinea,282090,Processed,18.408,direct,14.497401,14.452362,9.945587,-9.696645
Manganese,SRB,MKD,Serbia,North Macedonia,282090,Processed,6344.0,direct,44.016521,21.005859,41.608635,21.745275
Manganese,SRB,BIH,Serbia,Bosnia Herzegovina,282010|282090,Processed,2460.0,direct,44.016521,21.005859,43.915886,17.679076
Manganese,SRB,FRA,Serbia,France,282090,Processed,82.26,mirror,44.016521,21.005859,46.227638,2.213749
Manganese,SRB,MNE,Serbia,Montenegro,282010,Processed,24.0,direct,44.016521,21.005859,42.708678,19.37439
Manganese,SGP,MYS,Singapore,Malaysia,282010,Processed,195793.649,direct,1.352083,103.819836,4.210484,101.975766
Manganese,SGP,IDN,Singapore,Indonesia,282010,Processed,124545.613,direct,1.352083,103.819836,-0.789275,113.921327
Manganese,SGP,CHN,Singapore,China,282090,Processed,124358.52,direct,1.352083,103.819836,35.86166,104.195397
Manganese,SGP,COL,Singapore,Colombia,282090,Processed,13508.18,mirror,1.352083,103.819836,4.570868,-74.297333
Manganese,SGP,PHL,Singapore,Philippines,282010,Processed,11607.254,direct,1.352083,103.819836,12.879721,121.774017
Manganese,SGP,MDV,Singapore,Maldives,282010,Processed,3592.187,direct,1.352083,103.819836,3.202778,73.22068
Manganese,SGP,IND,Singapore,India,282090,Processed,3510.614,direct,1.352083,103.819836,20.593684,78.96288
Manganese,SGP,JPN,Singapore,Japan,282010,Processed,557.537,direct,1.352083,103.819836,36.204824,138.252924
Manganese,SGP,KOR,Singapore,Rep. of Korea,282090,Processed,14.0,mirror,1.352083,103.819836,35.907757,127.766922
Manganese,SGP,NLD,Singapore,Netherlands,282010,Processed,1.082,mirror,1.352083,103.819836,52.132633,5.291266
Manganese,SVK,NLD,Slovakia,Netherlands,282010,Processed,17.318,mirror,48.669026,19.699024,52.132633,5.291266
Manganese,SVN,HUN,Slovenia,Hungary,282010|282090,Processed,1173343.452,direct,46.151241,14.995463,47.162494,19.503304
Manganese,SVN,HRV,Slovenia,Croatia,282010|282090,Processed,722375.744,direct,46.151241,14.995463,45.1,15.2
Manganese,SVN,AUT,Slovenia,Austria,282090,Processed,188016.13199999998,direct,46.151241,14.995463,47.516231,14.550072
Manganese,SVN,ITA,Slovenia,Italy,282090,Processed,33846.362,mirror,46.151241,14.995463,41.87194,12.56738
Manganese,SVN,CHN,Slovenia,China,282010,Processed,2556.0,mirror,46.151241,14.995463,35.86166,104.195397
Manganese,SVN,DEU,Slovenia,Germany,282010|282090,Processed,417.76800000000003,direct,46.151241,14.995463,51.165691,10.451526
Manganese,SVN,BIH,Slovenia,Bosnia Herzegovina,282090,Processed,214.136,direct,46.151241,14.995463,43.915886,17.679076
Manganese,SVN,SVK,Slovenia,Slovakia,282090,Processed,185.04,direct,46.151241,14.995463,48.669026,19.699024
Manganese,SVN,NLD,Slovenia,Netherlands,282090,Processed,11.906,mirror,46.151241,14.995463,52.132633,5.291266
Manganese,ZAF,ESP,South Africa,Spain,282090,Processed,22266449.932,direct,-30.559482,22.937506,40.463667,-3.74922
Manganese,ZAF,AUS,South Africa,Australia,282090,Processed,15488395.36,direct,-30.559482,22.937506,-25.274398,133.775136
Manganese,ZAF,IND,South Africa,India,282010|282090,Processed,15380156.768,direct,-30.559482,22.937506,20.593684,78.96288
Manganese,ZAF,USA,South Africa,USA,282010|282090,Processed,14773123.979999999,direct,-30.559482,22.937506,37.09024,-95.712891
Manganese,ZAF,COL,South Africa,Colombia,282090,Processed,13391826.516,direct,-30.559482,22.937506,4.570868,-74.297333
Manganese,ZAF,NLD,South Africa,Netherlands,282090,Processed,6570280.052,direct,-30.559482,22.937506,52.132633,5.291266
Manganese,ZAF,TUR,South Africa,Türkiye,282010|282090,Processed,5820837.267999999,direct,-30.559482,22.937506,38.963745,35.243322
Manganese,ZAF,GBR,South Africa,United Kingdom,282090,Processed,1654085.588,direct,-30.559482,22.937506,55.378051,-3.435973
Manganese,ZAF,PER,South Africa,Peru,282090,Processed,1255931.38,direct,-30.559482,22.937506,-9.189967,-75.015152
Manganese,ZAF,ITA,South Africa,Italy,282090,Processed,1070834.136,direct,-30.559482,22.937506,41.87194,12.56738
Manganese,ZAF,ARE,South Africa,United Arab Emirates,282090,Processed,1064540.168,direct,-30.559482,22.937506,23.424076,53.847818
Manganese,ZAF,DEU,South Africa,Germany,282090,Processed,769567.784,mirror,-30.559482,22.937506,51.165691,10.451526
Manganese,ZAF,RUS,South Africa,Russian Federation,282090,Processed,542667.572,direct,-30.559482,22.937506,61.52401,105.318756
Manganese,ZAF,BEL,South Africa,Belgium,282090,Processed,527306.708,direct,-30.559482,22.937506,50.503887,4.469936
Manganese,ZAF,CAF,South Africa,Central African Rep.,282090,Processed,408409.84,direct,-30.559482,22.937506,6.611111,20.939444
Manganese,ZAF,KWT,South Africa,Kuwait,282090,Processed,374398.836,direct,-30.559482,22.937506,29.31166,47.481766
Manganese,ZAF,MYS,South Africa,Malaysia,282010|282090,Processed,311285.588,direct,-30.559482,22.937506,4.210484,101.975766
Manganese,ZAF,SGP,South Africa,Singapore,282090,Processed,305694.624,direct,-30.559482,22.937506,1.352083,103.819836
Manganese,ZAF,BLR,South Africa,Belarus,282090,Processed,300305.684,direct,-30.559482,22.937506,53.709807,27.953389
Manganese,ZAF,KOR,South Africa,Rep. of Korea,282010|282090,Processed,172895.368,direct,-30.559482,22.937506,35.907757,127.766922
Manganese,ZAF,CHN,South Africa,China,282010,Processed,80695.928,direct,-30.559482,22.937506,35.86166,104.195397
Manganese,ZAF,BWA,South Africa,Botswana,282010|282090,Processed,65685.11600000001,direct,-30.559482,22.937506,-22.328474,24.684866
Manganese,ZAF,PHL,South Africa,Philippines,282090,Processed,63868.508,direct,-30.559482,22.937506,12.879721,121.774017
Manganese,ZAF,CIV,South Africa,Côte d'Ivoire,282090,Processed,55787.828,direct,-30.559482,22.937506,7.539989,-5.54708
Manganese,ZAF,NAM,South Africa,Namibia,282010|282090,Processed,51151.156,direct,-30.559482,22.937506,-22.95764,18.49041
Manganese,ZAF,JPN,South Africa,Japan,282090,Processed,50246.344,direct,-30.559482,22.937506,36.204824,138.252924
Manganese,ZAF,LVA,South Africa,Latvia,282010,Processed,26582.492,mirror,-30.559482,22.937506,56.879635,24.603189
Manganese,ZAF,BOL,South Africa,Bolivia (Plurinational State of),282090,Processed,17808.0,mirror,-30.559482,22.937506,-16.290154,-63.588653
Manganese,ZAF,NZL,South Africa,New Zealand,282010,Processed,14858.607,mirror,-30.559482,22.937506,-40.900557,174.885971
Manganese,ZAF,GHA,South Africa,Ghana,282090,Processed,13594.232,direct,-30.559482,22.937506,7.946527,-1.023194
Manganese,ZAF,MOZ,South Africa,Mozambique,282010,Processed,6550.18,direct,-30.559482,22.937506,-18.665695,35.529562
Manganese,ZAF,NGA,South Africa,Nigeria,282010,Processed,4943.08,direct,-30.559482,22.937506,9.081999,8.675277
Manganese,ZAF,ZWE,South Africa,Zimbabwe,282090,Processed,4444.624,direct,-30.559482,22.937506,-19.015438,29.154857
Manganese,ZAF,IRL,South Africa,Ireland,282090,Processed,1927.72,mirror,-30.559482,22.937506,53.41291,-8.24389
Manganese,ZAF,COD,South Africa,Dem. Rep. of the Congo,282010,Processed,1091.188,direct,-30.559482,22.937506,-4.038333,21.758664
Manganese,ZAF,AGO,South Africa,Angola,282090,Processed,780.02,mirror,-30.559482,22.937506,-11.202692,17.873887
Manganese,ZAF,MUS,South Africa,Mauritius,282090,Processed,67.436,direct,-30.559482,22.937506,-20.348404,57.552152
Manganese,ZAF,LSO,South Africa,Lesotho,282010,Processed,65.472,direct,-30.559482,22.937506,-29.609988,28.233608
Manganese,ZAF,S19,South Africa,"Other Asia, nes",282010,Processed,12.004,direct,-30.559482,22.937506,,
Manganese,ESP,DEU,Spain,Germany,282010|282090,Processed,81041164.76799999,direct,40.463667,-3.74922,51.165691,10.451526
Manganese,ESP,POL,Spain,Poland,282010|282090,Processed,63415262.024,direct,40.463667,-3.74922,51.919438,19.145136
Manganese,ESP,BEL,Spain,Belgium,282010,Processed,63243811.072,direct,40.463667,-3.74922,50.503887,4.469936
Manganese,ESP,SVN,Spain,Slovenia,282010|282090,Processed,2984889.5439999998,direct,40.463667,-3.74922,46.151241,14.995463
Manganese,ESP,PRT,Spain,Portugal,282010|282090,Processed,2365029.4000000004,direct,40.463667,-3.74922,39.399872,-8.224454
Manganese,ESP,IND,Spain,India,282010,Processed,1994154.912,direct,40.463667,-3.74922,20.593684,78.96288
Manganese,ESP,FRA,Spain,France,282010|282090,Processed,1297387.112,direct,40.463667,-3.74922,46.227638,2.213749
Manganese,ESP,ITA,Spain,Italy,282010|282090,Processed,1065052.528,direct,40.463667,-3.74922,41.87194,12.56738
Manganese,ESP,CRI,Spain,Costa Rica,282010,Processed,1040031.62,mirror,40.463667,-3.74922,9.748917,-83.753428
Manganese,ESP,DOM,Spain,Dominican Rep.,282090,Processed,767796.872,direct,40.463667,-3.74922,18.735693,-70.162651
Manganese,ESP,MAR,Spain,Morocco,282090,Processed,763942.536,direct,40.463667,-3.74922,31.791702,-7.09262
Manganese,ESP,TUR,Spain,Türkiye,282010|282090,Processed,637284.2960000001,direct,40.463667,-3.74922,38.963745,35.243322
Manganese,ESP,SLV,Spain,El Salvador,282090,Processed,400425.312,direct,40.463667,-3.74922,13.794185,-88.89653
Manganese,ESP,JOR,Spain,Jordan,282090,Processed,288094.624,direct,40.463667,-3.74922,30.585164,36.238414
Manganese,ESP,MEX,Spain,Mexico,282010,Processed,229404.152,direct,40.463667,-3.74922,23.634501,-102.552784
Manganese,ESP,ECU,Spain,Ecuador,282010,Processed,195893.36,direct,40.463667,-3.74922,-1.831239,-78.183406
Manganese,ESP,ISR,Spain,Israel,282090,Processed,192238.952,direct,40.463667,-3.74922,31.046051,34.851612
Manganese,ESP,COL,Spain,Colombia,282010|282090,Processed,174906.086,direct,40.463667,-3.74922,4.570868,-74.297333
Manganese,ESP,TUN,Spain,Tunisia,282010|282090,Processed,170586.50400000002,direct,40.463667,-3.74922,33.886917,9.537499
Manganese,ESP,BOL,Spain,Bolivia (Plurinational State of),282090,Processed,139236.688,direct,40.463667,-3.74922,-16.290154,-63.588653
Manganese,ESP,NLD,Spain,Netherlands,282090,Processed,92964.536,direct,40.463667,-3.74922,52.132633,5.291266
Manganese,ESP,MKD,Spain,North Macedonia,282010,Processed,24646.016,direct,40.463667,-3.74922,41.608635,21.745275
Manganese,ESP,GBR,Spain,United Kingdom,282010,Processed,11635.6,direct,40.463667,-3.74922,55.378051,-3.435973
Manganese,ESP,EST,Spain,Estonia,282010,Processed,6211.6,mirror,40.463667,-3.74922,58.595272,25.013607
Manganese,ESP,CHL,Spain,Chile,282010|282090,Processed,4505.808,direct,40.463667,-3.74922,-35.675147,-71.542969
Manganese,ESP,CZE,Spain,Czechia,282010,Processed,3759.024,direct,40.463667,-3.74922,49.817492,15.472962
Manganese,ESP,SEN,Spain,Senegal,282090,Processed,3624.64,direct,40.463667,-3.74922,14.497401,14.452362
Manganese,ESP,USA,Spain,USA,282010,Processed,3037.0,mirror,40.463667,-3.74922,37.09024,-95.712891
Manganese,ESP,IRL,Spain,Ireland,282090,Processed,1927.72,mirror,40.463667,-3.74922,53.41291,-8.24389
Manganese,ESP,CHE,Spain,Switzerland,282010,Processed,131.752,mirror,40.463667,-3.74922,46.818188,8.227512
Manganese,LKA,PNG,Sri Lanka,Papua New Guinea,282090,Processed,71.921,direct,7.873054,80.771797,-6.314993,143.95555
Manganese,SWE,ITA,Sweden,Italy,282090,Processed,47678.312,mirror,60.128161,18.643501,41.87194,12.56738
Manganese,SWE,UZB,Sweden,Uzbekistan,282090,Processed,21764.562,direct,60.128161,18.643501,41.377491,64.585262
Manganese,SWE,NOR,Sweden,Norway,282010,Processed,1545.53,mirror,60.128161,18.643501,60.472024,8.468946
Manganese,SWE,FIN,Sweden,Finland,282010,Processed,378.514,direct,60.128161,18.643501,61.92411,25.748151
Manganese,SWE,THA,Sweden,Thailand,282010,Processed,378.514,direct,60.128161,18.643501,15.870032,100.992541
Manganese,SWE,NLD,Sweden,Netherlands,282090,Processed,10.824,mirror,60.128161,18.643501,52.132633,5.291266
Manganese,CHE,NOR,Switzerland,Norway,282090,Processed,1598.946,mirror,46.818188,8.227512,60.472024,8.468946
Manganese,CHE,IND,Switzerland,India,282090,Processed,163.768,mirror,46.818188,8.227512,20.593684,78.96288
Manganese,CHE,FRA,Switzerland,France,282090,Processed,121.228,mirror,46.818188,8.227512,46.227638,2.213749
Manganese,THA,MMR,Thailand,Myanmar,282010|282090,Processed,289752.2,direct,15.870032,100.992541,21.913965,95.956223
Manganese,THA,JPN,Thailand,Japan,282010,Processed,266815.44,direct,15.870032,100.992541,36.204824,138.252924
Manganese,THA,IDN,Thailand,Indonesia,282010,Processed,147168.0,direct,15.870032,100.992541,-0.789275,113.921327
Manganese,THA,MYS,Thailand,Malaysia,282090,Processed,139360.0,direct,15.870032,100.992541,4.210484,101.975766
Manganese,THA,LAO,Thailand,Lao People's Dem. Rep.,282090,Processed,43006.6,direct,15.870032,100.992541,19.85627,102.495496
Manganese,THA,KHM,Thailand,Cambodia,282010,Processed,474.6,direct,15.870032,100.992541,12.565679,104.990963
Manganese,TUR,TKM,Türkiye,Turkmenistan,282090,Processed,9732904.0,direct,38.963745,35.243322,38.969719,59.556278
Manganese,TUR,KAZ,Türkiye,Kazakhstan,282010,Processed,2742248.0,direct,38.963745,35.243322,48.019573,66.923684
Manganese,TUR,RUS,Türkiye,Russian Federation,282010|282090,Processed,1831848.0,direct,38.963745,35.243322,61.52401,105.318756
Manganese,TUR,UZB,Türkiye,Uzbekistan,282090,Processed,1601184.0,direct,38.963745,35.243322,41.377491,64.585262
Manganese,TUR,IRN,Türkiye,Iran,282010,Processed,529920.0,direct,38.963745,35.243322,32.427908,53.688046
Manganese,TUR,UKR,Türkiye,Ukraine,282010,Processed,255808.0,direct,38.963745,35.243322,48.379433,31.16558
Manganese,TUR,BGD,Türkiye,Bangladesh,282010,Processed,75520.0,direct,38.963745,35.243322,23.684994,90.356331
Manganese,TUR,BLR,Türkiye,Belarus,282010,Processed,70784.0,direct,38.963745,35.243322,53.709807,27.953389
Manganese,TUR,IRQ,Türkiye,Iraq,282090,Processed,64600.0,direct,38.963745,35.243322,33.223191,43.679291
Manganese,TUR,IDN,Türkiye,Indonesia,282010,Processed,40824.0,mirror,38.963745,35.243322,-0.789275,113.921327
Manganese,TUR,PAK,Türkiye,Pakistan,282010,Processed,28320.0,direct,38.963745,35.243322,30.375321,69.345116
Manganese,TUR,SAU,Türkiye,Saudi Arabia,282090,Processed,28274.933,mirror,38.963745,35.243322,23.885942,45.079162
Manganese,TUR,SYR,Türkiye,Syria,282090,Processed,20032.0,direct,38.963745,35.243322,34.802075,38.996815
Manganese,TUR,GRC,Türkiye,Greece,282010,Processed,17680.0,direct,38.963745,35.243322,39.074208,21.824312
Manganese,TUR,NGA,Türkiye,Nigeria,282010,Processed,12848.112,mirror,38.963745,35.243322,9.081999,8.675277
Manganese,TUR,LBY,Türkiye,Libya,282010,Processed,360.0,direct,38.963745,35.243322,26.3351,17.228331
Manganese,TUR,POL,Türkiye,Poland,282090,Processed,160.0,mirror,38.963745,35.243322,51.919438,19.145136
Manganese,TUR,GEO,Türkiye,Georgia,282010,Processed,56.0,direct,38.963745,35.243322,42.315407,43.356892
Manganese,TUR,ARE,Türkiye,United Arab Emirates,282090,Processed,24.0,direct,38.963745,35.243322,23.424076,53.847818
Manganese,USA,CAN,USA,Canada,282010|282090,Processed,5117515.0,direct,37.09024,-95.712891,56.130366,-106.346771
Manganese,USA,MEX,USA,Mexico,282010|282090,Processed,2265301.0,direct,37.09024,-95.712891,23.634501,-102.552784
Manganese,USA,KWT,USA,Kuwait,282090,Processed,2053195.0,mirror,37.09024,-95.712891,29.31166,47.481766
Manganese,USA,ARE,USA,United Arab Emirates,282090,Processed,2040064.0,direct,37.09024,-95.712891,23.424076,53.847818
Manganese,USA,ESP,USA,Spain,282010|282090,Processed,1730782.0,direct,37.09024,-95.712891,40.463667,-3.74922
Manganese,USA,NLD,USA,Netherlands,282010|282090,Processed,1316599.0,direct,37.09024,-95.712891,52.132633,5.291266
Manganese,USA,POL,USA,Poland,282010|282090,Processed,1137600.0,direct,37.09024,-95.712891,51.919438,19.145136
Manganese,USA,GBR,USA,United Kingdom,282010|282090,Processed,1060395.0,direct,37.09024,-95.712891,55.378051,-3.435973
Manganese,USA,NOR,USA,Norway,282010|282090,Processed,1038073.551,mirror,37.09024,-95.712891,60.472024,8.468946
Manganese,USA,ITA,USA,Italy,282010|282090,Processed,997700.0,direct,37.09024,-95.712891,41.87194,12.56738
Manganese,USA,KOR,USA,Rep. of Korea,282010|282090,Processed,943680.0,direct,37.09024,-95.712891,35.907757,127.766922
Manganese,USA,BRA,USA,Brazil,282010|282090,Processed,666170.0,direct,37.09024,-95.712891,-14.235004,-51.92528
Manganese,USA,MYS,USA,Malaysia,282010|282090,Processed,584301.722,direct,37.09024,-95.712891,4.210484,101.975766
Manganese,USA,BEL,USA,Belgium,282010|282090,Processed,582355.0,direct,37.09024,-95.712891,50.503887,4.469936
Manganese,USA,DEU,USA,Germany,282010|282090,Processed,509435.0,direct,37.09024,-95.712891,51.165691,10.451526
Manganese,USA,S19,USA,"Other Asia, nes",282010|282090,Processed,486591.281,direct,37.09024,-95.712891,,
Manganese,USA,FRA,USA,France,282090,Processed,429900.0,direct,37.09024,-95.712891,46.227638,2.213749
Manganese,USA,TUR,USA,Türkiye,282010|282090,Processed,387554.0,direct,37.09024,-95.712891,38.963745,35.243322
Manganese,USA,IND,USA,India,282010|282090,Processed,321730.092,direct,37.09024,-95.712891,20.593684,78.96288
Manganese,USA,CHN,USA,China,282010|282090,Processed,314144.0,direct,37.09024,-95.712891,35.86166,104.195397
Manganese,USA,SAU,USA,Saudi Arabia,282090,Processed,288990.393,mirror,37.09024,-95.712891,23.885942,45.079162
Manganese,USA,ISR,USA,Israel,282010|282090,Processed,277496.0,direct,37.09024,-95.712891,31.046051,34.851612
Manganese,USA,CZE,USA,Czechia,282010|282090,Processed,275868.0,direct,37.09024,-95.712891,49.817492,15.472962
Manganese,USA,LVA,USA,Latvia,282010,Processed,210538.0,direct,37.09024,-95.712891,56.879635,24.603189
Manganese,USA,EST,USA,Estonia,282010|282090,Processed,207219.6,mirror,37.09024,-95.712891,58.595272,25.013607
Manganese,USA,JPN,USA,Japan,282010|282090,Processed,188396.0,direct,37.09024,-95.712891,36.204824,138.252924
Manganese,USA,SLV,USA,El Salvador,282010|282090,Processed,177948.15,direct,37.09024,-95.712891,13.794185,-88.89653
Manganese,USA,DOM,USA,Dominican Rep.,282010|282090,Processed,140557.0,direct,37.09024,-95.712891,18.735693,-70.162651
Manganese,USA,SWE,USA,Sweden,282010|282090,Processed,105651.368,direct,37.09024,-95.712891,60.128161,18.643501
Manganese,USA,PAK,USA,Pakistan,282010|282090,Processed,101739.001,mirror,37.09024,-95.712891,30.375321,69.345116
Manganese,USA,HND,USA,Honduras,282010|282090,Processed,70280.0,direct,37.09024,-95.712891,15.199999,-86.241905
Manganese,USA,AUS,USA,Australia,282010|282090,Processed,65000.0,direct,37.09024,-95.712891,-25.274398,133.775136
Manganese,USA,NGA,USA,Nigeria,282090,Processed,64400.8,mirror,37.09024,-95.712891,9.081999,8.675277
Manganese,USA,CHE,USA,Switzerland,282010|282090,Processed,52923.788,direct,37.09024,-95.712891,46.818188,8.227512
Manganese,USA,COL,USA,Colombia,282010|282090,Processed,52186.0,direct,37.09024,-95.712891,4.570868,-74.297333
Manganese,USA,THA,USA,Thailand,282010|282090,Processed,49257.0,direct,37.09024,-95.712891,15.870032,100.992541
Manganese,USA,SGP,USA,Singapore,282010|282090,Processed,47718.462,mirror,37.09024,-95.712891,1.352083,103.819836
Manganese,USA,BGD,USA,Bangladesh,282010,Processed,33134.0,direct,37.09024,-95.712891,23.684994,90.356331
Manganese,USA,PER,USA,Peru,282010|282090,Processed,29187.719999999998,mirror,37.09024,-95.712891,-9.189967,-75.015152
Manganese,USA,ECU,USA,Ecuador,282090,Processed,22604.0,direct,37.09024,-95.712891,-1.831239,-78.183406
Manganese,USA,AUT,USA,Austria,282010|282090,Processed,18861.762,direct,37.09024,-95.712891,47.516231,14.550072
Manganese,USA,VEN,USA,Venezuela,282010,Processed,16500.0,direct,37.09024,-95.712891,6.42375,-66.58973
Manganese,USA,GTM,USA,Guatemala,282090,Processed,15469.0,direct,37.09024,-95.712891,15.783471,-90.230759
Manganese,USA,ZAF,USA,South Africa,282010|282090,Processed,11870.644,direct,37.09024,-95.712891,-30.559482,22.937506
Manganese,USA,NZL,USA,New Zealand,282010|282090,Processed,10717.128,mirror,37.09024,-95.712891,-40.900557,174.885971
Manganese,USA,PHL,USA,Philippines,282090,Processed,10195.0,mirror,37.09024,-95.712891,12.879721,121.774017
Manganese,USA,CRI,USA,Costa Rica,282010,Processed,9500.0,direct,37.09024,-95.712891,9.748917,-83.753428
Manganese,USA,CHL,USA,Chile,282010|282090,Processed,7317.38,mirror,37.09024,-95.712891,-35.675147,-71.542969
Manganese,USA,IRL,USA,Ireland,282010|282090,Processed,6790.855,mirror,37.09024,-95.712891,53.41291,-8.24389
Manganese,USA,BOL,USA,Bolivia (Plurinational State of),282010|282090,Processed,6724.0,direct,37.09024,-95.712891,-16.290154,-63.588653
Manganese,USA,FIN,USA,Finland,282010|282090,Processed,5947.739,mirror,37.09024,-95.712891,61.92411,25.748151
Manganese,USA,LBN,USA,Lebanon,282010,Processed,5132.0,mirror,37.09024,-95.712891,33.854721,35.862285
Manganese,USA,TTO,USA,Trinidad and Tobago,282090,Processed,4542.436,mirror,37.09024,-95.712891,10.691803,-61.222503
Manganese,USA,GUY,USA,Guyana,282010|282090,Processed,3317.152,direct,37.09024,-95.712891,4.860416,-58.93018
Manganese,USA,SUR,USA,Suriname,282010,Processed,2744.0,direct,37.09024,-95.712891,3.919305,-56.027783
Manganese,USA,ARM,USA,Armenia,282090,Processed,2456.28,mirror,37.09024,-95.712891,40.069099,45.038189
Manganese,USA,SVK,USA,Slovakia,282010,Processed,2450.512,mirror,37.09024,-95.712891,48.669026,19.699024
Manganese,USA,IDN,USA,Indonesia,282010|282090,Processed,1908.0,mirror,37.09024,-95.712891,-0.789275,113.921327
Manganese,USA,SVN,USA,Slovenia,282090,Processed,1504.52,mirror,37.09024,-95.712891,46.151241,14.995463
Manganese,USA,MAR,USA,Morocco,282090,Processed,345.592,mirror,37.09024,-95.712891,31.791702,-7.09262
Manganese,USA,TUN,USA,Tunisia,282090,Processed,247.148,mirror,37.09024,-95.712891,33.886917,9.537499
Manganese,USA,KAZ,USA,Kazakhstan,282010|282090,Processed,208.58999999999997,mirror,37.09024,-95.712891,48.019573,66.923684
Manganese,USA,MDA,USA,Rep. of Moldova,282010,Processed,128.0,mirror,37.09024,-95.712891,47.411631,28.369885
Manganese,USA,GRD,USA,Grenada,282010,Processed,111.764,mirror,37.09024,-95.712891,,
Manganese,USA,URY,USA,Uruguay,282010,Processed,64.0,mirror,37.09024,-95.712891,-32.522779,-55.765835
Manganese,USA,UKR,USA,Ukraine,282010,Processed,59.32,mirror,37.09024,-95.712891,48.379433,31.16558
Manganese,USA,BHS,USA,Bahamas,282010,Processed,12.0,mirror,37.09024,-95.712891,25.03428,-77.39628
Manganese,USA,BRB,USA,Barbados,282010,Processed,11.0,mirror,37.09024,-95.712891,,
Manganese,UKR,DEU,Ukraine,Germany,282010,Processed,251409.82,direct,48.379433,31.16558,51.165691,10.451526
Manganese,UKR,ESP,Ukraine,Spain,282010,Processed,18839.616,mirror,48.379433,31.16558,40.463667,-3.74922
Manganese,UKR,BOL,Ukraine,Bolivia (Plurinational State of),282010,Processed,13330.0,mirror,48.379433,31.16558,-16.290154,-63.588653
Manganese,UKR,NZL,Ukraine,New Zealand,282010,Processed,11440.359,mirror,48.379433,31.16558,-40.900557,174.885971
Manganese,UKR,MKD,Ukraine,North Macedonia,282010,Processed,7046.54,mirror,48.379433,31.16558,41.608635,21.745275
Manganese,UKR,IDN,Ukraine,Indonesia,282010,Processed,4110.0,mirror,48.379433,31.16558,-0.789275,113.921327
Manganese,UKR,TUN,Ukraine,Tunisia,282010,Processed,798.404,mirror,48.379433,31.16558,33.886917,9.537499
Manganese,UKR,ZAF,Ukraine,South Africa,282090,Processed,566.98,mirror,48.379433,31.16558,-30.559482,22.937506
Manganese,UKR,FRA,Ukraine,France,282090,Processed,69.272,mirror,48.379433,31.16558,46.227638,2.213749
Manganese,ARE,IND,United Arab Emirates,India,282090,Processed,117100.268,mirror,23.424076,53.847818,20.593684,78.96288
Manganese,ARE,ZAF,United Arab Emirates,South Africa,282090,Processed,65232.272,mirror,23.424076,53.847818,-30.559482,22.937506
Manganese,ARE,QAT,United Arab Emirates,Qatar,282010,Processed,18750.0,mirror,23.424076,53.847818,25.354826,51.183884
Manganese,GBR,AUS,United Kingdom,Australia,282010|282090,Processed,2586190.662,direct,55.378051,-3.435973,-25.274398,133.775136
Manganese,GBR,GEO,United Kingdom,Georgia,282090,Processed,694414.544,direct,55.378051,-3.435973,42.315407,43.356892
Manganese,GBR,USA,United Kingdom,USA,282090,Processed,660231.32,direct,55.378051,-3.435973,37.09024,-95.712891
Manganese,GBR,_X ,United Kingdom,"Areas, nes",282010|282090,Processed,363403.46,direct,55.378051,-3.435973,,
Manganese,GBR,IRL,United Kingdom,Ireland,282010|282090,Processed,354677.556,direct,55.378051,-3.435973,53.41291,-8.24389
Manganese,GBR,DEU,United Kingdom,Germany,282010|282090,Processed,313204.15,direct,55.378051,-3.435973,51.165691,10.451526
Manganese,GBR,IND,United Kingdom,India,282010|282090,Processed,255136.304,direct,55.378051,-3.435973,20.593684,78.96288
Manganese,GBR,CAN,United Kingdom,Canada,282010,Processed,236251.892,mirror,55.378051,-3.435973,56.130366,-106.346771
Manganese,GBR,ITA,United Kingdom,Italy,282090,Processed,170190.64,direct,55.378051,-3.435973,41.87194,12.56738
Manganese,GBR,ISR,United Kingdom,Israel,282090,Processed,165000.0,mirror,55.378051,-3.435973,31.046051,34.851612
Manganese,GBR,SAU,United Kingdom,Saudi Arabia,282090,Processed,164285.436,direct,55.378051,-3.435973,23.885942,45.079162
Manganese,GBR,DNK,United Kingdom,Denmark,282010|282090,Processed,156142.682,direct,55.378051,-3.435973,56.26392,9.501785
Manganese,GBR,FRA,United Kingdom,France,282090,Processed,154666.648,direct,55.378051,-3.435973,46.227638,2.213749
Manganese,GBR,HUN,United Kingdom,Hungary,282090,Processed,135596.488,direct,55.378051,-3.435973,47.162494,19.503304
Manganese,GBR,ECU,United Kingdom,Ecuador,282010,Processed,132734.0,mirror,55.378051,-3.435973,-1.831239,-78.183406
Manganese,GBR,JPN,United Kingdom,Japan,282090,Processed,75235.556,direct,55.378051,-3.435973,36.204824,138.252924
Manganese,GBR,VNM,United Kingdom,Viet Nam,282090,Processed,71187.144,direct,55.378051,-3.435973,14.058324,108.277199
Manganese,GBR,NLD,United Kingdom,Netherlands,282010|282090,Processed,69075.057,direct,55.378051,-3.435973,52.132633,5.291266
Manganese,GBR,NGA,United Kingdom,Nigeria,282010|282090,Processed,49836.724,direct,55.378051,-3.435973,9.081999,8.675277
Manganese,GBR,BEL,United Kingdom,Belgium,282010,Processed,49676.776,direct,55.378051,-3.435973,50.503887,4.469936
Manganese,GBR,TUR,United Kingdom,Türkiye,282010|282090,Processed,32917.264,direct,55.378051,-3.435973,38.963745,35.243322
Manganese,GBR,AZE,United Kingdom,Azerbaijan,282010,Processed,6260.328,direct,55.378051,-3.435973,40.143105,47.576927
Manganese,GBR,ZAF,United Kingdom,South Africa,282010|282090,Processed,5890.884,mirror,55.378051,-3.435973,-30.559482,22.937506
Manganese,GBR,THA,United Kingdom,Thailand,282090,Processed,5718.32,mirror,55.378051,-3.435973,15.870032,100.992541
Manganese,GBR,KAZ,United Kingdom,Kazakhstan,282090,Processed,4900.712,direct,55.378051,-3.435973,48.019573,66.923684
Manganese,GBR,GTM,United Kingdom,Guatemala,282090,Processed,2914.0,mirror,55.378051,-3.435973,15.783471,-90.230759
Manganese,GBR,NOR,United Kingdom,Norway,282010,Processed,1770.918,mirror,55.378051,-3.435973,60.472024,8.468946
Manganese,GBR,CHN,United Kingdom,China,282010,Processed,657.0,mirror,55.378051,-3.435973,35.86166,104.195397
Manganese,GBR,ESP,United Kingdom,Spain,282090,Processed,592.592,mirror,55.378051,-3.435973,40.463667,-3.74922
Manganese,GBR,S19,United Kingdom,"Other Asia, nes",282010|282090,Processed,529.585,mirror,55.378051,-3.435973,,
Manganese,GBR,SGP,United Kingdom,Singapore,282010|282090,Processed,371.192,mirror,55.378051,-3.435973,1.352083,103.819836
Manganese,GBR,KOR,United Kingdom,Rep. of Korea,282010,Processed,352.0,mirror,55.378051,-3.435973,35.907757,127.766922
Manganese,GBR,AUT,United Kingdom,Austria,282010,Processed,22.73,mirror,55.378051,-3.435973,47.516231,14.550072
Manganese,UZB,NOR,Uzbekistan,Norway,282090,Processed,37651.8,mirror,41.377491,64.585262,60.472024,8.468946
Manganese,UZB,KGZ,Uzbekistan,Kyrgyzstan,282010,Processed,10.0,direct,41.377491,64.585262,41.20438,74.766098
Manganese,ZMB,IND,Zambia,India,282090,Processed,12959.946,direct,-13.133897,27.849332,20.593684,78.96288
