Mineral,reporterISO,partnerISO,Exporter,Importer,hs_codes,stage,trade_value_usd,mirror,source_lat,source_lng,target_lat,target_lng
Graphite,_X ,FRA,"Areas, nes",France,380110|380120,Processed,4576196.346,mirror,,,46.227638,2.213749
Graphite,_X ,CZE,"Areas, nes",Czechia,380110,Processed,112256.0,mirror,,,49.817492,15.472962
Graphite,_X ,ISR,"Areas, nes",Israel,380110,Processed,29000.0,mirror,,,31.046051,34.851612
Graphite,_X ,EST,"Areas, nes",Estonia,380110|380120,Processed,3513.2,mirror,,,58.595272,25.013607
Graphite,_X ,LUX,"Areas, nes",Luxembourg,380120,Processed,762.288,mirror,,,49.815273,6.129583
Graphite,_X ,CHL,"Areas, nes",Chile,380110,Processed,637.84,mirror,,,-35.675147,-71.542969
Graphite,_X ,SVK,"Areas, nes",Slovakia,380110,Processed,467.592,mirror,,,48.669026,19.699024
Graphite,_X ,ZAF,"Areas, nes",South Africa,380110,Processed,413.78,mirror,,,-30.559482,22.937506
Graphite,_X ,DNK,"Areas, nes",Denmark,380110|380120,Processed,100.80600000000001,mirror,,,56.26392,9.501785
Graphite,_X ,MAR,"Areas, nes",Morocco,380110,Processed,6.006,mirror,,,31.791702,-7.09262
Graphite,_X ,HRV,"Areas, nes",Croatia,380110,Processed,6.0,mirror,,,45.1,15.2
Graphite,ARG,BOL,Argentina,Bolivia (Plurinational State of),380110,Processed,267804.0,mirror,-38.416097,-63.616672,-16.290154,-63.588653
Graphite,ARG,BRA,Argentina,Brazil,380120,Processed,39294.0,mirror,-38.416097,-63.616672,-14.235004,-51.92528
Graphite,ARG,USA,Argentina,USA,380110,Processed,22269.0,mirror,-38.416097,-63.616672,37.09024,-95.712891
Graphite,ARG,PRY,Argentina,Paraguay,380110,Processed,15731.38,mirror,-38.416097,-63.616672,-23.442503,-58.443832
Graphite,ARG,CHL,Argentina,Chile,380110,Processed,9095.04,mirror,-38.416097,-63.616672,-35.675147,-71.542969
Graphite,ARG,COL,Argentina,Colombia,380110|380120,Processed,8708.0,mirror,-38.416097,-63.616672,4.570868,-74.297333
Graphite,ARG,URY,Argentina,Uruguay,380110,Processed,1027.0,mirror,-38.416097,-63.616672,-32.522779,-55.765835
Graphite,ARM,RUS,Armenia,Russian Federation,380110|380120,Processed,36435.92,direct,40.069099,45.038189,61.52401,105.318756
Graphite,ARM,CUW,Armenia,Curaçao,380110,Processed,13009.86,direct,40.069099,45.038189,,
Graphite,AUS,SAU,Australia,Saudi Arabia,380120,Processed,261047.218,direct,-25.274398,133.775136,23.885942,45.079162
Graphite,AUS,NZL,Australia,New Zealand,380110|380120,Processed,71427.784,direct,-25.274398,133.775136,-40.900557,174.885971
Graphite,AUS,MYS,Australia,Malaysia,380110,Processed,64036.352,direct,-25.274398,133.775136,4.210484,101.975766
Graphite,AUS,THA,Australia,Thailand,380110,Processed,11931.174,direct,-25.274398,133.775136,15.870032,100.992541
Graphite,AUS,USA,Australia,USA,380110,Processed,9097.0,mirror,-25.274398,133.775136,37.09024,-95.712891
Graphite,AUS,IND,Australia,India,380110,Processed,5061.51,direct,-25.274398,133.775136,20.593684,78.96288
Graphite,AUS,ZAF,Australia,South Africa,380110,Processed,1154.476,mirror,-25.274398,133.775136,-30.559482,22.937506
Graphite,AUS,SWE,Australia,Sweden,380110,Processed,757.028,mirror,-25.274398,133.775136,60.128161,18.643501
Graphite,AUS,ISL,Australia,Iceland,380110,Processed,98.465,mirror,-25.274398,133.775136,64.963051,-19.020835
Graphite,AUS,PNG,Australia,Papua New Guinea,380110,Processed,89.748,direct,-25.274398,133.775136,-6.314993,143.95555
Graphite,AUS,KOR,Australia,Rep. of Korea,380110,Processed,16.0,mirror,-25.274398,133.775136,35.907757,127.766922
Graphite,AUS,IRL,Australia,Ireland,380120,Processed,8.659,mirror,-25.274398,133.775136,53.41291,-8.24389
Graphite,AUT,DEU,Austria,Germany,380110|380120,Processed,2735828.097,direct,47.516231,14.550072,51.165691,10.451526
Graphite,AUT,POL,Austria,Poland,380110,Processed,704355.837,direct,47.516231,14.550072,51.919438,19.145136
Graphite,AUT,ITA,Austria,Italy,380110,Processed,359443.397,direct,47.516231,14.550072,41.87194,12.56738
Graphite,AUT,BIH,Austria,Bosnia Herzegovina,380110|380120,Processed,172500.056,direct,47.516231,14.550072,43.915886,17.679076
Graphite,AUT,CHN,Austria,China,380110,Processed,154293.335,direct,47.516231,14.550072,35.86166,104.195397
Graphite,AUT,CZE,Austria,Czechia,380110|380120,Processed,138276.26799999998,direct,47.516231,14.550072,49.817492,15.472962
Graphite,AUT,CHE,Austria,Switzerland,380110|380120,Processed,122296.00399999999,direct,47.516231,14.550072,46.818188,8.227512
Graphite,AUT,ESP,Austria,Spain,380110|380120,Processed,97840.226,direct,47.516231,14.550072,40.463667,-3.74922
Graphite,AUT,GRC,Austria,Greece,380120,Processed,27983.864,mirror,47.516231,14.550072,39.074208,21.824312
Graphite,AUT,FRA,Austria,France,380110|380120,Processed,23156.447,direct,47.516231,14.550072,46.227638,2.213749
Graphite,AUT,USA,Austria,USA,380110|380120,Processed,16400.228,direct,47.516231,14.550072,37.09024,-95.712891
Graphite,AUT,CUB,Austria,Cuba,380110,Processed,8286.705,direct,47.516231,14.550072,21.521757,-77.781167
Graphite,AUT,JPN,Austria,Japan,380110,Processed,5154.296,direct,47.516231,14.550072,36.204824,138.252924
Graphite,AUT,KOR,Austria,Rep. of Korea,380110,Processed,5011.422,direct,47.516231,14.550072,35.907757,127.766922
Graphite,AUT,COL,Austria,Colombia,380110,Processed,3341.07,mirror,47.516231,14.550072,4.570868,-74.297333
Graphite,AUT,ISL,Austria,Iceland,380110,Processed,2953.963,mirror,47.516231,14.550072,64.963051,-19.020835
Graphite,AUT,SVN,Austria,Slovenia,380110,Processed,2714.61,direct,47.516231,14.550072,46.151241,14.995463
Graphite,AUT,SVK,Austria,Slovakia,380110,Processed,2155.019,direct,47.516231,14.550072,48.669026,19.699024
Graphite,AUT,IND,Austria,India,380110,Processed,1959.109,direct,47.516231,14.550072,20.593684,78.96288
Graphite,AUT,DNK,Austria,Denmark,380110,Processed,848.94,mirror,47.516231,14.550072,56.26392,9.501785
Graphite,AUT,KAZ,Austria,Kazakhstan,380110,Processed,676.488,direct,47.516231,14.550072,48.019573,66.923684
Graphite,AUT,THA,Austria,Thailand,380110,Processed,621.286,direct,47.516231,14.550072,15.870032,100.992541
Graphite,AUT,GBR,Austria,United Kingdom,380110,Processed,596.392,direct,47.516231,14.550072,55.378051,-3.435973
Graphite,AUT,NLD,Austria,Netherlands,380110|380120,Processed,476.24699999999996,direct,47.516231,14.550072,52.132633,5.291266
Graphite,AUT,MYS,Austria,Malaysia,380110,Processed,366.927,direct,47.516231,14.550072,4.210484,101.975766
Graphite,AUT,HUN,Austria,Hungary,380120,Processed,149.369,direct,47.516231,14.550072,47.162494,19.503304
Graphite,AUT,ROU,Austria,Romania,380110|380120,Processed,37.681000000000004,direct,47.516231,14.550072,45.943161,24.96676
Graphite,AUT,HRV,Austria,Croatia,380110,Processed,27.06,direct,47.516231,14.550072,45.1,15.2
Graphite,AUT,AUS,Austria,Australia,380110,Processed,10.824,direct,47.516231,14.550072,-25.274398,133.775136
Graphite,AZE,TUR,Azerbaijan,Türkiye,380110|380120,Processed,38632.0,direct,40.143105,47.576927,38.963745,35.243322
Graphite,BHR,MYS,Bahrain,Malaysia,380110,Processed,669572.424,mirror,26.0275,50.55,4.210484,101.975766
Graphite,BHR,IND,Bahrain,India,380110,Processed,7959.288,mirror,26.0275,50.55,20.593684,78.96288
Graphite,BHR,SAU,Bahrain,Saudi Arabia,380110,Processed,1393.617,direct,26.0275,50.55,23.885942,45.079162
Graphite,BHR,PAK,Bahrain,Pakistan,380110,Processed,43.941,mirror,26.0275,50.55,30.375321,69.345116
Graphite,BGD,MYS,Bangladesh,Malaysia,380110,Processed,10642.362,mirror,23.684994,90.356331,4.210484,101.975766
Graphite,BLR,CHN,Belarus,China,380120,Processed,3011.0,mirror,53.709807,27.953389,35.86166,104.195397
Graphite,BEL,SGP,Belgium,Singapore,380110,Processed,2825673.35,direct,50.503887,4.469936,1.352083,103.819836
Graphite,BEL,MYS,Belgium,Malaysia,380110|380120,Processed,864616.396,direct,50.503887,4.469936,4.210484,101.975766
Graphite,BEL,CHN,Belgium,China,380110|380120,Processed,752084.432,direct,50.503887,4.469936,35.86166,104.195397
Graphite,BEL,CAN,Belgium,Canada,380110|380120,Processed,690472.392,direct,50.503887,4.469936,56.130366,-106.346771
Graphite,BEL,USA,Belgium,USA,380110|380120,Processed,295198.716,direct,50.503887,4.469936,37.09024,-95.712891
Graphite,BEL,GBR,Belgium,United Kingdom,380110|380120,Processed,259747.94100000002,direct,50.503887,4.469936,55.378051,-3.435973
Graphite,BEL,SVK,Belgium,Slovakia,380110,Processed,230303.676,direct,50.503887,4.469936,48.669026,19.699024
Graphite,BEL,IND,Belgium,India,380110|380120,Processed,121853.299,direct,50.503887,4.469936,20.593684,78.96288
Graphite,BEL,ITA,Belgium,Italy,380110|380120,Processed,119993.22300000001,direct,50.503887,4.469936,41.87194,12.56738
Graphite,BEL,POL,Belgium,Poland,380110|380120,Processed,92112.32,direct,50.503887,4.469936,51.919438,19.145136
Graphite,BEL,JPN,Belgium,Japan,380110,Processed,83970.243,direct,50.503887,4.469936,36.204824,138.252924
Graphite,BEL,BRA,Belgium,Brazil,380110|380120,Processed,81448.175,direct,50.503887,4.469936,-14.235004,-51.92528
Graphite,BEL,TUR,Belgium,Türkiye,380110|380120,Processed,75289.70300000001,direct,50.503887,4.469936,38.963745,35.243322
Graphite,BEL,NLD,Belgium,Netherlands,380110|380120,Processed,73352.079,direct,50.503887,4.469936,52.132633,5.291266
Graphite,BEL,DEU,Belgium,Germany,380110,Processed,69405.309,direct,50.503887,4.469936,51.165691,10.451526
Graphite,BEL,FRA,Belgium,France,380110|380120,Processed,61366.577999999994,direct,50.503887,4.469936,46.227638,2.213749
Graphite,BEL,AUS,Belgium,Australia,380110,Processed,48112.147,direct,50.503887,4.469936,-25.274398,133.775136
Graphite,BEL,EGY,Belgium,Egypt,380110|380120,Processed,44218.779,direct,50.503887,4.469936,26.820553,30.802498
Graphite,BEL,CZE,Belgium,Czechia,380110|380120,Processed,44115.934,direct,50.503887,4.469936,49.817492,15.472962
Graphite,BEL,LUX,Belgium,Luxembourg,380110|380120,Processed,33601.127,direct,50.503887,4.469936,49.815273,6.129583
Graphite,BEL,IRL,Belgium,Ireland,380110|380120,Processed,29704.763000000003,direct,50.503887,4.469936,53.41291,-8.24389
Graphite,BEL,DZA,Belgium,Algeria,380110,Processed,27077.143,direct,50.503887,4.469936,28.033886,1.659626
Graphite,BEL,JOR,Belgium,Jordan,380110,Processed,24756.206,direct,50.503887,4.469936,30.585164,36.238414
Graphite,BEL,ESP,Belgium,Spain,380110,Processed,24667.84,direct,50.503887,4.469936,40.463667,-3.74922
Graphite,BEL,ISL,Belgium,Iceland,380110|380120,Processed,15961.707,mirror,50.503887,4.469936,64.963051,-19.020835
Graphite,BEL,CHE,Belgium,Switzerland,380110,Processed,15722.529,direct,50.503887,4.469936,46.818188,8.227512
Graphite,BEL,MEX,Belgium,Mexico,380110|380120,Processed,8032.388999999999,direct,50.503887,4.469936,23.634501,-102.552784
Graphite,BEL,HRV,Belgium,Croatia,380110,Processed,7844.011,direct,50.503887,4.469936,45.1,15.2
Graphite,BEL,SAU,Belgium,Saudi Arabia,380110,Processed,6955.95,direct,50.503887,4.469936,23.885942,45.079162
Graphite,BEL,TUN,Belgium,Tunisia,380110,Processed,4870.712,direct,50.503887,4.469936,33.886917,9.537499
Graphite,BEL,SVN,Belgium,Slovenia,380110,Processed,4473.284,direct,50.503887,4.469936,46.151241,14.995463
Graphite,BEL,NGA,Belgium,Nigeria,380110,Processed,4356.144,mirror,50.503887,4.469936,9.081999,8.675277
Graphite,BEL,THA,Belgium,Thailand,380110,Processed,3277.145,direct,50.503887,4.469936,15.870032,100.992541
Graphite,BEL,AZE,Belgium,Azerbaijan,380110,Processed,2969.76,mirror,50.503887,4.469936,40.143105,47.576927
Graphite,BEL,PRT,Belgium,Portugal,380110,Processed,2598.352,direct,50.503887,4.469936,39.399872,-8.224454
Graphite,BEL,SRB,Belgium,Serbia,380120,Processed,2536.0,mirror,50.503887,4.469936,44.016521,21.005859
Graphite,BEL,DNK,Belgium,Denmark,380110,Processed,2264.827,direct,50.503887,4.469936,56.26392,9.501785
Graphite,BEL,ROU,Belgium,Romania,380110|380120,Processed,2025.9769999999999,direct,50.503887,4.469936,45.943161,24.96676
Graphite,BEL,NOR,Belgium,Norway,380110|380120,Processed,1758.869,direct,50.503887,4.469936,60.472024,8.468946
Graphite,BEL,ARG,Belgium,Argentina,380110,Processed,1403.166,direct,50.503887,4.469936,-38.416097,-63.616672
Graphite,BEL,SWE,Belgium,Sweden,380110,Processed,1130.925,direct,50.503887,4.469936,60.128161,18.643501
Graphite,BEL,MAR,Belgium,Morocco,380110|380120,Processed,803.137,direct,50.503887,4.469936,31.791702,-7.09262
Graphite,BEL,COL,Belgium,Colombia,380110,Processed,749.635,direct,50.503887,4.469936,4.570868,-74.297333
Graphite,BEL,GRC,Belgium,Greece,380110,Processed,722.132,direct,50.503887,4.469936,39.074208,21.824312
Graphite,BEL,KAZ,Belgium,Kazakhstan,380110,Processed,588.78,mirror,50.503887,4.469936,48.019573,66.923684
Graphite,BEL,AUT,Belgium,Austria,380110,Processed,486.768,direct,50.503887,4.469936,47.516231,14.550072
Graphite,BEL,ZAF,Belgium,South Africa,380110,Processed,346.773,direct,50.503887,4.469936,-30.559482,22.937506
Graphite,BEL,EST,Belgium,Estonia,380110,Processed,331.663,direct,50.503887,4.469936,58.595272,25.013607
Graphite,BEL,LVA,Belgium,Latvia,380110,Processed,321.889,direct,50.503887,4.469936,56.879635,24.603189
Graphite,BEL,KOR,Belgium,Rep. of Korea,380110,Processed,294.851,direct,50.503887,4.469936,35.907757,127.766922
Graphite,BEL,LBN,Belgium,Lebanon,380110,Processed,180.0,mirror,50.503887,4.469936,33.854721,35.862285
Graphite,BEL,S19,Belgium,"Other Asia, nes",380110|380120,Processed,162.043,direct,50.503887,4.469936,,
Graphite,BEL,UKR,Belgium,Ukraine,380120,Processed,72.92,mirror,50.503887,4.469936,48.379433,31.16558
Graphite,BEL,ISR,Belgium,Israel,380110,Processed,64.661,direct,50.503887,4.469936,31.046051,34.851612
Graphite,BEL,FIN,Belgium,Finland,380110,Processed,49.584,direct,50.503887,4.469936,61.92411,25.748151
Graphite,BEL,HUN,Belgium,Hungary,380110,Processed,23.942,direct,50.503887,4.469936,47.162494,19.503304
Graphite,BTN,IND,Bhutan,India,380110,Processed,71269.086,mirror,27.514162,90.433601,20.593684,78.96288
Graphite,BOL,PRY,Bolivia (Plurinational State of),Paraguay,380110,Processed,14925.0,direct,-16.290154,-63.588653,-23.442503,-58.443832
Graphite,BIH,DEU,Bosnia Herzegovina,Germany,380110,Processed,57725.192,direct,43.915886,17.679076,51.165691,10.451526
Graphite,BIH,ITA,Bosnia Herzegovina,Italy,380110,Processed,38572.548,direct,43.915886,17.679076,41.87194,12.56738
Graphite,BIH,TUR,Bosnia Herzegovina,Türkiye,380110,Processed,23767.656,direct,43.915886,17.679076,38.963745,35.243322
Graphite,BIH,AUT,Bosnia Herzegovina,Austria,380110,Processed,14734.445,mirror,43.915886,17.679076,47.516231,14.550072
Graphite,BRA,USA,Brazil,USA,380110|380120,Processed,5899176.0,direct,-14.235004,-51.92528,37.09024,-95.712891
Graphite,BRA,MEX,Brazil,Mexico,380110|380120,Processed,5689494.0,direct,-14.235004,-51.92528,23.634501,-102.552784
Graphite,BRA,SAU,Brazil,Saudi Arabia,380110,Processed,4905384.0,direct,-14.235004,-51.92528,23.885942,45.079162
Graphite,BRA,ITA,Brazil,Italy,380110,Processed,4554052.0,direct,-14.235004,-51.92528,41.87194,12.56738
Graphite,BRA,ESP,Brazil,Spain,380110,Processed,2829214.0,direct,-14.235004,-51.92528,40.463667,-3.74922
Graphite,BRA,DEU,Brazil,Germany,380110,Processed,1589902.0,direct,-14.235004,-51.92528,51.165691,10.451526
Graphite,BRA,GBR,Brazil,United Kingdom,380110,Processed,1588164.0,direct,-14.235004,-51.92528,55.378051,-3.435973
Graphite,BRA,TUR,Brazil,Türkiye,380110,Processed,1224522.0,direct,-14.235004,-51.92528,38.963745,35.243322
Graphite,BRA,ARG,Brazil,Argentina,380110|380120,Processed,882180.0,direct,-14.235004,-51.92528,-38.416097,-63.616672
Graphite,BRA,NLD,Brazil,Netherlands,380110,Processed,678944.0,direct,-14.235004,-51.92528,52.132633,5.291266
Graphite,BRA,BEL,Brazil,Belgium,380110,Processed,660432.0,direct,-14.235004,-51.92528,50.503887,4.469936
Graphite,BRA,FRA,Brazil,France,380110,Processed,591476.0,direct,-14.235004,-51.92528,46.227638,2.213749
Graphite,BRA,THA,Brazil,Thailand,380110,Processed,379092.0,direct,-14.235004,-51.92528,15.870032,100.992541
Graphite,BRA,PER,Brazil,Peru,380110|380120,Processed,341086.0,direct,-14.235004,-51.92528,-9.189967,-75.015152
Graphite,BRA,JPN,Brazil,Japan,380110,Processed,205236.0,direct,-14.235004,-51.92528,36.204824,138.252924
Graphite,BRA,ECU,Brazil,Ecuador,380110,Processed,151243.112,mirror,-14.235004,-51.92528,-1.831239,-78.183406
Graphite,BRA,SWE,Brazil,Sweden,380110,Processed,135200.0,direct,-14.235004,-51.92528,60.128161,18.643501
Graphite,BRA,CHL,Brazil,Chile,380110,Processed,131468.0,direct,-14.235004,-51.92528,-35.675147,-71.542969
Graphite,BRA,TUN,Brazil,Tunisia,380110,Processed,114920.0,direct,-14.235004,-51.92528,33.886917,9.537499
Graphite,BRA,POL,Brazil,Poland,380110,Processed,76070.0,direct,-14.235004,-51.92528,51.919438,19.145136
Graphite,BRA,CHN,Brazil,China,380110,Processed,30134.0,direct,-14.235004,-51.92528,35.86166,104.195397
Graphite,BRA,FIN,Brazil,Finland,380110,Processed,25958.0,direct,-14.235004,-51.92528,61.92411,25.748151
Graphite,BRA,COL,Brazil,Colombia,380110,Processed,15372.0,direct,-14.235004,-51.92528,4.570868,-74.297333
Graphite,BRA,IDN,Brazil,Indonesia,380120,Processed,10584.0,direct,-14.235004,-51.92528,-0.789275,113.921327
Graphite,BRA,BOL,Brazil,Bolivia (Plurinational State of),380110,Processed,10350.0,direct,-14.235004,-51.92528,-16.290154,-63.588653
Graphite,BRA,CHE,Brazil,Switzerland,380110,Processed,9027.296,mirror,-14.235004,-51.92528,46.818188,8.227512
Graphite,BRA,PAN,Brazil,Panama,380110,Processed,8868.0,direct,-14.235004,-51.92528,8.537981,-80.782127
Graphite,BRA,PRY,Brazil,Paraguay,380110,Processed,6406.0,direct,-14.235004,-51.92528,-23.442503,-58.443832
Graphite,BRA,NGA,Brazil,Nigeria,380110,Processed,2100.0,direct,-14.235004,-51.92528,9.081999,8.675277
Graphite,BRA,AGO,Brazil,Angola,380110,Processed,1342.0,direct,-14.235004,-51.92528,-11.202692,17.873887
Graphite,BRA,DOM,Brazil,Dominican Rep.,380110,Processed,1186.0,direct,-14.235004,-51.92528,18.735693,-70.162651
Graphite,BRA,PRT,Brazil,Portugal,380110|380120,Processed,980.8159999999999,mirror,-14.235004,-51.92528,39.399872,-8.224454
Graphite,BRA,KOR,Brazil,Rep. of Korea,380110,Processed,23.0,mirror,-14.235004,-51.92528,35.907757,127.766922
Graphite,BGR,TUR,Bulgaria,Türkiye,380110,Processed,168231.544,direct,42.733883,25.48583,38.963745,35.243322
Graphite,BGR,SRB,Bulgaria,Serbia,380110,Processed,4095.492,direct,42.733883,25.48583,44.016521,21.005859
Graphite,BGR,GRC,Bulgaria,Greece,380110,Processed,1008.778,mirror,42.733883,25.48583,39.074208,21.824312
Graphite,BGR,CHN,Bulgaria,China,380110,Processed,466.0,mirror,42.733883,25.48583,35.86166,104.195397
Graphite,BGR,NLD,Bulgaria,Netherlands,380110|380120,Processed,316.055,mirror,42.733883,25.48583,52.132633,5.291266
Graphite,CAN,USA,Canada,USA,380110|380120,Processed,29878353.851999998,direct,56.130366,-106.346771,37.09024,-95.712891
Graphite,CAN,BEL,Canada,Belgium,380110,Processed,16449258.888,direct,56.130366,-106.346771,50.503887,4.469936
Graphite,CAN,IDN,Canada,Indonesia,380110,Processed,2560193.048,direct,56.130366,-106.346771,-0.789275,113.921327
Graphite,CAN,JPN,Canada,Japan,380110|380120,Processed,1480661.2140000002,direct,56.130366,-106.346771,36.204824,138.252924
Graphite,CAN,CHE,Canada,Switzerland,380110,Processed,1095893.46,direct,56.130366,-106.346771,46.818188,8.227512
Graphite,CAN,PER,Canada,Peru,380110,Processed,707299.12,mirror,56.130366,-106.346771,-9.189967,-75.015152
Graphite,CAN,ITA,Canada,Italy,380110,Processed,681475.012,direct,56.130366,-106.346771,41.87194,12.56738
Graphite,CAN,CHN,Canada,China,380110,Processed,461153.064,direct,56.130366,-106.346771,35.86166,104.195397
Graphite,CAN,NLD,Canada,Netherlands,380110,Processed,373769.716,direct,56.130366,-106.346771,52.132633,5.291266
Graphite,CAN,DEU,Canada,Germany,380110,Processed,356649.114,direct,56.130366,-106.346771,51.165691,10.451526
Graphite,CAN,UMI,Canada,United States Minor Outlying Islands,380110,Processed,242143.096,direct,56.130366,-106.346771,,
Graphite,CAN,SGP,Canada,Singapore,380110,Processed,175113.74,direct,56.130366,-106.346771,1.352083,103.819836
Graphite,CAN,ESP,Canada,Spain,380110|380120,Processed,120510.91600000001,direct,56.130366,-106.346771,40.463667,-3.74922
Graphite,CAN,GBR,Canada,United Kingdom,380110|380120,Processed,72176.81599999999,direct,56.130366,-106.346771,55.378051,-3.435973
Graphite,CAN,CAN,Canada,Canada,380110,Processed,72006.408,mirror,56.130366,-106.346771,56.130366,-106.346771
Graphite,CAN,KOR,Canada,Rep. of Korea,380110|380120,Processed,43896.32,direct,56.130366,-106.346771,35.907757,127.766922
Graphite,CAN,FIN,Canada,Finland,380110|380120,Processed,36424.904,direct,56.130366,-106.346771,61.92411,25.748151
Graphite,CAN,S19,Canada,"Other Asia, nes",380110,Processed,30454.808,direct,56.130366,-106.346771,,
Graphite,CAN,IND,Canada,India,380110,Processed,30090.84,direct,56.130366,-106.346771,20.593684,78.96288
Graphite,CAN,BRA,Canada,Brazil,380110|380120,Processed,26820.77,direct,56.130366,-106.346771,-14.235004,-51.92528
Graphite,CAN,ZAF,Canada,South Africa,380110,Processed,25693.1,mirror,56.130366,-106.346771,-30.559482,22.937506
Graphite,CAN,FRA,Canada,France,380110,Processed,15004.508,direct,56.130366,-106.346771,46.227638,2.213749
Graphite,CAN,AUS,Canada,Australia,380110,Processed,12417.232,direct,56.130366,-106.346771,-25.274398,133.775136
Graphite,CAN,TUR,Canada,Türkiye,380110,Processed,9888.0,mirror,56.130366,-106.346771,38.963745,35.243322
Graphite,CAN,ROU,Canada,Romania,380120,Processed,9776.348,direct,56.130366,-106.346771,45.943161,24.96676
Graphite,CAN,URY,Canada,Uruguay,380110,Processed,9262.844,direct,56.130366,-106.346771,-32.522779,-55.765835
Graphite,CAN,MYS,Canada,Malaysia,380110,Processed,8455.908,direct,56.130366,-106.346771,4.210484,101.975766
Graphite,CAN,CZE,Canada,Czechia,380110,Processed,7917.008,direct,56.130366,-106.346771,49.817492,15.472962
Graphite,CAN,MEX,Canada,Mexico,380110,Processed,7606.648,direct,56.130366,-106.346771,23.634501,-102.552784
Graphite,CAN,NOR,Canada,Norway,380110,Processed,6566.452,mirror,56.130366,-106.346771,60.472024,8.468946
Graphite,CAN,SAU,Canada,Saudi Arabia,380110|380120,Processed,5267.66,direct,56.130366,-106.346771,23.885942,45.079162
Graphite,CAN,GEO,Canada,Georgia,380120,Processed,3693.288,direct,56.130366,-106.346771,42.315407,43.356892
Graphite,CAN,BGR,Canada,Bulgaria,380120,Processed,3343.212,mirror,56.130366,-106.346771,42.733883,25.48583
Graphite,CAN,PRT,Canada,Portugal,380110,Processed,586.808,mirror,56.130366,-106.346771,39.399872,-8.224454
Graphite,CAN,LTU,Canada,Lithuania,380110,Processed,97.0,mirror,56.130366,-106.346771,55.169438,23.881275
Graphite,CHL,FRA,Chile,France,380110,Processed,377581.928,mirror,-35.675147,-71.542969,46.227638,2.213749
Graphite,CHL,GBR,Chile,United Kingdom,380110,Processed,88466.95,direct,-35.675147,-71.542969,55.378051,-3.435973
Graphite,CHL,ARG,Chile,Argentina,380110,Processed,37000.0,direct,-35.675147,-71.542969,-38.416097,-63.616672
Graphite,CHL,PER,Chile,Peru,380110,Processed,13256.49,direct,-35.675147,-71.542969,-9.189967,-75.015152
Graphite,CHN,USA,China,USA,380110|380120,Processed,170886117.0,direct,35.86166,104.195397,37.09024,-95.712891
Graphite,CHN,POL,China,Poland,380110,Processed,142514709.0,direct,35.86166,104.195397,51.919438,19.145136
Graphite,CHN,HUN,China,Hungary,380110,Processed,133161705.0,direct,35.86166,104.195397,47.162494,19.503304
Graphite,CHN,KOR,China,Rep. of Korea,380110|380120,Processed,83679851.0,direct,35.86166,104.195397,35.907757,127.766922
Graphite,CHN,JPN,China,Japan,380110|380120,Processed,72440296.0,direct,35.86166,104.195397,36.204824,138.252924
Graphite,CHN,IND,China,India,380110|380120,Processed,38359317.0,direct,35.86166,104.195397,20.593684,78.96288
Graphite,CHN,IDN,China,Indonesia,380110|380120,Processed,33798286.0,direct,35.86166,104.195397,-0.789275,113.921327
Graphite,CHN,DEU,China,Germany,380110|380120,Processed,32583664.0,direct,35.86166,104.195397,51.165691,10.451526
Graphite,CHN,NLD,China,Netherlands,380110,Processed,21666816.0,direct,35.86166,104.195397,52.132633,5.291266
Graphite,CHN,IRN,China,Iran,380110|380120,Processed,15554056.0,direct,35.86166,104.195397,32.427908,53.688046
Graphite,CHN,VNM,China,Viet Nam,380110|380120,Processed,14748933.0,direct,35.86166,104.195397,14.058324,108.277199
Graphite,CHN,THA,China,Thailand,380110|380120,Processed,10558766.0,direct,35.86166,104.195397,15.870032,100.992541
Graphite,CHN,S19,China,"Other Asia, nes",380110|380120,Processed,9595534.0,direct,35.86166,104.195397,,
Graphite,CHN,ARE,China,United Arab Emirates,380110|380120,Processed,9473536.0,direct,35.86166,104.195397,23.424076,53.847818
Graphite,CHN,TUR,China,Türkiye,380110|380120,Processed,9205058.0,direct,35.86166,104.195397,38.963745,35.243322
Graphite,CHN,MYS,China,Malaysia,380110|380120,Processed,8880864.684,direct,35.86166,104.195397,4.210484,101.975766
Graphite,CHN,MEX,China,Mexico,380110,Processed,7418981.0,direct,35.86166,104.195397,23.634501,-102.552784
Graphite,CHN,OMN,China,Oman,380110,Processed,7385817.0,direct,35.86166,104.195397,21.512583,55.923255
Graphite,CHN,FRA,China,France,380110|380120,Processed,4356563.0,direct,35.86166,104.195397,46.227638,2.213749
Graphite,CHN,GBR,China,United Kingdom,380110|380120,Processed,3975044.792,direct,35.86166,104.195397,55.378051,-3.435973
Graphite,CHN,ITA,China,Italy,380110|380120,Processed,3938055.957,direct,35.86166,104.195397,41.87194,12.56738
Graphite,CHN,RUS,China,Russian Federation,380110|380120,Processed,3744266.0,direct,35.86166,104.195397,61.52401,105.318756
Graphite,CHN,BRA,China,Brazil,380110|380120,Processed,3526581.0,direct,35.86166,104.195397,-14.235004,-51.92528
Graphite,CHN,SAU,China,Saudi Arabia,380110|380120,Processed,2721208.0,direct,35.86166,104.195397,23.885942,45.079162
Graphite,CHN,ESP,China,Spain,380110,Processed,2106284.0,direct,35.86166,104.195397,40.463667,-3.74922
Graphite,CHN,CZE,China,Czechia,380110,Processed,1676570.0,direct,35.86166,104.195397,49.817492,15.472962
Graphite,CHN,BGD,China,Bangladesh,380110,Processed,1533565.0,direct,35.86166,104.195397,23.684994,90.356331
Graphite,CHN,CAN,China,Canada,380110,Processed,1417371.0,direct,35.86166,104.195397,56.130366,-106.346771
Graphite,CHN,AZE,China,Azerbaijan,380110|380120,Processed,1413452.64,mirror,35.86166,104.195397,40.143105,47.576927
Graphite,CHN,LAO,China,Lao People's Dem. Rep.,380110,Processed,1388408.0,direct,35.86166,104.195397,19.85627,102.495496
Graphite,CHN,NOR,China,Norway,380110|380120,Processed,1321571.4,direct,35.86166,104.195397,60.472024,8.468946
Graphite,CHN,AUS,China,Australia,380110,Processed,1057692.0,direct,35.86166,104.195397,-25.274398,133.775136
Graphite,CHN,EGY,China,Egypt,380110,Processed,980468.0,direct,35.86166,104.195397,26.820553,30.802498
Graphite,CHN,SWE,China,Sweden,380110|380120,Processed,866509.03,direct,35.86166,104.195397,60.128161,18.643501
Graphite,CHN,PAK,China,Pakistan,380110|380120,Processed,785220.0,direct,35.86166,104.195397,30.375321,69.345116
Graphite,CHN,SGP,China,Singapore,380110|380120,Processed,732698.882,direct,35.86166,104.195397,1.352083,103.819836
Graphite,CHN,CHN,China,China,380110|380120,Processed,685646.0,mirror,35.86166,104.195397,35.86166,104.195397
Graphite,CHN,ZWE,China,Zimbabwe,380110|380120,Processed,624596.188,mirror,35.86166,104.195397,-19.015438,29.154857
Graphite,CHN,SVN,China,Slovenia,380110,Processed,591516.0,direct,35.86166,104.195397,46.151241,14.995463
Graphite,CHN,BHR,China,Bahrain,380110,Processed,442438.0,direct,35.86166,104.195397,26.0275,50.55
Graphite,CHN,BEL,China,Belgium,380110,Processed,429370.0,direct,35.86166,104.195397,50.503887,4.469936
Graphite,CHN,ARG,China,Argentina,380110|380120,Processed,416235.42,direct,35.86166,104.195397,-38.416097,-63.616672
Graphite,CHN,_X ,China,"Areas, nes",380110|380120,Processed,326654.0,direct,35.86166,104.195397,,
Graphite,CHN,COL,China,Colombia,380110,Processed,294537.0,direct,35.86166,104.195397,4.570868,-74.297333
Graphite,CHN,KAZ,China,Kazakhstan,380110,Processed,291896.0,direct,35.86166,104.195397,48.019573,66.923684
Graphite,CHN,ZAF,China,South Africa,380110|380120,Processed,196479.0,direct,35.86166,104.195397,-30.559482,22.937506
Graphite,CHN,TUN,China,Tunisia,380110|380120,Processed,172364.354,direct,35.86166,104.195397,33.886917,9.537499
Graphite,CHN,UKR,China,Ukraine,380110,Processed,157197.0,direct,35.86166,104.195397,48.379433,31.16558
Graphite,CHN,CHL,China,Chile,380110,Processed,154025.0,direct,35.86166,104.195397,-35.675147,-71.542969
Graphite,CHN,PHL,China,Philippines,380110|380120,Processed,129860.0,direct,35.86166,104.195397,12.879721,121.774017
Graphite,CHN,PER,China,Peru,380110,Processed,125346.0,direct,35.86166,104.195397,-9.189967,-75.015152
Graphite,CHN,LUX,China,Luxembourg,380110,Processed,122197.777,mirror,35.86166,104.195397,49.815273,6.129583
Graphite,CHN,DZA,China,Algeria,380110,Processed,116731.0,direct,35.86166,104.195397,28.033886,1.659626
Graphite,CHN,EST,China,Estonia,380110,Processed,116179.6,mirror,35.86166,104.195397,58.595272,25.013607
Graphite,CHN,KHM,China,Cambodia,380110|380120,Processed,113543.0,direct,35.86166,104.195397,12.565679,104.990963
Graphite,CHN,MAR,China,Morocco,380110,Processed,95444.0,direct,35.86166,104.195397,31.791702,-7.09262
Graphite,CHN,BLR,China,Belarus,380110,Processed,86099.0,direct,35.86166,104.195397,53.709807,27.953389
Graphite,CHN,QAT,China,Qatar,380110,Processed,83883.0,direct,35.86166,104.195397,25.354826,51.183884
Graphite,CHN,ISR,China,Israel,380110|380120,Processed,83863.0,direct,35.86166,104.195397,31.046051,34.851612
Graphite,CHN,SVK,China,Slovakia,380110,Processed,71274.0,direct,35.86166,104.195397,48.669026,19.699024
Graphite,CHN,UGA,China,Uganda,380110|380120,Processed,69810.99,direct,35.86166,104.195397,1.373333,32.290275
Graphite,CHN,SRB,China,Serbia,380110|380120,Processed,65482.0,direct,35.86166,104.195397,44.016521,21.005859
Graphite,CHN,KGZ,China,Kyrgyzstan,380110|380120,Processed,58487.0,direct,35.86166,104.195397,41.20438,74.766098
Graphite,CHN,LKA,China,Sri Lanka,380110|380120,Processed,58013.637,direct,35.86166,104.195397,7.873054,80.771797
Graphite,CHN,NZL,China,New Zealand,380110,Processed,56066.0,direct,35.86166,104.195397,-40.900557,174.885971
Graphite,CHN,TTO,China,Trinidad and Tobago,380110,Processed,52848.0,direct,35.86166,104.195397,10.691803,-61.222503
Graphite,CHN,FIN,China,Finland,380110,Processed,51300.0,direct,35.86166,104.195397,61.92411,25.748151
Graphite,CHN,MMR,China,Myanmar,380110,Processed,46309.0,direct,35.86166,104.195397,21.913965,95.956223
Graphite,CHN,AGO,China,Angola,380110,Processed,40159.0,direct,35.86166,104.195397,-11.202692,17.873887
Graphite,CHN,PRT,China,Portugal,380110|380120,Processed,34409.448,direct,35.86166,104.195397,39.399872,-8.224454
Graphite,CHN,TKM,China,Turkmenistan,380110,Processed,32610.0,direct,35.86166,104.195397,38.969719,59.556278
Graphite,CHN,GTM,China,Guatemala,380110,Processed,29885.0,mirror,35.86166,104.195397,15.783471,-90.230759
Graphite,CHN,BOL,China,Bolivia (Plurinational State of),380110,Processed,22600.0,direct,35.86166,104.195397,-16.290154,-63.588653
Graphite,CHN,ECU,China,Ecuador,380110,Processed,19120.0,direct,35.86166,104.195397,-1.831239,-78.183406
Graphite,CHN,BGR,China,Bulgaria,380110,Processed,18697.0,direct,35.86166,104.195397,42.733883,25.48583
Graphite,CHN,GRC,China,Greece,380110,Processed,18676.0,direct,35.86166,104.195397,39.074208,21.824312
Graphite,CHN,UZB,China,Uzbekistan,380110,Processed,18664.0,direct,35.86166,104.195397,41.377491,64.585262
Graphite,CHN,NGA,China,Nigeria,380110,Processed,14201.0,direct,35.86166,104.195397,9.081999,8.675277
Graphite,CHN,ROU,China,Romania,380110,Processed,11786.0,direct,35.86166,104.195397,45.943161,24.96676
Graphite,CHN,KEN,China,Kenya,380110|380120,Processed,10477.0,direct,35.86166,104.195397,-0.023559,37.906193
Graphite,CHN,AUT,China,Austria,380110|380120,Processed,10410.1,direct,35.86166,104.195397,47.516231,14.550072
Graphite,CHN,TGO,China,Togo,380110,Processed,8811.366,mirror,35.86166,104.195397,8.619543,0.824782
Graphite,CHN,JOR,China,Jordan,380110,Processed,7833.0,direct,35.86166,104.195397,30.585164,36.238414
Graphite,CHN,TZA,China,United Rep. of Tanzania,380110,Processed,7126.0,direct,35.86166,104.195397,-6.369028,34.888822
Graphite,CHN,ARM,China,Armenia,380110,Processed,4723.0,mirror,35.86166,104.195397,40.069099,45.038189
Graphite,CHN,ISL,China,Iceland,380110,Processed,4440.241,mirror,35.86166,104.195397,64.963051,-19.020835
Graphite,CHN,DNK,China,Denmark,380110|380120,Processed,3393.233,direct,35.86166,104.195397,56.26392,9.501785
Graphite,CHN,CHE,China,Switzerland,380110|380120,Processed,2706.464,direct,35.86166,104.195397,46.818188,8.227512
Graphite,CHN,MUS,China,Mauritius,380110,Processed,2441.928,mirror,35.86166,104.195397,-20.348404,57.552152
Graphite,CHN,LVA,China,Latvia,380110,Processed,1450.26,mirror,35.86166,104.195397,56.879635,24.603189
Graphite,CHN,HRV,China,Croatia,380120,Processed,1359.0,mirror,35.86166,104.195397,45.1,15.2
Graphite,CHN,KWT,China,Kuwait,380110|380120,Processed,563.0,direct,35.86166,104.195397,29.31166,47.481766
Graphite,CHN,YEM,China,Yemen,380120,Processed,400.0,direct,35.86166,104.195397,15.552727,48.516388
Graphite,CHN,IRL,China,Ireland,380110|380120,Processed,330.126,mirror,35.86166,104.195397,53.41291,-8.24389
Graphite,CHN,ZMB,China,Zambia,380120,Processed,195.649,mirror,35.86166,104.195397,-13.133897,27.849332
Graphite,CHN,BFA,China,Burkina Faso,380110,Processed,110.086,mirror,35.86166,104.195397,12.364566,-1.561593
Graphite,CHN,MNG,China,Mongolia,380110,Processed,99.0,direct,35.86166,104.195397,46.862496,103.846656
Graphite,CHN,NAM,China,Namibia,380110,Processed,79.412,mirror,35.86166,104.195397,-22.95764,18.49041
Graphite,CHN,MDG,China,Madagascar,380120,Processed,17.092,mirror,35.86166,104.195397,-18.766947,46.869107
Graphite,CHN,SLV,China,El Salvador,380110,Processed,5.07,mirror,35.86166,104.195397,13.794185,-88.89653
Graphite,COL,ARG,Colombia,Argentina,380110,Processed,41587.51,direct,4.570868,-74.297333,-38.416097,-63.616672
Graphite,COL,ESP,Colombia,Spain,380110,Processed,23437.44,direct,4.570868,-74.297333,40.463667,-3.74922
Graphite,COL,CRI,Colombia,Costa Rica,380110,Processed,1340.0,direct,4.570868,-74.297333,9.748917,-83.753428
Graphite,COL,VEN,Colombia,Venezuela,380110,Processed,371.0,direct,4.570868,-74.297333,6.42375,-66.58973
Graphite,COL,SLV,Colombia,El Salvador,380110,Processed,58.3,direct,4.570868,-74.297333,13.794185,-88.89653
Graphite,COL,GTM,Colombia,Guatemala,380110,Processed,29.15,direct,4.570868,-74.297333,15.783471,-90.230759
Graphite,COL,ECU,Colombia,Ecuador,380110,Processed,27.25,direct,4.570868,-74.297333,-1.831239,-78.183406
Graphite,CRI,NIC,Costa Rica,Nicaragua,380110,Processed,3.8,mirror,9.748917,-83.753428,12.865416,-85.207229
Graphite,HRV,ITA,Croatia,Italy,380120,Processed,254618.955,mirror,45.1,15.2,41.87194,12.56738
Graphite,HRV,BIH,Croatia,Bosnia Herzegovina,380120,Processed,53141.0,direct,45.1,15.2,43.915886,17.679076
Graphite,HRV,SVN,Croatia,Slovenia,380120,Processed,39468.0,direct,45.1,15.2,46.151241,14.995463
Graphite,HRV,ROU,Croatia,Romania,380110,Processed,24433.0,direct,45.1,15.2,45.943161,24.96676
Graphite,HRV,HUN,Croatia,Hungary,380110,Processed,2198.0,direct,45.1,15.2,47.162494,19.503304
Graphite,HRV,SRB,Croatia,Serbia,380120,Processed,2139.0,direct,45.1,15.2,44.016521,21.005859
Graphite,HRV,TUR,Croatia,Türkiye,380110,Processed,176.0,mirror,45.1,15.2,38.963745,35.243322
Graphite,CUW,ARM,Curaçao,Armenia,380110|380120,Processed,87386.84,mirror,,,40.069099,45.038189
Graphite,CYP,GRC,Cyprus,Greece,380110,Processed,829.104,mirror,35.126413,33.429859,39.074208,21.824312
Graphite,CZE,POL,Czechia,Poland,380110|380120,Processed,8245228.0,direct,49.817492,15.472962,51.919438,19.145136
Graphite,CZE,DEU,Czechia,Germany,380110|380120,Processed,2415630.0,direct,49.817492,15.472962,51.165691,10.451526
Graphite,CZE,GBR,Czechia,United Kingdom,380110,Processed,2128633.548,mirror,49.817492,15.472962,55.378051,-3.435973
Graphite,CZE,SVN,Czechia,Slovenia,380110|380120,Processed,1273194.812,direct,49.817492,15.472962,46.151241,14.995463
Graphite,CZE,NLD,Czechia,Netherlands,380110|380120,Processed,937727.312,direct,49.817492,15.472962,52.132633,5.291266
Graphite,CZE,ITA,Czechia,Italy,380110|380120,Processed,539922.0,direct,49.817492,15.472962,41.87194,12.56738
Graphite,CZE,SVK,Czechia,Slovakia,380110|380120,Processed,419184.0,direct,49.817492,15.472962,48.669026,19.699024
Graphite,CZE,SWE,Czechia,Sweden,380110,Processed,417501.076,mirror,49.817492,15.472962,60.128161,18.643501
Graphite,CZE,USA,Czechia,USA,380110,Processed,400788.0,direct,49.817492,15.472962,37.09024,-95.712891
Graphite,CZE,ESP,Czechia,Spain,380110|380120,Processed,306082.0,direct,49.817492,15.472962,40.463667,-3.74922
Graphite,CZE,IND,Czechia,India,380110|380120,Processed,198506.0,direct,49.817492,15.472962,20.593684,78.96288
Graphite,CZE,HUN,Czechia,Hungary,380110|380120,Processed,174456.0,direct,49.817492,15.472962,47.162494,19.503304
Graphite,CZE,FRA,Czechia,France,380110|380120,Processed,106438.0,direct,49.817492,15.472962,46.227638,2.213749
Graphite,CZE,TUR,Czechia,Türkiye,380110|380120,Processed,84572.0,direct,49.817492,15.472962,38.963745,35.243322
Graphite,CZE,DNK,Czechia,Denmark,380110,Processed,66306.0,direct,49.817492,15.472962,56.26392,9.501785
Graphite,CZE,LUX,Czechia,Luxembourg,380120,Processed,20850.977,mirror,49.817492,15.472962,49.815273,6.129583
Graphite,CZE,VEN,Czechia,Venezuela,380120,Processed,14794.0,direct,49.817492,15.472962,6.42375,-66.58973
Graphite,CZE,EGY,Czechia,Egypt,380110,Processed,14343.511,mirror,49.817492,15.472962,26.820553,30.802498
Graphite,CZE,AUT,Czechia,Austria,380110|380120,Processed,13225.984,direct,49.817492,15.472962,47.516231,14.550072
Graphite,CZE,GRC,Czechia,Greece,380110,Processed,10059.644,mirror,49.817492,15.472962,39.074208,21.824312
Graphite,CZE,SRB,Czechia,Serbia,380120,Processed,7330.0,direct,49.817492,15.472962,44.016521,21.005859
Graphite,CZE,BEL,Czechia,Belgium,380110|380120,Processed,5625.818,direct,49.817492,15.472962,50.503887,4.469936
Graphite,CZE,CHE,Czechia,Switzerland,380110,Processed,4858.0,direct,49.817492,15.472962,46.818188,8.227512
Graphite,CZE,GEO,Czechia,Georgia,380120,Processed,3538.0,direct,49.817492,15.472962,42.315407,43.356892
Graphite,CZE,MKD,Czechia,North Macedonia,380110,Processed,925.62,mirror,49.817492,15.472962,41.608635,21.745275
Graphite,CZE,BGR,Czechia,Bulgaria,380120,Processed,534.0,direct,49.817492,15.472962,42.733883,25.48583
Graphite,CZE,PRT,Czechia,Portugal,380110,Processed,352.0,direct,49.817492,15.472962,39.399872,-8.224454
Graphite,CZE,IRL,Czechia,Ireland,380110,Processed,150.0,direct,49.817492,15.472962,53.41291,-8.24389
Graphite,CZE,IDN,Czechia,Indonesia,380110,Processed,144.0,mirror,49.817492,15.472962,-0.789275,113.921327
Graphite,CZE,NZL,Czechia,New Zealand,380110,Processed,52.048,mirror,49.817492,15.472962,-40.900557,174.885971
Graphite,CZE,LVA,Czechia,Latvia,380110,Processed,42.0,direct,49.817492,15.472962,56.879635,24.603189
Graphite,CZE,SGP,Czechia,Singapore,380120,Processed,23.948,mirror,49.817492,15.472962,1.352083,103.819836
Graphite,DNK,DEU,Denmark,Germany,380110|380120,Processed,5334068.097999999,direct,56.26392,9.501785,51.165691,10.451526
Graphite,DNK,LVA,Denmark,Latvia,380110,Processed,492610.228,mirror,56.26392,9.501785,56.879635,24.603189
Graphite,DNK,FRA,Denmark,France,380110,Processed,125196.784,mirror,56.26392,9.501785,46.227638,2.213749
Graphite,DNK,NLD,Denmark,Netherlands,380110,Processed,61617.755,mirror,56.26392,9.501785,52.132633,5.291266
Graphite,DNK,NOR,Denmark,Norway,380110|380120,Processed,35356.104,direct,56.26392,9.501785,60.472024,8.468946
Graphite,DNK,GBR,Denmark,United Kingdom,380110|380120,Processed,25233.805,direct,56.26392,9.501785,55.378051,-3.435973
Graphite,DNK,CAN,Denmark,Canada,380110,Processed,8585.696,mirror,56.26392,9.501785,56.130366,-106.346771
Graphite,DNK,ESP,Denmark,Spain,380110|380120,Processed,7350.951,direct,56.26392,9.501785,40.463667,-3.74922
Graphite,DNK,USA,Denmark,USA,380110|380120,Processed,2357.2479999999996,direct,56.26392,9.501785,37.09024,-95.712891
Graphite,DNK,CHN,Denmark,China,380110,Processed,2115.895,direct,56.26392,9.501785,35.86166,104.195397
Graphite,DNK,FRO,Denmark,Faroe Isds,380120,Processed,1978.394,direct,56.26392,9.501785,,
Graphite,DNK,CHE,Denmark,Switzerland,380110,Processed,1498.88,direct,56.26392,9.501785,46.818188,8.227512
Graphite,DNK,GRL,Denmark,Greenland,380120,Processed,1212.999,direct,56.26392,9.501785,,
Graphite,DNK,ROU,Denmark,Romania,380120,Processed,1064.12,mirror,56.26392,9.501785,45.943161,24.96676
Graphite,DNK,BRA,Denmark,Brazil,380120,Processed,710.0,mirror,56.26392,9.501785,-14.235004,-51.92528
Graphite,DNK,SWE,Denmark,Sweden,380110|380120,Processed,682.285,direct,56.26392,9.501785,60.128161,18.643501
Graphite,DNK,JPN,Denmark,Japan,380110,Processed,482.56,direct,56.26392,9.501785,36.204824,138.252924
Graphite,DNK,UKR,Denmark,Ukraine,380110,Processed,365.51,direct,56.26392,9.501785,48.379433,31.16558
Graphite,DNK,KOR,Denmark,Rep. of Korea,380110|380120,Processed,324.317,direct,56.26392,9.501785,35.907757,127.766922
Graphite,DNK,TUR,Denmark,Türkiye,380110,Processed,317.065,direct,56.26392,9.501785,38.963745,35.243322
Graphite,DNK,AUT,Denmark,Austria,380120,Processed,258.468,direct,56.26392,9.501785,47.516231,14.550072
Graphite,DNK,ISL,Denmark,Iceland,380110,Processed,216.55,direct,56.26392,9.501785,64.963051,-19.020835
Graphite,DNK,SGP,Denmark,Singapore,380110,Processed,146.784,direct,56.26392,9.501785,1.352083,103.819836
Graphite,DNK,ITA,Denmark,Italy,380120,Processed,128.509,direct,56.26392,9.501785,41.87194,12.56738
Graphite,DNK,IDN,Denmark,Indonesia,380110,Processed,88.912,direct,56.26392,9.501785,-0.789275,113.921327
Graphite,DNK,PHL,Denmark,Philippines,380110,Processed,88.767,direct,56.26392,9.501785,12.879721,121.774017
Graphite,DNK,MUS,Denmark,Mauritius,380110,Processed,71.361,direct,56.26392,9.501785,-20.348404,57.552152
Graphite,DNK,AUS,Denmark,Australia,380110,Processed,53.666,direct,56.26392,9.501785,-25.274398,133.775136
Graphite,DNK,BEL,Denmark,Belgium,380110,Processed,40.698,mirror,56.26392,9.501785,50.503887,4.469936
Graphite,DNK,_X ,Denmark,"Areas, nes",380110,Processed,35.536,direct,56.26392,9.501785,,
Graphite,DOM,COL,Dominican Rep.,Colombia,380120,Processed,19949.63,mirror,18.735693,-70.162651,4.570868,-74.297333
Graphite,ECU,ARG,Ecuador,Argentina,380110,Processed,112244.8,direct,-1.831239,-78.183406,-38.416097,-63.616672
Graphite,ECU,ESP,Ecuador,Spain,380110,Processed,2364.008,mirror,-1.831239,-78.183406,40.463667,-3.74922
Graphite,ECU,COL,Ecuador,Colombia,380110,Processed,207.52,direct,-1.831239,-78.183406,4.570868,-74.297333
Graphite,EGY,GBR,Egypt,United Kingdom,380110,Processed,269569.556,mirror,26.820553,30.802498,55.378051,-3.435973
Graphite,EGY,TUN,Egypt,Tunisia,380110,Processed,27623.292,mirror,26.820553,30.802498,33.886917,9.537499
Graphite,EGY,JOR,Egypt,Jordan,380110,Processed,21777.127,mirror,26.820553,30.802498,30.585164,36.238414
Graphite,EST,DEU,Estonia,Germany,380110,Processed,4593.88,mirror,58.595272,25.013607,51.165691,10.451526
Graphite,EST,LVA,Estonia,Latvia,380120,Processed,69.12,direct,58.595272,25.013607,56.879635,24.603189
Graphite,SWZ,KOR,Eswatini,Rep. of Korea,380110,Processed,248.0,mirror,-26.522503,31.465866,35.907757,127.766922
Graphite,FLK,AUS,Falkland Isds (Malvinas),Australia,380110,Processed,1812.654,mirror,,,-25.274398,133.775136
Graphite,FRO,ISL,Faroe Isds,Iceland,380110,Processed,980.479,mirror,,,64.963051,-19.020835
Graphite,FIN,LVA,Finland,Latvia,380110,Processed,49120.188,direct,61.92411,25.748151,56.879635,24.603189
Graphite,FIN,EST,Finland,Estonia,380110,Processed,38618.384999999995,direct,61.92411,25.748151,58.595272,25.013607
Graphite,FIN,NLD,Finland,Netherlands,380110|380120,Processed,29507.856,mirror,61.92411,25.748151,52.132633,5.291266
Graphite,FIN,SWE,Finland,Sweden,380110,Processed,16845.638,direct,61.92411,25.748151,60.128161,18.643501
Graphite,FIN,SRB,Finland,Serbia,380120,Processed,6016.0,mirror,61.92411,25.748151,44.016521,21.005859
Graphite,FIN,CHL,Finland,Chile,380110,Processed,2962.94,mirror,61.92411,25.748151,-35.675147,-71.542969
Graphite,FIN,THA,Finland,Thailand,380110,Processed,2649.028,direct,61.92411,25.748151,15.870032,100.992541
Graphite,FIN,DEU,Finland,Germany,380110,Processed,838.3,direct,61.92411,25.748151,51.165691,10.451526
Graphite,FIN,CHN,Finland,China,380110,Processed,798.48,direct,61.92411,25.748151,35.86166,104.195397
Graphite,FIN,ISL,Finland,Iceland,380110,Processed,776.062,mirror,61.92411,25.748151,64.963051,-19.020835
Graphite,FIN,NOR,Finland,Norway,380110,Processed,104.788,direct,61.92411,25.748151,60.472024,8.468946
Graphite,FIN,MYS,Finland,Malaysia,380110,Processed,14.422,mirror,61.92411,25.748151,4.210484,101.975766
Graphite,FIN,IND,Finland,India,380120,Processed,6.288,direct,61.92411,25.748151,20.593684,78.96288
Graphite,FIN,GBR,Finland,United Kingdom,380110,Processed,2.096,direct,61.92411,25.748151,55.378051,-3.435973
Graphite,FIN,KOR,Finland,Rep. of Korea,380110,Processed,2.0,mirror,61.92411,25.748151,35.907757,127.766922
Graphite,FRA,DEU,France,Germany,380110|380120,Processed,152504726.84,direct,46.227638,2.213749,51.165691,10.451526
Graphite,FRA,USA,France,USA,380110,Processed,46139458.808,direct,46.227638,2.213749,37.09024,-95.712891
Graphite,FRA,POL,France,Poland,380110|380120,Processed,27863157.344,direct,46.227638,2.213749,51.919438,19.145136
Graphite,FRA,ITA,France,Italy,380110|380120,Processed,27812852.629,direct,46.227638,2.213749,41.87194,12.56738
Graphite,FRA,CHN,France,China,380110|380120,Processed,18649748.696,direct,46.227638,2.213749,35.86166,104.195397
Graphite,FRA,ESP,France,Spain,380110|380120,Processed,14154315.255,direct,46.227638,2.213749,40.463667,-3.74922
Graphite,FRA,JPN,France,Japan,380110,Processed,10377595.42,direct,46.227638,2.213749,36.204824,138.252924
Graphite,FRA,GBR,France,United Kingdom,380110|380120,Processed,9551539.968,direct,46.227638,2.213749,55.378051,-3.435973
Graphite,FRA,TUR,France,Türkiye,380110|380120,Processed,7241848.236,direct,46.227638,2.213749,38.963745,35.243322
Graphite,FRA,IND,France,India,380110|380120,Processed,6014450.512,direct,46.227638,2.213749,20.593684,78.96288
Graphite,FRA,BRA,France,Brazil,380110|380120,Processed,5408420.584,direct,46.227638,2.213749,-14.235004,-51.92528
Graphite,FRA,NLD,France,Netherlands,380110|380120,Processed,4912071.992000001,direct,46.227638,2.213749,52.132633,5.291266
Graphite,FRA,KOR,France,Rep. of Korea,380110,Processed,4571754.256,direct,46.227638,2.213749,35.907757,127.766922
Graphite,FRA,SWE,France,Sweden,380110,Processed,4059333.7,direct,46.227638,2.213749,60.128161,18.643501
Graphite,FRA,SVK,France,Slovakia,380110|380120,Processed,2660339.636,direct,46.227638,2.213749,48.669026,19.699024
Graphite,FRA,ZAF,France,South Africa,380110,Processed,2368495.228,direct,46.227638,2.213749,-30.559482,22.937506
Graphite,FRA,BEL,France,Belgium,380110|380120,Processed,2277081.705,direct,46.227638,2.213749,50.503887,4.469936
Graphite,FRA,MYS,France,Malaysia,380110,Processed,1480384.744,direct,46.227638,2.213749,4.210484,101.975766
Graphite,FRA,FRA,France,France,380110,Processed,1415008.964,mirror,46.227638,2.213749,46.227638,2.213749
Graphite,FRA,PRT,France,Portugal,380110,Processed,1297388.844,direct,46.227638,2.213749,39.399872,-8.224454
Graphite,FRA,MOZ,France,Mozambique,380110,Processed,1292141.464,direct,46.227638,2.213749,-18.665695,35.529562
Graphite,FRA,AUS,France,Australia,380110,Processed,1259081.236,direct,46.227638,2.213749,-25.274398,133.775136
Graphite,FRA,MEX,France,Mexico,380110|380120,Processed,1120553.852,direct,46.227638,2.213749,23.634501,-102.552784
Graphite,FRA,CZE,France,Czechia,380110|380120,Processed,965310.188,direct,46.227638,2.213749,49.817492,15.472962
Graphite,FRA,GRC,France,Greece,380110,Processed,938077.496,direct,46.227638,2.213749,39.074208,21.824312
Graphite,FRA,CAN,France,Canada,380110,Processed,676886.104,direct,46.227638,2.213749,56.130366,-106.346771
Graphite,FRA,LUX,France,Luxembourg,380110,Processed,616398.352,direct,46.227638,2.213749,49.815273,6.129583
Graphite,FRA,HUN,France,Hungary,380110,Processed,567206.328,direct,46.227638,2.213749,47.162494,19.503304
Graphite,FRA,CHE,France,Switzerland,380110|380120,Processed,553469.5839999999,direct,46.227638,2.213749,46.818188,8.227512
Graphite,FRA,NOR,France,Norway,380110,Processed,303612.048,direct,46.227638,2.213749,60.472024,8.468946
Graphite,FRA,TUN,France,Tunisia,380110|380120,Processed,295762.62799999997,direct,46.227638,2.213749,33.886917,9.537499
Graphite,FRA,DZA,France,Algeria,380110,Processed,291112.72,direct,46.227638,2.213749,28.033886,1.659626
Graphite,FRA,COL,France,Colombia,380110,Processed,288302.86,direct,46.227638,2.213749,4.570868,-74.297333
Graphite,FRA,FIN,France,Finland,380110,Processed,263784.778,direct,46.227638,2.213749,61.92411,25.748151
Graphite,FRA,EGY,France,Egypt,380110,Processed,213389.144,direct,46.227638,2.213749,26.820553,30.802498
Graphite,FRA,BHR,France,Bahrain,380110,Processed,184125.904,direct,46.227638,2.213749,26.0275,50.55
Graphite,FRA,MAR,France,Morocco,380110|380120,Processed,144536.756,direct,46.227638,2.213749,31.791702,-7.09262
Graphite,FRA,ROU,France,Romania,380110|380120,Processed,141973.67799999999,direct,46.227638,2.213749,45.943161,24.96676
Graphite,FRA,SVN,France,Slovenia,380110|380120,Processed,124027.814,direct,46.227638,2.213749,46.151241,14.995463
Graphite,FRA,PER,France,Peru,380110,Processed,117182.84,direct,46.227638,2.213749,-9.189967,-75.015152
Graphite,FRA,S19,France,"Other Asia, nes",380110|380120,Processed,110587.195,direct,46.227638,2.213749,,
Graphite,FRA,OMN,France,Oman,380110,Processed,109874.604,direct,46.227638,2.213749,21.512583,55.923255
Graphite,FRA,CHL,France,Chile,380110,Processed,101908.284,direct,46.227638,2.213749,-35.675147,-71.542969
Graphite,FRA,VNM,France,Viet Nam,380110,Processed,101406.06,direct,46.227638,2.213749,14.058324,108.277199
Graphite,FRA,ISL,France,Iceland,380110|380120,Processed,84802.736,direct,46.227638,2.213749,64.963051,-19.020835
Graphite,FRA,SGP,France,Singapore,380110|380120,Processed,82536.28199999999,direct,46.227638,2.213749,1.352083,103.819836
Graphite,FRA,SAU,France,Saudi Arabia,380120,Processed,69528.265,mirror,46.227638,2.213749,23.885942,45.079162
Graphite,FRA,SRB,France,Serbia,380110|380120,Processed,64487.704,direct,46.227638,2.213749,44.016521,21.005859
Graphite,FRA,PHL,France,Philippines,380110,Processed,42702.074,direct,46.227638,2.213749,12.879721,121.774017
Graphite,FRA,THA,France,Thailand,380110|380120,Processed,37173.276,direct,46.227638,2.213749,15.870032,100.992541
Graphite,FRA,ISR,France,Israel,380110|380120,Processed,31756.804,direct,46.227638,2.213749,31.046051,34.851612
Graphite,FRA,LVA,France,Latvia,380110|380120,Processed,9391.996,direct,46.227638,2.213749,56.879635,24.603189
Graphite,FRA,IRL,France,Ireland,380120,Processed,7805.045,mirror,46.227638,2.213749,53.41291,-8.24389
Graphite,FRA,URY,France,Uruguay,380110,Processed,3131.0,mirror,46.227638,2.213749,-32.522779,-55.765835
Graphite,FRA,NGA,France,Nigeria,380110,Processed,2785.396,mirror,46.227638,2.213749,9.081999,8.675277
Graphite,FRA,AGO,France,Angola,380110,Processed,2392.9,mirror,46.227638,2.213749,-11.202692,17.873887
Graphite,FRA,AUT,France,Austria,380110|380120,Processed,1866.025,direct,46.227638,2.213749,47.516231,14.550072
Graphite,FRA,GAB,France,Gabon,380110,Processed,839.928,direct,46.227638,2.213749,-0.803689,11.609444
Graphite,FRA,BLR,France,Belarus,380120,Processed,675.404,direct,46.227638,2.213749,53.709807,27.953389
Graphite,FRA,ARE,France,United Arab Emirates,380110,Processed,238.124,direct,46.227638,2.213749,23.424076,53.847818
Graphite,FRA,DNK,France,Denmark,380120,Processed,129.669,mirror,46.227638,2.213749,56.26392,9.501785
Graphite,DEU,SWE,Germany,Sweden,380110|380120,Processed,211278727.38799998,direct,51.165691,10.451526,60.128161,18.643501
Graphite,DEU,CHN,Germany,China,380110|380120,Processed,191290159.676,direct,51.165691,10.451526,35.86166,104.195397
Graphite,DEU,FRA,Germany,France,380110|380120,Processed,113198566.276,direct,51.165691,10.451526,46.227638,2.213749
Graphite,DEU,POL,Germany,Poland,380110|380120,Processed,109242670.496,direct,51.165691,10.451526,51.919438,19.145136
Graphite,DEU,USA,Germany,USA,380110|380120,Processed,104370571.496,direct,51.165691,10.451526,37.09024,-95.712891
Graphite,DEU,ITA,Germany,Italy,380110|380120,Processed,65050587.828,direct,51.165691,10.451526,41.87194,12.56738
Graphite,DEU,NLD,Germany,Netherlands,380110|380120,Processed,53366982.768,direct,51.165691,10.451526,52.132633,5.291266
Graphite,DEU,S19,Germany,"Other Asia, nes",380110|380120,Processed,50622648.44,direct,51.165691,10.451526,,
Graphite,DEU,ESP,Germany,Spain,380110|380120,Processed,37312489.896000005,direct,51.165691,10.451526,40.463667,-3.74922
Graphite,DEU,JPN,Germany,Japan,380110|380120,Processed,31620441.28,direct,51.165691,10.451526,36.204824,138.252924
Graphite,DEU,AUT,Germany,Austria,380110|380120,Processed,30380134.503999997,direct,51.165691,10.451526,47.516231,14.550072
Graphite,DEU,TUR,Germany,Türkiye,380110|380120,Processed,25447577.312,direct,51.165691,10.451526,38.963745,35.243322
Graphite,DEU,KOR,Germany,Rep. of Korea,380110|380120,Processed,23335044.544,direct,51.165691,10.451526,35.907757,127.766922
Graphite,DEU,CHE,Germany,Switzerland,380110|380120,Processed,16905786.524,direct,51.165691,10.451526,46.818188,8.227512
Graphite,DEU,DNK,Germany,Denmark,380110|380120,Processed,16687166.263999999,direct,51.165691,10.451526,56.26392,9.501785
Graphite,DEU,IND,Germany,India,380110|380120,Processed,14203995.924,direct,51.165691,10.451526,20.593684,78.96288
Graphite,DEU,GBR,Germany,United Kingdom,380110|380120,Processed,13566418.464,direct,51.165691,10.451526,55.378051,-3.435973
Graphite,DEU,SVK,Germany,Slovakia,380110|380120,Processed,13485723.72,direct,51.165691,10.451526,48.669026,19.699024
Graphite,DEU,CZE,Germany,Czechia,380110|380120,Processed,12556786.716,direct,51.165691,10.451526,49.817492,15.472962
Graphite,DEU,BRA,Germany,Brazil,380110|380120,Processed,12346121.932,direct,51.165691,10.451526,-14.235004,-51.92528
Graphite,DEU,MEX,Germany,Mexico,380110|380120,Processed,9723223.744,direct,51.165691,10.451526,23.634501,-102.552784
Graphite,DEU,BEL,Germany,Belgium,380110|380120,Processed,9062467.296,direct,51.165691,10.451526,50.503887,4.469936
Graphite,DEU,THA,Germany,Thailand,380110|380120,Processed,7822068.32,direct,51.165691,10.451526,15.870032,100.992541
Graphite,DEU,HUN,Germany,Hungary,380110|380120,Processed,7633719.076,direct,51.165691,10.451526,47.162494,19.503304
Graphite,DEU,ROU,Germany,Romania,380110|380120,Processed,7524413.136,direct,51.165691,10.451526,45.943161,24.96676
Graphite,DEU,AUS,Germany,Australia,380110|380120,Processed,4386438.276,direct,51.165691,10.451526,-25.274398,133.775136
Graphite,DEU,PRT,Germany,Portugal,380110|380120,Processed,3406163.792,direct,51.165691,10.451526,39.399872,-8.224454
Graphite,DEU,SRB,Germany,Serbia,380110|380120,Processed,3024368.44,direct,51.165691,10.451526,44.016521,21.005859
Graphite,DEU,GRC,Germany,Greece,380110|380120,Processed,2438044.656,direct,51.165691,10.451526,39.074208,21.824312
Graphite,DEU,SAU,Germany,Saudi Arabia,380110|380120,Processed,2141965.472,direct,51.165691,10.451526,23.885942,45.079162
Graphite,DEU,FIN,Germany,Finland,380110|380120,Processed,1981975.92,direct,51.165691,10.451526,61.92411,25.748151
Graphite,DEU,NOR,Germany,Norway,380110|380120,Processed,1812689.6160000002,direct,51.165691,10.451526,60.472024,8.468946
Graphite,DEU,LUX,Germany,Luxembourg,380110|380120,Processed,1809235.832,direct,51.165691,10.451526,49.815273,6.129583
Graphite,DEU,MYS,Germany,Malaysia,380110|380120,Processed,1622546.4160000002,direct,51.165691,10.451526,4.210484,101.975766
Graphite,DEU,ISR,Germany,Israel,380110|380120,Processed,1566195.888,direct,51.165691,10.451526,31.046051,34.851612
Graphite,DEU,ARG,Germany,Argentina,380110|380120,Processed,1353678.456,direct,51.165691,10.451526,-38.416097,-63.616672
Graphite,DEU,OMN,Germany,Oman,380110|380120,Processed,1309374.296,direct,51.165691,10.451526,21.512583,55.923255
Graphite,DEU,VNM,Germany,Viet Nam,380110|380120,Processed,1281215.804,direct,51.165691,10.451526,14.058324,108.277199
Graphite,DEU,IDN,Germany,Indonesia,380110|380120,Processed,1240583.4,direct,51.165691,10.451526,-0.789275,113.921327
Graphite,DEU,SVN,Germany,Slovenia,380110|380120,Processed,1180351.548,direct,51.165691,10.451526,46.151241,14.995463
Graphite,DEU,EGY,Germany,Egypt,380110|380120,Processed,1103797.988,direct,51.165691,10.451526,26.820553,30.802498
Graphite,DEU,PER,Germany,Peru,380110,Processed,778361.552,direct,51.165691,10.451526,-9.189967,-75.015152
Graphite,DEU,LTU,Germany,Lithuania,380110|380120,Processed,744903.224,direct,51.165691,10.451526,55.169438,23.881275
Graphite,DEU,ZAF,Germany,South Africa,380110|380120,Processed,650026.2,direct,51.165691,10.451526,-30.559482,22.937506
Graphite,DEU,KAZ,Germany,Kazakhstan,380110|380120,Processed,588794.052,direct,51.165691,10.451526,48.019573,66.923684
Graphite,DEU,UKR,Germany,Ukraine,380110|380120,Processed,571980.4720000001,direct,51.165691,10.451526,48.379433,31.16558
Graphite,DEU,MOZ,Germany,Mozambique,380110,Processed,553127.4,mirror,51.165691,10.451526,-18.665695,35.529562
Graphite,DEU,MAR,Germany,Morocco,380110|380120,Processed,464390.24,direct,51.165691,10.451526,31.791702,-7.09262
Graphite,DEU,HRV,Germany,Croatia,380110|380120,Processed,446738.448,direct,51.165691,10.451526,45.1,15.2
Graphite,DEU,BIH,Germany,Bosnia Herzegovina,380110|380120,Processed,426119.312,direct,51.165691,10.451526,43.915886,17.679076
Graphite,DEU,BGR,Germany,Bulgaria,380110|380120,Processed,405049.792,direct,51.165691,10.451526,42.733883,25.48583
Graphite,DEU,SGP,Germany,Singapore,380110|380120,Processed,378274.496,direct,51.165691,10.451526,1.352083,103.819836
Graphite,DEU,PHL,Germany,Philippines,380110|380120,Processed,352496.76,direct,51.165691,10.451526,12.879721,121.774017
Graphite,DEU,ARE,Germany,United Arab Emirates,380110|380120,Processed,291929.596,direct,51.165691,10.451526,23.424076,53.847818
Graphite,DEU,TUN,Germany,Tunisia,380110,Processed,224491.136,mirror,51.165691,10.451526,33.886917,9.537499
Graphite,DEU,CAN,Germany,Canada,380110|380120,Processed,177023.80800000002,direct,51.165691,10.451526,56.130366,-106.346771
Graphite,DEU,COL,Germany,Colombia,380110|380120,Processed,161607.072,direct,51.165691,10.451526,4.570868,-74.297333
Graphite,DEU,IRL,Germany,Ireland,380110|380120,Processed,143885.812,direct,51.165691,10.451526,53.41291,-8.24389
Graphite,DEU,EST,Germany,Estonia,380120,Processed,142787.64,direct,51.165691,10.451526,58.595272,25.013607
Graphite,DEU,LVA,Germany,Latvia,380110|380120,Processed,123489.968,direct,51.165691,10.451526,56.879635,24.603189
Graphite,DEU,PAK,Germany,Pakistan,380110|380120,Processed,102021.112,direct,51.165691,10.451526,30.375321,69.345116
Graphite,DEU,ECU,Germany,Ecuador,380110|380120,Processed,80099.56,direct,51.165691,10.451526,-1.831239,-78.183406
Graphite,DEU,MKD,Germany,North Macedonia,380110,Processed,71951.288,direct,51.165691,10.451526,41.608635,21.745275
Graphite,DEU,NGA,Germany,Nigeria,380120,Processed,57901.384,direct,51.165691,10.451526,9.081999,8.675277
Graphite,DEU,JOR,Germany,Jordan,380110,Processed,38586.952,direct,51.165691,10.451526,30.585164,36.238414
Graphite,DEU,LKA,Germany,Sri Lanka,380110,Processed,35057.704,direct,51.165691,10.451526,7.873054,80.771797
Graphite,DEU,IRQ,Germany,Iraq,380110,Processed,32626.632,direct,51.165691,10.451526,33.223191,43.679291
Graphite,DEU,SLV,Germany,El Salvador,380120,Processed,32425.44,direct,51.165691,10.451526,13.794185,-88.89653
Graphite,DEU,URY,Germany,Uruguay,380110|380120,Processed,20074.552,direct,51.165691,10.451526,-32.522779,-55.765835
Graphite,DEU,AGO,Germany,Angola,380120,Processed,17294.94,mirror,51.165691,10.451526,-11.202692,17.873887
Graphite,DEU,NZL,Germany,New Zealand,380110|380120,Processed,6363.448,direct,51.165691,10.451526,-40.900557,174.885971
Graphite,DEU,CHL,Germany,Chile,380110,Processed,3386.728,direct,51.165691,10.451526,-35.675147,-71.542969
Graphite,DEU,KEN,Germany,Kenya,380110,Processed,2352.574,mirror,51.165691,10.451526,-0.023559,37.906193
Graphite,DEU,DZA,Germany,Algeria,380110,Processed,2196.344,direct,51.165691,10.451526,28.033886,1.659626
Graphite,DEU,TZA,Germany,United Rep. of Tanzania,380110,Processed,1679.67,mirror,51.165691,10.451526,-6.369028,34.888822
Graphite,DEU,LBN,Germany,Lebanon,380110,Processed,1349.664,direct,51.165691,10.451526,33.854721,35.862285
Graphite,DEU,ISL,Germany,Iceland,380110|380120,Processed,1335.968,direct,51.165691,10.451526,64.963051,-19.020835
Graphite,DEU,AZE,Germany,Azerbaijan,380110,Processed,1223.92,direct,51.165691,10.451526,40.143105,47.576927
Graphite,DEU,UZB,Germany,Uzbekistan,380110,Processed,923.0,mirror,51.165691,10.451526,41.377491,64.585262
Graphite,DEU,KWT,Germany,Kuwait,380110,Processed,306.0,mirror,51.165691,10.451526,29.31166,47.481766
Graphite,DEU,BHR,Germany,Bahrain,380120,Processed,214.737,mirror,51.165691,10.451526,26.0275,50.55
Graphite,GHA,CHE,Ghana,Switzerland,380110,Processed,59.06,mirror,7.946527,-1.023194,46.818188,8.227512
Graphite,GRC,TUR,Greece,Türkiye,380110,Processed,92248.0,mirror,39.074208,21.824312,38.963745,35.243322
Graphite,GRC,DEU,Greece,Germany,380110,Processed,73183.592,mirror,39.074208,21.824312,51.165691,10.451526
Graphite,GRC,AUS,Greece,Australia,380110,Processed,44784.574,direct,39.074208,21.824312,-25.274398,133.775136
Graphite,GRC,CZE,Greece,Czechia,380110,Processed,31088.0,mirror,39.074208,21.824312,49.817492,15.472962
Graphite,GRC,SWE,Greece,Sweden,380110,Processed,29145.588,mirror,39.074208,21.824312,60.128161,18.643501
Graphite,GRC,USA,Greece,USA,380110,Processed,8006.0,mirror,39.074208,21.824312,37.09024,-95.712891
Graphite,GRC,AUT,Greece,Austria,380110,Processed,4730.003,mirror,39.074208,21.824312,47.516231,14.550072
Graphite,GRC,ALB,Greece,Albania,380110,Processed,1935.296,direct,39.074208,21.824312,41.153332,20.168331
Graphite,GRC,CYP,Greece,Cyprus,380120,Processed,1000.12,direct,39.074208,21.824312,35.126413,33.429859
Graphite,GRC,KWT,Greece,Kuwait,380110,Processed,586.0,mirror,39.074208,21.824312,29.31166,47.481766
Graphite,GRC,BGR,Greece,Bulgaria,380110,Processed,340.736,mirror,39.074208,21.824312,42.733883,25.48583
Graphite,GRC,NLD,Greece,Netherlands,380110|380120,Processed,6.494,mirror,39.074208,21.824312,52.132633,5.291266
Graphite,GTM,HND,Guatemala,Honduras,380110|380120,Processed,6783.0,direct,15.783471,-90.230759,15.199999,-86.241905
Graphite,GTM,SLV,Guatemala,El Salvador,380120,Processed,2873.0,direct,15.783471,-90.230759,13.794185,-88.89653
Graphite,HUN,CHN,Hungary,China,380110|380120,Processed,293515.956,direct,47.162494,19.503304,35.86166,104.195397
Graphite,HUN,POL,Hungary,Poland,380110,Processed,180732.564,direct,47.162494,19.503304,51.919438,19.145136
Graphite,HUN,KAZ,Hungary,Kazakhstan,380120,Processed,173349.696,direct,47.162494,19.503304,48.019573,66.923684
Graphite,HUN,DEU,Hungary,Germany,380110|380120,Processed,18920.168,direct,47.162494,19.503304,51.165691,10.451526
Graphite,HUN,BGR,Hungary,Bulgaria,380110,Processed,16538.256,direct,47.162494,19.503304,42.733883,25.48583
Graphite,HUN,ITA,Hungary,Italy,380120,Processed,8587.744,direct,47.162494,19.503304,41.87194,12.56738
Graphite,HUN,UKR,Hungary,Ukraine,380120,Processed,8360.764,direct,47.162494,19.503304,48.379433,31.16558
Graphite,HUN,ESP,Hungary,Spain,380110|380120,Processed,2928.5199999999995,direct,47.162494,19.503304,40.463667,-3.74922
Graphite,HUN,ISR,Hungary,Israel,380120,Processed,1000.0,mirror,47.162494,19.503304,31.046051,34.851612
Graphite,HUN,ROU,Hungary,Romania,380120,Processed,703.668,direct,47.162494,19.503304,45.943161,24.96676
Graphite,HUN,NLD,Hungary,Netherlands,380110|380120,Processed,145.03900000000002,mirror,47.162494,19.503304,52.132633,5.291266
Graphite,HUN,AUT,Hungary,Austria,380110,Processed,64.008,direct,47.162494,19.503304,47.516231,14.550072
Graphite,HUN,KOR,Hungary,Rep. of Korea,380120,Processed,16.0,mirror,47.162494,19.503304,35.907757,127.766922
Graphite,ISL,FRA,Iceland,France,380110,Processed,460808.328,mirror,64.963051,-19.020835,46.227638,2.213749
Graphite,ISL,DNK,Iceland,Denmark,380110,Processed,22604.697,direct,64.963051,-19.020835,56.26392,9.501785
Graphite,ISL,POL,Iceland,Poland,380110,Processed,815.4,direct,64.963051,-19.020835,51.919438,19.145136
Graphite,IND,DEU,India,Germany,380110|380120,Processed,16926486.636,direct,20.593684,78.96288,51.165691,10.451526
Graphite,IND,USA,India,USA,380110|380120,Processed,14232740.936,direct,20.593684,78.96288,37.09024,-95.712891
Graphite,IND,POL,India,Poland,380110,Processed,5053500.0,mirror,20.593684,78.96288,51.919438,19.145136
Graphite,IND,SAU,India,Saudi Arabia,380110|380120,Processed,4874265.616,direct,20.593684,78.96288,23.885942,45.079162
Graphite,IND,TUR,India,Türkiye,380110|380120,Processed,3286039.57,direct,20.593684,78.96288,38.963745,35.243322
Graphite,IND,ISR,India,Israel,380110,Processed,3134679.902,direct,20.593684,78.96288,31.046051,34.851612
Graphite,IND,ITA,India,Italy,380110,Processed,1839173.764,direct,20.593684,78.96288,41.87194,12.56738
Graphite,IND,BEL,India,Belgium,380110,Processed,1501085.9,direct,20.593684,78.96288,50.503887,4.469936
Graphite,IND,ECU,India,Ecuador,380110,Processed,1334285.3599999999,mirror,20.593684,78.96288,-1.831239,-78.183406
Graphite,IND,ARE,India,United Arab Emirates,380110,Processed,1078716.704,direct,20.593684,78.96288,23.424076,53.847818
Graphite,IND,MYS,India,Malaysia,380110,Processed,1053668.108,direct,20.593684,78.96288,4.210484,101.975766
Graphite,IND,KWT,India,Kuwait,380110|380120,Processed,713977.422,direct,20.593684,78.96288,29.31166,47.481766
Graphite,IND,JPN,India,Japan,380110,Processed,663727.006,direct,20.593684,78.96288,36.204824,138.252924
Graphite,IND,SWE,India,Sweden,380110,Processed,486373.2,direct,20.593684,78.96288,60.128161,18.643501
Graphite,IND,OMN,India,Oman,380110,Processed,476727.404,direct,20.593684,78.96288,21.512583,55.923255
Graphite,IND,CHN,India,China,380110,Processed,347449.52,direct,20.593684,78.96288,35.86166,104.195397
Graphite,IND,QAT,India,Qatar,380110,Processed,280523.536,direct,20.593684,78.96288,25.354826,51.183884
Graphite,IND,KOR,India,Rep. of Korea,380110,Processed,276113.106,direct,20.593684,78.96288,35.907757,127.766922
Graphite,IND,EGY,India,Egypt,380110,Processed,241435.824,direct,20.593684,78.96288,26.820553,30.802498
Graphite,IND,ZAF,India,South Africa,380110,Processed,203599.512,direct,20.593684,78.96288,-30.559482,22.937506
Graphite,IND,BRA,India,Brazil,380110,Processed,172233.706,direct,20.593684,78.96288,-14.235004,-51.92528
Graphite,IND,IDN,India,Indonesia,380110,Processed,151561.114,direct,20.593684,78.96288,-0.789275,113.921327
Graphite,IND,TUN,India,Tunisia,380120,Processed,140646.828,mirror,20.593684,78.96288,33.886917,9.537499
Graphite,IND,THA,India,Thailand,380110|380120,Processed,137098.69,direct,20.593684,78.96288,15.870032,100.992541
Graphite,IND,BHR,India,Bahrain,380110|380120,Processed,115252.72400000002,direct,20.593684,78.96288,26.0275,50.55
Graphite,IND,NLD,India,Netherlands,380110|380120,Processed,108053.344,direct,20.593684,78.96288,52.132633,5.291266
Graphite,IND,UGA,India,Uganda,380110,Processed,106084.556,direct,20.593684,78.96288,1.373333,32.290275
Graphite,IND,NGA,India,Nigeria,380110|380120,Processed,79082.23199999999,direct,20.593684,78.96288,9.081999,8.675277
Graphite,IND,DZA,India,Algeria,380110,Processed,72554.894,direct,20.593684,78.96288,28.033886,1.659626
Graphite,IND,FRA,India,France,380110,Processed,64366.58,direct,20.593684,78.96288,46.227638,2.213749
Graphite,IND,IRQ,India,Iraq,380110,Processed,62253.204,direct,20.593684,78.96288,33.223191,43.679291
Graphite,IND,BGD,India,Bangladesh,380110,Processed,55144.924,direct,20.593684,78.96288,23.684994,90.356331
Graphite,IND,LKA,India,Sri Lanka,380110,Processed,45651.058,direct,20.593684,78.96288,7.873054,80.771797
Graphite,IND,SGP,India,Singapore,380110,Processed,44149.638,direct,20.593684,78.96288,1.352083,103.819836
Graphite,IND,CAN,India,Canada,380110,Processed,42761.838,direct,20.593684,78.96288,56.130366,-106.346771
Graphite,IND,AUS,India,Australia,380110|380120,Processed,42058.702000000005,direct,20.593684,78.96288,-25.274398,133.775136
Graphite,IND,SRB,India,Serbia,380110,Processed,41082.248,direct,20.593684,78.96288,44.016521,21.005859
Graphite,IND,VNM,India,Viet Nam,380110,Processed,38841.132,direct,20.593684,78.96288,14.058324,108.277199
Graphite,IND,BLR,India,Belarus,380110,Processed,38159.116,direct,20.593684,78.96288,53.709807,27.953389
Graphite,IND,KEN,India,Kenya,380110|380120,Processed,36126.976,direct,20.593684,78.96288,-0.023559,37.906193
Graphite,IND,GBR,India,United Kingdom,380110|380120,Processed,34779.51,direct,20.593684,78.96288,55.378051,-3.435973
Graphite,IND,NPL,India,Nepal,380110|380120,Processed,33069.068,direct,20.593684,78.96288,28.394857,84.124008
Graphite,IND,BTN,India,Bhutan,380110|380120,Processed,32905.82,direct,20.593684,78.96288,27.514162,90.433601
Graphite,IND,PER,India,Peru,380110|380120,Processed,28978.16,direct,20.593684,78.96288,-9.189967,-75.015152
Graphite,IND,SLE,India,Sierra Leone,380110,Processed,27575.332,direct,20.593684,78.96288,8.460555,-11.779889
Graphite,IND,SDN,India,Sudan,380110,Processed,23909.258,direct,20.593684,78.96288,12.862807,30.217636
Graphite,IND,MEX,India,Mexico,380110,Processed,23604.55,direct,20.593684,78.96288,23.634501,-102.552784
Graphite,IND,PHL,India,Philippines,380110|380120,Processed,15867.204,direct,20.593684,78.96288,12.879721,121.774017
Graphite,IND,MAR,India,Morocco,380110,Processed,15202.954,direct,20.593684,78.96288,31.791702,-7.09262
Graphite,IND,SUR,India,Suriname,380110,Processed,14604.89,mirror,20.593684,78.96288,3.919305,-56.027783
Graphite,IND,AZE,India,Azerbaijan,380110,Processed,14078.138,direct,20.593684,78.96288,40.143105,47.576927
Graphite,IND,CMR,India,Cameroon,380110,Processed,14070.112,direct,20.593684,78.96288,3.848033,11.502075
Graphite,IND,JOR,India,Jordan,380110,Processed,12716.904,direct,20.593684,78.96288,30.585164,36.238414
Graphite,IND,LBN,India,Lebanon,380110,Processed,11088.76,direct,20.593684,78.96288,33.854721,35.862285
Graphite,IND,NIC,India,Nicaragua,380110,Processed,10920.896,direct,20.593684,78.96288,12.865416,-85.207229
Graphite,IND,CRI,India,Costa Rica,380110,Processed,9515.58,mirror,20.593684,78.96288,9.748917,-83.753428
Graphite,IND,GHA,India,Ghana,380110,Processed,9267.476,direct,20.593684,78.96288,7.946527,-1.023194
Graphite,IND,YEM,India,Yemen,380110,Processed,9050.312,direct,20.593684,78.96288,15.552727,48.516388
Graphite,IND,AGO,India,Angola,380110,Processed,7880.098,direct,20.593684,78.96288,-11.202692,17.873887
Graphite,IND,MOZ,India,Mozambique,380110,Processed,4885.638,direct,20.593684,78.96288,-18.665695,35.529562
Graphite,IND,PNG,India,Papua New Guinea,380110,Processed,4379.18,direct,20.593684,78.96288,-6.314993,143.95555
Graphite,IND,TZA,India,United Rep. of Tanzania,380110,Processed,4083.65,direct,20.593684,78.96288,-6.369028,34.888822
Graphite,IND,ISL,India,Iceland,380110,Processed,3532.972,mirror,20.593684,78.96288,64.963051,-19.020835
Graphite,IND,MMR,India,Myanmar,380110,Processed,3439.616,direct,20.593684,78.96288,21.913965,95.956223
Graphite,IND,MWI,India,Malawi,380110,Processed,1824.929,mirror,20.593684,78.96288,-13.254308,34.301525
Graphite,IND,NZL,India,New Zealand,380110,Processed,1652.839,mirror,20.593684,78.96288,-40.900557,174.885971
Graphite,IND,DOM,India,Dominican Rep.,380110,Processed,933.092,direct,20.593684,78.96288,18.735693,-70.162651
Graphite,IND,RUS,India,Russian Federation,380110|380120,Processed,642.1500000000001,direct,20.593684,78.96288,61.52401,105.318756
Graphite,IND,GMB,India,Gambia,380110,Processed,641.892,direct,20.593684,78.96288,13.443182,-15.310139
Graphite,IND,FJI,India,Fiji,380110,Processed,376.672,direct,20.593684,78.96288,-16.578193,179.414413
Graphite,IND,CHL,India,Chile,380110,Processed,300.848,direct,20.593684,78.96288,-35.675147,-71.542969
Graphite,IND,ZMB,India,Zambia,380110,Processed,251.882,mirror,20.593684,78.96288,-13.133897,27.849332
Graphite,IND,ESP,India,Spain,380110,Processed,103.216,direct,20.593684,78.96288,40.463667,-3.74922
Graphite,IND,SVN,India,Slovenia,380110,Processed,80.0,mirror,20.593684,78.96288,46.151241,14.995463
Graphite,IND,S19,India,"Other Asia, nes",380110,Processed,62.304,mirror,20.593684,78.96288,,
Graphite,IND,CZE,India,Czechia,380110,Processed,28.0,mirror,20.593684,78.96288,49.817492,15.472962
Graphite,IND,COL,India,Colombia,380110,Processed,8.002,direct,20.593684,78.96288,4.570868,-74.297333
Graphite,IDN,USA,Indonesia,USA,380110,Processed,1062562.0,direct,-0.789275,113.921327,37.09024,-95.712891
Graphite,IDN,THA,Indonesia,Thailand,380110|380120,Processed,647808.68,direct,-0.789275,113.921327,15.870032,100.992541
Graphite,IDN,JPN,Indonesia,Japan,380110,Processed,393124.12,direct,-0.789275,113.921327,36.204824,138.252924
Graphite,IDN,CAN,Indonesia,Canada,380110,Processed,354006.0,direct,-0.789275,113.921327,56.130366,-106.346771
Graphite,IDN,MYS,Indonesia,Malaysia,380110,Processed,282400.158,mirror,-0.789275,113.921327,4.210484,101.975766
Graphite,IDN,KOR,Indonesia,Rep. of Korea,380110,Processed,230736.0,direct,-0.789275,113.921327,35.907757,127.766922
Graphite,IDN,IND,Indonesia,India,380110,Processed,85200.0,direct,-0.789275,113.921327,20.593684,78.96288
Graphite,IDN,DEU,Indonesia,Germany,380110,Processed,30000.0,direct,-0.789275,113.921327,51.165691,10.451526
Graphite,IDN,POL,Indonesia,Poland,380110,Processed,24448.0,mirror,-0.789275,113.921327,51.919438,19.145136
Graphite,IDN,CHN,Indonesia,China,380110,Processed,19000.0,direct,-0.789275,113.921327,35.86166,104.195397
Graphite,IDN,SGP,Indonesia,Singapore,380110|380120,Processed,9773.66,direct,-0.789275,113.921327,1.352083,103.819836
Graphite,IDN,NZL,Indonesia,New Zealand,380120,Processed,3704.88,direct,-0.789275,113.921327,-40.900557,174.885971
Graphite,IDN,AUS,Indonesia,Australia,380120,Processed,1115.32,direct,-0.789275,113.921327,-25.274398,133.775136
Graphite,IRL,IND,Ireland,India,380120,Processed,462341.948,mirror,53.41291,-8.24389,20.593684,78.96288
Graphite,IRL,ISL,Ireland,Iceland,380110,Processed,37330.346,mirror,53.41291,-8.24389,64.963051,-19.020835
Graphite,IRL,USA,Ireland,USA,380110,Processed,145.039,direct,53.41291,-8.24389,37.09024,-95.712891
Graphite,IRL,GBR,Ireland,United Kingdom,380110,Processed,77.931,direct,53.41291,-8.24389,55.378051,-3.435973
Graphite,IRL,NLD,Ireland,Netherlands,380110,Processed,2.165,mirror,53.41291,-8.24389,52.132633,5.291266
Graphite,ISR,CZE,Israel,Czechia,380110,Processed,82972.0,mirror,31.046051,34.851612,49.817492,15.472962
Graphite,ISR,DEU,Israel,Germany,380110,Processed,19000.0,direct,31.046051,34.851612,51.165691,10.451526
Graphite,ISR,ISL,Israel,Iceland,380110,Processed,3363.653,mirror,31.046051,34.851612,64.963051,-19.020835
Graphite,ISR,CHN,Israel,China,380110,Processed,1754.0,mirror,31.046051,34.851612,35.86166,104.195397
Graphite,ISR,AUT,Israel,Austria,380120,Processed,54.119,mirror,31.046051,34.851612,47.516231,14.550072
Graphite,ITA,FRA,Italy,France,380110|380120,Processed,2552057.647,direct,41.87194,12.56738,46.227638,2.213749
Graphite,ITA,ESP,Italy,Spain,380110|380120,Processed,1150587.707,direct,41.87194,12.56738,40.463667,-3.74922
Graphite,ITA,DEU,Italy,Germany,380110|380120,Processed,990647.402,direct,41.87194,12.56738,51.165691,10.451526
Graphite,ITA,BEL,Italy,Belgium,380110|380120,Processed,872655.63,direct,41.87194,12.56738,50.503887,4.469936
Graphite,ITA,CZE,Italy,Czechia,380110|380120,Processed,823278.712,direct,41.87194,12.56738,49.817492,15.472962
Graphite,ITA,TUR,Italy,Türkiye,380110|380120,Processed,773476.6710000001,direct,41.87194,12.56738,38.963745,35.243322
Graphite,ITA,POL,Italy,Poland,380110|380120,Processed,569546.26,direct,41.87194,12.56738,51.919438,19.145136
Graphite,ITA,CHN,Italy,China,380110|380120,Processed,492256.198,direct,41.87194,12.56738,35.86166,104.195397
Graphite,ITA,MEX,Italy,Mexico,380110|380120,Processed,481325.663,direct,41.87194,12.56738,23.634501,-102.552784
Graphite,ITA,IND,Italy,India,380110|380120,Processed,373920.572,direct,41.87194,12.56738,20.593684,78.96288
Graphite,ITA,GBR,Italy,United Kingdom,380110|380120,Processed,324020.764,direct,41.87194,12.56738,55.378051,-3.435973
Graphite,ITA,GRC,Italy,Greece,380110|380120,Processed,231614.95500000002,direct,41.87194,12.56738,39.074208,21.824312
Graphite,ITA,PRT,Italy,Portugal,380110|380120,Processed,200679.587,direct,41.87194,12.56738,39.399872,-8.224454
Graphite,ITA,SAU,Italy,Saudi Arabia,380110|380120,Processed,182678.96500000003,direct,41.87194,12.56738,23.885942,45.079162
Graphite,ITA,CHE,Italy,Switzerland,380110|380120,Processed,175203.652,direct,41.87194,12.56738,46.818188,8.227512
Graphite,ITA,NOR,Italy,Norway,380110|380120,Processed,174113.05599999998,mirror,41.87194,12.56738,60.472024,8.468946
Graphite,ITA,TUN,Italy,Tunisia,380110|380120,Processed,150095.52,direct,41.87194,12.56738,33.886917,9.537499
Graphite,ITA,USA,Italy,USA,380110|380120,Processed,140054.781,direct,41.87194,12.56738,37.09024,-95.712891
Graphite,ITA,VNM,Italy,Viet Nam,380120,Processed,122797.328,direct,41.87194,12.56738,14.058324,108.277199
Graphite,ITA,BGR,Italy,Bulgaria,380110|380120,Processed,117556.905,direct,41.87194,12.56738,42.733883,25.48583
Graphite,ITA,BRA,Italy,Brazil,380110|380120,Processed,91041.847,direct,41.87194,12.56738,-14.235004,-51.92528
Graphite,ITA,SRB,Italy,Serbia,380110|380120,Processed,69610.69200000001,direct,41.87194,12.56738,44.016521,21.005859
Graphite,ITA,NLD,Italy,Netherlands,380110|380120,Processed,67055.617,direct,41.87194,12.56738,52.132633,5.291266
Graphite,ITA,DNK,Italy,Denmark,380110|380120,Processed,66050.705,direct,41.87194,12.56738,56.26392,9.501785
Graphite,ITA,LUX,Italy,Luxembourg,380110,Processed,65027.979,direct,41.87194,12.56738,49.815273,6.129583
Graphite,ITA,SVN,Italy,Slovenia,380110|380120,Processed,64477.844,direct,41.87194,12.56738,46.151241,14.995463
Graphite,ITA,HUN,Italy,Hungary,380110|380120,Processed,58231.460999999996,direct,41.87194,12.56738,47.162494,19.503304
Graphite,ITA,PER,Italy,Peru,380110,Processed,48034.59,direct,41.87194,12.56738,-9.189967,-75.015152
Graphite,ITA,UKR,Italy,Ukraine,380110|380120,Processed,44157.452,direct,41.87194,12.56738,48.379433,31.16558
Graphite,ITA,EGY,Italy,Egypt,380110|380120,Processed,40609.409,direct,41.87194,12.56738,26.820553,30.802498
Graphite,ITA,KOR,Italy,Rep. of Korea,380110|380120,Processed,39483.93,direct,41.87194,12.56738,35.907757,127.766922
Graphite,ITA,ROU,Italy,Romania,380110|380120,Processed,35614.128000000004,direct,41.87194,12.56738,45.943161,24.96676
Graphite,ITA,KAZ,Italy,Kazakhstan,380110,Processed,35016.53,mirror,41.87194,12.56738,48.019573,66.923684
Graphite,ITA,LVA,Italy,Latvia,380110,Processed,34118.808,mirror,41.87194,12.56738,56.879635,24.603189
Graphite,ITA,SWE,Italy,Sweden,380110|380120,Processed,31657.351000000002,direct,41.87194,12.56738,60.128161,18.643501
Graphite,ITA,FIN,Italy,Finland,380110,Processed,23447.251,direct,41.87194,12.56738,61.92411,25.748151
Graphite,ITA,MLT,Italy,Malta,380110,Processed,20197.22,mirror,41.87194,12.56738,35.937496,14.375416
Graphite,ITA,DZA,Italy,Algeria,380120,Processed,19957.827,direct,41.87194,12.56738,28.033886,1.659626
Graphite,ITA,THA,Italy,Thailand,380110|380120,Processed,17758.338,direct,41.87194,12.56738,15.870032,100.992541
Graphite,ITA,CAN,Italy,Canada,380110|380120,Processed,16900.528000000002,mirror,41.87194,12.56738,56.130366,-106.346771
Graphite,ITA,PAK,Italy,Pakistan,380120,Processed,15085.208,direct,41.87194,12.56738,30.375321,69.345116
Graphite,ITA,BIH,Italy,Bosnia Herzegovina,380110|380120,Processed,12577.582,direct,41.87194,12.56738,43.915886,17.679076
Graphite,ITA,ARM,Italy,Armenia,380110,Processed,10496.564,direct,41.87194,12.56738,40.069099,45.038189
Graphite,ITA,JPN,Italy,Japan,380110,Processed,6599.517,direct,41.87194,12.56738,36.204824,138.252924
Graphite,ITA,SGP,Italy,Singapore,380110,Processed,5344.162,direct,41.87194,12.56738,1.352083,103.819836
Graphite,ITA,AUT,Italy,Austria,380110,Processed,4588.645,direct,41.87194,12.56738,47.516231,14.550072
Graphite,ITA,MYS,Italy,Malaysia,380110,Processed,4228.626,mirror,41.87194,12.56738,4.210484,101.975766
Graphite,ITA,S19,Italy,"Other Asia, nes",380110|380120,Processed,3613.0730000000003,direct,41.87194,12.56738,,
Graphite,ITA,MAR,Italy,Morocco,380110|380120,Processed,3286.216,direct,41.87194,12.56738,31.791702,-7.09262
Graphite,ITA,UZB,Italy,Uzbekistan,380110,Processed,3044.0,mirror,41.87194,12.56738,41.377491,64.585262
Graphite,ITA,LKA,Italy,Sri Lanka,380110,Processed,3017.88,direct,41.87194,12.56738,7.873054,80.771797
Graphite,ITA,ISL,Italy,Iceland,380110,Processed,2580.132,mirror,41.87194,12.56738,64.963051,-19.020835
Graphite,ITA,SVK,Italy,Slovakia,380110|380120,Processed,2395.442,direct,41.87194,12.56738,48.669026,19.699024
Graphite,ITA,COL,Italy,Colombia,380110,Processed,2133.16,mirror,41.87194,12.56738,4.570868,-74.297333
Graphite,ITA,ISR,Italy,Israel,380120,Processed,1157.902,direct,41.87194,12.56738,31.046051,34.851612
Graphite,ITA,ZAF,Italy,South Africa,380110,Processed,887.136,mirror,41.87194,12.56738,-30.559482,22.937506
Graphite,ITA,MKD,Italy,North Macedonia,380120,Processed,515.32,mirror,41.87194,12.56738,41.608635,21.745275
Graphite,ITA,GTM,Italy,Guatemala,380110,Processed,494.0,mirror,41.87194,12.56738,15.783471,-90.230759
Graphite,ITA,ARG,Italy,Argentina,380110,Processed,295.8,mirror,41.87194,12.56738,-38.416097,-63.616672
Graphite,ITA,LTU,Italy,Lithuania,380120,Processed,167.66,direct,41.87194,12.56738,55.169438,23.881275
Graphite,ITA,CYP,Italy,Cyprus,380110,Processed,104.787,direct,41.87194,12.56738,35.126413,33.429859
Graphite,ITA,HRV,Italy,Croatia,380120,Processed,15.718,direct,41.87194,12.56738,45.1,15.2
Graphite,JPN,CHN,Japan,China,380110|380120,Processed,66454405.43700001,direct,36.204824,138.252924,35.86166,104.195397
Graphite,JPN,KOR,Japan,Rep. of Korea,380110|380120,Processed,47148675.919,direct,36.204824,138.252924,35.907757,127.766922
Graphite,JPN,FRA,Japan,France,380110|380120,Processed,22488481.689,direct,36.204824,138.252924,46.227638,2.213749
Graphite,JPN,USA,Japan,USA,380110|380120,Processed,17706991.971,direct,36.204824,138.252924,37.09024,-95.712891
Graphite,JPN,NLD,Japan,Netherlands,380110,Processed,12570875.417,direct,36.204824,138.252924,52.132633,5.291266
Graphite,JPN,BEL,Japan,Belgium,380110|380120,Processed,10395655.732,direct,36.204824,138.252924,50.503887,4.469936
Graphite,JPN,DEU,Japan,Germany,380110|380120,Processed,7615565.282000001,direct,36.204824,138.252924,51.165691,10.451526
Graphite,JPN,S19,Japan,"Other Asia, nes",380110|380120,Processed,7570727.035,direct,36.204824,138.252924,,
Graphite,JPN,ITA,Japan,Italy,380110,Processed,4550431.395,direct,36.204824,138.252924,41.87194,12.56738
Graphite,JPN,IND,Japan,India,380110|380120,Processed,3987449.2589999996,direct,36.204824,138.252924,20.593684,78.96288
Graphite,JPN,THA,Japan,Thailand,380110|380120,Processed,3407435.954,direct,36.204824,138.252924,15.870032,100.992541
Graphite,JPN,IDN,Japan,Indonesia,380110|380120,Processed,2275671.546,direct,36.204824,138.252924,-0.789275,113.921327
Graphite,JPN,SVK,Japan,Slovakia,380110,Processed,2243454.308,mirror,36.204824,138.252924,48.669026,19.699024
Graphite,JPN,BRA,Japan,Brazil,380110|380120,Processed,1669464.336,direct,36.204824,138.252924,-14.235004,-51.92528
Graphite,JPN,VNM,Japan,Viet Nam,380110|380120,Processed,1450778.597,direct,36.204824,138.252924,14.058324,108.277199
Graphite,JPN,SWE,Japan,Sweden,380110,Processed,1282762.344,direct,36.204824,138.252924,60.128161,18.643501
Graphite,JPN,MYS,Japan,Malaysia,380110|380120,Processed,960141.012,direct,36.204824,138.252924,4.210484,101.975766
Graphite,JPN,NZL,Japan,New Zealand,380110,Processed,191390.015,direct,36.204824,138.252924,-40.900557,174.885971
Graphite,JPN,POL,Japan,Poland,380110,Processed,166794.053,direct,36.204824,138.252924,51.919438,19.145136
Graphite,JPN,SAU,Japan,Saudi Arabia,380110|380120,Processed,117405.21399999999,direct,36.204824,138.252924,23.885942,45.079162
Graphite,JPN,ZAF,Japan,South Africa,380110,Processed,114635.814,direct,36.204824,138.252924,-30.559482,22.937506
Graphite,JPN,MEX,Japan,Mexico,380110,Processed,105697.234,direct,36.204824,138.252924,23.634501,-102.552784
Graphite,JPN,AUS,Japan,Australia,380110,Processed,74600.485,direct,36.204824,138.252924,-25.274398,133.775136
Graphite,JPN,SGP,Japan,Singapore,380110,Processed,72876.191,direct,36.204824,138.252924,1.352083,103.819836
Graphite,JPN,GBR,Japan,United Kingdom,380110|380120,Processed,67029.447,direct,36.204824,138.252924,55.378051,-3.435973
Graphite,JPN,LUX,Japan,Luxembourg,380110,Processed,65621.772,mirror,36.204824,138.252924,49.815273,6.129583
Graphite,JPN,HUN,Japan,Hungary,380110|380120,Processed,64115.985,direct,36.204824,138.252924,47.162494,19.503304
Graphite,JPN,AUT,Japan,Austria,380110,Processed,62569.167,mirror,36.204824,138.252924,47.516231,14.550072
Graphite,JPN,FIN,Japan,Finland,380110,Processed,62532.988,mirror,36.204824,138.252924,61.92411,25.748151
Graphite,JPN,CAN,Japan,Canada,380110,Processed,41015.524,mirror,36.204824,138.252924,56.130366,-106.346771
Graphite,JPN,QAT,Japan,Qatar,380110,Processed,34300.896,direct,36.204824,138.252924,25.354826,51.183884
Graphite,JPN,TUR,Japan,Türkiye,380110,Processed,31010.864,direct,36.204824,138.252924,38.963745,35.243322
Graphite,JPN,IRL,Japan,Ireland,380110,Processed,29313.028,mirror,36.204824,138.252924,53.41291,-8.24389
Graphite,JPN,PHL,Japan,Philippines,380110|380120,Processed,23545.530000000002,direct,36.204824,138.252924,12.879721,121.774017
Graphite,JPN,ARG,Japan,Argentina,380110,Processed,22798.997,direct,36.204824,138.252924,-38.416097,-63.616672
Graphite,JPN,PER,Japan,Peru,380110,Processed,15782.905,direct,36.204824,138.252924,-9.189967,-75.015152
Graphite,JPN,EGY,Japan,Egypt,380120,Processed,9057.498,direct,36.204824,138.252924,26.820553,30.802498
Graphite,JPN,CHE,Japan,Switzerland,380110|380120,Processed,3511.157,direct,36.204824,138.252924,46.818188,8.227512
Graphite,JPN,CZE,Japan,Czechia,380110,Processed,2926.675,direct,36.204824,138.252924,49.817492,15.472962
Graphite,JPN,ISL,Japan,Iceland,380110,Processed,1517.128,mirror,36.204824,138.252924,64.963051,-19.020835
Graphite,JPN,HND,Japan,Honduras,380110,Processed,1277.04,mirror,36.204824,138.252924,15.199999,-86.241905
Graphite,JPN,COL,Japan,Colombia,380110,Processed,807.22,mirror,36.204824,138.252924,4.570868,-74.297333
Graphite,JPN,NOR,Japan,Norway,380110,Processed,529.694,mirror,36.204824,138.252924,60.472024,8.468946
Graphite,JPN,ESP,Japan,Spain,380110,Processed,451.928,mirror,36.204824,138.252924,40.463667,-3.74922
Graphite,KAZ,GBR,Kazakhstan,United Kingdom,380110,Processed,981902.64,mirror,48.019573,66.923684,55.378051,-3.435973
Graphite,KAZ,RUS,Kazakhstan,Russian Federation,380110|380120,Processed,62018.57,direct,48.019573,66.923684,61.52401,105.318756
Graphite,KAZ,UZB,Kazakhstan,Uzbekistan,380110,Processed,36593.17,direct,48.019573,66.923684,41.377491,64.585262
Graphite,KAZ,KGZ,Kazakhstan,Kyrgyzstan,380110,Processed,1720.0,mirror,48.019573,66.923684,41.20438,74.766098
Graphite,KAZ,BOL,Kazakhstan,Bolivia (Plurinational State of),380110,Processed,978.0,mirror,48.019573,66.923684,-16.290154,-63.588653
Graphite,KAZ,ISL,Kazakhstan,Iceland,380110,Processed,975.724,mirror,48.019573,66.923684,64.963051,-19.020835
Graphite,KEN,USA,Kenya,USA,380110,Processed,396653.0,mirror,-0.023559,37.906193,37.09024,-95.712891
Graphite,KWT,IRQ,Kuwait,Iraq,380110,Processed,53949.0,direct,29.31166,47.481766,33.223191,43.679291
Graphite,KGZ,RUS,Kyrgyzstan,Russian Federation,380110,Processed,19130.0,direct,41.20438,74.766098,61.52401,105.318756
Graphite,LVA,EST,Latvia,Estonia,380110,Processed,65387.4,direct,56.879635,24.603189,58.595272,25.013607
Graphite,LVA,GEO,Latvia,Georgia,380110,Processed,3160.392,direct,56.879635,24.603189,42.315407,43.356892
Graphite,LVA,DEU,Latvia,Germany,380110,Processed,2020.304,direct,56.879635,24.603189,51.165691,10.451526
Graphite,LVA,UKR,Latvia,Ukraine,380110,Processed,796.384,direct,56.879635,24.603189,48.379433,31.16558
Graphite,LVA,NLD,Latvia,Netherlands,380120,Processed,2.165,mirror,56.879635,24.603189,52.132633,5.291266
Graphite,LBY,TUN,Libya,Tunisia,380120,Processed,528.729,mirror,26.3351,17.228331,33.886917,9.537499
Graphite,LTU,LVA,Lithuania,Latvia,380120,Processed,781630.92,mirror,55.169438,23.881275,56.879635,24.603189
Graphite,LTU,GBR,Lithuania,United Kingdom,380110,Processed,42616.0,direct,55.169438,23.881275,55.378051,-3.435973
Graphite,LTU,ISL,Lithuania,Iceland,380110,Processed,1933.798,mirror,55.169438,23.881275,64.963051,-19.020835
Graphite,LTU,ZAF,Lithuania,South Africa,380110,Processed,1482.704,mirror,55.169438,23.881275,-30.559482,22.937506
Graphite,LTU,UKR,Lithuania,Ukraine,380110,Processed,579.42,mirror,55.169438,23.881275,48.379433,31.16558
Graphite,LTU,TUR,Lithuania,Türkiye,380120,Processed,409.0,direct,55.169438,23.881275,38.963745,35.243322
Graphite,LTU,DEU,Lithuania,Germany,380110,Processed,195.0,direct,55.169438,23.881275,51.165691,10.451526
Graphite,LTU,NLD,Lithuania,Netherlands,380110|380120,Processed,7.577,mirror,55.169438,23.881275,52.132633,5.291266
Graphite,LUX,DEU,Luxembourg,Germany,380110,Processed,43178.375,direct,49.815273,6.129583,51.165691,10.451526
Graphite,LUX,POL,Luxembourg,Poland,380110,Processed,16469.0,mirror,49.815273,6.129583,51.919438,19.145136
Graphite,LUX,USA,Luxembourg,USA,380110,Processed,8523.0,mirror,49.815273,6.129583,37.09024,-95.712891
Graphite,LUX,PRT,Luxembourg,Portugal,380120,Processed,7797.512,direct,49.815273,6.129583,39.399872,-8.224454
Graphite,LUX,CZE,Luxembourg,Czechia,380110,Processed,5276.0,mirror,49.815273,6.129583,49.817492,15.472962
Graphite,LUX,FRA,Luxembourg,France,380110,Processed,3375.403,direct,49.815273,6.129583,46.227638,2.213749
Graphite,LUX,MYS,Luxembourg,Malaysia,380110,Processed,2699.486,mirror,49.815273,6.129583,4.210484,101.975766
Graphite,LUX,ARE,Luxembourg,United Arab Emirates,380110,Processed,973.255,direct,49.815273,6.129583,23.424076,53.847818
Graphite,LUX,IDN,Luxembourg,Indonesia,380110,Processed,834.0,mirror,49.815273,6.129583,-0.789275,113.921327
Graphite,LUX,ESP,Luxembourg,Spain,380110,Processed,706.688,mirror,49.815273,6.129583,40.463667,-3.74922
Graphite,LUX,NLD,Luxembourg,Netherlands,380110,Processed,100.661,mirror,49.815273,6.129583,52.132633,5.291266
Graphite,MYS,THA,Malaysia,Thailand,380110|380120,Processed,3781601.7060000002,direct,4.210484,101.975766,15.870032,100.992541
Graphite,MYS,JPN,Malaysia,Japan,380110,Processed,1448432.264,direct,4.210484,101.975766,36.204824,138.252924
Graphite,MYS,IND,Malaysia,India,380110,Processed,1103304.144,direct,4.210484,101.975766,20.593684,78.96288
Graphite,MYS,POL,Malaysia,Poland,380110,Processed,1085652.824,direct,4.210484,101.975766,51.919438,19.145136
Graphite,MYS,CZE,Malaysia,Czechia,380110,Processed,969703.442,direct,4.210484,101.975766,49.817492,15.472962
Graphite,MYS,KOR,Malaysia,Rep. of Korea,380110|380120,Processed,866568.4219999999,direct,4.210484,101.975766,35.907757,127.766922
Graphite,MYS,KHM,Malaysia,Cambodia,380110,Processed,745734.006,direct,4.210484,101.975766,12.565679,104.990963
Graphite,MYS,USA,Malaysia,USA,380110,Processed,538237.0,mirror,4.210484,101.975766,37.09024,-95.712891
Graphite,MYS,S19,Malaysia,"Other Asia, nes",380110|380120,Processed,477719.74000000005,direct,4.210484,101.975766,,
Graphite,MYS,IDN,Malaysia,Indonesia,380110,Processed,261056.002,direct,4.210484,101.975766,-0.789275,113.921327
Graphite,MYS,CHN,Malaysia,China,380110|380120,Processed,232866.474,direct,4.210484,101.975766,35.86166,104.195397
Graphite,MYS,NLD,Malaysia,Netherlands,380110,Processed,222830.994,direct,4.210484,101.975766,52.132633,5.291266
Graphite,MYS,VNM,Malaysia,Viet Nam,380110,Processed,204223.03,direct,4.210484,101.975766,14.058324,108.277199
Graphite,MYS,DEU,Malaysia,Germany,380110,Processed,43457.036,direct,4.210484,101.975766,51.165691,10.451526
Graphite,MYS,AUS,Malaysia,Australia,380110,Processed,39337.666,direct,4.210484,101.975766,-25.274398,133.775136
Graphite,MYS,IRN,Malaysia,Iran,380110,Processed,36948.03,direct,4.210484,101.975766,32.427908,53.688046
Graphite,MYS,SGP,Malaysia,Singapore,380110,Processed,27347.967,direct,4.210484,101.975766,1.352083,103.819836
Graphite,MYS,ARE,Malaysia,United Arab Emirates,380110,Processed,12676.262,direct,4.210484,101.975766,23.424076,53.847818
Graphite,MYS,ITA,Malaysia,Italy,380110,Processed,4390.596,mirror,4.210484,101.975766,41.87194,12.56738
Graphite,MYS,BGD,Malaysia,Bangladesh,380110,Processed,516.124,direct,4.210484,101.975766,23.684994,90.356331
Graphite,MYS,ESP,Malaysia,Spain,380110,Processed,1.312,direct,4.210484,101.975766,40.463667,-3.74922
Graphite,MLT,ISL,Malta,Iceland,380110,Processed,54.328,mirror,35.937496,14.375416,64.963051,-19.020835
Graphite,MLT,NLD,Malta,Netherlands,380110,Processed,7.577,mirror,35.937496,14.375416,52.132633,5.291266
Graphite,MEX,USA,Mexico,USA,380110|380120,Processed,26358143.0,direct,23.634501,-102.552784,37.09024,-95.712891
Graphite,MEX,BRA,Mexico,Brazil,380110|380120,Processed,14425466.0,mirror,23.634501,-102.552784,-14.235004,-51.92528
Graphite,MEX,ESP,Mexico,Spain,380110|380120,Processed,9467143.216,mirror,23.634501,-102.552784,40.463667,-3.74922
Graphite,MEX,FRA,Mexico,France,380110,Processed,1907595.9819999998,mirror,23.634501,-102.552784,46.227638,2.213749
Graphite,MEX,CHN,Mexico,China,380110|380120,Processed,116699.0,mirror,23.634501,-102.552784,35.86166,104.195397
Graphite,MEX,CAN,Mexico,Canada,380110,Processed,61959.198,mirror,23.634501,-102.552784,56.130366,-106.346771
Graphite,MEX,S19,Mexico,"Other Asia, nes",380110,Processed,36167.569,mirror,23.634501,-102.552784,,
Graphite,MEX,KOR,Mexico,Rep. of Korea,380110,Processed,23005.0,mirror,23.634501,-102.552784,35.907757,127.766922
Graphite,MEX,ARG,Mexico,Argentina,380110,Processed,16742.9,mirror,23.634501,-102.552784,-38.416097,-63.616672
Graphite,MEX,GTM,Mexico,Guatemala,380120,Processed,11083.0,mirror,23.634501,-102.552784,15.783471,-90.230759
Graphite,MEX,TUR,Mexico,Türkiye,380110,Processed,4152.0,mirror,23.634501,-102.552784,38.963745,35.243322
Graphite,MEX,SLV,Mexico,El Salvador,380120,Processed,2888.04,mirror,23.634501,-102.552784,13.794185,-88.89653
Graphite,MEX,HND,Mexico,Honduras,380110,Processed,1740.0,mirror,23.634501,-102.552784,15.199999,-86.241905
Graphite,MEX,ITA,Mexico,Italy,380120,Processed,1292.03,mirror,23.634501,-102.552784,41.87194,12.56738
Graphite,MEX,CRI,Mexico,Costa Rica,380120,Processed,922.0,mirror,23.634501,-102.552784,9.748917,-83.753428
Graphite,MEX,CZE,Mexico,Czechia,380120,Processed,208.0,mirror,23.634501,-102.552784,49.817492,15.472962
Graphite,MEX,CHL,Mexico,Chile,380120,Processed,147.03,mirror,23.634501,-102.552784,-35.675147,-71.542969
Graphite,MEX,NLD,Mexico,Netherlands,380120,Processed,7.577,mirror,23.634501,-102.552784,52.132633,5.291266
Graphite,MAR,GBR,Morocco,United Kingdom,380110,Processed,219167.312,mirror,31.791702,-7.09262,55.378051,-3.435973
Graphite,MAR,CZE,Morocco,Czechia,380110,Processed,197024.0,mirror,31.791702,-7.09262,49.817492,15.472962
Graphite,MAR,DEU,Morocco,Germany,380110,Processed,42447.868,direct,31.791702,-7.09262,51.165691,10.451526
Graphite,MOZ,MYS,Mozambique,Malaysia,380110,Processed,1564925.74,mirror,-18.665695,35.529562,4.210484,101.975766
Graphite,MOZ,THA,Mozambique,Thailand,380110,Processed,1138591.6,mirror,-18.665695,35.529562,15.870032,100.992541
Graphite,NAM,GAB,Namibia,Gabon,380110,Processed,33332.004,direct,-22.95764,18.49041,-0.803689,11.609444
Graphite,NAM,AGO,Namibia,Angola,380110,Processed,7873.67,mirror,-22.95764,18.49041,-11.202692,17.873887
Graphite,NLD,DEU,Netherlands,Germany,380110|380120,Processed,16704082.149,direct,52.132633,5.291266,51.165691,10.451526
Graphite,NLD,ITA,Netherlands,Italy,380110|380120,Processed,2988057.3819999998,direct,52.132633,5.291266,41.87194,12.56738
Graphite,NLD,IND,Netherlands,India,380110|380120,Processed,2862709.065,direct,52.132633,5.291266,20.593684,78.96288
Graphite,NLD,ESP,Netherlands,Spain,380110|380120,Processed,2853613.8219999997,direct,52.132633,5.291266,40.463667,-3.74922
Graphite,NLD,THA,Netherlands,Thailand,380110|380120,Processed,1926820.955,direct,52.132633,5.291266,15.870032,100.992541
Graphite,NLD,GBR,Netherlands,United Kingdom,380110|380120,Processed,1392104.299,direct,52.132633,5.291266,55.378051,-3.435973
Graphite,NLD,PRT,Netherlands,Portugal,380110|380120,Processed,1341099.696,direct,52.132633,5.291266,39.399872,-8.224454
Graphite,NLD,FRA,Netherlands,France,380110|380120,Processed,1261709.2550000001,direct,52.132633,5.291266,46.227638,2.213749
Graphite,NLD,TUR,Netherlands,Türkiye,380110|380120,Processed,959343.026,direct,52.132633,5.291266,38.963745,35.243322
Graphite,NLD,NOR,Netherlands,Norway,380110|380120,Processed,844302.219,direct,52.132633,5.291266,60.472024,8.468946
Graphite,NLD,MYS,Netherlands,Malaysia,380110|380120,Processed,797533.506,direct,52.132633,5.291266,4.210484,101.975766
Graphite,NLD,BEL,Netherlands,Belgium,380110|380120,Processed,783605.5700000001,direct,52.132633,5.291266,50.503887,4.469936
Graphite,NLD,CHE,Netherlands,Switzerland,380110|380120,Processed,767454.376,direct,52.132633,5.291266,46.818188,8.227512
Graphite,NLD,LUX,Netherlands,Luxembourg,380110|380120,Processed,702837.2570000001,direct,52.132633,5.291266,49.815273,6.129583
Graphite,NLD,GRC,Netherlands,Greece,380110|380120,Processed,662855.2050000001,direct,52.132633,5.291266,39.074208,21.824312
Graphite,NLD,USA,Netherlands,USA,380110|380120,Processed,562792.426,direct,52.132633,5.291266,37.09024,-95.712891
Graphite,NLD,SWE,Netherlands,Sweden,380110|380120,Processed,438645.505,direct,52.132633,5.291266,60.128161,18.643501
Graphite,NLD,SGP,Netherlands,Singapore,380110|380120,Processed,388171.939,direct,52.132633,5.291266,1.352083,103.819836
Graphite,NLD,KOR,Netherlands,Rep. of Korea,380110|380120,Processed,353181.0,mirror,52.132633,5.291266,35.907757,127.766922
Graphite,NLD,EGY,Netherlands,Egypt,380110|380120,Processed,333156.706,direct,52.132633,5.291266,26.820553,30.802498
Graphite,NLD,SVK,Netherlands,Slovakia,380110|380120,Processed,322474.692,direct,52.132633,5.291266,48.669026,19.699024
Graphite,NLD,POL,Netherlands,Poland,380110|380120,Processed,267581.768,direct,52.132633,5.291266,51.919438,19.145136
Graphite,NLD,ISL,Netherlands,Iceland,380110|380120,Processed,258109.857,direct,52.132633,5.291266,64.963051,-19.020835
Graphite,NLD,CZE,Netherlands,Czechia,380110|380120,Processed,237821.717,direct,52.132633,5.291266,49.817492,15.472962
Graphite,NLD,MEX,Netherlands,Mexico,380120,Processed,235882.0,mirror,52.132633,5.291266,23.634501,-102.552784
Graphite,NLD,CHN,Netherlands,China,380110|380120,Processed,158342.52,direct,52.132633,5.291266,35.86166,104.195397
Graphite,NLD,AUT,Netherlands,Austria,380110|380120,Processed,157736.38700000002,direct,52.132633,5.291266,47.516231,14.550072
Graphite,NLD,SRB,Netherlands,Serbia,380110|380120,Processed,154523.693,direct,52.132633,5.291266,44.016521,21.005859
Graphite,NLD,IDN,Netherlands,Indonesia,380110|380120,Processed,152834.0,mirror,52.132633,5.291266,-0.789275,113.921327
Graphite,NLD,S19,Netherlands,"Other Asia, nes",380120,Processed,135262.346,mirror,52.132633,5.291266,,
Graphite,NLD,DNK,Netherlands,Denmark,380110|380120,Processed,134168.634,direct,52.132633,5.291266,56.26392,9.501785
Graphite,NLD,ZAF,Netherlands,South Africa,380110|380120,Processed,113197.513,direct,52.132633,5.291266,-30.559482,22.937506
Graphite,NLD,ISR,Netherlands,Israel,380110|380120,Processed,103000.0,mirror,52.132633,5.291266,31.046051,34.851612
Graphite,NLD,JPN,Netherlands,Japan,380110|380120,Processed,85352.153,direct,52.132633,5.291266,36.204824,138.252924
Graphite,NLD,ARE,Netherlands,United Arab Emirates,380110|380120,Processed,74554.36600000001,direct,52.132633,5.291266,23.424076,53.847818
Graphite,NLD,FIN,Netherlands,Finland,380110|380120,Processed,62305.067,direct,52.132633,5.291266,61.92411,25.748151
Graphite,NLD,QAT,Netherlands,Qatar,380120,Processed,44465.272,direct,52.132633,5.291266,25.354826,51.183884
Graphite,NLD,MAR,Netherlands,Morocco,380110,Processed,35772.674,direct,52.132633,5.291266,31.791702,-7.09262
Graphite,NLD,SUR,Netherlands,Suriname,380110,Processed,35650.91,mirror,52.132633,5.291266,3.919305,-56.027783
Graphite,NLD,SAU,Netherlands,Saudi Arabia,380110|380120,Processed,29559.809999999998,direct,52.132633,5.291266,23.885942,45.079162
Graphite,NLD,BGR,Netherlands,Bulgaria,380110|380120,Processed,27358.049,direct,52.132633,5.291266,42.733883,25.48583
Graphite,NLD,HUN,Netherlands,Hungary,380110|380120,Processed,25733.595,direct,52.132633,5.291266,47.162494,19.503304
Graphite,NLD,UKR,Netherlands,Ukraine,380110,Processed,22703.72,mirror,52.132633,5.291266,48.379433,31.16558
Graphite,NLD,UZB,Netherlands,Uzbekistan,380110|380120,Processed,20901.915,direct,52.132633,5.291266,41.377491,64.585262
Graphite,NLD,SEN,Netherlands,Senegal,380120,Processed,18146.108,direct,52.132633,5.291266,14.497401,14.452362
Graphite,NLD,ARM,Netherlands,Armenia,380120,Processed,16885.135,direct,52.132633,5.291266,40.069099,45.038189
Graphite,NLD,BIH,Netherlands,Bosnia Herzegovina,380110|380120,Processed,16770.936,mirror,52.132633,5.291266,43.915886,17.679076
Graphite,NLD,EST,Netherlands,Estonia,380110|380120,Processed,16477.078,direct,52.132633,5.291266,58.595272,25.013607
Graphite,NLD,CMR,Netherlands,Cameroon,380110,Processed,15676.116,direct,52.132633,5.291266,3.848033,11.502075
Graphite,NLD,ROU,Netherlands,Romania,380110|380120,Processed,14049.297999999999,direct,52.132633,5.291266,45.943161,24.96676
Graphite,NLD,BRA,Netherlands,Brazil,380110|380120,Processed,14006.362,direct,52.132633,5.291266,-14.235004,-51.92528
Graphite,NLD,KAZ,Netherlands,Kazakhstan,380110|380120,Processed,13500.531,direct,52.132633,5.291266,48.019573,66.923684
Graphite,NLD,AUS,Netherlands,Australia,380110|380120,Processed,12643.4,direct,52.132633,5.291266,-25.274398,133.775136
Graphite,NLD,MLT,Netherlands,Malta,380110|380120,Processed,11834.748,direct,52.132633,5.291266,35.937496,14.375416
Graphite,NLD,SVN,Netherlands,Slovenia,380110|380120,Processed,11399.631,direct,52.132633,5.291266,46.151241,14.995463
Graphite,NLD,TUN,Netherlands,Tunisia,380110|380120,Processed,9836.796,direct,52.132633,5.291266,33.886917,9.537499
Graphite,NLD,HRV,Netherlands,Croatia,380110|380120,Processed,8008.533,direct,52.132633,5.291266,45.1,15.2
Graphite,NLD,IRL,Netherlands,Ireland,380110|380120,Processed,5712.804,direct,52.132633,5.291266,53.41291,-8.24389
Graphite,NLD,BGD,Netherlands,Bangladesh,380110,Processed,3963.677,direct,52.132633,5.291266,23.684994,90.356331
Graphite,NLD,CAN,Netherlands,Canada,380110|380120,Processed,2584.452,mirror,52.132633,5.291266,56.130366,-106.346771
Graphite,NLD,CYP,Netherlands,Cyprus,380110|380120,Processed,1854.118,direct,52.132633,5.291266,35.126413,33.429859
Graphite,NLD,PAK,Netherlands,Pakistan,380120,Processed,1848.706,direct,52.132633,5.291266,30.375321,69.345116
Graphite,NLD,LVA,Netherlands,Latvia,380110|380120,Processed,1371.376,direct,52.132633,5.291266,56.879635,24.603189
Graphite,NLD,ETH,Netherlands,Ethiopia,380110,Processed,1325.916,direct,52.132633,5.291266,9.145,40.489673
Graphite,NLD,TGO,Netherlands,Togo,380110,Processed,1267.468,direct,52.132633,5.291266,8.619543,0.824782
Graphite,NLD,MOZ,Netherlands,Mozambique,380110,Processed,1004.449,direct,52.132633,5.291266,-18.665695,35.529562
Graphite,NLD,RWA,Netherlands,Rwanda,380110,Processed,995.79,direct,52.132633,5.291266,-1.940278,29.873888
Graphite,NLD,LTU,Netherlands,Lithuania,380110|380120,Processed,646.1809999999999,direct,52.132633,5.291266,55.169438,23.881275
Graphite,NLD,NGA,Netherlands,Nigeria,380110,Processed,334.456,direct,52.132633,5.291266,9.081999,8.675277
Graphite,NLD,GTM,Netherlands,Guatemala,380110,Processed,333.0,mirror,52.132633,5.291266,15.783471,-90.230759
Graphite,NLD,AGO,Netherlands,Angola,380110,Processed,315.78,mirror,52.132633,5.291266,-11.202692,17.873887
Graphite,NLD,CHL,Netherlands,Chile,380110,Processed,127.721,direct,52.132633,5.291266,-35.675147,-71.542969
Graphite,NLD,URY,Netherlands,Uruguay,380110,Processed,77.931,direct,52.132633,5.291266,-32.522779,-55.765835
Graphite,NZL,ISL,New Zealand,Iceland,380110,Processed,331.717,mirror,-40.900557,174.885971,64.963051,-19.020835
Graphite,NZL,CAN,New Zealand,Canada,380120,Processed,268.04,mirror,-40.900557,174.885971,56.130366,-106.346771
Graphite,NZL,FJI,New Zealand,Fiji,380110,Processed,188.247,mirror,-40.900557,174.885971,-16.578193,179.414413
Graphite,NZL,KOR,New Zealand,Rep. of Korea,380110,Processed,18.0,mirror,-40.900557,174.885971,35.907757,127.766922
Graphite,NOR,NLD,Norway,Netherlands,380110,Processed,3304611.832,direct,60.472024,8.468946,52.132633,5.291266
Graphite,NOR,ESP,Norway,Spain,380110,Processed,3284664.38,direct,60.472024,8.468946,40.463667,-3.74922
Graphite,NOR,GBR,Norway,United Kingdom,380110,Processed,1956742.688,direct,60.472024,8.468946,55.378051,-3.435973
Graphite,NOR,FRA,Norway,France,380110,Processed,1936114.544,mirror,60.472024,8.468946,46.227638,2.213749
Graphite,NOR,TUR,Norway,Türkiye,380110,Processed,1722028.844,direct,60.472024,8.468946,38.963745,35.243322
Graphite,NOR,POL,Norway,Poland,380110,Processed,1609065.066,direct,60.472024,8.468946,51.919438,19.145136
Graphite,NOR,SWE,Norway,Sweden,380110,Processed,1404089.628,direct,60.472024,8.468946,60.128161,18.643501
Graphite,NOR,DNK,Norway,Denmark,380110,Processed,319060.952,direct,60.472024,8.468946,56.26392,9.501785
Graphite,NOR,IND,Norway,India,380110,Processed,199791.102,direct,60.472024,8.468946,20.593684,78.96288
Graphite,NOR,ISL,Norway,Iceland,380110|380120,Processed,88995.978,direct,60.472024,8.468946,64.963051,-19.020835
Graphite,NOR,CHN,Norway,China,380110,Processed,71532.838,direct,60.472024,8.468946,35.86166,104.195397
Graphite,NOR,FIN,Norway,Finland,380110,Processed,67877.468,direct,60.472024,8.468946,61.92411,25.748151
Graphite,NOR,MAR,Norway,Morocco,380110,Processed,43947.11,mirror,60.472024,8.468946,31.791702,-7.09262
Graphite,NOR,SVK,Norway,Slovakia,380110,Processed,6308.864,direct,60.472024,8.468946,48.669026,19.699024
Graphite,NOR,USA,Norway,USA,380110,Processed,2395.534,direct,60.472024,8.468946,37.09024,-95.712891
Graphite,NOR,DEU,Norway,Germany,380110|380120,Processed,1391.158,direct,60.472024,8.468946,51.165691,10.451526
Graphite,NOR,SGP,Norway,Singapore,380110,Processed,508.104,direct,60.472024,8.468946,1.352083,103.819836
Graphite,NOR,KOR,Norway,Rep. of Korea,380110,Processed,18.0,mirror,60.472024,8.468946,35.907757,127.766922
Graphite,OMN,IND,Oman,India,380110,Processed,83091.094,mirror,21.512583,55.923255,20.593684,78.96288
Graphite,S19,JPN,"Other Asia, nes",Japan,380110,Processed,4148367.177,direct,,,36.204824,138.252924
Graphite,S19,THA,"Other Asia, nes",Thailand,380110|380120,Processed,1789516.4479999999,direct,,,15.870032,100.992541
Graphite,S19,TUR,"Other Asia, nes",Türkiye,380110,Processed,1637520.0,mirror,,,38.963745,35.243322
Graphite,S19,CHN,"Other Asia, nes",China,380110,Processed,1421749.931,direct,,,35.86166,104.195397
Graphite,S19,BRA,"Other Asia, nes",Brazil,380110,Processed,483018.0,mirror,,,-14.235004,-51.92528
Graphite,S19,USA,"Other Asia, nes",USA,380110|380120,Processed,343365.515,direct,,,37.09024,-95.712891
Graphite,S19,NLD,"Other Asia, nes",Netherlands,380110,Processed,73955.046,direct,,,52.132633,5.291266
Graphite,S19,IND,"Other Asia, nes",India,380110,Processed,67350.804,direct,,,20.593684,78.96288
Graphite,S19,KOR,"Other Asia, nes",Rep. of Korea,380110|380120,Processed,65606.06,direct,,,35.907757,127.766922
Graphite,S19,SGP,"Other Asia, nes",Singapore,380110,Processed,59843.152,direct,,,1.352083,103.819836
Graphite,S19,IDN,"Other Asia, nes",Indonesia,380120,Processed,38722.04,direct,,,-0.789275,113.921327
Graphite,S19,ESP,"Other Asia, nes",Spain,380110,Processed,36011.808,direct,,,40.463667,-3.74922
Graphite,S19,DEU,"Other Asia, nes",Germany,380110,Processed,20186.55,direct,,,51.165691,10.451526
Graphite,S19,NOR,"Other Asia, nes",Norway,380110,Processed,11121.294,direct,,,60.472024,8.468946
Graphite,S19,MYS,"Other Asia, nes",Malaysia,380110|380120,Processed,9210.174,direct,,,4.210484,101.975766
Graphite,S19,CAN,"Other Asia, nes",Canada,380110,Processed,7289.587,direct,,,56.130366,-106.346771
Graphite,S19,SWE,"Other Asia, nes",Sweden,380110,Processed,5677.712,mirror,,,60.128161,18.643501
Graphite,S19,CHE,"Other Asia, nes",Switzerland,380110,Processed,3457.881,direct,,,46.818188,8.227512
Graphite,S19,VNM,"Other Asia, nes",Viet Nam,380110,Processed,3208.665,direct,,,14.058324,108.277199
Graphite,S19,PHL,"Other Asia, nes",Philippines,380110,Processed,3126.0,mirror,,,12.879721,121.774017
Graphite,S19,FRA,"Other Asia, nes",France,380110,Processed,2211.798,direct,,,46.227638,2.213749
Graphite,S19,ISR,"Other Asia, nes",Israel,380110,Processed,2180.646,direct,,,31.046051,34.851612
Graphite,S19,FIN,"Other Asia, nes",Finland,380110,Processed,1775.669,direct,,,61.92411,25.748151
Graphite,S19,S19,"Other Asia, nes","Other Asia, nes",380110,Processed,404.977,mirror,,,,
Graphite,S19,DNK,"Other Asia, nes",Denmark,380110,Processed,352.021,mirror,,,56.26392,9.501785
Graphite,S19,_X ,"Other Asia, nes","Areas, nes",380110,Processed,280.369,direct,,,,
Graphite,S19,AGO,"Other Asia, nes",Angola,380110,Processed,200.0,mirror,,,-11.202692,17.873887
Graphite,S19,HRV,"Other Asia, nes",Croatia,380110,Processed,151.0,mirror,,,45.1,15.2
Graphite,S19,ARG,"Other Asia, nes",Argentina,380110,Processed,93.456,direct,,,-38.416097,-63.616672
Graphite,S19,AUT,"Other Asia, nes",Austria,380120,Processed,63.86,mirror,,,47.516231,14.550072
Graphite,S19,IRL,"Other Asia, nes",Ireland,380120,Processed,42.213,mirror,,,53.41291,-8.24389
Graphite,E19,CZE,"Other Europe, nes",Czechia,380110,Processed,13574892.0,mirror,,,49.817492,15.472962
Graphite,E19,SVK,"Other Europe, nes",Slovakia,380110|380120,Processed,1890961.958,mirror,,,48.669026,19.699024
Graphite,E19,EGY,"Other Europe, nes",Egypt,380110,Processed,44270.474,mirror,,,26.820553,30.802498
Graphite,E19,ESP,"Other Europe, nes",Spain,380110|380120,Processed,11337.168,mirror,,,40.463667,-3.74922
Graphite,E19,POL,"Other Europe, nes",Poland,380110|380120,Processed,2171.0,mirror,,,51.919438,19.145136
Graphite,PAK,MYS,Pakistan,Malaysia,380110,Processed,48922.872,mirror,30.375321,69.345116,4.210484,101.975766
Graphite,PAK,SAU,Pakistan,Saudi Arabia,380120,Processed,286.133,mirror,30.375321,69.345116,23.885942,45.079162
Graphite,PAK,OMN,Pakistan,Oman,380110,Processed,74.751,direct,30.375321,69.345116,21.512583,55.923255
Graphite,PRY,BOL,Paraguay,Bolivia (Plurinational State of),380110,Processed,7212.5,direct,-23.442503,-58.443832,-16.290154,-63.588653
Graphite,PER,BOL,Peru,Bolivia (Plurinational State of),380110|380120,Processed,208618.544,direct,-9.189967,-75.015152,-16.290154,-63.588653
Graphite,PER,ECU,Peru,Ecuador,380110,Processed,152034.412,direct,-9.189967,-75.015152,-1.831239,-78.183406
Graphite,POL,JPN,Poland,Japan,380110,Processed,14812934.0,direct,51.919438,19.145136,36.204824,138.252924
Graphite,POL,DEU,Poland,Germany,380110,Processed,2713374.0,direct,51.919438,19.145136,51.165691,10.451526
Graphite,POL,IND,Poland,India,380110,Processed,2245252.676,mirror,51.919438,19.145136,20.593684,78.96288
Graphite,POL,SVN,Poland,Slovenia,380110|380120,Processed,1872080.648,mirror,51.919438,19.145136,46.151241,14.995463
Graphite,POL,AUT,Poland,Austria,380110,Processed,1044779.0,direct,51.919438,19.145136,47.516231,14.550072
Graphite,POL,ZAF,Poland,South Africa,380110,Processed,412809.288,mirror,51.919438,19.145136,-30.559482,22.937506
Graphite,POL,ITA,Poland,Italy,380110|380120,Processed,321021.0,direct,51.919438,19.145136,41.87194,12.56738
Graphite,POL,KOR,Poland,Rep. of Korea,380110|380120,Processed,289668.0,mirror,51.919438,19.145136,35.907757,127.766922
Graphite,POL,FRA,Poland,France,380110,Processed,250468.0,direct,51.919438,19.145136,46.227638,2.213749
Graphite,POL,CZE,Poland,Czechia,380110|380120,Processed,229971.0,direct,51.919438,19.145136,49.817492,15.472962
Graphite,POL,SRB,Poland,Serbia,380110|380120,Processed,151768.0,mirror,51.919438,19.145136,44.016521,21.005859
Graphite,POL,TUR,Poland,Türkiye,380110,Processed,113992.0,mirror,51.919438,19.145136,38.963745,35.243322
Graphite,POL,KAZ,Poland,Kazakhstan,380110|380120,Processed,92745.17,direct,51.919438,19.145136,48.019573,66.923684
Graphite,POL,UKR,Poland,Ukraine,380110|380120,Processed,44884.0,direct,51.919438,19.145136,48.379433,31.16558
Graphite,POL,ESP,Poland,Spain,380110,Processed,35650.0,direct,51.919438,19.145136,40.463667,-3.74922
Graphite,POL,SVK,Poland,Slovakia,380110,Processed,31296.0,direct,51.919438,19.145136,48.669026,19.699024
Graphite,POL,IDN,Poland,Indonesia,380110,Processed,20694.0,mirror,51.919438,19.145136,-0.789275,113.921327
Graphite,POL,CHN,Poland,China,380110,Processed,10662.0,direct,51.919438,19.145136,35.86166,104.195397
Graphite,POL,USA,Poland,USA,380110,Processed,7300.0,direct,51.919438,19.145136,37.09024,-95.712891
Graphite,POL,GRC,Poland,Greece,380110|380120,Processed,7048.462,mirror,51.919438,19.145136,39.074208,21.824312
Graphite,POL,PRT,Poland,Portugal,380120,Processed,6245.336,mirror,51.919438,19.145136,39.399872,-8.224454
Graphite,POL,CAN,Poland,Canada,380110,Processed,2253.0,direct,51.919438,19.145136,56.130366,-106.346771
Graphite,POL,CHE,Poland,Switzerland,380110|380120,Processed,1023.0,direct,51.919438,19.145136,46.818188,8.227512
Graphite,POL,BRA,Poland,Brazil,380120,Processed,1014.0,direct,51.919438,19.145136,-14.235004,-51.92528
Graphite,POL,EST,Poland,Estonia,380120,Processed,918.16,mirror,51.919438,19.145136,58.595272,25.013607
Graphite,POL,ROU,Poland,Romania,380120,Processed,685.04,mirror,51.919438,19.145136,45.943161,24.96676
Graphite,POL,HUN,Poland,Hungary,380110,Processed,582.0,direct,51.919438,19.145136,47.162494,19.503304
Graphite,POL,MEX,Poland,Mexico,380120,Processed,382.0,direct,51.919438,19.145136,23.634501,-102.552784
Graphite,POL,AUS,Poland,Australia,380110,Processed,381.0,direct,51.919438,19.145136,-25.274398,133.775136
Graphite,POL,NOR,Poland,Norway,380110,Processed,302.0,direct,51.919438,19.145136,60.472024,8.468946
Graphite,POL,LVA,Poland,Latvia,380120,Processed,71.256,mirror,51.919438,19.145136,56.879635,24.603189
Graphite,POL,GBR,Poland,United Kingdom,380120,Processed,17.0,direct,51.919438,19.145136,55.378051,-3.435973
Graphite,PRT,ISR,Portugal,Israel,380110,Processed,4021266.42,direct,39.399872,-8.224454,31.046051,34.851612
Graphite,PRT,ESP,Portugal,Spain,380110|380120,Processed,2366070.48,mirror,39.399872,-8.224454,40.463667,-3.74922
Graphite,PRT,NLD,Portugal,Netherlands,380110|380120,Processed,760274.5619999999,direct,39.399872,-8.224454,52.132633,5.291266
Graphite,PRT,BGR,Portugal,Bulgaria,380110,Processed,105365.928,direct,39.399872,-8.224454,42.733883,25.48583
Graphite,PRT,DEU,Portugal,Germany,380110,Processed,61992.288,direct,39.399872,-8.224454,51.165691,10.451526
Graphite,PRT,FRA,Portugal,France,380110|380120,Processed,24247.255999999998,direct,39.399872,-8.224454,46.227638,2.213749
Graphite,PRT,SVN,Portugal,Slovenia,380110,Processed,18265.136,mirror,39.399872,-8.224454,46.151241,14.995463
Graphite,PRT,ARE,Portugal,United Arab Emirates,380110,Processed,17076.168,direct,39.399872,-8.224454,23.424076,53.847818
Graphite,PRT,DZA,Portugal,Algeria,380110|380120,Processed,16170.808,direct,39.399872,-8.224454,28.033886,1.659626
Graphite,PRT,MAR,Portugal,Morocco,380110,Processed,12582.88,direct,39.399872,-8.224454,31.791702,-7.09262
Graphite,PRT,AGO,Portugal,Angola,380110,Processed,10666.57,mirror,39.399872,-8.224454,-11.202692,17.873887
Graphite,PRT,GBR,Portugal,United Kingdom,380110,Processed,3093.328,direct,39.399872,-8.224454,55.378051,-3.435973
Graphite,KOR,USA,Rep. of Korea,USA,380110|380120,Processed,37011586.0,direct,35.907757,127.766922,37.09024,-95.712891
Graphite,KOR,CHN,Rep. of Korea,China,380110|380120,Processed,33778704.0,direct,35.907757,127.766922,35.86166,104.195397
Graphite,KOR,POL,Rep. of Korea,Poland,380110|380120,Processed,19792912.0,direct,35.907757,127.766922,51.919438,19.145136
Graphite,KOR,MYS,Rep. of Korea,Malaysia,380110|380120,Processed,10023601.0,direct,35.907757,127.766922,4.210484,101.975766
Graphite,KOR,JPN,Rep. of Korea,Japan,380110|380120,Processed,9718665.0,direct,35.907757,127.766922,36.204824,138.252924
Graphite,KOR,NLD,Rep. of Korea,Netherlands,380110,Processed,5801218.0,direct,35.907757,127.766922,52.132633,5.291266
Graphite,KOR,HUN,Rep. of Korea,Hungary,380110|380120,Processed,5594075.0,direct,35.907757,127.766922,47.162494,19.503304
Graphite,KOR,IDN,Rep. of Korea,Indonesia,380110|380120,Processed,4696715.0,direct,35.907757,127.766922,-0.789275,113.921327
Graphite,KOR,VNM,Rep. of Korea,Viet Nam,380110|380120,Processed,4428389.0,direct,35.907757,127.766922,14.058324,108.277199
Graphite,KOR,SGP,Rep. of Korea,Singapore,380110|380120,Processed,2865179.231,direct,35.907757,127.766922,1.352083,103.819836
Graphite,KOR,SWE,Rep. of Korea,Sweden,380110,Processed,1545852.0,direct,35.907757,127.766922,60.128161,18.643501
Graphite,KOR,TUR,Rep. of Korea,Türkiye,380110|380120,Processed,869840.0,direct,35.907757,127.766922,38.963745,35.243322
Graphite,KOR,S19,Rep. of Korea,"Other Asia, nes",380110,Processed,370391.0,direct,35.907757,127.766922,,
Graphite,KOR,IND,Rep. of Korea,India,380110|380120,Processed,322186.0,direct,35.907757,127.766922,20.593684,78.96288
Graphite,KOR,FRA,Rep. of Korea,France,380110|380120,Processed,243927.941,direct,35.907757,127.766922,46.227638,2.213749
Graphite,KOR,THA,Rep. of Korea,Thailand,380110|380120,Processed,239103.0,direct,35.907757,127.766922,15.870032,100.992541
Graphite,KOR,DEU,Rep. of Korea,Germany,380110,Processed,203468.0,direct,35.907757,127.766922,51.165691,10.451526
Graphite,KOR,LUX,Rep. of Korea,Luxembourg,380110,Processed,152507.461,mirror,35.907757,127.766922,49.815273,6.129583
Graphite,KOR,MEX,Rep. of Korea,Mexico,380110,Processed,131838.0,direct,35.907757,127.766922,23.634501,-102.552784
Graphite,KOR,AUS,Rep. of Korea,Australia,380110|380120,Processed,95031.0,direct,35.907757,127.766922,-25.274398,133.775136
Graphite,KOR,CAN,Rep. of Korea,Canada,380110|380120,Processed,85652.556,direct,35.907757,127.766922,56.130366,-106.346771
Graphite,KOR,PHL,Rep. of Korea,Philippines,380110,Processed,26825.0,direct,35.907757,127.766922,12.879721,121.774017
Graphite,KOR,NOR,Rep. of Korea,Norway,380110,Processed,15628.0,direct,35.907757,127.766922,60.472024,8.468946
Graphite,KOR,SAU,Rep. of Korea,Saudi Arabia,380120,Processed,9289.066,mirror,35.907757,127.766922,23.885942,45.079162
Graphite,KOR,LKA,Rep. of Korea,Sri Lanka,380110,Processed,9000.0,direct,35.907757,127.766922,7.873054,80.771797
Graphite,KOR,MMR,Rep. of Korea,Myanmar,380110,Processed,8384.0,direct,35.907757,127.766922,21.913965,95.956223
Graphite,KOR,ISR,Rep. of Korea,Israel,380110|380120,Processed,6910.0,direct,35.907757,127.766922,31.046051,34.851612
Graphite,KOR,UZB,Rep. of Korea,Uzbekistan,380110,Processed,5987.0,direct,35.907757,127.766922,41.377491,64.585262
Graphite,KOR,DNK,Rep. of Korea,Denmark,380110,Processed,5873.0,direct,35.907757,127.766922,56.26392,9.501785
Graphite,KOR,CHE,Rep. of Korea,Switzerland,380110,Processed,5144.0,direct,35.907757,127.766922,46.818188,8.227512
Graphite,KOR,SVK,Rep. of Korea,Slovakia,380110,Processed,4927.0,direct,35.907757,127.766922,48.669026,19.699024
Graphite,KOR,PAK,Rep. of Korea,Pakistan,380110|380120,Processed,2565.19,direct,35.907757,127.766922,30.375321,69.345116
Graphite,KOR,ROU,Rep. of Korea,Romania,380120,Processed,2533.0,direct,35.907757,127.766922,45.943161,24.96676
Graphite,KOR,RUS,Rep. of Korea,Russian Federation,380110,Processed,1577.0,direct,35.907757,127.766922,61.52401,105.318756
Graphite,KOR,SVN,Rep. of Korea,Slovenia,380110|380120,Processed,1204.576,direct,35.907757,127.766922,46.151241,14.995463
Graphite,KOR,GBR,Rep. of Korea,United Kingdom,380110,Processed,666.0,direct,35.907757,127.766922,55.378051,-3.435973
Graphite,KOR,COL,Rep. of Korea,Colombia,380110,Processed,400.0,direct,35.907757,127.766922,4.570868,-74.297333
Graphite,KOR,ESP,Rep. of Korea,Spain,380110,Processed,10.0,direct,35.907757,127.766922,40.463667,-3.74922
Graphite,ROU,TUR,Romania,Türkiye,380110,Processed,4289711.64,direct,45.943161,24.96676,38.963745,35.243322
Graphite,ROU,DEU,Romania,Germany,380110|380120,Processed,1429681.52,direct,45.943161,24.96676,51.165691,10.451526
Graphite,ROU,FRA,Romania,France,380110|380120,Processed,264312.164,direct,45.943161,24.96676,46.227638,2.213749
Graphite,ROU,ITA,Romania,Italy,380110,Processed,250080.6,direct,45.943161,24.96676,41.87194,12.56738
Graphite,ROU,POL,Romania,Poland,380110,Processed,232709.28,direct,45.943161,24.96676,51.919438,19.145136
Graphite,ROU,SVN,Romania,Slovenia,380110,Processed,31227.16,direct,45.943161,24.96676,46.151241,14.995463
Graphite,ROU,NOR,Romania,Norway,380110|380120,Processed,11477.006000000001,mirror,45.943161,24.96676,60.472024,8.468946
Graphite,ROU,BGR,Romania,Bulgaria,380120,Processed,8627.64,direct,45.943161,24.96676,42.733883,25.48583
Graphite,ROU,HUN,Romania,Hungary,380120,Processed,4387.6,direct,45.943161,24.96676,47.162494,19.503304
Graphite,ROU,DNK,Romania,Denmark,380120,Processed,1267.64,direct,45.943161,24.96676,56.26392,9.501785
Graphite,ROU,NLD,Romania,Netherlands,380110|380120,Processed,1022.6940000000001,direct,45.943161,24.96676,52.132633,5.291266
Graphite,ROU,NZL,Romania,New Zealand,380120,Processed,870.903,mirror,45.943161,24.96676,-40.900557,174.885971
Graphite,ROU,GRC,Romania,Greece,380110,Processed,374.504,mirror,45.943161,24.96676,39.074208,21.824312
Graphite,ROU,SVK,Romania,Slovakia,380120,Processed,351.88,direct,45.943161,24.96676,48.669026,19.699024
Graphite,ROU,FIN,Romania,Finland,380120,Processed,53.92,direct,45.943161,24.96676,61.92411,25.748151
Graphite,ROU,AUT,Romania,Austria,380120,Processed,16.72,direct,45.943161,24.96676,47.516231,14.550072
Graphite,ROU,ESP,Romania,Spain,380120,Processed,9.52,direct,45.943161,24.96676,40.463667,-3.74922
Graphite,RUS,KAZ,Russian Federation,Kazakhstan,380110|380120,Processed,2226059.63,mirror,61.52401,105.318756,48.019573,66.923684
Graphite,RUS,TUR,Russian Federation,Türkiye,380110,Processed,1205400.0,mirror,61.52401,105.318756,38.963745,35.243322
Graphite,RUS,AZE,Russian Federation,Azerbaijan,380110,Processed,268244.4,mirror,61.52401,105.318756,40.143105,47.576927
Graphite,RUS,ARM,Russian Federation,Armenia,380110|380120,Processed,145022.91999999998,mirror,61.52401,105.318756,40.069099,45.038189
Graphite,RUS,KOR,Russian Federation,Rep. of Korea,380110,Processed,3250.0,mirror,61.52401,105.318756,35.907757,127.766922
Graphite,RUS,UZB,Russian Federation,Uzbekistan,380110|380120,Processed,1835.0,mirror,61.52401,105.318756,41.377491,64.585262
Graphite,SAU,TUN,Saudi Arabia,Tunisia,380120,Processed,188347.195,direct,23.885942,45.079162,33.886917,9.537499
Graphite,SAU,CHN,Saudi Arabia,China,380110,Processed,176734.129,direct,23.885942,45.079162,35.86166,104.195397
Graphite,SAU,EGY,Saudi Arabia,Egypt,380110|380120,Processed,131751.19700000001,direct,23.885942,45.079162,26.820553,30.802498
Graphite,SAU,KWT,Saudi Arabia,Kuwait,380110,Processed,88056.264,direct,23.885942,45.079162,29.31166,47.481766
Graphite,SAU,MYS,Saudi Arabia,Malaysia,380110,Processed,70426.398,direct,23.885942,45.079162,4.210484,101.975766
Graphite,SAU,IDN,Saudi Arabia,Indonesia,380110,Processed,24100.533,direct,23.885942,45.079162,-0.789275,113.921327
Graphite,SAU,BHR,Saudi Arabia,Bahrain,380110|380120,Processed,18140.8,direct,23.885942,45.079162,26.0275,50.55
Graphite,SAU,IRQ,Saudi Arabia,Iraq,380110,Processed,14400.0,direct,23.885942,45.079162,33.223191,43.679291
Graphite,SRB,RUS,Serbia,Russian Federation,380110,Processed,195012.0,direct,44.016521,21.005859,61.52401,105.318756
Graphite,SRB,MKD,Serbia,North Macedonia,380120,Processed,980.0,direct,44.016521,21.005859,41.608635,21.745275
Graphite,SRB,BEL,Serbia,Belgium,380110,Processed,18.4,mirror,44.016521,21.005859,50.503887,4.469936
Graphite,SRB,MNE,Serbia,Montenegro,380120,Processed,11.988,mirror,44.016521,21.005859,42.708678,19.37439
Graphite,SGP,MYS,Singapore,Malaysia,380110|380120,Processed,1078741.986,direct,1.352083,103.819836,4.210484,101.975766
Graphite,SGP,IDN,Singapore,Indonesia,380110|380120,Processed,773161.3740000001,direct,1.352083,103.819836,-0.789275,113.921327
Graphite,SGP,IND,Singapore,India,380110|380120,Processed,655879.4609999999,direct,1.352083,103.819836,20.593684,78.96288
Graphite,SGP,USA,Singapore,USA,380110,Processed,587812.009,direct,1.352083,103.819836,37.09024,-95.712891
Graphite,SGP,CHN,Singapore,China,380110|380120,Processed,493678.577,direct,1.352083,103.819836,35.86166,104.195397
Graphite,SGP,AUS,Singapore,Australia,380110,Processed,137146.706,direct,1.352083,103.819836,-25.274398,133.775136
Graphite,SGP,S19,Singapore,"Other Asia, nes",380110|380120,Processed,132514.282,direct,1.352083,103.819836,,
Graphite,SGP,THA,Singapore,Thailand,380110,Processed,126688.203,direct,1.352083,103.819836,15.870032,100.992541
Graphite,SGP,NLD,Singapore,Netherlands,380110,Processed,97165.665,direct,1.352083,103.819836,52.132633,5.291266
Graphite,SGP,KOR,Singapore,Rep. of Korea,380110|380120,Processed,55410.981,direct,1.352083,103.819836,35.907757,127.766922
Graphite,SGP,FRA,Singapore,France,380110,Processed,12652.73,direct,1.352083,103.819836,46.227638,2.213749
Graphite,SGP,VNM,Singapore,Viet Nam,380110,Processed,5133.086,direct,1.352083,103.819836,14.058324,108.277199
Graphite,SGP,SAU,Singapore,Saudi Arabia,380120,Processed,4101.6,mirror,1.352083,103.819836,23.885942,45.079162
Graphite,SGP,PNG,Singapore,Papua New Guinea,380110,Processed,3501.634,direct,1.352083,103.819836,-6.314993,143.95555
Graphite,SGP,JPN,Singapore,Japan,380110,Processed,1762.417,direct,1.352083,103.819836,36.204824,138.252924
Graphite,SGP,PHL,Singapore,Philippines,380110|380120,Processed,1143.5120000000002,direct,1.352083,103.819836,12.879721,121.774017
Graphite,SGP,TUR,Singapore,Türkiye,380110,Processed,136.204,direct,1.352083,103.819836,38.963745,35.243322
Graphite,SGP,FJI,Singapore,Fiji,380110,Processed,135.344,mirror,1.352083,103.819836,-16.578193,179.414413
Graphite,SVK,SVK,Slovakia,Slovakia,380110,Processed,1778368.416,mirror,48.669026,19.699024,48.669026,19.699024
Graphite,SVK,DEU,Slovakia,Germany,380110,Processed,1026867.328,direct,48.669026,19.699024,51.165691,10.451526
Graphite,SVK,USA,Slovakia,USA,380110,Processed,679267.344,direct,48.669026,19.699024,37.09024,-95.712891
Graphite,SVK,TUR,Slovakia,Türkiye,380110,Processed,661828.024,direct,48.669026,19.699024,38.963745,35.243322
Graphite,SVK,ESP,Slovakia,Spain,380110,Processed,534643.992,direct,48.669026,19.699024,40.463667,-3.74922
Graphite,SVK,FRA,Slovakia,France,380110,Processed,510320.736,direct,48.669026,19.699024,46.227638,2.213749
Graphite,SVK,EGY,Slovakia,Egypt,380110,Processed,480195.928,direct,48.669026,19.699024,26.820553,30.802498
Graphite,SVK,SRB,Slovakia,Serbia,380110,Processed,258533.064,direct,48.669026,19.699024,44.016521,21.005859
Graphite,SVK,CZE,Slovakia,Czechia,380110,Processed,248904.208,direct,48.669026,19.699024,49.817492,15.472962
Graphite,SVK,ITA,Slovakia,Italy,380110,Processed,174852.072,direct,48.669026,19.699024,41.87194,12.56738
Graphite,SVK,S19,Slovakia,"Other Asia, nes",380110,Processed,136994.728,direct,48.669026,19.699024,,
Graphite,SVK,POL,Slovakia,Poland,380110|380120,Processed,115797.39199999999,direct,48.669026,19.699024,51.919438,19.145136
Graphite,SVK,NLD,Slovakia,Netherlands,380110,Processed,103925.84,direct,48.669026,19.699024,52.132633,5.291266
Graphite,SVK,ROU,Slovakia,Romania,380110,Processed,91249.0,direct,48.669026,19.699024,45.943161,24.96676
Graphite,SVK,ISR,Slovakia,Israel,380110,Processed,80113.472,direct,48.669026,19.699024,31.046051,34.851612
Graphite,SVK,THA,Slovakia,Thailand,380110,Processed,71186.0,direct,48.669026,19.699024,15.870032,100.992541
Graphite,SVK,SWE,Slovakia,Sweden,380110,Processed,68787.44,direct,48.669026,19.699024,60.128161,18.643501
Graphite,SVK,AUT,Slovakia,Austria,380110,Processed,67159.544,direct,48.669026,19.699024,47.516231,14.550072
Graphite,SVK,GRC,Slovakia,Greece,380110,Processed,38177.724,direct,48.669026,19.699024,39.074208,21.824312
Graphite,SVK,MYS,Slovakia,Malaysia,380110,Processed,36393.96,direct,48.669026,19.699024,4.210484,101.975766
Graphite,SVK,DNK,Slovakia,Denmark,380110,Processed,36203.464,direct,48.669026,19.699024,56.26392,9.501785
Graphite,SVK,FIN,Slovakia,Finland,380110,Processed,32332.872,direct,48.669026,19.699024,61.92411,25.748151
Graphite,SVK,IDN,Slovakia,Indonesia,380110,Processed,19707.984,direct,48.669026,19.699024,-0.789275,113.921327
Graphite,SVK,GBR,Slovakia,United Kingdom,380110,Processed,10699.38,mirror,48.669026,19.699024,55.378051,-3.435973
Graphite,SVK,AUS,Slovakia,Australia,380110|380120,Processed,8902.688,mirror,48.669026,19.699024,-25.274398,133.775136
Graphite,SVK,SGP,Slovakia,Singapore,380110,Processed,8771.608,direct,48.669026,19.699024,1.352083,103.819836
Graphite,SVK,CHE,Slovakia,Switzerland,380110,Processed,8318.56,mirror,48.669026,19.699024,46.818188,8.227512
Graphite,SVK,NZL,Slovakia,New Zealand,380110|380120,Processed,7142.176,direct,48.669026,19.699024,-40.900557,174.885971
Graphite,SVK,KOR,Slovakia,Rep. of Korea,380110,Processed,6009.376,direct,48.669026,19.699024,35.907757,127.766922
Graphite,SVK,CYP,Slovakia,Cyprus,380110,Processed,5966.08,direct,48.669026,19.699024,35.126413,33.429859
Graphite,SVK,JPN,Slovakia,Japan,380120,Processed,2688.841,mirror,48.669026,19.699024,36.204824,138.252924
Graphite,SVK,CHN,Slovakia,China,380110,Processed,2641.008,direct,48.669026,19.699024,35.86166,104.195397
Graphite,SVK,HUN,Slovakia,Hungary,380110,Processed,2086.832,direct,48.669026,19.699024,47.162494,19.503304
Graphite,SVK,NOR,Slovakia,Norway,380110,Processed,1376.784,direct,48.669026,19.699024,60.472024,8.468946
Graphite,SVK,SVN,Slovakia,Slovenia,380110,Processed,1272.88,direct,48.669026,19.699024,46.151241,14.995463
Graphite,SVN,ITA,Slovenia,Italy,380110,Processed,11013705.76,direct,46.151241,14.995463,41.87194,12.56738
Graphite,SVN,DEU,Slovenia,Germany,380110|380120,Processed,2301073.648,direct,46.151241,14.995463,51.165691,10.451526
Graphite,SVN,SVK,Slovenia,Slovakia,380110,Processed,1861670.48,direct,46.151241,14.995463,48.669026,19.699024
Graphite,SVN,HUN,Slovenia,Hungary,380110,Processed,1765416.376,direct,46.151241,14.995463,47.162494,19.503304
Graphite,SVN,HRV,Slovenia,Croatia,380110|380120,Processed,671825.78,direct,46.151241,14.995463,45.1,15.2
Graphite,SVN,CZE,Slovenia,Czechia,380110,Processed,461405.976,direct,46.151241,14.995463,49.817492,15.472962
Graphite,SVN,AUT,Slovenia,Austria,380110,Processed,413970.848,direct,46.151241,14.995463,47.516231,14.550072
Graphite,SVN,BIH,Slovenia,Bosnia Herzegovina,380110|380120,Processed,294790.768,direct,46.151241,14.995463,43.915886,17.679076
Graphite,SVN,LUX,Slovenia,Luxembourg,380110,Processed,252728.696,direct,46.151241,14.995463,49.815273,6.129583
Graphite,SVN,SRB,Slovenia,Serbia,380110|380120,Processed,161559.008,direct,46.151241,14.995463,44.016521,21.005859
Graphite,SVN,POL,Slovenia,Poland,380110,Processed,50175.248,direct,46.151241,14.995463,51.919438,19.145136
Graphite,SVN,FRA,Slovenia,France,380110,Processed,5935.776,mirror,46.151241,14.995463,46.227638,2.213749
Graphite,SVN,MKD,Slovenia,North Macedonia,380110,Processed,3461.608,direct,46.151241,14.995463,41.608635,21.745275
Graphite,SVN,UKR,Slovenia,Ukraine,380120,Processed,1563.216,direct,46.151241,14.995463,48.379433,31.16558
Graphite,SVN,ROU,Slovenia,Romania,380110,Processed,478.368,direct,46.151241,14.995463,45.943161,24.96676
Graphite,SVN,ALB,Slovenia,Albania,380110,Processed,387.736,direct,46.151241,14.995463,41.153332,20.168331
Graphite,SVN,NLD,Slovenia,Netherlands,380110,Processed,3.247,mirror,46.151241,14.995463,52.132633,5.291266
Graphite,ZAF,TUR,South Africa,Türkiye,380110,Processed,4780241.464,direct,-30.559482,22.937506,38.963745,35.243322
Graphite,ZAF,IND,South Africa,India,380110,Processed,3645613.02,direct,-30.559482,22.937506,20.593684,78.96288
Graphite,ZAF,EGY,South Africa,Egypt,380110,Processed,1723023.316,direct,-30.559482,22.937506,26.820553,30.802498
Graphite,ZAF,OMN,South Africa,Oman,380110,Processed,1075370.64,direct,-30.559482,22.937506,21.512583,55.923255
Graphite,ZAF,COD,South Africa,Dem. Rep. of the Congo,380110,Processed,672116.88,direct,-30.559482,22.937506,-4.038333,21.758664
Graphite,ZAF,MYS,South Africa,Malaysia,380110,Processed,477716.68,mirror,-30.559482,22.937506,4.210484,101.975766
Graphite,ZAF,NAM,South Africa,Namibia,380110|380120,Processed,158999.316,direct,-30.559482,22.937506,-22.95764,18.49041
Graphite,ZAF,X1 ,South Africa,Bunkers,380110,Processed,67095.368,direct,-30.559482,22.937506,,
Graphite,ZAF,PAK,South Africa,Pakistan,380110,Processed,50173.888,direct,-30.559482,22.937506,30.375321,69.345116
Graphite,ZAF,BWA,South Africa,Botswana,380110|380120,Processed,44923.752,direct,-30.559482,22.937506,-22.328474,24.684866
Graphite,ZAF,SAU,South Africa,Saudi Arabia,380110,Processed,44480.072,direct,-30.559482,22.937506,23.885942,45.079162
Graphite,ZAF,UGA,South Africa,Uganda,380110,Processed,9095.484,direct,-30.559482,22.937506,1.373333,32.290275
Graphite,ZAF,LSO,South Africa,Lesotho,380110,Processed,7783.656,direct,-30.559482,22.937506,-29.609988,28.233608
Graphite,ZAF,SWZ,South Africa,Eswatini,380110|380120,Processed,6712.332,direct,-30.559482,22.937506,-26.522503,31.465866
Graphite,ZAF,ZWE,South Africa,Zimbabwe,380110|380120,Processed,6509.588000000001,direct,-30.559482,22.937506,-19.015438,29.154857
Graphite,ZAF,CAN,South Africa,Canada,380120,Processed,4285.312,direct,-30.559482,22.937506,56.130366,-106.346771
Graphite,ZAF,XX ,South Africa,Special Categories,380120,Processed,4198.888,direct,-30.559482,22.937506,,
Graphite,ZAF,UKR,South Africa,Ukraine,380110,Processed,3940.4,mirror,-30.559482,22.937506,48.379433,31.16558
Graphite,ZAF,GBR,South Africa,United Kingdom,380110,Processed,3866.076,direct,-30.559482,22.937506,55.378051,-3.435973
Graphite,ZAF,PHL,South Africa,Philippines,380120,Processed,3128.872,direct,-30.559482,22.937506,12.879721,121.774017
Graphite,ZAF,IRL,South Africa,Ireland,380110,Processed,2336.859,mirror,-30.559482,22.937506,53.41291,-8.24389
Graphite,ZAF,GIN,South Africa,Guinea,380110,Processed,2068.892,direct,-30.559482,22.937506,9.945587,-9.696645
Graphite,ZAF,MUS,South Africa,Mauritius,380110,Processed,1801.112,direct,-30.559482,22.937506,-20.348404,57.552152
Graphite,ZAF,MOZ,South Africa,Mozambique,380110,Processed,1190.704,direct,-30.559482,22.937506,-18.665695,35.529562
Graphite,ZAF,ZMB,South Africa,Zambia,380110,Processed,780.683,mirror,-30.559482,22.937506,-13.133897,27.849332
Graphite,ZAF,KEN,South Africa,Kenya,380110,Processed,577.783,mirror,-30.559482,22.937506,-0.023559,37.906193
Graphite,ZAF,AGO,South Africa,Angola,380110,Processed,226.312,direct,-30.559482,22.937506,-11.202692,17.873887
Graphite,ZAF,BEL,South Africa,Belgium,380110,Processed,13.454,mirror,-30.559482,22.937506,50.503887,4.469936
Graphite,ESP,BRA,Spain,Brazil,380110|380120,Processed,125135426.736,direct,40.463667,-3.74922,-14.235004,-51.92528
Graphite,ESP,MEX,Spain,Mexico,380110|380120,Processed,67016876.304000005,direct,40.463667,-3.74922,23.634501,-102.552784
Graphite,ESP,USA,Spain,USA,380110,Processed,45809291.132,direct,40.463667,-3.74922,37.09024,-95.712891
Graphite,ESP,PRT,Spain,Portugal,380110|380120,Processed,41434817.32,direct,40.463667,-3.74922,39.399872,-8.224454
Graphite,ESP,DEU,Spain,Germany,380110|380120,Processed,8009399.112,direct,40.463667,-3.74922,51.165691,10.451526
Graphite,ESP,POL,Spain,Poland,380110|380120,Processed,5495423.415999999,direct,40.463667,-3.74922,51.919438,19.145136
Graphite,ESP,CZE,Spain,Czechia,380110,Processed,4847354.816,direct,40.463667,-3.74922,49.817492,15.472962
Graphite,ESP,ITA,Spain,Italy,380110|380120,Processed,2391494.024,direct,40.463667,-3.74922,41.87194,12.56738
Graphite,ESP,IRQ,Spain,Iraq,380110,Processed,2319292.584,direct,40.463667,-3.74922,33.223191,43.679291
Graphite,ESP,FRA,Spain,France,380110|380120,Processed,2069026.0,direct,40.463667,-3.74922,46.227638,2.213749
Graphite,ESP,TUR,Spain,Türkiye,380110|380120,Processed,1925723.7280000001,direct,40.463667,-3.74922,38.963745,35.243322
Graphite,ESP,GBR,Spain,United Kingdom,380110|380120,Processed,1794895.528,direct,40.463667,-3.74922,55.378051,-3.435973
Graphite,ESP,THA,Spain,Thailand,380110|380120,Processed,849387.696,direct,40.463667,-3.74922,15.870032,100.992541
Graphite,ESP,CHE,Spain,Switzerland,380110,Processed,604413.04,direct,40.463667,-3.74922,46.818188,8.227512
Graphite,ESP,HRV,Spain,Croatia,380110,Processed,569508.496,direct,40.463667,-3.74922,45.1,15.2
Graphite,ESP,IND,Spain,India,380110|380120,Processed,520578.718,direct,40.463667,-3.74922,20.593684,78.96288
Graphite,ESP,BHR,Spain,Bahrain,380110,Processed,448930.688,direct,40.463667,-3.74922,26.0275,50.55
Graphite,ESP,ARG,Spain,Argentina,380110,Processed,370193.28,direct,40.463667,-3.74922,-38.416097,-63.616672
Graphite,ESP,IDN,Spain,Indonesia,380110,Processed,357361.924,direct,40.463667,-3.74922,-0.789275,113.921327
Graphite,ESP,JPN,Spain,Japan,380110,Processed,113784.136,direct,40.463667,-3.74922,36.204824,138.252924
Graphite,ESP,CHN,Spain,China,380110|380120,Processed,94169.0,mirror,40.463667,-3.74922,35.86166,104.195397
Graphite,ESP,MYS,Spain,Malaysia,380110|380120,Processed,75319.328,direct,40.463667,-3.74922,4.210484,101.975766
Graphite,ESP,COL,Spain,Colombia,380110|380120,Processed,71514.662,direct,40.463667,-3.74922,4.570868,-74.297333
Graphite,ESP,SWE,Spain,Sweden,380110|380120,Processed,67593.228,direct,40.463667,-3.74922,60.128161,18.643501
Graphite,ESP,DNK,Spain,Denmark,380120,Processed,66025.176,direct,40.463667,-3.74922,56.26392,9.501785
Graphite,ESP,MAR,Spain,Morocco,380110|380120,Processed,64191.232,direct,40.463667,-3.74922,31.791702,-7.09262
Graphite,ESP,EGY,Spain,Egypt,380110,Processed,64062.888,direct,40.463667,-3.74922,26.820553,30.802498
Graphite,ESP,SVN,Spain,Slovenia,380110,Processed,57004.4,direct,40.463667,-3.74922,46.151241,14.995463
Graphite,ESP,BEL,Spain,Belgium,380110,Processed,44037.764,mirror,40.463667,-3.74922,50.503887,4.469936
Graphite,ESP,PHL,Spain,Philippines,380110,Processed,42244.0,mirror,40.463667,-3.74922,12.879721,121.774017
Graphite,ESP,FIN,Spain,Finland,380120,Processed,42137.656,direct,40.463667,-3.74922,61.92411,25.748151
Graphite,ESP,HND,Spain,Honduras,380110,Processed,34266.6,direct,40.463667,-3.74922,15.199999,-86.241905
Graphite,ESP,TZA,Spain,United Rep. of Tanzania,380110,Processed,34239.608,direct,40.463667,-3.74922,-6.369028,34.888822
Graphite,ESP,KEN,Spain,Kenya,380110,Processed,25705.712,direct,40.463667,-3.74922,-0.023559,37.906193
Graphite,ESP,CHL,Spain,Chile,380110,Processed,22376.152,direct,40.463667,-3.74922,-35.675147,-71.542969
Graphite,ESP,AUS,Spain,Australia,380110,Processed,21981.4,direct,40.463667,-3.74922,-25.274398,133.775136
Graphite,ESP,UKR,Spain,Ukraine,380110,Processed,16866.592,direct,40.463667,-3.74922,48.379433,31.16558
Graphite,ESP,ARE,Spain,United Arab Emirates,380110,Processed,16552.736,direct,40.463667,-3.74922,23.424076,53.847818
Graphite,ESP,PAK,Spain,Pakistan,380120,Processed,14149.416,direct,40.463667,-3.74922,30.375321,69.345116
Graphite,ESP,ISL,Spain,Iceland,380110,Processed,12234.856,mirror,40.463667,-3.74922,64.963051,-19.020835
Graphite,ESP,SGP,Spain,Singapore,380110,Processed,10567.44,direct,40.463667,-3.74922,1.352083,103.819836
Graphite,ESP,SRB,Spain,Serbia,380110,Processed,8874.24,direct,40.463667,-3.74922,44.016521,21.005859
Graphite,ESP,NOR,Spain,Norway,380110,Processed,8296.152,direct,40.463667,-3.74922,60.472024,8.468946
Graphite,ESP,CYP,Spain,Cyprus,380110,Processed,8026.936,mirror,40.463667,-3.74922,35.126413,33.429859
Graphite,ESP,CAN,Spain,Canada,380110,Processed,7863.4,mirror,40.463667,-3.74922,56.130366,-106.346771
Graphite,ESP,MLT,Spain,Malta,380120,Processed,6048.584,direct,40.463667,-3.74922,35.937496,14.375416
Graphite,ESP,NLD,Spain,Netherlands,380110,Processed,5516.016,direct,40.463667,-3.74922,52.132633,5.291266
Graphite,ESP,SAU,Spain,Saudi Arabia,380120,Processed,3269.867,mirror,40.463667,-3.74922,23.885942,45.079162
Graphite,ESP,GTM,Spain,Guatemala,380110,Processed,3074.0,mirror,40.463667,-3.74922,15.783471,-90.230759
Graphite,ESP,AUT,Spain,Austria,380110,Processed,2851.896,direct,40.463667,-3.74922,47.516231,14.550072
Graphite,ESP,GRC,Spain,Greece,380110,Processed,1608.418,mirror,40.463667,-3.74922,39.074208,21.824312
Graphite,ESP,KOR,Spain,Rep. of Korea,380110|380120,Processed,1586.0,mirror,40.463667,-3.74922,35.907757,127.766922
Graphite,ESP,ROU,Spain,Romania,380110,Processed,1512.208,direct,40.463667,-3.74922,45.943161,24.96676
Graphite,ESP,PER,Spain,Peru,380120,Processed,1196.684,mirror,40.463667,-3.74922,-9.189967,-75.015152
Graphite,ESP,ISR,Spain,Israel,380110,Processed,1000.0,mirror,40.463667,-3.74922,31.046051,34.851612
Graphite,ESP,AND,Spain,Andorra,380120,Processed,486.216,direct,40.463667,-3.74922,,
Graphite,ESP,ZAF,Spain,South Africa,380120,Processed,176.556,mirror,40.463667,-3.74922,-30.559482,22.937506
Graphite,ESP,CIV,Spain,Côte d'Ivoire,380110,Processed,42.302,mirror,40.463667,-3.74922,7.539989,-5.54708
Graphite,XX ,ZAF,Special Categories,South Africa,380110,Processed,81636.096,mirror,,,-30.559482,22.937506
Graphite,LKA,PAK,Sri Lanka,Pakistan,380120,Processed,9058.753,mirror,7.873054,80.771797,30.375321,69.345116
Graphite,LKA,AUS,Sri Lanka,Australia,380120,Processed,5233.576,mirror,7.873054,80.771797,-25.274398,133.775136
Graphite,LKA,KOR,Sri Lanka,Rep. of Korea,380120,Processed,409.57,direct,7.873054,80.771797,35.907757,127.766922
Graphite,SUR,_X ,Suriname,"Areas, nes",380110,Processed,2539.04,direct,3.919305,-56.027783,,
Graphite,SWE,FIN,Sweden,Finland,380110|380120,Processed,704604.034,direct,60.128161,18.643501,61.92411,25.748151
Graphite,SWE,KOR,Sweden,Rep. of Korea,380110,Processed,665617.0800000001,direct,60.128161,18.643501,35.907757,127.766922
Graphite,SWE,CHN,Sweden,China,380110|380120,Processed,616410.243,direct,60.128161,18.643501,35.86166,104.195397
Graphite,SWE,CZE,Sweden,Czechia,380110,Processed,511940.348,direct,60.128161,18.643501,49.817492,15.472962
Graphite,SWE,JPN,Sweden,Japan,380110,Processed,497178.297,direct,60.128161,18.643501,36.204824,138.252924
Graphite,SWE,NLD,Sweden,Netherlands,380110,Processed,423935.814,direct,60.128161,18.643501,52.132633,5.291266
Graphite,SWE,NOR,Sweden,Norway,380110|380120,Processed,422611.016,direct,60.128161,18.643501,60.472024,8.468946
Graphite,SWE,ISL,Sweden,Iceland,380110|380120,Processed,379286.718,direct,60.128161,18.643501,64.963051,-19.020835
Graphite,SWE,USA,Sweden,USA,380110|380120,Processed,300350.954,direct,60.128161,18.643501,37.09024,-95.712891
Graphite,SWE,DEU,Sweden,Germany,380110|380120,Processed,287481.474,direct,60.128161,18.643501,51.165691,10.451526
Graphite,SWE,GBR,Sweden,United Kingdom,380110|380120,Processed,179983.464,direct,60.128161,18.643501,55.378051,-3.435973
Graphite,SWE,BEL,Sweden,Belgium,380120,Processed,169763.582,direct,60.128161,18.643501,50.503887,4.469936
Graphite,SWE,IND,Sweden,India,380110|380120,Processed,128884.058,direct,60.128161,18.643501,20.593684,78.96288
Graphite,SWE,ITA,Sweden,Italy,380110|380120,Processed,92735.95999999999,direct,60.128161,18.643501,41.87194,12.56738
Graphite,SWE,PRT,Sweden,Portugal,380110,Processed,84366.512,mirror,60.128161,18.643501,39.399872,-8.224454
Graphite,SWE,BRA,Sweden,Brazil,380110|380120,Processed,74945.796,direct,60.128161,18.643501,-14.235004,-51.92528
Graphite,SWE,CHE,Sweden,Switzerland,380110,Processed,66762.012,mirror,60.128161,18.643501,46.818188,8.227512
Graphite,SWE,POL,Sweden,Poland,380110,Processed,48260.55,direct,60.128161,18.643501,51.919438,19.145136
Graphite,SWE,ZAF,Sweden,South Africa,380110,Processed,45421.694,direct,60.128161,18.643501,-30.559482,22.937506
Graphite,SWE,ESP,Sweden,Spain,380110,Processed,42015.068,direct,60.128161,18.643501,40.463667,-3.74922
Graphite,SWE,CAN,Sweden,Canada,380110|380120,Processed,40311.754,direct,60.128161,18.643501,56.130366,-106.346771
Graphite,SWE,ARG,Sweden,Argentina,380110,Processed,30281.13,direct,60.128161,18.643501,-38.416097,-63.616672
Graphite,SWE,SGP,Sweden,Singapore,380110|380120,Processed,29524.101000000002,direct,60.128161,18.643501,1.352083,103.819836
Graphite,SWE,PER,Sweden,Peru,380110,Processed,28767.074,direct,60.128161,18.643501,-9.189967,-75.015152
Graphite,SWE,FRA,Sweden,France,380110|380120,Processed,27353.814000000002,direct,60.128161,18.643501,46.227638,2.213749
Graphite,SWE,DNK,Sweden,Denmark,380110|380120,Processed,22900.104,direct,60.128161,18.643501,56.26392,9.501785
Graphite,SWE,MEX,Sweden,Mexico,380110,Processed,21575.304,direct,60.128161,18.643501,23.634501,-102.552784
Graphite,SWE,TUR,Sweden,Türkiye,380110,Processed,20818.276,direct,60.128161,18.643501,38.963745,35.243322
Graphite,SWE,EST,Sweden,Estonia,380110|380120,Processed,19493.478,direct,60.128161,18.643501,58.595272,25.013607
Graphite,SWE,AUS,Sweden,Australia,380110,Processed,14762.05,direct,60.128161,18.643501,-25.274398,133.775136
Graphite,SWE,LTU,Sweden,Lithuania,380110,Processed,11166.166,direct,60.128161,18.643501,55.169438,23.881275
Graphite,SWE,KWT,Sweden,Kuwait,380110,Processed,10976.91,direct,60.128161,18.643501,29.31166,47.481766
Graphite,SWE,NGA,Sweden,Nigeria,380110,Processed,8138.054,direct,60.128161,18.643501,9.081999,8.675277
Graphite,SWE,SAU,Sweden,Saudi Arabia,380110,Processed,7948.796,direct,60.128161,18.643501,23.885942,45.079162
Graphite,SWE,S19,Sweden,"Other Asia, nes",380110,Processed,7570.282,direct,60.128161,18.643501,,
Graphite,SWE,ISR,Sweden,Israel,380110|380120,Processed,7378.514,direct,60.128161,18.643501,31.046051,34.851612
Graphite,SWE,THA,Sweden,Thailand,380110,Processed,6434.74,direct,60.128161,18.643501,15.870032,100.992541
Graphite,SWE,AGO,Sweden,Angola,380110,Processed,5109.94,direct,60.128161,18.643501,-11.202692,17.873887
Graphite,SWE,LVA,Sweden,Latvia,380110,Processed,5038.184,mirror,60.128161,18.643501,56.879635,24.603189
Graphite,SWE,IDN,Sweden,Indonesia,380110,Processed,4920.684,direct,60.128161,18.643501,-0.789275,113.921327
Graphite,SWE,ARE,Sweden,United Arab Emirates,380110,Processed,4731.426,direct,60.128161,18.643501,23.424076,53.847818
Graphite,SWE,BHR,Sweden,Bahrain,380110,Processed,4352.912,direct,60.128161,18.643501,26.0275,50.55
Graphite,SWE,MYS,Sweden,Malaysia,380110,Processed,3595.884,direct,60.128161,18.643501,4.210484,101.975766
Graphite,SWE,EGY,Sweden,Egypt,380110,Processed,3028.112,direct,60.128161,18.643501,26.820553,30.802498
Graphite,SWE,QAT,Sweden,Qatar,380110,Processed,1514.056,direct,60.128161,18.643501,25.354826,51.183884
Graphite,SWE,BOL,Sweden,Bolivia (Plurinational State of),380110,Processed,1324.8,direct,60.128161,18.643501,-16.290154,-63.588653
Graphite,SWE,OMN,Sweden,Oman,380110,Processed,1324.8,direct,60.128161,18.643501,21.512583,55.923255
Graphite,SWE,SRB,Sweden,Serbia,380110,Processed,1160.0,mirror,60.128161,18.643501,44.016521,21.005859
Graphite,SWE,HUN,Sweden,Hungary,380110,Processed,946.286,direct,60.128161,18.643501,47.162494,19.503304
Graphite,SWE,KAZ,Sweden,Kazakhstan,380110,Processed,757.028,direct,60.128161,18.643501,48.019573,66.923684
Graphite,SWE,UZB,Sweden,Uzbekistan,380110,Processed,567.772,direct,60.128161,18.643501,41.377491,64.585262
Graphite,SWE,DOM,Sweden,Dominican Rep.,380110,Processed,378.514,direct,60.128161,18.643501,18.735693,-70.162651
Graphite,SWE,IRQ,Sweden,Iraq,380110,Processed,378.514,direct,60.128161,18.643501,33.223191,43.679291
Graphite,SWE,TKM,Sweden,Turkmenistan,380110,Processed,378.514,direct,60.128161,18.643501,38.969719,59.556278
Graphite,CHE,CHN,Switzerland,China,380110|380120,Processed,55876054.339999996,direct,46.818188,8.227512,35.86166,104.195397
Graphite,CHE,USA,Switzerland,USA,380110|380120,Processed,30436371.082,direct,46.818188,8.227512,37.09024,-95.712891
Graphite,CHE,JPN,Switzerland,Japan,380110,Processed,20189254.376,direct,46.818188,8.227512,36.204824,138.252924
Graphite,CHE,DEU,Switzerland,Germany,380110|380120,Processed,19250697.274000004,direct,46.818188,8.227512,51.165691,10.451526
Graphite,CHE,HUN,Switzerland,Hungary,380110,Processed,12893354.71,direct,46.818188,8.227512,47.162494,19.503304
Graphite,CHE,SGP,Switzerland,Singapore,380110|380120,Processed,9380782.514,direct,46.818188,8.227512,1.352083,103.819836
Graphite,CHE,KOR,Switzerland,Rep. of Korea,380110,Processed,9019667.96,direct,46.818188,8.227512,35.907757,127.766922
Graphite,CHE,IDN,Switzerland,Indonesia,380110,Processed,8863641.576,direct,46.818188,8.227512,-0.789275,113.921327
Graphite,CHE,ITA,Switzerland,Italy,380110|380120,Processed,6867264.39,direct,46.818188,8.227512,41.87194,12.56738
Graphite,CHE,SWE,Switzerland,Sweden,380110,Processed,5348461.596,direct,46.818188,8.227512,60.128161,18.643501
Graphite,CHE,BEL,Switzerland,Belgium,380110|380120,Processed,4651410.786,direct,46.818188,8.227512,50.503887,4.469936
Graphite,CHE,MEX,Switzerland,Mexico,380110,Processed,3507629.216,direct,46.818188,8.227512,23.634501,-102.552784
Graphite,CHE,DNK,Switzerland,Denmark,380110,Processed,2948141.312,direct,46.818188,8.227512,56.26392,9.501785
Graphite,CHE,AUT,Switzerland,Austria,380110|380120,Processed,2919001.364,direct,46.818188,8.227512,47.516231,14.550072
Graphite,CHE,FRA,Switzerland,France,380110|380120,Processed,2753293.466,direct,46.818188,8.227512,46.227638,2.213749
Graphite,CHE,MYS,Switzerland,Malaysia,380110|380120,Processed,2370253.532,direct,46.818188,8.227512,4.210484,101.975766
Graphite,CHE,GBR,Switzerland,United Kingdom,380110|380120,Processed,1926230.51,direct,46.818188,8.227512,55.378051,-3.435973
Graphite,CHE,NLD,Switzerland,Netherlands,380110,Processed,1838601.68,direct,46.818188,8.227512,52.132633,5.291266
Graphite,CHE,IND,Switzerland,India,380110,Processed,1822691.47,direct,46.818188,8.227512,20.593684,78.96288
Graphite,CHE,VNM,Switzerland,Viet Nam,380110,Processed,1372412.488,direct,46.818188,8.227512,14.058324,108.277199
Graphite,CHE,ESP,Switzerland,Spain,380110,Processed,1279699.844,direct,46.818188,8.227512,40.463667,-3.74922
Graphite,CHE,POL,Switzerland,Poland,380110|380120,Processed,921783.6880000001,direct,46.818188,8.227512,51.919438,19.145136
Graphite,CHE,THA,Switzerland,Thailand,380110,Processed,818717.136,direct,46.818188,8.227512,15.870032,100.992541
Graphite,CHE,S19,Switzerland,"Other Asia, nes",380110|380120,Processed,674153.1919999999,direct,46.818188,8.227512,,
Graphite,CHE,CZE,Switzerland,Czechia,380110,Processed,659637.736,direct,46.818188,8.227512,49.817492,15.472962
Graphite,CHE,ROU,Switzerland,Romania,380110|380120,Processed,628666.888,direct,46.818188,8.227512,45.943161,24.96676
Graphite,CHE,ISR,Switzerland,Israel,380110,Processed,489972.728,direct,46.818188,8.227512,31.046051,34.851612
Graphite,CHE,TUR,Switzerland,Türkiye,380110|380120,Processed,403048.09400000004,direct,46.818188,8.227512,38.963745,35.243322
Graphite,CHE,CAN,Switzerland,Canada,380110,Processed,236349.78399999999,direct,46.818188,8.227512,56.130366,-106.346771
Graphite,CHE,SVN,Switzerland,Slovenia,380110,Processed,151106.12199999997,direct,46.818188,8.227512,46.151241,14.995463
Graphite,CHE,EST,Switzerland,Estonia,380110,Processed,101733.12,mirror,46.818188,8.227512,58.595272,25.013607
Graphite,CHE,SRB,Switzerland,Serbia,380110,Processed,61605.504,direct,46.818188,8.227512,44.016521,21.005859
Graphite,CHE,BRA,Switzerland,Brazil,380110,Processed,48512.06,direct,46.818188,8.227512,-14.235004,-51.92528
Graphite,CHE,LVA,Switzerland,Latvia,380110,Processed,36631.648,direct,46.818188,8.227512,56.879635,24.603189
Graphite,CHE,ZAF,Switzerland,South Africa,380110|380120,Processed,27586.18,direct,46.818188,8.227512,-30.559482,22.937506
Graphite,CHE,AUS,Switzerland,Australia,380110,Processed,20539.712,direct,46.818188,8.227512,-25.274398,133.775136
Graphite,CHE,EGY,Switzerland,Egypt,380110,Processed,19967.272,direct,46.818188,8.227512,26.820553,30.802498
Graphite,CHE,NOR,Switzerland,Norway,380110,Processed,15946.556,direct,46.818188,8.227512,60.472024,8.468946
Graphite,CHE,ARE,Switzerland,United Arab Emirates,380110,Processed,12189.348,direct,46.818188,8.227512,23.424076,53.847818
Graphite,CHE,FIN,Switzerland,Finland,380110,Processed,10692.517,mirror,46.818188,8.227512,61.92411,25.748151
Graphite,CHE,CHL,Switzerland,Chile,380110,Processed,10308.472,direct,46.818188,8.227512,-35.675147,-71.542969
Graphite,CHE,UZB,Switzerland,Uzbekistan,380110,Processed,8385.0,mirror,46.818188,8.227512,41.377491,64.585262
Graphite,CHE,TTO,Switzerland,Trinidad and Tobago,380110,Processed,4727.322,mirror,46.818188,8.227512,10.691803,-61.222503
Graphite,CHE,SVK,Switzerland,Slovakia,380110,Processed,4502.292,direct,46.818188,8.227512,48.669026,19.699024
Graphite,CHE,IRL,Switzerland,Ireland,380110|380120,Processed,4185.019,direct,46.818188,8.227512,53.41291,-8.24389
Graphite,CHE,ISL,Switzerland,Iceland,380110,Processed,3934.696,mirror,46.818188,8.227512,64.963051,-19.020835
Graphite,CHE,SLV,Switzerland,El Salvador,380110,Processed,2901.42,mirror,46.818188,8.227512,13.794185,-88.89653
Graphite,CHE,PRT,Switzerland,Portugal,380110,Processed,2489.66,direct,46.818188,8.227512,39.399872,-8.224454
Graphite,CHE,CRI,Switzerland,Costa Rica,380110|380120,Processed,1603.3919999999998,direct,46.818188,8.227512,9.748917,-83.753428
Graphite,CHE,COL,Switzerland,Colombia,380110,Processed,1019.65,mirror,46.818188,8.227512,4.570868,-74.297333
Graphite,CHE,KAZ,Switzerland,Kazakhstan,380110,Processed,567.66,mirror,46.818188,8.227512,48.019573,66.923684
Graphite,CHE,TUN,Switzerland,Tunisia,380110,Processed,49.558,mirror,46.818188,8.227512,33.886917,9.537499
Graphite,THA,VNM,Thailand,Viet Nam,380110|380120,Processed,470997.12,direct,15.870032,100.992541,14.058324,108.277199
Graphite,THA,IND,Thailand,India,380110,Processed,371409.12,direct,15.870032,100.992541,20.593684,78.96288
Graphite,THA,S19,Thailand,"Other Asia, nes",380110|380120,Processed,237874.80000000002,direct,15.870032,100.992541,,
Graphite,THA,IDN,Thailand,Indonesia,380110|380120,Processed,184670.92,direct,15.870032,100.992541,-0.789275,113.921327
Graphite,THA,JPN,Thailand,Japan,380110|380120,Processed,157991.28,direct,15.870032,100.992541,36.204824,138.252924
Graphite,THA,AUS,Thailand,Australia,380110,Processed,37070.223,mirror,15.870032,100.992541,-25.274398,133.775136
Graphite,THA,MYS,Thailand,Malaysia,380110,Processed,30068.8,direct,15.870032,100.992541,4.210484,101.975766
Graphite,THA,SGP,Thailand,Singapore,380110,Processed,20480.36,direct,15.870032,100.992541,1.352083,103.819836
Graphite,THA,MMR,Thailand,Myanmar,380110,Processed,2831.4,mirror,15.870032,100.992541,21.913965,95.956223
Graphite,THA,ISL,Thailand,Iceland,380110,Processed,1520.578,mirror,15.870032,100.992541,64.963051,-19.020835
Graphite,THA,ZAF,Thailand,South Africa,380110,Processed,305.52,direct,15.870032,100.992541,-30.559482,22.937506
Graphite,TUR,DEU,Türkiye,Germany,380110,Processed,1703904.0,direct,38.963745,35.243322,51.165691,10.451526
Graphite,TUR,ITA,Türkiye,Italy,380110|380120,Processed,1569528.0,direct,38.963745,35.243322,41.87194,12.56738
Graphite,TUR,IRQ,Türkiye,Iraq,380110|380120,Processed,1070840.0,direct,38.963745,35.243322,33.223191,43.679291
Graphite,TUR,IRN,Türkiye,Iran,380110|380120,Processed,927208.0,direct,38.963745,35.243322,32.427908,53.688046
Graphite,TUR,SWE,Türkiye,Sweden,380110,Processed,760040.0,direct,38.963745,35.243322,60.128161,18.643501
Graphite,TUR,RUS,Türkiye,Russian Federation,380110|380120,Processed,697352.0,direct,38.963745,35.243322,61.52401,105.318756
Graphite,TUR,AZE,Türkiye,Azerbaijan,380110|380120,Processed,428232.0,direct,38.963745,35.243322,40.143105,47.576927
Graphite,TUR,KAZ,Türkiye,Kazakhstan,380110|380120,Processed,406400.52,direct,38.963745,35.243322,48.019573,66.923684
Graphite,TUR,KWT,Türkiye,Kuwait,380110,Processed,338992.0,direct,38.963745,35.243322,29.31166,47.481766
Graphite,TUR,LUX,Türkiye,Luxembourg,380110,Processed,304776.0,direct,38.963745,35.243322,49.815273,6.129583
Graphite,TUR,BGR,Türkiye,Bulgaria,380110|380120,Processed,247168.0,direct,38.963745,35.243322,42.733883,25.48583
Graphite,TUR,AUS,Türkiye,Australia,380110,Processed,238872.0,direct,38.963745,35.243322,-25.274398,133.775136
Graphite,TUR,SAU,Türkiye,Saudi Arabia,380110|380120,Processed,217168.0,direct,38.963745,35.243322,23.885942,45.079162
Graphite,TUR,ARE,Türkiye,United Arab Emirates,380110|380120,Processed,195312.0,direct,38.963745,35.243322,23.424076,53.847818
Graphite,TUR,JOR,Türkiye,Jordan,380110,Processed,170095.225,mirror,38.963745,35.243322,30.585164,36.238414
Graphite,TUR,UZB,Türkiye,Uzbekistan,380110|380120,Processed,156240.0,direct,38.963745,35.243322,41.377491,64.585262
Graphite,TUR,ZAF,Türkiye,South Africa,380110|380120,Processed,136328.0,direct,38.963745,35.243322,-30.559482,22.937506
Graphite,TUR,USA,Türkiye,USA,380110,Processed,121640.0,direct,38.963745,35.243322,37.09024,-95.712891
Graphite,TUR,CHE,Türkiye,Switzerland,380110|380120,Processed,113832.0,direct,38.963745,35.243322,46.818188,8.227512
Graphite,TUR,ESP,Türkiye,Spain,380110,Processed,113504.0,direct,38.963745,35.243322,40.463667,-3.74922
Graphite,TUR,KGZ,Türkiye,Kyrgyzstan,380110,Processed,103600.0,direct,38.963745,35.243322,41.20438,74.766098
Graphite,TUR,BEL,Türkiye,Belgium,380110,Processed,80896.0,direct,38.963745,35.243322,50.503887,4.469936
Graphite,TUR,HUN,Türkiye,Hungary,380110,Processed,75688.0,direct,38.963745,35.243322,47.162494,19.503304
Graphite,TUR,KEN,Türkiye,Kenya,380120,Processed,50464.0,direct,38.963745,35.243322,-0.023559,37.906193
Graphite,TUR,PSE,Türkiye,State of Palestine,380110,Processed,44744.0,direct,38.963745,35.243322,,
Graphite,TUR,ISR,Türkiye,Israel,380110,Processed,41840.0,direct,38.963745,35.243322,31.046051,34.851612
Graphite,TUR,POL,Türkiye,Poland,380110,Processed,30232.0,direct,38.963745,35.243322,51.919438,19.145136
Graphite,TUR,GBR,Türkiye,United Kingdom,380110,Processed,28176.0,direct,38.963745,35.243322,55.378051,-3.435973
Graphite,TUR,EGY,Türkiye,Egypt,380110,Processed,27776.0,direct,38.963745,35.243322,26.820553,30.802498
Graphite,TUR,GRC,Türkiye,Greece,380110|380120,Processed,26320.0,direct,38.963745,35.243322,39.074208,21.824312
Graphite,TUR,GEO,Türkiye,Georgia,380120,Processed,25224.0,direct,38.963745,35.243322,42.315407,43.356892
Graphite,TUR,TJK,Türkiye,Tajikistan,380110,Processed,24488.0,direct,38.963745,35.243322,38.861034,71.276093
Graphite,TUR,MYS,Türkiye,Malaysia,380110,Processed,22720.0,direct,38.963745,35.243322,4.210484,101.975766
Graphite,TUR,EST,Türkiye,Estonia,380110,Processed,21800.0,direct,38.963745,35.243322,58.595272,25.013607
Graphite,TUR,LVA,Türkiye,Latvia,380110,Processed,21520.0,direct,38.963745,35.243322,56.879635,24.603189
Graphite,TUR,BRA,Türkiye,Brazil,380110,Processed,20552.0,direct,38.963745,35.243322,-14.235004,-51.92528
Graphite,TUR,JPN,Türkiye,Japan,380110,Processed,20152.0,direct,38.963745,35.243322,36.204824,138.252924
Graphite,TUR,FRA,Türkiye,France,380110|380120,Processed,18162.828,direct,38.963745,35.243322,46.227638,2.213749
Graphite,TUR,SVK,Türkiye,Slovakia,380120,Processed,15872.0,direct,38.963745,35.243322,48.669026,19.699024
Graphite,TUR,CZE,Türkiye,Czechia,380110,Processed,13880.0,direct,38.963745,35.243322,49.817492,15.472962
Graphite,TUR,ROU,Türkiye,Romania,380110,Processed,13120.0,direct,38.963745,35.243322,45.943161,24.96676
Graphite,TUR,MAR,Türkiye,Morocco,380110|380120,Processed,9954.04,direct,38.963745,35.243322,31.791702,-7.09262
Graphite,TUR,IDN,Türkiye,Indonesia,380110,Processed,9600.0,direct,38.963745,35.243322,-0.789275,113.921327
Graphite,TUR,DZA,Türkiye,Algeria,380110,Processed,9472.0,direct,38.963745,35.243322,28.033886,1.659626
Graphite,TUR,PAK,Türkiye,Pakistan,380110,Processed,7589.029,mirror,38.963745,35.243322,30.375321,69.345116
Graphite,TUR,ALB,Türkiye,Albania,380110|380120,Processed,6912.0,direct,38.963745,35.243322,41.153332,20.168331
Graphite,TUR,IRL,Türkiye,Ireland,380110,Processed,6344.0,direct,38.963745,35.243322,53.41291,-8.24389
Graphite,TUR,BHR,Türkiye,Bahrain,380120,Processed,5608.0,direct,38.963745,35.243322,26.0275,50.55
Graphite,TUR,PRT,Türkiye,Portugal,380110,Processed,4504.0,direct,38.963745,35.243322,39.399872,-8.224454
Graphite,TUR,KOR,Türkiye,Rep. of Korea,380110,Processed,4152.0,direct,38.963745,35.243322,35.907757,127.766922
Graphite,TUR,FIN,Türkiye,Finland,380110|380120,Processed,3776.766,direct,38.963745,35.243322,61.92411,25.748151
Graphite,TUR,DNK,Türkiye,Denmark,380110,Processed,3584.0,direct,38.963745,35.243322,56.26392,9.501785
Graphite,TUR,NLD,Türkiye,Netherlands,380110,Processed,3392.0,direct,38.963745,35.243322,52.132633,5.291266
Graphite,TUR,LTU,Türkiye,Lithuania,380110|380120,Processed,3207.0,direct,38.963745,35.243322,55.169438,23.881275
Graphite,TUR,SRB,Türkiye,Serbia,380110|380120,Processed,2912.0,direct,38.963745,35.243322,44.016521,21.005859
Graphite,TUR,UKR,Türkiye,Ukraine,380120,Processed,2824.0,direct,38.963745,35.243322,48.379433,31.16558
Graphite,TUR,BLR,Türkiye,Belarus,380120,Processed,2768.0,direct,38.963745,35.243322,53.709807,27.953389
Graphite,TUR,MKD,Türkiye,North Macedonia,380110,Processed,1423.96,mirror,38.963745,35.243322,41.608635,21.745275
Graphite,TUR,TKM,Türkiye,Turkmenistan,380110,Processed,1368.0,direct,38.963745,35.243322,38.969719,59.556278
Graphite,TUR,LKA,Türkiye,Sri Lanka,380110,Processed,1002.975,mirror,38.963745,35.243322,7.873054,80.771797
Graphite,TUR,NOR,Türkiye,Norway,380110,Processed,736.0,direct,38.963745,35.243322,60.472024,8.468946
Graphite,TUR,SGP,Türkiye,Singapore,380110,Processed,712.0,direct,38.963745,35.243322,1.352083,103.819836
Graphite,TUR,SYR,Türkiye,Syria,380110|380120,Processed,424.0,direct,38.963745,35.243322,34.802075,38.996815
Graphite,TUR,THA,Türkiye,Thailand,380110,Processed,376.0,direct,38.963745,35.243322,15.870032,100.992541
Graphite,TUR,QAT,Türkiye,Qatar,380110,Processed,328.0,direct,38.963745,35.243322,25.354826,51.183884
Graphite,TUR,CAN,Türkiye,Canada,380110,Processed,284.968,mirror,38.963745,35.243322,56.130366,-106.346771
Graphite,TUR,SVN,Türkiye,Slovenia,380110,Processed,184.0,direct,38.963745,35.243322,46.151241,14.995463
Graphite,TUR,HRV,Türkiye,Croatia,380120,Processed,80.0,direct,38.963745,35.243322,45.1,15.2
Graphite,USA,KOR,USA,Rep. of Korea,380110|380120,Processed,27448108.0,direct,37.09024,-95.712891,35.907757,127.766922
Graphite,USA,CHN,USA,China,380110|380120,Processed,24211371.0,direct,37.09024,-95.712891,35.86166,104.195397
Graphite,USA,MEX,USA,Mexico,380110|380120,Processed,21863551.0,direct,37.09024,-95.712891,23.634501,-102.552784
Graphite,USA,CAN,USA,Canada,380110|380120,Processed,17149860.0,direct,37.09024,-95.712891,56.130366,-106.346771
Graphite,USA,FRA,USA,France,380110|380120,Processed,12974681.0,direct,37.09024,-95.712891,46.227638,2.213749
Graphite,USA,JPN,USA,Japan,380110|380120,Processed,12195327.0,direct,37.09024,-95.712891,36.204824,138.252924
Graphite,USA,S19,USA,"Other Asia, nes",380110|380120,Processed,10454319.0,direct,37.09024,-95.712891,,
Graphite,USA,SAU,USA,Saudi Arabia,380110|380120,Processed,8160520.757,direct,37.09024,-95.712891,23.885942,45.079162
Graphite,USA,DEU,USA,Germany,380110|380120,Processed,5310771.0,direct,37.09024,-95.712891,51.165691,10.451526
Graphite,USA,HUN,USA,Hungary,380110|380120,Processed,5063352.408,direct,37.09024,-95.712891,47.162494,19.503304
Graphite,USA,ITA,USA,Italy,380110|380120,Processed,5033167.0,direct,37.09024,-95.712891,41.87194,12.56738
Graphite,USA,BRA,USA,Brazil,380110|380120,Processed,4990195.0,direct,37.09024,-95.712891,-14.235004,-51.92528
Graphite,USA,IND,USA,India,380110|380120,Processed,4234395.0,direct,37.09024,-95.712891,20.593684,78.96288
Graphite,USA,GBR,USA,United Kingdom,380110|380120,Processed,3333984.0,direct,37.09024,-95.712891,55.378051,-3.435973
Graphite,USA,ESP,USA,Spain,380110|380120,Processed,2872380.0,direct,37.09024,-95.712891,40.463667,-3.74922
Graphite,USA,POL,USA,Poland,380110|380120,Processed,2102995.0,direct,37.09024,-95.712891,51.919438,19.145136
Graphite,USA,MYS,USA,Malaysia,380110|380120,Processed,1824166.253,direct,37.09024,-95.712891,4.210484,101.975766
Graphite,USA,CZE,USA,Czechia,380110|380120,Processed,1681151.0,direct,37.09024,-95.712891,49.817492,15.472962
Graphite,USA,ROU,USA,Romania,380110|380120,Processed,1297958.0,direct,37.09024,-95.712891,45.943161,24.96676
Graphite,USA,AUS,USA,Australia,380110|380120,Processed,1260809.0,direct,37.09024,-95.712891,-25.274398,133.775136
Graphite,USA,ZAF,USA,South Africa,380110|380120,Processed,1218416.0,direct,37.09024,-95.712891,-30.559482,22.937506
Graphite,USA,NLD,USA,Netherlands,380110|380120,Processed,998163.0,direct,37.09024,-95.712891,52.132633,5.291266
Graphite,USA,ARE,USA,United Arab Emirates,380110|380120,Processed,935635.0,direct,37.09024,-95.712891,23.424076,53.847818
Graphite,USA,TUR,USA,Türkiye,380110|380120,Processed,935615.0,direct,37.09024,-95.712891,38.963745,35.243322
Graphite,USA,SGP,USA,Singapore,380110|380120,Processed,865759.0,direct,37.09024,-95.712891,1.352083,103.819836
Graphite,USA,BEL,USA,Belgium,380110|380120,Processed,827496.242,direct,37.09024,-95.712891,50.503887,4.469936
Graphite,USA,THA,USA,Thailand,380110|380120,Processed,631889.0,direct,37.09024,-95.712891,15.870032,100.992541
Graphite,USA,ISR,USA,Israel,380110|380120,Processed,590819.0,direct,37.09024,-95.712891,31.046051,34.851612
Graphite,USA,PER,USA,Peru,380110|380120,Processed,464168.58,direct,37.09024,-95.712891,-9.189967,-75.015152
Graphite,USA,PRT,USA,Portugal,380110,Processed,421935.0,direct,37.09024,-95.712891,39.399872,-8.224454
Graphite,USA,BHR,USA,Bahrain,380110|380120,Processed,337849.856,direct,37.09024,-95.712891,26.0275,50.55
Graphite,USA,COL,USA,Colombia,380110|380120,Processed,276023.0,direct,37.09024,-95.712891,4.570868,-74.297333
Graphite,USA,NOR,USA,Norway,380110|380120,Processed,222054.29,direct,37.09024,-95.712891,60.472024,8.468946
Graphite,USA,SWE,USA,Sweden,380110|380120,Processed,198995.836,direct,37.09024,-95.712891,60.128161,18.643501
Graphite,USA,QAT,USA,Qatar,380110|380120,Processed,187447.0,direct,37.09024,-95.712891,25.354826,51.183884
Graphite,USA,EGY,USA,Egypt,380110,Processed,168418.85,mirror,37.09024,-95.712891,26.820553,30.802498
Graphite,USA,UKR,USA,Ukraine,380110|380120,Processed,164135.38,mirror,37.09024,-95.712891,48.379433,31.16558
Graphite,USA,LVA,USA,Latvia,380110|380120,Processed,159282.726,direct,37.09024,-95.712891,56.879635,24.603189
Graphite,USA,ARG,USA,Argentina,380110|380120,Processed,137252.0,direct,37.09024,-95.712891,-38.416097,-63.616672
Graphite,USA,BGR,USA,Bulgaria,380110|380120,Processed,126482.31199999999,mirror,37.09024,-95.712891,42.733883,25.48583
Graphite,USA,VEN,USA,Venezuela,380110,Processed,125586.0,direct,37.09024,-95.712891,6.42375,-66.58973
Graphite,USA,DOM,USA,Dominican Rep.,380110|380120,Processed,105756.256,direct,37.09024,-95.712891,18.735693,-70.162651
Graphite,USA,IDN,USA,Indonesia,380110|380120,Processed,97307.0,direct,37.09024,-95.712891,-0.789275,113.921327
Graphite,USA,LUX,USA,Luxembourg,380110|380120,Processed,93319.0,direct,37.09024,-95.712891,49.815273,6.129583
Graphite,USA,CHE,USA,Switzerland,380110|380120,Processed,92585.572,direct,37.09024,-95.712891,46.818188,8.227512
Graphite,USA,AUT,USA,Austria,380110|380120,Processed,88219.581,direct,37.09024,-95.712891,47.516231,14.550072
Graphite,USA,NGA,USA,Nigeria,380110,Processed,87730.04000000001,mirror,37.09024,-95.712891,9.081999,8.675277
Graphite,USA,IRL,USA,Ireland,380110|380120,Processed,81555.82,direct,37.09024,-95.712891,53.41291,-8.24389
Graphite,USA,GNQ,USA,Equatorial Guinea,380110,Processed,77115.0,direct,37.09024,-95.712891,1.650801,10.267895
Graphite,USA,PHL,USA,Philippines,380110|380120,Processed,76190.0,direct,37.09024,-95.712891,12.879721,121.774017
Graphite,USA,CRI,USA,Costa Rica,380110|380120,Processed,69355.0,direct,37.09024,-95.712891,9.748917,-83.753428
Graphite,USA,PAK,USA,Pakistan,380110|380120,Processed,65304.249,direct,37.09024,-95.712891,30.375321,69.345116
Graphite,USA,TTO,USA,Trinidad and Tobago,380110|380120,Processed,51488.104,direct,37.09024,-95.712891,10.691803,-61.222503
Graphite,USA,SVN,USA,Slovenia,380110|380120,Processed,44616.728,mirror,37.09024,-95.712891,46.151241,14.995463
Graphite,USA,VNM,USA,Viet Nam,380110,Processed,43034.0,direct,37.09024,-95.712891,14.058324,108.277199
Graphite,USA,CHL,USA,Chile,380110|380120,Processed,39499.259999999995,direct,37.09024,-95.712891,-35.675147,-71.542969
Graphite,USA,SUR,USA,Suriname,380110,Processed,35385.672,mirror,37.09024,-95.712891,3.919305,-56.027783
Graphite,USA,URY,USA,Uruguay,380110|380120,Processed,32683.0,mirror,37.09024,-95.712891,-32.522779,-55.765835
Graphite,USA,LTU,USA,Lithuania,380110,Processed,32051.0,direct,37.09024,-95.712891,55.169438,23.881275
Graphite,USA,ECU,USA,Ecuador,380110|380120,Processed,27022.04,direct,37.09024,-95.712891,-1.831239,-78.183406
Graphite,USA,MRT,USA,Mauritania,380110,Processed,24615.017,mirror,37.09024,-95.712891,21.00789,-10.940835
Graphite,USA,SVK,USA,Slovakia,380110|380120,Processed,23345.592,direct,37.09024,-95.712891,48.669026,19.699024
Graphite,USA,NZL,USA,New Zealand,380110|380120,Processed,20642.192,direct,37.09024,-95.712891,-40.900557,174.885971
Graphite,USA,SWZ,USA,Eswatini,380110,Processed,18067.0,direct,37.09024,-95.712891,-26.522503,31.465866
Graphite,USA,PLW,USA,Palau,380110,Processed,17765.0,direct,37.09024,-95.712891,,
Graphite,USA,SRB,USA,Serbia,380110,Processed,17272.0,mirror,37.09024,-95.712891,44.016521,21.005859
Graphite,USA,GRC,USA,Greece,380110|380120,Processed,15510.932,direct,37.09024,-95.712891,39.074208,21.824312
Graphite,USA,LBY,USA,Libya,380110,Processed,14575.0,direct,37.09024,-95.712891,26.3351,17.228331
Graphite,USA,EST,USA,Estonia,380110|380120,Processed,14051.84,mirror,37.09024,-95.712891,58.595272,25.013607
Graphite,USA,LAO,USA,Lao People's Dem. Rep.,380110,Processed,11860.0,direct,37.09024,-95.712891,19.85627,102.495496
Graphite,USA,KEN,USA,Kenya,380110|380120,Processed,11709.774,mirror,37.09024,-95.712891,-0.023559,37.906193
Graphite,USA,AZE,USA,Azerbaijan,380110|380120,Processed,10829.2,direct,37.09024,-95.712891,40.143105,47.576927
Graphite,USA,ISL,USA,Iceland,380110,Processed,10798.601,mirror,37.09024,-95.712891,64.963051,-19.020835
Graphite,USA,DNK,USA,Denmark,380110|380120,Processed,10667.675,direct,37.09024,-95.712891,56.26392,9.501785
Graphite,USA,BMU,USA,Bermuda,380110|380120,Processed,9931.97,direct,37.09024,-95.712891,,
Graphite,USA,GAB,USA,Gabon,380110,Processed,9420.0,direct,37.09024,-95.712891,-0.803689,11.609444
Graphite,USA,FIN,USA,Finland,380110|380120,Processed,9305.128999999999,mirror,37.09024,-95.712891,61.92411,25.748151
Graphite,USA,JOR,USA,Jordan,380110|380120,Processed,9066.014,direct,37.09024,-95.712891,30.585164,36.238414
Graphite,USA,NIC,USA,Nicaragua,380110,Processed,8680.0,direct,37.09024,-95.712891,12.865416,-85.207229
Graphite,USA,BLZ,USA,Belize,380110,Processed,7939.0,direct,37.09024,-95.712891,17.189877,-88.49765
Graphite,USA,JAM,USA,Jamaica,380110,Processed,7631.0,direct,37.09024,-95.712891,18.109581,-77.297508
Graphite,USA,ETH,USA,Ethiopia,380110,Processed,7000.0,direct,37.09024,-95.712891,9.145,40.489673
Graphite,USA,NPL,USA,Nepal,380110,Processed,6700.0,direct,37.09024,-95.712891,28.394857,84.124008
Graphite,USA,GHA,USA,Ghana,380110,Processed,3820.0,direct,37.09024,-95.712891,7.946527,-1.023194
Graphite,USA,PRY,USA,Paraguay,380110,Processed,3482.44,mirror,37.09024,-95.712891,-23.442503,-58.443832
Graphite,USA,CYM,USA,Cayman Isds,380110,Processed,3219.0,direct,37.09024,-95.712891,,
Graphite,USA,GTM,USA,Guatemala,380110|380120,Processed,3086.0,mirror,37.09024,-95.712891,15.783471,-90.230759
Graphite,USA,PAN,USA,Panama,380110,Processed,2596.0,direct,37.09024,-95.712891,8.537981,-80.782127
Graphite,USA,MDG,USA,Madagascar,380110,Processed,2400.619,mirror,37.09024,-95.712891,-18.766947,46.869107
Graphite,USA,KWT,USA,Kuwait,380110,Processed,1937.0,mirror,37.09024,-95.712891,29.31166,47.481766
Graphite,USA,MLT,USA,Malta,380120,Processed,1307.516,mirror,37.09024,-95.712891,35.937496,14.375416
Graphite,USA,KAZ,USA,Kazakhstan,380110|380120,Processed,1188.46,mirror,37.09024,-95.712891,48.019573,66.923684
Graphite,USA,HND,USA,Honduras,380110,Processed,985.95,mirror,37.09024,-95.712891,15.199999,-86.241905
Graphite,USA,HRV,USA,Croatia,380110,Processed,716.0,mirror,37.09024,-95.712891,45.1,15.2
Graphite,USA,MKD,USA,North Macedonia,380110,Processed,501.0,mirror,37.09024,-95.712891,41.608635,21.745275
Graphite,USA,SLV,USA,El Salvador,380110,Processed,328.92,mirror,37.09024,-95.712891,13.794185,-88.89653
Graphite,USA,MAR,USA,Morocco,380110,Processed,161.732,mirror,37.09024,-95.712891,31.791702,-7.09262
Graphite,USA,LBN,USA,Lebanon,380110,Processed,160.0,mirror,37.09024,-95.712891,33.854721,35.862285
Graphite,USA,MNE,USA,Montenegro,380120,Processed,26.656,mirror,37.09024,-95.712891,42.708678,19.37439
Graphite,USA,BHS,USA,Bahamas,380110,Processed,14.0,mirror,37.09024,-95.712891,25.03428,-77.39628
Graphite,UKR,DEU,Ukraine,Germany,380110|380120,Processed,3439241.776,direct,48.379433,31.16558,51.165691,10.451526
Graphite,UKR,GBR,Ukraine,United Kingdom,380110,Processed,2507080.4,direct,48.379433,31.16558,55.378051,-3.435973
Graphite,UKR,POL,Ukraine,Poland,380110,Processed,353753.0,mirror,48.379433,31.16558,51.919438,19.145136
Graphite,UKR,ROU,Ukraine,Romania,380110,Processed,101230.88,mirror,48.379433,31.16558,45.943161,24.96676
Graphite,UKR,TUR,Ukraine,Türkiye,380110|380120,Processed,41207.8,direct,48.379433,31.16558,38.963745,35.243322
Graphite,UKR,CAN,Ukraine,Canada,380110,Processed,595.328,mirror,48.379433,31.16558,56.130366,-106.346771
Graphite,UKR,SRB,Ukraine,Serbia,380120,Processed,264.0,mirror,48.379433,31.16558,44.016521,21.005859
Graphite,UKR,ARE,Ukraine,United Arab Emirates,380110,Processed,27.66,direct,48.379433,31.16558,23.424076,53.847818
Graphite,UKR,IRL,Ukraine,Ireland,380120,Processed,21.648,mirror,48.379433,31.16558,53.41291,-8.24389
Graphite,ARE,MYS,United Arab Emirates,Malaysia,380110,Processed,6838100.78,mirror,23.424076,53.847818,4.210484,101.975766
Graphite,ARE,THA,United Arab Emirates,Thailand,380110,Processed,916560.6,mirror,23.424076,53.847818,15.870032,100.992541
Graphite,ARE,SAU,United Arab Emirates,Saudi Arabia,380120,Processed,679863.183,mirror,23.424076,53.847818,23.885942,45.079162
Graphite,ARE,PAK,United Arab Emirates,Pakistan,380110,Processed,474420.864,mirror,23.424076,53.847818,30.375321,69.345116
Graphite,ARE,DEU,United Arab Emirates,Germany,380110,Processed,311344.616,mirror,23.424076,53.847818,51.165691,10.451526
Graphite,ARE,KAZ,United Arab Emirates,Kazakhstan,380120,Processed,274348.8,mirror,23.424076,53.847818,48.019573,66.923684
Graphite,ARE,ARG,United Arab Emirates,Argentina,380110,Processed,175125.02,mirror,23.424076,53.847818,-38.416097,-63.616672
Graphite,ARE,IDN,United Arab Emirates,Indonesia,380110,Processed,147752.0,mirror,23.424076,53.847818,-0.789275,113.921327
Graphite,ARE,COL,United Arab Emirates,Colombia,380110,Processed,67948.95,mirror,23.424076,53.847818,4.570868,-74.297333
Graphite,ARE,KEN,United Arab Emirates,Kenya,380110,Processed,47819.549,mirror,23.424076,53.847818,-0.023559,37.906193
Graphite,ARE,IND,United Arab Emirates,India,380110,Processed,30175.26,mirror,23.424076,53.847818,20.593684,78.96288
Graphite,ARE,PHL,United Arab Emirates,Philippines,380120,Processed,19585.0,mirror,23.424076,53.847818,12.879721,121.774017
Graphite,ARE,KWT,United Arab Emirates,Kuwait,380110,Processed,474.0,mirror,23.424076,53.847818,29.31166,47.481766
Graphite,ARE,TUR,United Arab Emirates,Türkiye,380120,Processed,64.0,mirror,23.424076,53.847818,38.963745,35.243322
Graphite,ARE,UKR,United Arab Emirates,Ukraine,380110,Processed,30.92,mirror,23.424076,53.847818,48.379433,31.16558
Graphite,GBR,DEU,United Kingdom,Germany,380110|380120,Processed,6260044.7,direct,55.378051,-3.435973,51.165691,10.451526
Graphite,GBR,POL,United Kingdom,Poland,380110|380120,Processed,5835184.492,direct,55.378051,-3.435973,51.919438,19.145136
Graphite,GBR,CHN,United Kingdom,China,380110|380120,Processed,5578198.724,direct,55.378051,-3.435973,35.86166,104.195397
Graphite,GBR,TUR,United Kingdom,Türkiye,380110|380120,Processed,5152925.338,direct,55.378051,-3.435973,38.963745,35.243322
Graphite,GBR,SAU,United Kingdom,Saudi Arabia,380110|380120,Processed,4962411.458000001,direct,55.378051,-3.435973,23.885942,45.079162
Graphite,GBR,ITA,United Kingdom,Italy,380110|380120,Processed,4298106.358,direct,55.378051,-3.435973,41.87194,12.56738
Graphite,GBR,ISR,United Kingdom,Israel,380110|380120,Processed,3433404.784,direct,55.378051,-3.435973,31.046051,34.851612
Graphite,GBR,USA,United Kingdom,USA,380110|380120,Processed,2780722.384,direct,55.378051,-3.435973,37.09024,-95.712891
Graphite,GBR,NLD,United Kingdom,Netherlands,380110|380120,Processed,2383272.674,direct,55.378051,-3.435973,52.132633,5.291266
Graphite,GBR,FRA,United Kingdom,France,380110|380120,Processed,1945283.028,direct,55.378051,-3.435973,46.227638,2.213749
Graphite,GBR,IND,United Kingdom,India,380110|380120,Processed,1252765.864,direct,55.378051,-3.435973,20.593684,78.96288
Graphite,GBR,JPN,United Kingdom,Japan,380110|380120,Processed,1248849.352,direct,55.378051,-3.435973,36.204824,138.252924
Graphite,GBR,FIN,United Kingdom,Finland,380110|380120,Processed,1237196.21,direct,55.378051,-3.435973,61.92411,25.748151
Graphite,GBR,COL,United Kingdom,Colombia,380110|380120,Processed,1122170.57,direct,55.378051,-3.435973,4.570868,-74.297333
Graphite,GBR,BEL,United Kingdom,Belgium,380110|380120,Processed,1102487.532,direct,55.378051,-3.435973,50.503887,4.469936
Graphite,GBR,HUN,United Kingdom,Hungary,380110|380120,Processed,1088876.136,direct,55.378051,-3.435973,47.162494,19.503304
Graphite,GBR,ESP,United Kingdom,Spain,380110|380120,Processed,996838.14,direct,55.378051,-3.435973,40.463667,-3.74922
Graphite,GBR,CZE,United Kingdom,Czechia,380110|380120,Processed,823167.284,direct,55.378051,-3.435973,49.817492,15.472962
Graphite,GBR,SWE,United Kingdom,Sweden,380110|380120,Processed,581440.2520000001,direct,55.378051,-3.435973,60.128161,18.643501
Graphite,GBR,MYS,United Kingdom,Malaysia,380110|380120,Processed,548145.2239999999,direct,55.378051,-3.435973,4.210484,101.975766
Graphite,GBR,THA,United Kingdom,Thailand,380110|380120,Processed,518085.332,direct,55.378051,-3.435973,15.870032,100.992541
Graphite,GBR,S19,United Kingdom,"Other Asia, nes",380110|380120,Processed,451063.284,direct,55.378051,-3.435973,,
Graphite,GBR,DNK,United Kingdom,Denmark,380110|380120,Processed,435123.288,direct,55.378051,-3.435973,56.26392,9.501785
Graphite,GBR,KOR,United Kingdom,Rep. of Korea,380110|380120,Processed,377806.278,direct,55.378051,-3.435973,35.907757,127.766922
Graphite,GBR,GBR,United Kingdom,United Kingdom,380110,Processed,369511.596,mirror,55.378051,-3.435973,55.378051,-3.435973
Graphite,GBR,IRL,United Kingdom,Ireland,380110|380120,Processed,310789.304,direct,55.378051,-3.435973,53.41291,-8.24389
Graphite,GBR,ISL,United Kingdom,Iceland,380110,Processed,296782.2,direct,55.378051,-3.435973,64.963051,-19.020835
Graphite,GBR,ARE,United Kingdom,United Arab Emirates,380110|380120,Processed,273262.842,direct,55.378051,-3.435973,23.424076,53.847818
Graphite,GBR,CHE,United Kingdom,Switzerland,380110|380120,Processed,229318.784,direct,55.378051,-3.435973,46.818188,8.227512
Graphite,GBR,GRC,United Kingdom,Greece,380110|380120,Processed,221135.71600000001,direct,55.378051,-3.435973,39.074208,21.824312
Graphite,GBR,BGR,United Kingdom,Bulgaria,380110|380120,Processed,135754.52599999998,direct,55.378051,-3.435973,42.733883,25.48583
Graphite,GBR,MEX,United Kingdom,Mexico,380110|380120,Processed,114030.31599999999,direct,55.378051,-3.435973,23.634501,-102.552784
Graphite,GBR,VNM,United Kingdom,Viet Nam,380120,Processed,110646.492,direct,55.378051,-3.435973,14.058324,108.277199
Graphite,GBR,BRA,United Kingdom,Brazil,380110|380120,Processed,106937.47,direct,55.378051,-3.435973,-14.235004,-51.92528
Graphite,GBR,AUT,United Kingdom,Austria,380110|380120,Processed,95396.456,direct,55.378051,-3.435973,47.516231,14.550072
Graphite,GBR,SVN,United Kingdom,Slovenia,380110|380120,Processed,91180.62400000001,direct,55.378051,-3.435973,46.151241,14.995463
Graphite,GBR,CHL,United Kingdom,Chile,380120,Processed,86807.524,direct,55.378051,-3.435973,-35.675147,-71.542969
Graphite,GBR,UKR,United Kingdom,Ukraine,380110,Processed,71501.36,mirror,55.378051,-3.435973,48.379433,31.16558
Graphite,GBR,EGY,United Kingdom,Egypt,380110|380120,Processed,61948.735,direct,55.378051,-3.435973,26.820553,30.802498
Graphite,GBR,ARM,United Kingdom,Armenia,380110,Processed,49198.32,mirror,55.378051,-3.435973,40.069099,45.038189
Graphite,GBR,NOR,United Kingdom,Norway,380110|380120,Processed,43275.227999999996,direct,55.378051,-3.435973,60.472024,8.468946
Graphite,GBR,CIV,United Kingdom,Côte d'Ivoire,380120,Processed,43254.104,direct,55.378051,-3.435973,7.539989,-5.54708
Graphite,GBR,ZAF,United Kingdom,South Africa,380110|380120,Processed,32230.038,direct,55.378051,-3.435973,-30.559482,22.937506
Graphite,GBR,AUS,United Kingdom,Australia,380110|380120,Processed,29698.512,direct,55.378051,-3.435973,-25.274398,133.775136
Graphite,GBR,PRT,United Kingdom,Portugal,380110|380120,Processed,24138.284,direct,55.378051,-3.435973,39.399872,-8.224454
Graphite,GBR,MLT,United Kingdom,Malta,380110|380120,Processed,22844.362,direct,55.378051,-3.435973,35.937496,14.375416
Graphite,GBR,LBY,United Kingdom,Libya,380110,Processed,19501.38,direct,55.378051,-3.435973,26.3351,17.228331
Graphite,GBR,AZE,United Kingdom,Azerbaijan,380120,Processed,16766.924,direct,55.378051,-3.435973,40.143105,47.576927
Graphite,GBR,ROU,United Kingdom,Romania,380110|380120,Processed,16119.6,mirror,55.378051,-3.435973,45.943161,24.96676
Graphite,GBR,BGD,United Kingdom,Bangladesh,380120,Processed,15630.528,direct,55.378051,-3.435973,23.684994,90.356331
Graphite,GBR,CAN,United Kingdom,Canada,380110|380120,Processed,13722.895999999999,direct,55.378051,-3.435973,56.130366,-106.346771
Graphite,GBR,PER,United Kingdom,Peru,380110|380120,Processed,12280.572,mirror,55.378051,-3.435973,-9.189967,-75.015152
Graphite,GBR,PAK,United Kingdom,Pakistan,380120,Processed,12216.264,direct,55.378051,-3.435973,30.375321,69.345116
Graphite,GBR,ARG,United Kingdom,Argentina,380110|380120,Processed,11970.928,direct,55.378051,-3.435973,-38.416097,-63.616672
Graphite,GBR,QAT,United Kingdom,Qatar,380110|380120,Processed,11490.528999999999,direct,55.378051,-3.435973,25.354826,51.183884
Graphite,GBR,TZA,United Kingdom,United Rep. of Tanzania,380110,Processed,8993.208,mirror,55.378051,-3.435973,-6.369028,34.888822
Graphite,GBR,SVK,United Kingdom,Slovakia,380110|380120,Processed,8278.047999999999,mirror,55.378051,-3.435973,48.669026,19.699024
Graphite,GBR,JOR,United Kingdom,Jordan,380110|380120,Processed,6475.21,direct,55.378051,-3.435973,30.585164,36.238414
Graphite,GBR,LUX,United Kingdom,Luxembourg,380120,Processed,5172.696,mirror,55.378051,-3.435973,49.815273,6.129583
Graphite,GBR,BHR,United Kingdom,Bahrain,380110,Processed,5052.271,mirror,55.378051,-3.435973,26.0275,50.55
Graphite,GBR,SRB,United Kingdom,Serbia,380110|380120,Processed,4810.172,direct,55.378051,-3.435973,44.016521,21.005859
Graphite,GBR,MAR,United Kingdom,Morocco,380110,Processed,3459.944,mirror,55.378051,-3.435973,31.791702,-7.09262
Graphite,GBR,CYP,United Kingdom,Cyprus,380110,Processed,3125.912,mirror,55.378051,-3.435973,35.126413,33.429859
Graphite,GBR,UZB,United Kingdom,Uzbekistan,380120,Processed,2267.0,mirror,55.378051,-3.435973,41.377491,64.585262
Graphite,GBR,NZL,United Kingdom,New Zealand,380120,Processed,1233.426,mirror,55.378051,-3.435973,-40.900557,174.885971
Graphite,GBR,CRI,United Kingdom,Costa Rica,380110,Processed,912.76,mirror,55.378051,-3.435973,9.748917,-83.753428
Graphite,GBR,SGP,United Kingdom,Singapore,380110|380120,Processed,626.3870000000001,mirror,55.378051,-3.435973,1.352083,103.819836
Graphite,GBR,EST,United Kingdom,Estonia,380120,Processed,585.12,mirror,55.378051,-3.435973,58.595272,25.013607
Graphite,GBR,KAZ,United Kingdom,Kazakhstan,380120,Processed,248.01,mirror,55.378051,-3.435973,48.019573,66.923684
Graphite,GBR,LTU,United Kingdom,Lithuania,380120,Processed,73.0,mirror,55.378051,-3.435973,55.169438,23.881275
Graphite,GBR,KEN,United Kingdom,Kenya,380110,Processed,11.836,mirror,55.378051,-3.435973,-0.023559,37.906193
Graphite,URY,BRA,Uruguay,Brazil,380110,Processed,45149.0,direct,-32.522779,-55.765835,-14.235004,-51.92528
Graphite,UZB,RUS,Uzbekistan,Russian Federation,380120,Processed,28358.0,direct,41.377491,64.585262,61.52401,105.318756
Graphite,VUT,IRL,Vanuatu,Ireland,380110,Processed,3.247,mirror,,,53.41291,-8.24389
Graphite,VNM,IND,Viet Nam,India,380110,Processed,425045.348,mirror,14.058324,108.277199,20.593684,78.96288
Graphite,VNM,KOR,Viet Nam,Rep. of Korea,380110,Processed,44326.0,mirror,14.058324,108.277199,35.907757,127.766922
Graphite,VNM,USA,Viet Nam,USA,380110,Processed,6884.0,mirror,14.058324,108.277199,37.09024,-95.712891
